counterfactual_group,target_object,sample_ids,states,gold_actions,step0_actions,step0_member_exact,step0_pair_exact,step0_same_actions,step11193_actions,step11193_member_exact,step11193_pair_exact,step11193_same_actions,comparison
shard_0_cf_0044,Drawer,shard_0_exp0_0406 | shard_0_exp0_0405,closed | open,GotoLocation(Drawer); OpenObject(Drawer) | GotoLocation(Drawer),<unparseable> | <unparseable>,0 | 0,0,1,GotoLocation(Drawer); OpenObject(Drawer) | GotoLocation(Drawer),1 | 1,1,0,candidate_fixed
shard_0_cf_0047,Fridge,shard_0_exp0_0462 | shard_0_exp0_0461,closed | open,GotoLocation(Fridge); OpenObject(Fridge) | GotoLocation(Fridge),<unparseable> | <unparseable>,0 | 0,0,1,GotoLocation(Fridge); OpenObject(Fridge) | GotoLocation(Fridge),1 | 1,1,0,candidate_fixed
shard_0_cf_0048,Fridge,shard_0_exp0_0469 | shard_0_exp0_0468,closed | open,GotoLocation(Fridge); OpenObject(Fridge) | GotoLocation(Fridge),<unparseable> | <unparseable>,0 | 0,0,1,GotoLocation(Fridge); OpenObject(Fridge) | GotoLocation(Fridge),1 | 1,1,0,candidate_fixed
shard_0_cf_0065,Drawer,shard_0_exp0_0680 | shard_0_exp0_0679,closed | open,GotoLocation(Drawer); OpenObject(Drawer) | GotoLocation(Drawer),<unparseable> | <unparseable>,0 | 0,0,1,GotoLocation(Drawer); OpenObject(Drawer) | GotoLocation(Drawer); OpenObject(Drawer),1 | 0,0,1,both_not_exact
shard_0_cf_0066,Drawer,shard_0_exp0_0688 | shard_0_exp0_0687,closed | open,GotoLocation(Drawer); OpenObject(Drawer) | GotoLocation(Drawer),<unparseable> | <unparseable>,0 | 0,0,1,GotoLocation(Drawer); OpenObject(Drawer) | GotoLocation(Drawer),1 | 1,1,0,candidate_fixed
shard_0_cf_0067,Drawer,shard_0_exp0_0690 | shard_0_exp0_0689,closed | open,GotoLocation(Drawer); OpenObject(Drawer) | GotoLocation(Drawer),<unparseable> | <unparseable>,0 | 0,0,1,GotoLocation(Drawer); OpenObject(Drawer) | GotoLocation(Drawer),1 | 1,1,0,candidate_fixed
shard_0_cf_0068,Drawer,shard_0_exp0_0695 | shard_0_exp0_0694,closed | open,"GotoLocation(SideTable); PickupObject(Newspaper); GotoLocation(Drawer); OpenObject(Drawer); PutObject(Newspaper,Drawer); CloseObject(Drawer) | GotoLocation(SideTable); PickupObject(Newspaper); GotoLocation(Drawer); PutObject(Newspaper,Drawer)",<unparseable> | <unparseable>,0 | 0,0,1,"GotoLocation(SideTable); PickupObject(Newspaper); GotoLocation(Drawer); OpenObject(Drawer); PutObject(Newspaper,Drawer); CloseObject(Drawer) | GotoLocation(SideTable); PickupObject(Newspaper); GotoLocation(Drawer); OpenObject(Drawer); PutObject(Newspaper,Drawer); CloseObject(Drawer)",1 | 0,0,1,both_not_exact
shard_0_cf_0100,Drawer,shard_0_exp0_1075 | shard_0_exp0_1074,closed | open,GotoLocation(Drawer); OpenObject(Drawer) | GotoLocation(Drawer),<unparseable> | <unparseable>,0 | 0,0,1,GotoLocation(Drawer); OpenObject(Drawer) | GotoLocation(Drawer),1 | 1,1,0,candidate_fixed
shard_0_cf_0103,Fridge,shard_0_exp0_1103 | shard_0_exp0_1102,closed | open,GotoLocation(Fridge); OpenObject(Fridge) | GotoLocation(Fridge),<unparseable> | <unparseable>,0 | 0,0,1,GotoLocation(Fridge) | GotoLocation(Fridge),0 | 1,0,1,both_not_exact
shard_0_cf_0104,Drawer,shard_0_exp0_1106 | shard_0_exp0_1105,closed | open,GotoLocation(Drawer); OpenObject(Drawer) | GotoLocation(Drawer),<unparseable> | <unparseable>,0 | 0,0,1,GotoLocation(Drawer); OpenObject(Drawer) | GotoLocation(Drawer),1 | 1,1,0,candidate_fixed
shard_0_cf_0105,Drawer,shard_0_exp0_1109 | shard_0_exp0_1108,closed | open,GotoLocation(Drawer); OpenObject(Drawer) | GotoLocation(Drawer),<unparseable> | <unparseable>,0 | 0,0,1,GotoLocation(Drawer); OpenObject(Drawer) | GotoLocation(Drawer),1 | 1,1,0,candidate_fixed
shard_0_cf_0106,Drawer,shard_0_exp0_1115 | shard_0_exp0_1114,closed | open,GotoLocation(Drawer); OpenObject(Drawer) | GotoLocation(Drawer),<unparseable> | <unparseable>,0 | 0,0,1,GotoLocation(Drawer); OpenObject(Drawer) | GotoLocation(Drawer),1 | 1,1,0,candidate_fixed
shard_0_cf_0107,Drawer,shard_0_exp0_1117 | shard_0_exp0_1116,closed | open,GotoLocation(Drawer); OpenObject(Drawer) | GotoLocation(Drawer),<unparseable> | <unparseable>,0 | 0,0,1,GotoLocation(Drawer); OpenObject(Drawer) | GotoLocation(Drawer),1 | 1,1,0,candidate_fixed
shard_0_cf_0108,Drawer,shard_0_exp0_1121 | shard_0_exp0_1120,closed | open,GotoLocation(Drawer); OpenObject(Drawer) | GotoLocation(Drawer),<unparseable> | <unparseable>,0 | 0,0,1,GotoLocation(Drawer); OpenObject(Drawer) | GotoLocation(Drawer),1 | 1,1,0,candidate_fixed
shard_0_cf_0109,Drawer,shard_0_exp0_1124 | shard_0_exp0_1123,closed | open,GotoLocation(Drawer); OpenObject(Drawer) | GotoLocation(Drawer),<unparseable> | <unparseable>,0 | 0,0,1,GotoLocation(Drawer); OpenObject(Drawer) | GotoLocation(Drawer),1 | 1,1,0,candidate_fixed
shard_0_cf_0110,Fridge,shard_0_exp0_1144 | shard_0_exp0_1143,closed | open,GotoLocation(Fridge); OpenObject(Fridge) | GotoLocation(Fridge),<unparseable> | <unparseable>,0 | 0,0,1,GotoLocation(Fridge); OpenObject(Fridge) | GotoLocation(Fridge),1 | 1,1,0,candidate_fixed
shard_0_cf_0111,Drawer,shard_0_exp0_1150 | shard_0_exp0_1149,closed | open,GotoLocation(Drawer); OpenObject(Drawer) | GotoLocation(Drawer),<unparseable> | <unparseable>,0 | 0,0,1,GotoLocation(Drawer); OpenObject(Drawer) | GotoLocation(Drawer),1 | 1,1,0,candidate_fixed
shard_0_cf_0114,Drawer,shard_0_exp0_1185 | shard_0_exp0_1184,closed | open,GotoLocation(Drawer); OpenObject(Drawer) | GotoLocation(Drawer),<unparseable> | <unparseable>,0 | 0,0,1,GotoLocation(Drawer); OpenObject(Drawer) | GotoLocation(Drawer),1 | 1,1,0,candidate_fixed
shard_0_cf_0119,Drawer,shard_0_exp0_1242 | shard_0_exp0_1241,closed | open,GotoLocation(Drawer); OpenObject(Drawer) | GotoLocation(Drawer),<unparseable> | <unparseable>,0 | 0,0,1,GotoLocation(Drawer); OpenObject(Drawer) | GotoLocation(Drawer),1 | 1,1,0,candidate_fixed
shard_0_cf_0120,Drawer,shard_0_exp0_1244 | shard_0_exp0_1243,closed | open,GotoLocation(Drawer); OpenObject(Drawer) | GotoLocation(Drawer),<unparseable> | <unparseable>,0 | 0,0,1,GotoLocation(Drawer); OpenObject(Drawer) | GotoLocation(Drawer),1 | 1,1,0,candidate_fixed
shard_0_cf_0121,Drawer,shard_0_exp0_1247 | shard_0_exp0_1246,closed | open,GotoLocation(Drawer); OpenObject(Drawer) | GotoLocation(Drawer),<unparseable> | <unparseable>,0 | 0,0,1,GotoLocation(Drawer); OpenObject(Drawer) | GotoLocation(Drawer),1 | 1,1,0,candidate_fixed
shard_0_cf_0122,Drawer,shard_0_exp0_1249 | shard_0_exp0_1248,closed | open,GotoLocation(Drawer); OpenObject(Drawer) | GotoLocation(Drawer),<unparseable> | <unparseable>,0 | 0,0,1,GotoLocation(Drawer); OpenObject(Drawer) | GotoLocation(Drawer),1 | 1,1,0,candidate_fixed
shard_0_cf_0123,Drawer,shard_0_exp0_1254 | shard_0_exp0_1253,closed | open,GotoLocation(Drawer); OpenObject(Drawer) | GotoLocation(Drawer),<unparseable> | <unparseable>,0 | 0,0,1,GotoLocation(Drawer); OpenObject(Drawer) | GotoLocation(Drawer),1 | 1,1,0,candidate_fixed
shard_0_cf_0124,Drawer,shard_0_exp0_1261 | shard_0_exp0_1260,closed | open,GotoLocation(Drawer); OpenObject(Drawer) | GotoLocation(Drawer),<unparseable> | <unparseable>,0 | 0,0,1,GotoLocation(Drawer); OpenObject(Drawer) | GotoLocation(Drawer),1 | 1,1,0,candidate_fixed
shard_0_cf_0127,Drawer,shard_0_exp0_1296 | shard_0_exp0_1295,closed | open,GotoLocation(Drawer); OpenObject(Drawer) | GotoLocation(Drawer),<unparseable> | <unparseable>,0 | 0,0,1,GotoLocation(Drawer); OpenObject(Drawer) | GotoLocation(Drawer),1 | 1,1,0,candidate_fixed
shard_0_cf_0157,Drawer,shard_0_exp0_1604 | shard_0_exp0_1603,closed | open,GotoLocation(Drawer); OpenObject(Drawer) | GotoLocation(Drawer),<unparseable> | <unparseable>,0 | 0,0,1,GotoLocation(Drawer); OpenObject(Drawer) | GotoLocation(Drawer),1 | 1,1,0,candidate_fixed
shard_0_cf_0164,Drawer,shard_0_exp0_1702 | shard_0_exp0_1701,closed | open,"GotoLocation(Bed); PickupObject(Book); GotoLocation(Drawer); OpenObject(Drawer); PutObject(Book,Drawer); CloseObject(Drawer) | GotoLocation(Bed); PickupObject(Book); GotoLocation(Drawer); PutObject(Book,Drawer)",<unparseable> | <unparseable>,0 | 0,0,1,"GotoLocation(Bed); PickupObject(Book); GotoLocation(Drawer); OpenObject(Drawer); PutObject(Book,Drawer); CloseObject(Drawer) | GotoLocation(Bed); PickupObject(Book); GotoLocation(Drawer); PutObject(Book,Drawer)",1 | 1,1,0,candidate_fixed
shard_0_cf_0168,Fridge,shard_0_exp0_1747 | shard_0_exp0_1746,closed | open,GotoLocation(Fridge); OpenObject(Fridge) | GotoLocation(Fridge),<unparseable> | <unparseable>,0 | 0,0,1,GotoLocation(Fridge); OpenObject(Fridge) | GotoLocation(Fridge),1 | 1,1,0,candidate_fixed
shard_0_cf_0169,Fridge,shard_0_exp0_1751 | shard_0_exp0_1750,closed | open,GotoLocation(Fridge); OpenObject(Fridge) | GotoLocation(Fridge),<unparseable> | <unparseable>,0 | 0,0,1,GotoLocation(Fridge); OpenObject(Fridge) | GotoLocation(Fridge),1 | 1,1,0,candidate_fixed
shard_0_cf_0170,Fridge,shard_0_exp0_1755 | shard_0_exp0_1754,closed | open,"GotoLocation(CounterTop); PickupObject(Potato); GotoLocation(Fridge); OpenObject(Fridge); PutObject(Potato,Fridge); CloseObject(Fridge) | GotoLocation(CounterTop); PickupObject(Potato); GotoLocation(Fridge); PutObject(Potato,Fridge)",<unparseable> | <unparseable>,0 | 0,0,1,"GotoLocation(CounterTop); PickupObject(Potato); GotoLocation(Fridge); OpenObject(Fridge); PutObject(Potato,Fridge); CloseObject(Fridge) | GotoLocation(CounterTop); PickupObject(Potato); GotoLocation(Fridge); PutObject(Potato,Fridge)",1 | 1,1,0,candidate_fixed
shard_0_cf_0175,Fridge,shard_0_exp0_1805 | shard_0_exp0_1804,closed | open,GotoLocation(Fridge); OpenObject(Fridge) | GotoLocation(Fridge),<unparseable> | <unparseable>,0 | 0,0,1,GotoLocation(Fridge); OpenObject(Fridge) | GotoLocation(Fridge); OpenObject(Fridge),1 | 0,0,1,both_not_exact
shard_0_cf_0218,Drawer,shard_0_exp0_2188 | shard_0_exp0_2187,closed | open,GotoLocation(Drawer); OpenObject(Drawer) | GotoLocation(Drawer),<unparseable> | <unparseable>,0 | 0,0,1,GotoLocation(Drawer); OpenObject(Drawer) | GotoLocation(Drawer),1 | 1,1,0,candidate_fixed
shard_0_cf_0219,Drawer,shard_0_exp0_2190 | shard_0_exp0_2189,closed | open,GotoLocation(Drawer); OpenObject(Drawer) | GotoLocation(Drawer),<unparseable> | <unparseable>,0 | 0,0,1,GotoLocation(Drawer); OpenObject(Drawer) | GotoLocation(Drawer),1 | 1,1,0,candidate_fixed
shard_0_cf_0220,Fridge,shard_0_exp0_2216 | shard_0_exp0_2215,closed | open,GotoLocation(Fridge); OpenObject(Fridge) | GotoLocation(Fridge),<unparseable> | <unparseable>,0 | 0,0,1,GotoLocation(Fridge); OpenObject(Fridge) | GotoLocation(Fridge),1 | 1,1,0,candidate_fixed
shard_0_cf_0258,Drawer,shard_0_exp0_2572 | shard_0_exp0_2571,closed | open,"GotoLocation(Desk); PickupObject(KeyChain); GotoLocation(Drawer); OpenObject(Drawer); PutObject(KeyChain,Drawer); CloseObject(Drawer) | GotoLocation(Desk); PickupObject(KeyChain); GotoLocation(Drawer); PutObject(KeyChain,Drawer)",<unparseable> | <unparseable>,0 | 0,0,1,"GotoLocation(Dresser); PickupObject(KeyChain); GotoLocation(Drawer); OpenObject(Drawer); PutObject(KeyChain,Drawer); CloseObject(Drawer) | GotoLocation(Dresser); PickupObject(KeyChain); GotoLocation(Drawer); PutObject(KeyChain,Drawer)",0 | 0,0,0,both_not_exact
shard_0_cf_0266,Drawer,shard_0_exp0_2664 | shard_0_exp0_2663,closed | open,"GotoLocation(Dresser); PickupObject(CD); GotoLocation(Drawer); OpenObject(Drawer); PutObject(CD,Drawer); CloseObject(Drawer) | GotoLocation(Dresser); PickupObject(CD); GotoLocation(Drawer); PutObject(CD,Drawer)",<unparseable> | <unparseable>,0 | 0,0,1,"GotoLocation(Dresser); PickupObject(CD); GotoLocation(Drawer); OpenObject(Drawer); PutObject(CD,Drawer); CloseObject(Drawer) | GotoLocation(Dresser); PickupObject(CD); GotoLocation(Drawer); PutObject(CD,Drawer)",1 | 1,1,0,candidate_fixed
shard_0_cf_0267,Fridge,shard_0_exp0_2681 | shard_0_exp0_2680,closed | open,GotoLocation(Fridge); OpenObject(Fridge) | GotoLocation(Fridge),<unparseable> | <unparseable>,0 | 0,0,1,GotoLocation(Fridge); OpenObject(Fridge) | GotoLocation(Fridge),1 | 1,1,0,candidate_fixed
shard_0_cf_0299,Drawer,shard_0_exp0_3092 | shard_0_exp0_3091,closed | open,"GotoLocation(Dresser); PickupObject(Book); GotoLocation(Drawer); OpenObject(Drawer); PutObject(Book,Drawer); CloseObject(Drawer) | GotoLocation(Dresser); PickupObject(Book); GotoLocation(Drawer); PutObject(Book,Drawer)",<unparseable> | <unparseable>,0 | 0,0,1,"GotoLocation(Dresser); PickupObject(Book); GotoLocation(Drawer); OpenObject(Drawer); PutObject(Book,Drawer); CloseObject(Drawer) | GotoLocation(Dresser); PickupObject(Book); GotoLocation(Drawer); PutObject(Book,Drawer)",1 | 1,1,0,candidate_fixed
shard_0_cf_0300,Drawer,shard_0_exp0_3096 | shard_0_exp0_3095,closed | open,"GotoLocation(Dresser); PickupObject(Book); GotoLocation(Drawer); OpenObject(Drawer); PutObject(Book,Drawer); CloseObject(Drawer) | GotoLocation(Dresser); PickupObject(Book); GotoLocation(Drawer); PutObject(Book,Drawer)",<unparseable> | <unparseable>,0 | 0,0,1,"GotoLocation(Dresser); PickupObject(Book); GotoLocation(Drawer); OpenObject(Drawer); PutObject(Book,Drawer); CloseObject(Drawer) | GotoLocation(Dresser); PickupObject(Book); GotoLocation(Drawer); PutObject(Book,Drawer)",1 | 1,1,0,candidate_fixed
shard_0_cf_0301,Drawer,shard_0_exp0_3099 | shard_0_exp0_3098,closed | open,GotoLocation(Drawer); OpenObject(Drawer) | GotoLocation(Drawer),<unparseable> | <unparseable>,0 | 0,0,1,GotoLocation(Drawer); OpenObject(Drawer) | GotoLocation(Drawer),1 | 1,1,0,candidate_fixed
shard_0_cf_0306,Fridge,shard_0_exp0_3170 | shard_0_exp0_3169,closed | open,GotoLocation(Fridge); OpenObject(Fridge) | GotoLocation(Fridge),<unparseable> | <unparseable>,0 | 0,0,1,GotoLocation(Fridge); OpenObject(Fridge) | GotoLocation(Fridge),1 | 1,1,0,candidate_fixed
shard_0_cf_0307,Fridge,shard_0_exp0_3177 | shard_0_exp0_3176,closed | open,GotoLocation(Fridge); OpenObject(Fridge) | GotoLocation(Fridge),<unparseable> | <unparseable>,0 | 0,0,1,GotoLocation(Fridge); OpenObject(Fridge) | GotoLocation(Fridge),1 | 1,1,0,candidate_fixed
shard_0_cf_0310,Drawer,shard_0_exp0_3205 | shard_0_exp0_3204,closed | open,GotoLocation(Drawer); OpenObject(Drawer) | GotoLocation(Drawer),<unparseable> | <unparseable>,0 | 0,0,1,GotoLocation(Drawer); OpenObject(Drawer) | GotoLocation(Drawer),1 | 1,1,0,candidate_fixed
shard_0_cf_0311,Fridge,shard_0_exp0_3207 | shard_0_exp0_3206,closed | open,GotoLocation(Fridge); OpenObject(Fridge) | GotoLocation(Fridge),<unparseable> | <unparseable>,0 | 0,0,1,GotoLocation(Fridge); OpenObject(Fridge) | GotoLocation(Fridge),1 | 1,1,0,candidate_fixed
shard_0_cf_0312,Drawer,shard_0_exp0_3210 | shard_0_exp0_3209,closed | open,"GotoLocation(CounterTop); PickupObject(Pencil); GotoLocation(Drawer); OpenObject(Drawer); PutObject(Pencil,Drawer); CloseObject(Drawer) | GotoLocation(CounterTop); PickupObject(Pencil); GotoLocation(Drawer); PutObject(Pencil,Drawer)",<unparseable> | <unparseable>,0 | 0,0,1,"GotoLocation(CounterTop); PickupObject(Pencil); GotoLocation(Drawer); OpenObject(Drawer); PutObject(Pencil,Drawer); CloseObject(Drawer) | GotoLocation(CounterTop); PickupObject(Pencil); GotoLocation(Drawer); PutObject(Pencil,Drawer)",1 | 1,1,0,candidate_fixed
shard_0_cf_0316,Drawer,shard_0_exp0_3248 | shard_0_exp0_3247,closed | open,GotoLocation(Drawer); OpenObject(Drawer) | GotoLocation(Drawer),<unparseable> | <unparseable>,0 | 0,0,1,GotoLocation(Drawer); OpenObject(Drawer) | GotoLocation(Drawer),1 | 1,1,0,candidate_fixed
shard_0_cf_0324,Drawer,shard_0_exp0_3332 | shard_0_exp0_3331,closed | open,GotoLocation(Drawer); OpenObject(Drawer) | GotoLocation(Drawer),<unparseable> | <unparseable>,0 | 0,0,1,GotoLocation(Drawer); OpenObject(Drawer) | GotoLocation(Drawer),1 | 1,1,0,candidate_fixed
shard_0_cf_0362,Drawer,shard_0_exp0_3729 | shard_0_exp0_3728,closed | open,GotoLocation(Drawer); OpenObject(Drawer) | GotoLocation(Drawer),<unparseable> | <unparseable>,0 | 0,0,1,GotoLocation(Drawer); OpenObject(Drawer) | GotoLocation(Drawer),1 | 1,1,0,candidate_fixed
shard_0_cf_0363,Drawer,shard_0_exp0_3732 | shard_0_exp0_3731,closed | open,"GotoLocation(DiningTable); PickupObject(KeyChain); GotoLocation(Drawer); OpenObject(Drawer); PutObject(KeyChain,Drawer); CloseObject(Drawer) | GotoLocation(DiningTable); PickupObject(KeyChain); GotoLocation(Drawer); PutObject(KeyChain,Drawer)",<unparseable> | <unparseable>,0 | 0,0,1,"GotoLocation(DiningTable); PickupObject(KeyChain); GotoLocation(Drawer); OpenObject(Drawer); PutObject(KeyChain,Drawer); CloseObject(Drawer) | GotoLocation(DiningTable); PickupObject(KeyChain); GotoLocation(Drawer); PutObject(KeyChain,Drawer)",1 | 1,1,0,candidate_fixed
shard_0_cf_0367,Drawer,shard_0_exp0_3799 | shard_0_exp0_3798,closed | open,"GotoLocation(Dresser); PickupObject(Pen); GotoLocation(Drawer); OpenObject(Drawer); PutObject(Pen,Drawer); CloseObject(Drawer) | GotoLocation(Dresser); PickupObject(Pen); GotoLocation(Drawer); PutObject(Pen,Drawer)",<unparseable> | <unparseable>,0 | 0,0,1,"GotoLocation(Dresser); PickupObject(Pen); GotoLocation(Drawer); OpenObject(Drawer); PutObject(Pen,Drawer); CloseObject(Drawer) | GotoLocation(Dresser); PickupObject(Pen); GotoLocation(Drawer); OpenObject(Drawer); PutObject(Pen,Drawer); CloseObject(Drawer)",1 | 0,0,1,both_not_exact
shard_0_cf_0371,Safe,shard_0_exp0_3852 | shard_0_exp0_3851,closed | open,GotoLocation(Safe); OpenObject(Safe) | GotoLocation(Safe),<unparseable> | <unparseable>,0 | 0,0,1,GotoLocation(Safe); OpenObject(Safe) | GotoLocation(Safe),1 | 1,1,0,candidate_fixed
shard_0_cf_0449,Drawer,shard_0_exp0_4501 | shard_0_exp0_4500,closed | open,GotoLocation(Drawer); OpenObject(Drawer) | GotoLocation(Drawer),<unparseable> | <unparseable>,0 | 0,0,1,GotoLocation(Drawer); OpenObject(Drawer) | GotoLocation(Drawer),1 | 1,1,0,candidate_fixed
shard_0_cf_0456,Fridge,shard_0_exp0_4572 | shard_0_exp0_4571,closed | open,GotoLocation(Fridge); OpenObject(Fridge) | GotoLocation(Fridge),<unparseable> | <unparseable>,0 | 0,0,1,GotoLocation(Fridge) | GotoLocation(Fridge),0 | 1,0,1,both_not_exact
shard_0_cf_0459,Drawer,shard_0_exp0_4601 | shard_0_exp0_4600,closed | open,GotoLocation(Drawer); OpenObject(Drawer) | GotoLocation(Drawer),<unparseable> | <unparseable>,0 | 0,0,1,GotoLocation(Drawer); OpenObject(Drawer) | GotoLocation(Drawer),1 | 1,1,0,candidate_fixed
shard_0_cf_0460,Drawer,shard_0_exp0_4603 | shard_0_exp0_4602,closed | open,GotoLocation(Drawer); OpenObject(Drawer) | GotoLocation(Drawer),<unparseable> | <unparseable>,0 | 0,0,1,GotoLocation(Drawer); OpenObject(Drawer) | GotoLocation(Drawer),1 | 1,1,0,candidate_fixed
shard_0_cf_0461,Drawer,shard_0_exp0_4608 | shard_0_exp0_4607,closed | open,GotoLocation(Drawer); OpenObject(Drawer) | GotoLocation(Drawer),<unparseable> | <unparseable>,0 | 0,0,1,GotoLocation(Drawer); OpenObject(Drawer) | GotoLocation(Drawer),1 | 1,1,0,candidate_fixed
shard_0_cf_0462,Drawer,shard_0_exp0_4610 | shard_0_exp0_4609,closed | open,GotoLocation(Drawer); OpenObject(Drawer) | GotoLocation(Drawer),<unparseable> | <unparseable>,0 | 0,0,1,GotoLocation(Drawer); OpenObject(Drawer) | GotoLocation(Drawer),1 | 1,1,0,candidate_fixed
shard_0_cf_0463,Drawer,shard_0_exp0_4616 | shard_0_exp0_4615,closed | open,"GotoLocation(Dresser); PickupObject(Watch); GotoLocation(Drawer); OpenObject(Drawer); PutObject(Watch,Drawer); CloseObject(Drawer) | GotoLocation(Dresser); PickupObject(Watch); GotoLocation(Drawer); PutObject(Watch,Drawer)",<unparseable> | <unparseable>,0 | 0,0,1,"GotoLocation(Dresser); PickupObject(Watch); GotoLocation(Drawer); OpenObject(Drawer); PutObject(Watch,Drawer); CloseObject(Drawer) | GotoLocation(Dresser); PickupObject(Watch); GotoLocation(Drawer); PutObject(Watch,Drawer)",1 | 1,1,0,candidate_fixed
shard_0_cf_0470,Drawer,shard_0_exp0_4706 | shard_0_exp0_4705,closed | open,GotoLocation(Drawer); OpenObject(Drawer) | GotoLocation(Drawer),<unparseable> | <unparseable>,0 | 0,0,1,GotoLocation(Drawer); OpenObject(Drawer) | GotoLocation(Drawer); OpenObject(Drawer),1 | 0,0,1,both_not_exact
shard_0_cf_0471,Drawer,shard_0_exp0_4711 | shard_0_exp0_4710,closed | open,GotoLocation(Drawer); OpenObject(Drawer) | GotoLocation(Drawer),<unparseable> | <unparseable>,0 | 0,0,1,GotoLocation(Drawer); OpenObject(Drawer) | GotoLocation(Drawer),1 | 1,1,0,candidate_fixed
shard_0_cf_0472,Drawer,shard_0_exp0_4715 | shard_0_exp0_4714,closed | open,GotoLocation(Drawer); OpenObject(Drawer) | GotoLocation(Drawer),<unparseable> | <unparseable>,0 | 0,0,1,GotoLocation(Drawer); OpenObject(Drawer) | GotoLocation(Drawer),1 | 1,1,0,candidate_fixed
shard_0_cf_0506,Drawer,shard_0_exp0_5136 | shard_0_exp0_5135,closed | open,GotoLocation(Drawer); OpenObject(Drawer) | GotoLocation(Drawer),<unparseable> | <unparseable>,0 | 0,0,1,GotoLocation(Drawer); OpenObject(Drawer) | GotoLocation(Drawer),1 | 1,1,0,candidate_fixed
shard_0_cf_0508,Drawer,shard_0_exp0_5201 | shard_0_exp0_5200,closed | open,GotoLocation(Drawer); OpenObject(Drawer) | GotoLocation(Drawer),<unparseable> | <unparseable>,0 | 0,0,1,GotoLocation(Drawer); OpenObject(Drawer) | GotoLocation(Drawer),1 | 1,1,0,candidate_fixed
shard_0_cf_0509,Safe,shard_0_exp0_5211 | shard_0_exp0_5210,closed | open,GotoLocation(Safe); OpenObject(Safe) | GotoLocation(Safe),<unparseable> | <unparseable>,0 | 0,0,1,GotoLocation(Safe); OpenObject(Safe) | GotoLocation(Safe); OpenObject(Safe),1 | 0,0,1,both_not_exact
shard_0_cf_0510,Drawer,shard_0_exp0_5216 | shard_0_exp0_5215,closed | open,GotoLocation(Drawer); OpenObject(Drawer) | GotoLocation(Drawer),<unparseable> | <unparseable>,0 | 0,0,1,GotoLocation(Drawer); OpenObject(Drawer) | GotoLocation(Drawer),1 | 1,1,0,candidate_fixed
shard_0_cf_0511,Drawer,shard_0_exp0_5223 | shard_0_exp0_5222,closed | open,GotoLocation(Drawer); OpenObject(Drawer) | GotoLocation(Drawer),<unparseable> | <unparseable>,0 | 0,0,1,GotoLocation(Drawer); OpenObject(Drawer) | GotoLocation(Drawer),1 | 1,1,0,candidate_fixed
shard_0_cf_0531,Drawer,shard_0_exp0_5375 | shard_0_exp0_5374,closed | open,GotoLocation(Drawer); OpenObject(Drawer) | GotoLocation(Drawer),<unparseable> | <unparseable>,0 | 0,0,1,GotoLocation(Drawer); OpenObject(Drawer) | GotoLocation(Drawer),1 | 1,1,0,candidate_fixed
shard_0_cf_0532,Drawer,shard_0_exp0_5380 | shard_0_exp0_5379,closed | open,"GotoLocation(Dresser); PickupObject(RemoteControl); GotoLocation(Drawer); OpenObject(Drawer); PutObject(RemoteControl,Drawer); CloseObject(Drawer) | GotoLocation(Dresser); PickupObject(RemoteControl); GotoLocation(Drawer); PutObject(RemoteControl,Drawer)",<unparseable> | <unparseable>,0 | 0,0,1,"GotoLocation(Dresser); PickupObject(RemoteControl); GotoLocation(Drawer); OpenObject(Drawer); PutObject(RemoteControl,Drawer); CloseObject(Drawer) | GotoLocation(Dresser); PickupObject(RemoteControl); GotoLocation(Drawer); PutObject(RemoteControl,Drawer)",1 | 1,1,0,candidate_fixed
shard_0_cf_0549,Drawer,shard_0_exp0_5522 | shard_0_exp0_5521,closed | open,GotoLocation(Drawer); OpenObject(Drawer) | GotoLocation(Drawer),<unparseable> | <unparseable>,0 | 0,0,1,GotoLocation(Drawer); OpenObject(Drawer) | GotoLocation(Drawer),1 | 1,1,0,candidate_fixed
shard_0_cf_0550,Drawer,shard_0_exp0_5524 | shard_0_exp0_5523,closed | open,GotoLocation(Drawer); OpenObject(Drawer) | GotoLocation(Drawer),<unparseable> | <unparseable>,0 | 0,0,1,GotoLocation(Drawer); OpenObject(Drawer) | GotoLocation(Drawer); OpenObject(Drawer),1 | 0,0,1,both_not_exact
shard_0_cf_0570,Drawer,shard_0_exp0_5653 | shard_0_exp0_5652,closed | open,"GotoLocation(Dresser); PickupObject(RemoteControl); GotoLocation(Drawer); OpenObject(Drawer); PutObject(RemoteControl,Drawer); CloseObject(Drawer) | GotoLocation(Dresser); PickupObject(RemoteControl); GotoLocation(Drawer); PutObject(RemoteControl,Drawer)",<unparseable> | <unparseable>,0 | 0,0,1,"GotoLocation(Dresser); PickupObject(RemoteControl); GotoLocation(Drawer); OpenObject(Drawer); PutObject(RemoteControl,Drawer); CloseObject(Drawer) | GotoLocation(Dresser); PickupObject(RemoteControl); GotoLocation(Drawer); PutObject(RemoteControl,Drawer)",1 | 1,1,0,candidate_fixed
shard_0_cf_0575,Drawer,shard_0_exp0_5677 | shard_0_exp0_5676,closed | open,GotoLocation(Drawer); OpenObject(Drawer) | GotoLocation(Drawer),<unparseable> | <unparseable>,0 | 0,0,1,GotoLocation(Drawer); OpenObject(Drawer) | GotoLocation(Drawer),1 | 1,1,0,candidate_fixed
shard_0_cf_0576,Drawer,shard_0_exp0_5679 | shard_0_exp0_5678,closed | open,"GotoLocation(SideTable); PickupObject(RemoteControl); GotoLocation(Drawer); OpenObject(Drawer); PutObject(RemoteControl,Drawer); CloseObject(Drawer) | GotoLocation(SideTable); PickupObject(RemoteControl); GotoLocation(Drawer); PutObject(RemoteControl,Drawer)",<unparseable> | <unparseable>,0 | 0,0,1,"GotoLocation(SideTable); PickupObject(RemoteControl); GotoLocation(Drawer); OpenObject(Drawer); PutObject(RemoteControl,Drawer); CloseObject(Drawer) | GotoLocation(SideTable); PickupObject(RemoteControl); GotoLocation(Drawer); PutObject(RemoteControl,Drawer)",1 | 1,1,0,candidate_fixed
shard_0_cf_0610,Drawer,shard_0_exp0_5968 | shard_0_exp0_5967,closed | open,"GotoLocation(Shelf); PickupObject(Watch); GotoLocation(Drawer); OpenObject(Drawer); PutObject(Watch,Drawer); CloseObject(Drawer) | GotoLocation(Shelf); PickupObject(Watch); GotoLocation(Drawer); PutObject(Watch,Drawer)",<unparseable> | <unparseable>,0 | 0,0,1,"GotoLocation(Shelf); PickupObject(Watch); GotoLocation(Drawer); OpenObject(Drawer); PutObject(Watch,Drawer); CloseObject(Drawer) | GotoLocation(Shelf); PickupObject(Watch); GotoLocation(Drawer); PutObject(Watch,Drawer)",1 | 1,1,0,candidate_fixed
shard_0_cf_0662,Drawer,shard_0_exp0_6353 | shard_0_exp0_6352,closed | open,GotoLocation(Drawer); OpenObject(Drawer) | GotoLocation(Drawer),<unparseable> | <unparseable>,0 | 0,0,1,GotoLocation(Drawer); OpenObject(Drawer) | GotoLocation(Drawer),1 | 1,1,0,candidate_fixed
shard_0_cf_0663,Drawer,shard_0_exp0_6356 | shard_0_exp0_6355,closed | open,GotoLocation(Drawer); OpenObject(Drawer) | GotoLocation(Drawer),<unparseable> | <unparseable>,0 | 0,0,1,GotoLocation(Drawer); OpenObject(Drawer) | GotoLocation(Drawer),1 | 1,1,0,candidate_fixed
shard_0_cf_0664,Drawer,shard_0_exp0_6358 | shard_0_exp0_6357,closed | open,GotoLocation(Drawer); OpenObject(Drawer) | GotoLocation(Drawer),<unparseable> | <unparseable>,0 | 0,0,1,GotoLocation(Drawer); OpenObject(Drawer) | GotoLocation(Drawer),1 | 1,1,0,candidate_fixed
shard_0_cf_0665,Drawer,shard_0_exp0_6361 | shard_0_exp0_6360,closed | open,GotoLocation(Drawer); OpenObject(Drawer) | GotoLocation(Drawer),<unparseable> | <unparseable>,0 | 0,0,1,GotoLocation(Drawer); OpenObject(Drawer) | GotoLocation(Drawer),1 | 1,1,0,candidate_fixed
shard_0_cf_0708,Fridge,shard_0_exp0_6612 | shard_0_exp0_6611,closed | open,GotoLocation(Fridge); OpenObject(Fridge) | GotoLocation(Fridge),<unparseable> | <unparseable>,0 | 0,0,1,GotoLocation(Fridge); OpenObject(Fridge) | GotoLocation(Fridge),1 | 1,1,0,candidate_fixed
shard_0_cf_0709,Drawer,shard_0_exp0_6618 | shard_0_exp0_6617,closed | open,"GotoLocation(Dresser); PickupObject(Watch); GotoLocation(Drawer); OpenObject(Drawer); PutObject(Watch,Drawer); CloseObject(Drawer) | GotoLocation(Dresser); PickupObject(Watch); GotoLocation(Drawer); PutObject(Watch,Drawer)",<unparseable> | <unparseable>,0 | 0,0,1,"GotoLocation(Dresser); PickupObject(Watch); GotoLocation(Drawer); OpenObject(Drawer); PutObject(Watch,Drawer); CloseObject(Drawer) | GotoLocation(Dresser); PickupObject(Watch); GotoLocation(Drawer); PutObject(Watch,Drawer)",1 | 1,1,0,candidate_fixed
shard_0_cf_0710,Drawer,shard_0_exp0_6623 | shard_0_exp0_6622,closed | open,"GotoLocation(DiningTable); PickupObject(CD); GotoLocation(Drawer); OpenObject(Drawer); PutObject(CD,Drawer); CloseObject(Drawer) | GotoLocation(DiningTable); PickupObject(CD); GotoLocation(Drawer); PutObject(CD,Drawer)",<unparseable> | <unparseable>,0 | 0,0,1,"GotoLocation(DiningTable); PickupObject(CD); GotoLocation(Drawer); OpenObject(Drawer); PutObject(CD,Drawer); CloseObject(Drawer) | GotoLocation(DiningTable); PickupObject(CD); GotoLocation(Drawer); PutObject(CD,Drawer)",1 | 1,1,0,candidate_fixed
shard_0_cf_0754,Drawer,shard_0_exp0_6931 | shard_0_exp0_6930,closed | open,GotoLocation(Drawer); OpenObject(Drawer) | GotoLocation(Drawer),<unparseable> | <unparseable>,0 | 0,0,1,GotoLocation(Drawer); OpenObject(Drawer) | GotoLocation(Drawer),1 | 1,1,0,candidate_fixed
shard_0_cf_0755,Drawer,shard_0_exp0_6938 | shard_0_exp0_6937,closed | open,GotoLocation(Drawer); OpenObject(Drawer) | GotoLocation(Drawer),<unparseable> | <unparseable>,0 | 0,0,1,GotoLocation(Drawer); OpenObject(Drawer) | GotoLocation(Drawer),1 | 1,1,0,candidate_fixed
shard_0_cf_0791,Drawer,shard_0_exp0_7125 | shard_0_exp0_7124,closed | open,"GotoLocation(Desk); PickupObject(Watch); GotoLocation(Drawer); OpenObject(Drawer); PutObject(Watch,Drawer); CloseObject(Drawer) | GotoLocation(Desk); PickupObject(Watch); GotoLocation(Drawer); PutObject(Watch,Drawer)",<unparseable> | <unparseable>,0 | 0,0,1,"GotoLocation(Desk); PickupObject(Watch); GotoLocation(Drawer); OpenObject(Drawer); PutObject(Watch,Drawer); CloseObject(Drawer) | GotoLocation(Desk); PickupObject(Watch); GotoLocation(Drawer); PutObject(Watch,Drawer)",1 | 1,1,0,candidate_fixed
shard_0_cf_0792,Fridge,shard_0_exp0_7128 | shard_0_exp0_7127,closed | open,GotoLocation(Fridge); OpenObject(Fridge) | GotoLocation(Fridge),<unparseable> | <unparseable>,0 | 0,0,1,GotoLocation(Fridge); OpenObject(Fridge) | GotoLocation(Fridge),1 | 1,1,0,candidate_fixed
shard_0_cf_0793,Drawer,shard_0_exp0_7132 | shard_0_exp0_7131,closed | open,GotoLocation(Drawer); OpenObject(Drawer) | GotoLocation(Drawer),<unparseable> | <unparseable>,0 | 0,0,1,GotoLocation(Drawer); OpenObject(Drawer) | GotoLocation(Drawer),1 | 1,1,0,candidate_fixed
shard_0_cf_0794,Drawer,shard_0_exp0_7134 | shard_0_exp0_7133,closed | open,"GotoLocation(ToiletPaper); PickupObject(ToiletPaper); GotoLocation(Drawer); OpenObject(Drawer); PutObject(ToiletPaper,Drawer); CloseObject(Drawer) | GotoLocation(ToiletPaper); PickupObject(ToiletPaper); GotoLocation(Drawer); PutObject(ToiletPaper,Drawer)",<unparseable> | <unparseable>,0 | 0,0,1,"GotoLocation(ToiletPaper); PickupObject(ToiletPaper); GotoLocation(Drawer); OpenObject(Drawer); PutObject(ToiletPaper,Drawer); CloseObject(Drawer) | GotoLocation(ToiletPaper); PickupObject(ToiletPaper); GotoLocation(Drawer); PutObject(ToiletPaper,Drawer)",1 | 1,1,0,candidate_fixed
shard_0_cf_0821,Drawer,shard_0_exp0_7269 | shard_0_exp0_7268,closed | open,"GotoLocation(Dresser); PickupObject(TissueBox); GotoLocation(Drawer); OpenObject(Drawer); PutObject(TissueBox,Drawer); CloseObject(Drawer) | GotoLocation(Dresser); PickupObject(TissueBox); GotoLocation(Drawer); PutObject(TissueBox,Drawer)",<unparseable> | <unparseable>,0 | 0,0,1,"GotoLocation(Dresser); PickupObject(TissueBox); GotoLocation(Drawer); OpenObject(Drawer); PutObject(TissueBox,Drawer); CloseObject(Drawer) | GotoLocation(Dresser); PickupObject(TissueBox); GotoLocation(Drawer); PutObject(TissueBox,Drawer)",1 | 1,1,0,candidate_fixed
shard_0_cf_0822,Drawer,shard_0_exp0_7271 | shard_0_exp0_7270,closed | open,GotoLocation(Drawer); OpenObject(Drawer) | GotoLocation(Drawer),<unparseable> | <unparseable>,0 | 0,0,1,GotoLocation(Drawer); OpenObject(Drawer) | GotoLocation(Drawer),1 | 1,1,0,candidate_fixed
shard_0_cf_0823,Drawer,shard_0_exp0_7275 | shard_0_exp0_7274,closed | open,GotoLocation(Drawer); OpenObject(Drawer) | GotoLocation(Drawer),<unparseable> | <unparseable>,0 | 0,0,1,GotoLocation(Drawer); OpenObject(Drawer) | GotoLocation(Drawer),1 | 1,1,0,candidate_fixed
shard_0_cf_0838,Drawer,shard_0_exp0_7356 | shard_0_exp0_7355,closed | open,GotoLocation(Drawer); OpenObject(Drawer) | GotoLocation(Drawer),<unparseable> | <unparseable>,0 | 0,0,1,GotoLocation(Drawer); OpenObject(Drawer) | GotoLocation(Drawer),1 | 1,1,0,candidate_fixed
shard_0_cf_0839,Drawer,shard_0_exp0_7358 | shard_0_exp0_7357,closed | open,"GotoLocation(Candle); PickupObject(Candle); GotoLocation(Drawer); OpenObject(Drawer); PutObject(Candle,Drawer); CloseObject(Drawer) | GotoLocation(Candle); PickupObject(Candle); GotoLocation(Drawer); PutObject(Candle,Drawer)",<unparseable> | <unparseable>,0 | 0,0,1,"GotoLocation(Candle); PickupObject(Candle); GotoLocation(Drawer); OpenObject(Drawer); PutObject(Candle,Drawer); CloseObject(Drawer) | GotoLocation(Candle); PickupObject(Candle); GotoLocation(Drawer); PutObject(Candle,Drawer)",1 | 1,1,0,candidate_fixed
shard_0_cf_0854,Drawer,shard_0_exp0_7468 | shard_0_exp0_7467,closed | open,"GotoLocation(Desk); PickupObject(Book); GotoLocation(Drawer); OpenObject(Drawer); PutObject(Book,Drawer); CloseObject(Drawer) | GotoLocation(Desk); PickupObject(Book); GotoLocation(Drawer); PutObject(Book,Drawer)",<unparseable> | <unparseable>,0 | 0,0,1,"GotoLocation(Desk); PickupObject(Book); GotoLocation(Drawer); OpenObject(Drawer); PutObject(Book,Drawer); CloseObject(Drawer) | GotoLocation(Desk); PickupObject(Book); GotoLocation(Drawer); PutObject(Book,Drawer)",1 | 1,1,0,candidate_fixed
shard_0_cf_0855,Fridge,shard_0_exp0_7471 | shard_0_exp0_7470,closed | open,GotoLocation(Fridge); OpenObject(Fridge) | GotoLocation(Fridge),<unparseable> | <unparseable>,0 | 0,0,1,GotoLocation(Fridge); OpenObject(Fridge) | GotoLocation(Fridge),1 | 1,1,0,candidate_fixed
shard_0_cf_0862,Drawer,shard_0_exp0_7519 | shard_0_exp0_7518,closed | open,GotoLocation(Drawer); OpenObject(Drawer) | GotoLocation(Drawer),<unparseable> | <unparseable>,0 | 0,0,1,GotoLocation(Drawer); OpenObject(Drawer) | GotoLocation(Drawer),1 | 1,1,0,candidate_fixed
shard_0_cf_0863,Drawer,shard_0_exp0_7523 | shard_0_exp0_7522,closed | open,GotoLocation(Drawer); OpenObject(Drawer) | GotoLocation(Drawer),<unparseable> | <unparseable>,0 | 0,0,1,GotoLocation(Drawer); OpenObject(Drawer) | GotoLocation(Drawer),1 | 1,1,0,candidate_fixed
shard_0_cf_0865,Drawer,shard_0_exp0_7539 | shard_0_exp0_7538,closed | open,"GotoLocation(Dresser); PickupObject(KeyChain); GotoLocation(Drawer); OpenObject(Drawer); PutObject(KeyChain,Drawer); CloseObject(Drawer) | GotoLocation(Dresser); PickupObject(KeyChain); GotoLocation(Drawer); PutObject(KeyChain,Drawer)",<unparseable> | <unparseable>,0 | 0,0,1,"GotoLocation(Dresser); PickupObject(KeyChain); GotoLocation(Drawer); OpenObject(Drawer); PutObject(KeyChain,Drawer); CloseObject(Drawer) | GotoLocation(Dresser); PickupObject(KeyChain); GotoLocation(Drawer); PutObject(KeyChain,Drawer)",1 | 1,1,0,candidate_fixed
shard_0_cf_0870,Fridge,shard_0_exp0_7602 | shard_0_exp0_7601,closed | open,GotoLocation(Fridge); OpenObject(Fridge) | GotoLocation(Fridge),<unparseable> | <unparseable>,0 | 0,0,1,GotoLocation(Fridge) | GotoLocation(Fridge),0 | 1,0,1,both_not_exact
shard_0_cf_0871,Drawer,shard_0_exp0_7605 | shard_0_exp0_7604,closed | open,"GotoLocation(Dresser); PickupObject(Pen); GotoLocation(Drawer); OpenObject(Drawer); PutObject(Pen,Drawer); CloseObject(Drawer) | GotoLocation(Dresser); PickupObject(Pen); GotoLocation(Drawer); PutObject(Pen,Drawer)",<unparseable> | <unparseable>,0 | 0,0,1,"GotoLocation(DiningTable); PickupObject(Pen); GotoLocation(Drawer); OpenObject(Drawer); PutObject(Pen,Drawer); CloseObject(Drawer) | GotoLocation(DiningTable); PickupObject(Pen); GotoLocation(Drawer); OpenObject(Drawer); PutObject(Pen,Drawer); CloseObject(Drawer)",0 | 0,0,1,both_not_exact
shard_0_cf_0872,Drawer,shard_0_exp0_7609 | shard_0_exp0_7608,closed | open,GotoLocation(Drawer); OpenObject(Drawer) | GotoLocation(Drawer),<unparseable> | <unparseable>,0 | 0,0,1,GotoLocation(Drawer); OpenObject(Drawer) | GotoLocation(Drawer),1 | 1,1,0,candidate_fixed
shard_0_cf_0912,Fridge,shard_0_exp0_7849 | shard_0_exp0_7848,closed | open,GotoLocation(Fridge); OpenObject(Fridge) | GotoLocation(Fridge),<unparseable> | <unparseable>,0 | 0,0,1,GotoLocation(Fridge); OpenObject(Fridge) | GotoLocation(Fridge); OpenObject(Fridge),1 | 0,0,1,both_not_exact
shard_0_cf_0913,Fridge,shard_0_exp0_7851 | shard_0_exp0_7850,closed | open,GotoLocation(Fridge); OpenObject(Fridge) | GotoLocation(Fridge),<unparseable> | <unparseable>,0 | 0,0,1,GotoLocation(Fridge); OpenObject(Fridge) | GotoLocation(Fridge),1 | 1,1,0,candidate_fixed
shard_0_cf_0914,Fridge,shard_0_exp0_7857 | shard_0_exp0_7856,closed | open,GotoLocation(Fridge); OpenObject(Fridge) | GotoLocation(Fridge),<unparseable> | <unparseable>,0 | 0,0,1,GotoLocation(Fridge); OpenObject(Fridge) | GotoLocation(Fridge),1 | 1,1,0,candidate_fixed
shard_0_cf_0920,Drawer,shard_0_exp0_7872 | shard_0_exp0_7871,closed | open,"GotoLocation(Dresser); PickupObject(RemoteControl); GotoLocation(Drawer); OpenObject(Drawer); PutObject(RemoteControl,Drawer); CloseObject(Drawer) | GotoLocation(Dresser); PickupObject(RemoteControl); GotoLocation(Drawer); PutObject(RemoteControl,Drawer)",<unparseable> | <unparseable>,0 | 0,0,1,"GotoLocation(Dresser); PickupObject(RemoteControl); GotoLocation(Drawer); OpenObject(Drawer); PutObject(RemoteControl,Drawer); CloseObject(Drawer) | GotoLocation(Dresser); PickupObject(RemoteControl); GotoLocation(Drawer); PutObject(RemoteControl,Drawer)",1 | 1,1,0,candidate_fixed
shard_0_cf_0921,Drawer,shard_0_exp0_7874 | shard_0_exp0_7873,closed | open,"GotoLocation(Dresser); PickupObject(RemoteControl); GotoLocation(Drawer); OpenObject(Drawer); PutObject(RemoteControl,Drawer); CloseObject(Drawer) | GotoLocation(Dresser); PickupObject(RemoteControl); GotoLocation(Drawer); PutObject(RemoteControl,Drawer)",<unparseable> | <unparseable>,0 | 0,0,1,"GotoLocation(Dresser); PickupObject(RemoteControl); GotoLocation(Drawer); OpenObject(Drawer); PutObject(RemoteControl,Drawer); CloseObject(Drawer) | GotoLocation(Dresser); PickupObject(RemoteControl); GotoLocation(Drawer); PutObject(RemoteControl,Drawer)",1 | 1,1,0,candidate_fixed
shard_0_cf_0922,Drawer,shard_0_exp0_7876 | shard_0_exp0_7875,closed | open,"GotoLocation(Dresser); PickupObject(RemoteControl); GotoLocation(Drawer); OpenObject(Drawer); PutObject(RemoteControl,Drawer); CloseObject(Drawer) | GotoLocation(Dresser); PickupObject(RemoteControl); GotoLocation(Drawer); PutObject(RemoteControl,Drawer)",<unparseable> | <unparseable>,0 | 0,0,1,"GotoLocation(Dresser); PickupObject(RemoteControl); GotoLocation(Drawer); OpenObject(Drawer); PutObject(RemoteControl,Drawer); CloseObject(Drawer) | GotoLocation(Dresser); PickupObject(RemoteControl); GotoLocation(Drawer); OpenObject(Drawer); PutObject(RemoteControl,Drawer); CloseObject(Drawer)",1 | 0,0,1,both_not_exact
shard_0_cf_0948,Drawer,shard_0_exp0_8022 | shard_0_exp0_8021,closed | open,GotoLocation(Drawer); OpenObject(Drawer) | GotoLocation(Drawer),<unparseable> | <unparseable>,0 | 0,0,1,GotoLocation(Drawer); OpenObject(Drawer) | GotoLocation(Drawer),1 | 1,1,0,candidate_fixed
shard_0_cf_0949,Drawer,shard_0_exp0_8025 | shard_0_exp0_8024,closed | open,GotoLocation(Drawer); OpenObject(Drawer) | GotoLocation(Drawer),<unparseable> | <unparseable>,0 | 0,0,1,GotoLocation(Drawer); OpenObject(Drawer) | GotoLocation(Drawer),1 | 1,1,0,candidate_fixed
shard_0_cf_0957,Drawer,shard_0_exp0_8068 | shard_0_exp0_8067,closed | open,"GotoLocation(Dresser); PickupObject(Watch); GotoLocation(Drawer); OpenObject(Drawer); PutObject(Watch,Drawer); CloseObject(Drawer) | GotoLocation(Dresser); PickupObject(Watch); GotoLocation(Drawer); PutObject(Watch,Drawer)",<unparseable> | <unparseable>,0 | 0,0,1,"GotoLocation(Dresser); PickupObject(Watch); GotoLocation(Drawer); OpenObject(Drawer); PutObject(Watch,Drawer); CloseObject(Drawer) | GotoLocation(Dresser); PickupObject(Watch); GotoLocation(Drawer); OpenObject(Drawer); PutObject(Watch,Drawer); CloseObject(Drawer)",1 | 0,0,1,both_not_exact
shard_0_cf_0958,Drawer,shard_0_exp0_8071 | shard_0_exp0_8070,closed | open,"GotoLocation(Dresser); PickupObject(Book); GotoLocation(Drawer); OpenObject(Drawer); PutObject(Book,Drawer); CloseObject(Drawer) | GotoLocation(Dresser); PickupObject(Book); GotoLocation(Drawer); PutObject(Book,Drawer)",<unparseable> | <unparseable>,0 | 0,0,1,"GotoLocation(Dresser); PickupObject(Book); GotoLocation(Drawer); OpenObject(Drawer); PutObject(Book,Drawer); CloseObject(Drawer) | GotoLocation(Dresser); PickupObject(Book); GotoLocation(Drawer); PutObject(Book,Drawer)",1 | 1,1,0,candidate_fixed
shard_0_cf_0959,Drawer,shard_0_exp0_8073 | shard_0_exp0_8072,closed | open,GotoLocation(Drawer); OpenObject(Drawer) | GotoLocation(Drawer),<unparseable> | <unparseable>,0 | 0,0,1,GotoLocation(Drawer); OpenObject(Drawer) | GotoLocation(Drawer),1 | 1,1,0,candidate_fixed
shard_0_cf_0960,Drawer,shard_0_exp0_8075 | shard_0_exp0_8074,closed | open,"GotoLocation(Dresser); PickupObject(Book); GotoLocation(Drawer); OpenObject(Drawer); PutObject(Book,Drawer); CloseObject(Drawer) | GotoLocation(Dresser); PickupObject(Book); GotoLocation(Drawer); PutObject(Book,Drawer)",<unparseable> | <unparseable>,0 | 0,0,1,"GotoLocation(Dresser); PickupObject(Book); GotoLocation(Drawer); OpenObject(Drawer); PutObject(Book,Drawer); CloseObject(Drawer) | GotoLocation(Dresser); PickupObject(Book); GotoLocation(Drawer); PutObject(Book,Drawer)",1 | 1,1,0,candidate_fixed
shard_0_cf_0961,Drawer,shard_0_exp0_8078 | shard_0_exp0_8077,closed | open,"GotoLocation(Dresser); PickupObject(Watch); GotoLocation(Drawer); OpenObject(Drawer); PutObject(Watch,Drawer); CloseObject(Drawer) | GotoLocation(Dresser); PickupObject(Watch); GotoLocation(Drawer); PutObject(Watch,Drawer)",<unparseable> | <unparseable>,0 | 0,0,1,"GotoLocation(Dresser); PickupObject(Watch); GotoLocation(Drawer); OpenObject(Drawer); PutObject(Watch,Drawer); CloseObject(Drawer) | GotoLocation(Dresser); PickupObject(Watch); GotoLocation(Drawer); PutObject(Watch,Drawer)",1 | 1,1,0,candidate_fixed
shard_0_cf_0987,Drawer,shard_0_exp0_8189 | shard_0_exp0_8188,closed | open,GotoLocation(Drawer); OpenObject(Drawer) | GotoLocation(Drawer),<unparseable> | <unparseable>,0 | 0,0,1,GotoLocation(Drawer); OpenObject(Drawer) | GotoLocation(Drawer),1 | 1,1,0,candidate_fixed
shard_0_cf_0988,Drawer,shard_0_exp0_8191 | shard_0_exp0_8190,closed | open,"GotoLocation(Dresser); PickupObject(Pencil); GotoLocation(Drawer); OpenObject(Drawer); PutObject(Pencil,Drawer); CloseObject(Drawer) | GotoLocation(Dresser); PickupObject(Pencil); GotoLocation(Drawer); PutObject(Pencil,Drawer)",<unparseable> | <unparseable>,0 | 0,0,1,"GotoLocation(Dresser); PickupObject(Pencil); GotoLocation(Drawer); OpenObject(Drawer); PutObject(Pencil,Drawer); CloseObject(Drawer) | GotoLocation(Dresser); PickupObject(Pencil); GotoLocation(Drawer); PutObject(Pencil,Drawer)",1 | 1,1,0,candidate_fixed
shard_0_cf_0989,Drawer,shard_0_exp0_8195 | shard_0_exp0_8194,closed | open,GotoLocation(Drawer); OpenObject(Drawer) | GotoLocation(Drawer),<unparseable> | <unparseable>,0 | 0,0,1,GotoLocation(Drawer); OpenObject(Drawer) | GotoLocation(Drawer),1 | 1,1,0,candidate_fixed
shard_0_cf_0990,Drawer,shard_0_exp0_8197 | shard_0_exp0_8196,closed | open,GotoLocation(Drawer); OpenObject(Drawer) | GotoLocation(Drawer),<unparseable> | <unparseable>,0 | 0,0,1,GotoLocation(Drawer); OpenObject(Drawer) | GotoLocation(Drawer); OpenObject(Drawer),1 | 0,0,1,both_not_exact
shard_0_cf_1004,Fridge,shard_0_exp0_8277 | shard_0_exp0_8276,closed | open,GotoLocation(Fridge); OpenObject(Fridge) | GotoLocation(Fridge),<unparseable> | <unparseable>,0 | 0,0,1,GotoLocation(Fridge) | GotoLocation(Fridge),0 | 1,0,1,both_not_exact
shard_0_cf_1034,Drawer,shard_0_exp0_8428 | shard_0_exp0_8427,closed | open,"GotoLocation(Dresser); PickupObject(TissueBox); GotoLocation(Drawer); OpenObject(Drawer); PutObject(TissueBox,Drawer); CloseObject(Drawer) | GotoLocation(Dresser); PickupObject(TissueBox); GotoLocation(Drawer); PutObject(TissueBox,Drawer)",<unparseable> | <unparseable>,0 | 0,0,1,"GotoLocation(Dresser); PickupObject(TissueBox); GotoLocation(Drawer); OpenObject(Drawer); PutObject(TissueBox,Drawer); CloseObject(Drawer) | GotoLocation(Dresser); PickupObject(TissueBox); GotoLocation(Drawer); PutObject(TissueBox,Drawer)",1 | 1,1,0,candidate_fixed
shard_0_cf_1035,Drawer,shard_0_exp0_8432 | shard_0_exp0_8431,closed | open,GotoLocation(Drawer); OpenObject(Drawer) | GotoLocation(Drawer),<unparseable> | <unparseable>,0 | 0,0,1,GotoLocation(Drawer); OpenObject(Drawer) | GotoLocation(Drawer),1 | 1,1,0,candidate_fixed
shard_0_cf_1051,Fridge,shard_0_exp0_8518 | shard_0_exp0_8517,closed | open,GotoLocation(Fridge); OpenObject(Fridge) | GotoLocation(Fridge),<unparseable> | <unparseable>,0 | 0,0,1,GotoLocation(Fridge); OpenObject(Fridge) | GotoLocation(Fridge); OpenObject(Fridge),1 | 0,0,1,both_not_exact
shard_0_cf_1052,Fridge,shard_0_exp0_8527 | shard_0_exp0_8526,closed | open,GotoLocation(Fridge); OpenObject(Fridge) | GotoLocation(Fridge),<unparseable> | <unparseable>,0 | 0,0,1,GotoLocation(Fridge); OpenObject(Fridge) | GotoLocation(Fridge),1 | 1,1,0,candidate_fixed
shard_0_cf_1059,Drawer,shard_0_exp0_8550 | shard_0_exp0_8549,closed | open,GotoLocation(Drawer); OpenObject(Drawer) | GotoLocation(Drawer),<unparseable> | <unparseable>,0 | 0,0,1,GotoLocation(Drawer); OpenObject(Drawer) | GotoLocation(Drawer),1 | 1,1,0,candidate_fixed
shard_0_cf_1060,Fridge,shard_0_exp0_8553 | shard_0_exp0_8552,closed | open,GotoLocation(Fridge); OpenObject(Fridge) | GotoLocation(Fridge),<unparseable> | <unparseable>,0 | 0,0,1,GotoLocation(Fridge); OpenObject(Fridge) | GotoLocation(Fridge),1 | 1,1,0,candidate_fixed
shard_0_cf_1061,Drawer,shard_0_exp0_8559 | shard_0_exp0_8558,closed | open,GotoLocation(Drawer); OpenObject(Drawer) | GotoLocation(Drawer),<unparseable> | <unparseable>,0 | 0,0,1,GotoLocation(Drawer); OpenObject(Drawer) | GotoLocation(Drawer),1 | 1,1,0,candidate_fixed
shard_0_cf_1066,Drawer,shard_0_exp0_8587 | shard_0_exp0_8586,closed | open,"GotoLocation(Desk); PickupObject(Book); GotoLocation(Drawer); OpenObject(Drawer); PutObject(Book,Drawer); CloseObject(Drawer) | GotoLocation(Desk); PickupObject(Book); GotoLocation(Drawer); PutObject(Book,Drawer)",<unparseable> | <unparseable>,0 | 0,0,1,"GotoLocation(DiningTable); PickupObject(Book); GotoLocation(Drawer); OpenObject(Drawer); PutObject(Book,Drawer); CloseObject(Drawer) | GotoLocation(Desk); PickupObject(Book); GotoLocation(Drawer); PutObject(Book,Drawer)",0 | 1,0,0,both_not_exact
shard_0_cf_1067,Drawer,shard_0_exp0_8589 | shard_0_exp0_8588,closed | open,GotoLocation(Drawer); OpenObject(Drawer) | GotoLocation(Drawer),<unparseable> | <unparseable>,0 | 0,0,1,GotoLocation(Drawer); OpenObject(Drawer) | GotoLocation(Drawer),1 | 1,1,0,candidate_fixed
shard_0_cf_1068,Drawer,shard_0_exp0_8591 | shard_0_exp0_8590,closed | open,GotoLocation(Drawer); OpenObject(Drawer) | GotoLocation(Drawer),<unparseable> | <unparseable>,0 | 0,0,1,GotoLocation(Drawer); OpenObject(Drawer) | GotoLocation(Drawer),1 | 1,1,0,candidate_fixed
shard_0_cf_1069,Drawer,shard_0_exp0_8593 | shard_0_exp0_8592,closed | open,GotoLocation(Drawer); OpenObject(Drawer) | GotoLocation(Drawer),<unparseable> | <unparseable>,0 | 0,0,1,GotoLocation(Drawer); OpenObject(Drawer) | GotoLocation(Drawer),1 | 1,1,0,candidate_fixed
shard_0_cf_1070,Drawer,shard_0_exp0_8595 | shard_0_exp0_8594,closed | open,GotoLocation(Drawer); OpenObject(Drawer) | GotoLocation(Drawer),<unparseable> | <unparseable>,0 | 0,0,1,GotoLocation(Drawer); OpenObject(Drawer) | GotoLocation(Drawer),1 | 1,1,0,candidate_fixed
shard_0_cf_1102,Drawer,shard_0_exp0_8735 | shard_0_exp0_8734,closed | open,GotoLocation(Drawer); OpenObject(Drawer) | GotoLocation(Drawer),<unparseable> | <unparseable>,0 | 0,0,1,GotoLocation(Drawer); OpenObject(Drawer) | GotoLocation(Drawer),1 | 1,1,0,candidate_fixed
shard_0_cf_1103,Drawer,shard_0_exp0_8737 | shard_0_exp0_8736,closed | open,GotoLocation(Drawer); OpenObject(Drawer) | GotoLocation(Drawer),<unparseable> | <unparseable>,0 | 0,0,1,GotoLocation(Drawer); OpenObject(Drawer) | GotoLocation(Drawer),1 | 1,1,0,candidate_fixed
shard_0_cf_1104,Drawer,shard_0_exp0_8739 | shard_0_exp0_8738,closed | open,"GotoLocation(Dresser); PickupObject(CellPhone); GotoLocation(Drawer); OpenObject(Drawer); PutObject(CellPhone,Drawer); CloseObject(Drawer) | GotoLocation(Dresser); PickupObject(CellPhone); GotoLocation(Drawer); PutObject(CellPhone,Drawer)",<unparseable> | <unparseable>,0 | 0,0,1,"GotoLocation(Dresser); PickupObject(CellPhone); GotoLocation(Drawer); OpenObject(Drawer); PutObject(CellPhone,Drawer); CloseObject(Drawer) | GotoLocation(Dresser); PickupObject(CellPhone); GotoLocation(Drawer); PutObject(CellPhone,Drawer)",1 | 1,1,0,candidate_fixed
shard_0_cf_1105,Fridge,shard_0_exp0_8741 | shard_0_exp0_8740,closed | open,GotoLocation(Fridge); OpenObject(Fridge) | GotoLocation(Fridge),<unparseable> | <unparseable>,0 | 0,0,1,GotoLocation(Fridge); OpenObject(Fridge) | GotoLocation(Fridge); OpenObject(Fridge),1 | 0,0,1,both_not_exact
shard_0_cf_1113,Drawer,shard_0_exp0_8777 | shard_0_exp0_8776,closed | open,"GotoLocation(Dresser); PickupObject(Pencil); GotoLocation(Drawer); OpenObject(Drawer); PutObject(Pencil,Drawer); CloseObject(Drawer) | GotoLocation(Dresser); PickupObject(Pencil); GotoLocation(Drawer); PutObject(Pencil,Drawer)",<unparseable> | <unparseable>,0 | 0,0,1,"GotoLocation(Dresser); PickupObject(Pencil); GotoLocation(Drawer); OpenObject(Drawer); PutObject(Pencil,Drawer); CloseObject(Drawer) | GotoLocation(Dresser); PickupObject(Pencil); GotoLocation(Drawer); PutObject(Pencil,Drawer)",1 | 1,1,0,candidate_fixed
shard_0_cf_1161,Fridge,shard_0_exp0_8941 | shard_0_exp0_8940,closed | open,GotoLocation(Fridge); OpenObject(Fridge) | GotoLocation(Fridge),<unparseable> | <unparseable>,0 | 0,0,1,GotoLocation(Fridge); OpenObject(Fridge) | GotoLocation(Fridge),1 | 1,1,0,candidate_fixed
shard_0_cf_1162,Fridge,shard_0_exp0_8943 | shard_0_exp0_8942,closed | open,GotoLocation(Fridge); OpenObject(Fridge) | GotoLocation(Fridge),<unparseable> | <unparseable>,0 | 0,0,1,GotoLocation(Fridge); OpenObject(Fridge) | GotoLocation(Fridge),1 | 1,1,0,candidate_fixed
shard_0_cf_1163,Fridge,shard_0_exp0_8945 | shard_0_exp0_8944,closed | open,GotoLocation(Fridge); OpenObject(Fridge) | GotoLocation(Fridge),<unparseable> | <unparseable>,0 | 0,0,1,GotoLocation(Fridge); OpenObject(Fridge) | GotoLocation(Fridge); OpenObject(Fridge),1 | 0,0,1,both_not_exact
shard_0_cf_1169,Fridge,shard_0_exp0_8979 | shard_0_exp0_8978,closed | open,GotoLocation(Fridge); OpenObject(Fridge) | GotoLocation(Fridge),<unparseable> | <unparseable>,0 | 0,0,1,GotoLocation(Fridge); OpenObject(Fridge) | GotoLocation(Fridge),1 | 1,1,0,candidate_fixed
shard_0_cf_1170,Fridge,shard_0_exp0_8981 | shard_0_exp0_8980,closed | open,GotoLocation(Fridge); OpenObject(Fridge) | GotoLocation(Fridge),<unparseable> | <unparseable>,0 | 0,0,1,GotoLocation(Fridge); OpenObject(Fridge) | GotoLocation(Fridge); OpenObject(Fridge),1 | 0,0,1,both_not_exact
shard_0_cf_1221,Drawer,shard_0_exp0_9163 | shard_0_exp0_9162,closed | open,GotoLocation(Drawer); OpenObject(Drawer) | GotoLocation(Drawer),<unparseable> | <unparseable>,0 | 0,0,1,GotoLocation(Drawer); OpenObject(Drawer) | GotoLocation(Drawer),1 | 1,1,0,candidate_fixed
shard_0_cf_1222,Drawer,shard_0_exp0_9165 | shard_0_exp0_9164,closed | open,GotoLocation(Drawer); OpenObject(Drawer) | GotoLocation(Drawer),<unparseable> | <unparseable>,0 | 0,0,1,GotoLocation(Drawer); OpenObject(Drawer) | GotoLocation(Drawer),1 | 1,1,0,candidate_fixed
shard_0_cf_1223,Fridge,shard_0_exp0_9167 | shard_0_exp0_9166,closed | open,GotoLocation(Fridge); OpenObject(Fridge) | GotoLocation(Fridge),<unparseable> | <unparseable>,0 | 0,0,1,GotoLocation(Fridge); OpenObject(Fridge) | GotoLocation(Fridge),1 | 1,1,0,candidate_fixed
shard_0_cf_1224,Drawer,shard_0_exp0_9171 | shard_0_exp0_9170,closed | open,GotoLocation(Drawer); OpenObject(Drawer) | GotoLocation(Drawer),<unparseable> | <unparseable>,0 | 0,0,1,GotoLocation(Drawer); OpenObject(Drawer) | GotoLocation(Drawer),1 | 1,1,0,candidate_fixed
shard_0_cf_1243,Drawer,shard_0_exp0_9223 | shard_0_exp0_9222,closed | open,GotoLocation(Drawer); OpenObject(Drawer) | GotoLocation(Drawer),<unparseable> | <unparseable>,0 | 0,0,1,GotoLocation(Drawer); OpenObject(Drawer) | GotoLocation(Drawer),1 | 1,1,0,candidate_fixed
shard_0_cf_1244,Drawer,shard_0_exp0_9225 | shard_0_exp0_9224,closed | open,"GotoLocation(Dresser); PickupObject(RemoteControl); GotoLocation(Drawer); OpenObject(Drawer); PutObject(RemoteControl,Drawer); CloseObject(Drawer) | GotoLocation(Dresser); PickupObject(RemoteControl); GotoLocation(Drawer); PutObject(RemoteControl,Drawer)",<unparseable> | <unparseable>,0 | 0,0,1,"GotoLocation(Dresser); PickupObject(RemoteControl); GotoLocation(Drawer); OpenObject(Drawer); PutObject(RemoteControl,Drawer); CloseObject(Drawer) | GotoLocation(Dresser); PickupObject(RemoteControl); GotoLocation(Drawer); OpenObject(Drawer); PutObject(RemoteControl,Drawer); CloseObject(Drawer)",1 | 0,0,1,both_not_exact
shard_0_cf_1245,Drawer,shard_0_exp0_9229 | shard_0_exp0_9228,closed | open,"GotoLocation(Dresser); PickupObject(RemoteControl); GotoLocation(Drawer); OpenObject(Drawer); PutObject(RemoteControl,Drawer); CloseObject(Drawer) | GotoLocation(Dresser); PickupObject(RemoteControl); GotoLocation(Drawer); PutObject(RemoteControl,Drawer)",<unparseable> | <unparseable>,0 | 0,0,1,"GotoLocation(Dresser); PickupObject(RemoteControl); GotoLocation(Drawer); OpenObject(Drawer); PutObject(RemoteControl,Drawer); CloseObject(Drawer) | GotoLocation(Dresser); PickupObject(RemoteControl); GotoLocation(Drawer); PutObject(RemoteControl,Drawer)",1 | 1,1,0,candidate_fixed
shard_0_cf_1270,Drawer,shard_0_exp0_9326 | shard_0_exp0_9325,closed | open,GotoLocation(Drawer); OpenObject(Drawer) | GotoLocation(Drawer),<unparseable> | <unparseable>,0 | 0,0,1,GotoLocation(Drawer); OpenObject(Drawer) | GotoLocation(Drawer),1 | 1,1,0,candidate_fixed
shard_0_cf_1271,Drawer,shard_0_exp0_9329 | shard_0_exp0_9328,closed | open,GotoLocation(Drawer); OpenObject(Drawer) | GotoLocation(Drawer),<unparseable> | <unparseable>,0 | 0,0,1,GotoLocation(Drawer); OpenObject(Drawer) | GotoLocation(Drawer),1 | 1,1,0,candidate_fixed
shard_0_cf_1272,Drawer,shard_0_exp0_9333 | shard_0_exp0_9332,closed | open,"GotoLocation(Dresser); PickupObject(Pen); GotoLocation(Drawer); OpenObject(Drawer); PutObject(Pen,Drawer); CloseObject(Drawer) | GotoLocation(Dresser); PickupObject(Pen); GotoLocation(Drawer); PutObject(Pen,Drawer)",<unparseable> | <unparseable>,0 | 0,0,1,"GotoLocation(Desk); PickupObject(Pen); GotoLocation(Drawer); OpenObject(Drawer); PutObject(Pen,Drawer); CloseObject(Drawer) | GotoLocation(Desk); PickupObject(Pen); GotoLocation(Drawer); PutObject(Pen,Drawer)",0 | 0,0,0,both_not_exact
shard_0_cf_1279,Fridge,shard_0_exp0_9369 | shard_0_exp0_9368,closed | open,GotoLocation(Fridge); OpenObject(Fridge) | GotoLocation(Fridge),<unparseable> | <unparseable>,0 | 0,0,1,GotoLocation(Fridge); OpenObject(Fridge) | GotoLocation(Fridge),1 | 1,1,0,candidate_fixed
shard_0_cf_1280,Drawer,shard_0_exp0_9371 | shard_0_exp0_9370,closed | open,"GotoLocation(DiningTable); PickupObject(KeyChain); GotoLocation(Drawer); OpenObject(Drawer); PutObject(KeyChain,Drawer); CloseObject(Drawer) | GotoLocation(DiningTable); PickupObject(KeyChain); GotoLocation(Drawer); PutObject(KeyChain,Drawer)",<unparseable> | <unparseable>,0 | 0,0,1,"GotoLocation(DiningTable); PickupObject(KeyChain); GotoLocation(Drawer); OpenObject(Drawer); PutObject(KeyChain,Drawer); CloseObject(Drawer) | GotoLocation(DiningTable); PickupObject(KeyChain); GotoLocation(Drawer); OpenObject(Drawer); PutObject(KeyChain,Drawer); CloseObject(Drawer)",1 | 0,0,1,both_not_exact
shard_0_cf_1307,Fridge,shard_0_exp0_9456 | shard_0_exp0_9455,closed | open,GotoLocation(Fridge); OpenObject(Fridge) | GotoLocation(Fridge),<unparseable> | <unparseable>,0 | 0,0,1,GotoLocation(Fridge); OpenObject(Fridge) | GotoLocation(Fridge),1 | 1,1,0,candidate_fixed
shard_0_cf_1308,Drawer,shard_0_exp0_9460 | shard_0_exp0_9459,closed | open,"GotoLocation(Dresser); PickupObject(Pen); GotoLocation(Drawer); OpenObject(Drawer); PutObject(Pen,Drawer); CloseObject(Drawer) | GotoLocation(Dresser); PickupObject(Pen); GotoLocation(Drawer); PutObject(Pen,Drawer)",<unparseable> | <unparseable>,0 | 0,0,1,"GotoLocation(Dresser); PickupObject(Pen); GotoLocation(Drawer); OpenObject(Drawer); PutObject(Pen,Drawer); CloseObject(Drawer) | GotoLocation(Dresser); PickupObject(Pen); GotoLocation(Drawer); PutObject(Pen,Drawer)",1 | 1,1,0,candidate_fixed
shard_0_cf_1329,Drawer,shard_0_exp0_9539 | shard_0_exp0_9538,closed | open,"GotoLocation(Dresser); PickupObject(Pen); GotoLocation(Drawer); OpenObject(Drawer); PutObject(Pen,Drawer); CloseObject(Drawer) | GotoLocation(Dresser); PickupObject(Pen); GotoLocation(Drawer); PutObject(Pen,Drawer)",<unparseable> | <unparseable>,0 | 0,0,1,"GotoLocation(Dresser); PickupObject(Pen); GotoLocation(Drawer); OpenObject(Drawer); PutObject(Pen,Drawer); CloseObject(Drawer) | GotoLocation(Dresser); PickupObject(Pen); GotoLocation(Drawer); PutObject(Pen,Drawer)",1 | 1,1,0,candidate_fixed
shard_0_cf_1340,Fridge,shard_0_exp0_9597 | shard_0_exp0_9596,closed | open,GotoLocation(Fridge); OpenObject(Fridge) | GotoLocation(Fridge),<unparseable> | <unparseable>,0 | 0,0,1,GotoLocation(Fridge); OpenObject(Fridge) | GotoLocation(Fridge),1 | 1,1,0,candidate_fixed
shard_0_cf_1341,Fridge,shard_0_exp0_9600 | shard_0_exp0_9599,closed | open,GotoLocation(Fridge); OpenObject(Fridge) | GotoLocation(Fridge),<unparseable> | <unparseable>,0 | 0,0,1,GotoLocation(Fridge); OpenObject(Fridge) | GotoLocation(Fridge),1 | 1,1,0,candidate_fixed
shard_0_cf_1342,Drawer,shard_0_exp0_9602 | shard_0_exp0_9601,closed | open,GotoLocation(Drawer); OpenObject(Drawer) | GotoLocation(Drawer),<unparseable> | <unparseable>,0 | 0,0,1,GotoLocation(Drawer); OpenObject(Drawer) | GotoLocation(Drawer); OpenObject(Drawer),1 | 0,0,1,both_not_exact
shard_0_cf_1375,Fridge,shard_0_exp0_9743 | shard_0_exp0_9742,closed | open,GotoLocation(Fridge); OpenObject(Fridge) | GotoLocation(Fridge),<unparseable> | <unparseable>,0 | 0,0,1,GotoLocation(Fridge); OpenObject(Fridge) | GotoLocation(Fridge),1 | 1,1,0,candidate_fixed
shard_0_cf_1376,Drawer,shard_0_exp0_9745 | shard_0_exp0_9744,closed | open,GotoLocation(Drawer); OpenObject(Drawer) | GotoLocation(Drawer),<unparseable> | <unparseable>,0 | 0,0,1,GotoLocation(Drawer); OpenObject(Drawer) | GotoLocation(Drawer),1 | 1,1,0,candidate_fixed
shard_0_cf_1377,Microwave,shard_0_exp0_9748 | shard_0_exp0_9747,closed | open,GotoLocation(Microwave); OpenObject(Microwave) | GotoLocation(Microwave),<unparseable> | <unparseable>,0 | 0,0,1,GotoLocation(Microwave); OpenObject(Microwave) | GotoLocation(Microwave),1 | 1,1,0,candidate_fixed
shard_0_cf_1382,Drawer,shard_0_exp0_9760 | shard_0_exp0_9759,closed | open,GotoLocation(Drawer); OpenObject(Drawer) | GotoLocation(Drawer),<unparseable> | <unparseable>,0 | 0,0,1,GotoLocation(Drawer); OpenObject(Drawer) | GotoLocation(Drawer),1 | 1,1,0,candidate_fixed
shard_0_cf_1383,Fridge,shard_0_exp0_9762 | shard_0_exp0_9761,closed | open,GotoLocation(Fridge); OpenObject(Fridge) | GotoLocation(Fridge),<unparseable> | <unparseable>,0 | 0,0,1,GotoLocation(Fridge); OpenObject(Fridge) | GotoLocation(Fridge); OpenObject(Fridge),1 | 0,0,1,both_not_exact
shard_0_cf_1384,Drawer,shard_0_exp0_9765 | shard_0_exp0_9764,closed | open,GotoLocation(Drawer); OpenObject(Drawer) | GotoLocation(Drawer),<unparseable> | <unparseable>,0 | 0,0,1,GotoLocation(Drawer); OpenObject(Drawer) | GotoLocation(Drawer),1 | 1,1,0,candidate_fixed
shard_0_cf_1464,Fridge,shard_0_exp0_9999 | shard_0_exp0_9998,closed | open,GotoLocation(Fridge); OpenObject(Fridge) | GotoLocation(Fridge),<unparseable> | <unparseable>,0 | 0,0,1,GotoLocation(Fridge); OpenObject(Fridge) | GotoLocation(Fridge),1 | 1,1,0,candidate_fixed
shard_0_cf_1475,Drawer,shard_0_exp0_10056 | shard_0_exp0_10055,closed | open,GotoLocation(Drawer); OpenObject(Drawer) | GotoLocation(Drawer),<unparseable> | <unparseable>,0 | 0,0,1,GotoLocation(Drawer); OpenObject(Drawer) | GotoLocation(Drawer),1 | 1,1,0,candidate_fixed
shard_0_cf_1476,Drawer,shard_0_exp0_10058 | shard_0_exp0_10057,closed | open,GotoLocation(Drawer); OpenObject(Drawer) | GotoLocation(Drawer),<unparseable> | <unparseable>,0 | 0,0,1,GotoLocation(Drawer); OpenObject(Drawer) | GotoLocation(Drawer),1 | 1,1,0,candidate_fixed
shard_0_cf_1477,Drawer,shard_0_exp0_10060 | shard_0_exp0_10059,closed | open,"GotoLocation(Dresser); PickupObject(Pencil); GotoLocation(Drawer); OpenObject(Drawer); PutObject(Pencil,Drawer); CloseObject(Drawer) | GotoLocation(Dresser); PickupObject(Pencil); GotoLocation(Drawer); PutObject(Pencil,Drawer)",<unparseable> | <unparseable>,0 | 0,0,1,"GotoLocation(Dresser); PickupObject(Pencil); GotoLocation(Drawer); OpenObject(Drawer); PutObject(Pencil,Drawer); CloseObject(Drawer) | GotoLocation(Dresser); PickupObject(Pencil); GotoLocation(Drawer); OpenObject(Drawer); PutObject(Pencil,Drawer); CloseObject(Drawer)",1 | 0,0,1,both_not_exact
shard_0_cf_1491,Drawer,shard_0_exp0_10122 | shard_0_exp0_10121,closed | open,GotoLocation(Drawer); OpenObject(Drawer) | GotoLocation(Drawer),<unparseable> | <unparseable>,0 | 0,0,1,GotoLocation(Drawer); OpenObject(Drawer) | GotoLocation(Drawer); OpenObject(Drawer),1 | 0,0,1,both_not_exact
shard_0_cf_1492,Fridge,shard_0_exp0_10124 | shard_0_exp0_10123,closed | open,"GotoLocation(DiningTable); PickupObject(Bowl); GotoLocation(Fridge); OpenObject(Fridge); PutObject(Bowl,Fridge); CloseObject(Fridge) | GotoLocation(DiningTable); PickupObject(Bowl); GotoLocation(Fridge); PutObject(Bowl,Fridge)",<unparseable> | <unparseable>,0 | 0,0,1,"GotoLocation(DiningTable); PickupObject(Bowl); GotoLocation(Fridge); OpenObject(Fridge); PutObject(Bowl,Fridge); CloseObject(Fridge) | GotoLocation(DiningTable); PickupObject(Bowl); GotoLocation(Fridge); PutObject(Bowl,Fridge)",1 | 1,1,0,candidate_fixed
shard_0_cf_1517,Fridge,shard_0_exp0_10202 | shard_0_exp0_10201,closed | open,"GotoLocation(DiningTable); PickupObject(Plate); GotoLocation(Fridge); OpenObject(Fridge); PutObject(Plate,Fridge); CloseObject(Fridge) | GotoLocation(DiningTable); PickupObject(Plate); GotoLocation(Fridge); PutObject(Plate,Fridge)",<unparseable> | <unparseable>,0 | 0,0,1,"GotoLocation(DiningTable); PickupObject(Plate); GotoLocation(Fridge); OpenObject(Fridge); PutObject(Plate,Fridge); CloseObject(Fridge) | GotoLocation(DiningTable); PickupObject(Plate); GotoLocation(Fridge); PutObject(Plate,Fridge)",1 | 1,1,0,candidate_fixed
shard_0_cf_1530,Drawer,shard_0_exp0_10254 | shard_0_exp0_10253,closed | open,"GotoLocation(Dresser); PickupObject(Pen); GotoLocation(Drawer); OpenObject(Drawer); PutObject(Pen,Drawer); CloseObject(Drawer) | GotoLocation(Dresser); PickupObject(Pen); GotoLocation(Drawer); PutObject(Pen,Drawer)",<unparseable> | <unparseable>,0 | 0,0,1,"GotoLocation(Dresser); PickupObject(Pen); GotoLocation(Drawer); OpenObject(Drawer); PutObject(Pen,Drawer); CloseObject(Drawer) | GotoLocation(Dresser); PickupObject(Pen); GotoLocation(Drawer); PutObject(Pen,Drawer)",1 | 1,1,0,candidate_fixed
shard_0_cf_1531,Drawer,shard_0_exp0_10256 | shard_0_exp0_10255,closed | open,"GotoLocation(Dresser); PickupObject(Pen); GotoLocation(Drawer); OpenObject(Drawer); PutObject(Pen,Drawer); CloseObject(Drawer) | GotoLocation(Dresser); PickupObject(Pen); GotoLocation(Drawer); PutObject(Pen,Drawer)",<unparseable> | <unparseable>,0 | 0,0,1,"GotoLocation(Dresser); PickupObject(Pen); GotoLocation(Drawer); OpenObject(Drawer); PutObject(Pen,Drawer); CloseObject(Drawer) | GotoLocation(Dresser); PickupObject(Pen); GotoLocation(Drawer); PutObject(Pen,Drawer)",1 | 1,1,0,candidate_fixed
shard_0_cf_1532,Drawer,shard_0_exp0_10258 | shard_0_exp0_10257,closed | open,"GotoLocation(Dresser); PickupObject(CellPhone); GotoLocation(Drawer); OpenObject(Drawer); PutObject(CellPhone,Drawer); CloseObject(Drawer) | GotoLocation(Dresser); PickupObject(CellPhone); GotoLocation(Drawer); PutObject(CellPhone,Drawer)",<unparseable> | <unparseable>,0 | 0,0,1,"GotoLocation(Dresser); PickupObject(CellPhone); GotoLocation(Drawer); OpenObject(Drawer); PutObject(CellPhone,Drawer); CloseObject(Drawer) | GotoLocation(Dresser); PickupObject(CellPhone); GotoLocation(Drawer); PutObject(CellPhone,Drawer)",1 | 1,1,0,candidate_fixed
shard_0_cf_1533,Drawer,shard_0_exp0_10260 | shard_0_exp0_10259,closed | open,GotoLocation(Drawer); OpenObject(Drawer) | GotoLocation(Drawer),<unparseable> | <unparseable>,0 | 0,0,1,GotoLocation(Drawer); OpenObject(Drawer) | GotoLocation(Drawer),1 | 1,1,0,candidate_fixed
shard_0_cf_1534,Drawer,shard_0_exp0_10262 | shard_0_exp0_10261,closed | open,"GotoLocation(Dresser); PickupObject(Pen); GotoLocation(Drawer); OpenObject(Drawer); PutObject(Pen,Drawer); CloseObject(Drawer) | GotoLocation(Dresser); PickupObject(Pen); GotoLocation(Drawer); PutObject(Pen,Drawer)",<unparseable> | <unparseable>,0 | 0,0,1,"GotoLocation(Dresser); PickupObject(Pen); GotoLocation(Drawer); OpenObject(Drawer); PutObject(Pen,Drawer); CloseObject(Drawer) | GotoLocation(Dresser); PickupObject(Pen); GotoLocation(Drawer); PutObject(Pen,Drawer)",1 | 1,1,0,candidate_fixed
shard_0_cf_1535,Drawer,shard_0_exp0_10264 | shard_0_exp0_10263,closed | open,GotoLocation(Drawer); OpenObject(Drawer) | GotoLocation(Drawer),<unparseable> | <unparseable>,0 | 0,0,1,GotoLocation(Drawer); OpenObject(Drawer) | GotoLocation(Drawer),1 | 1,1,0,candidate_fixed
shard_0_cf_1544,Drawer,shard_0_exp0_10288 | shard_0_exp0_10287,closed | open,GotoLocation(Drawer); OpenObject(Drawer) | GotoLocation(Drawer),<unparseable> | <unparseable>,0 | 0,0,1,GotoLocation(Drawer); OpenObject(Drawer) | GotoLocation(Drawer),1 | 1,1,0,candidate_fixed
shard_0_cf_1545,Safe,shard_0_exp0_10290 | shard_0_exp0_10289,closed | open,GotoLocation(Safe); OpenObject(Safe) | GotoLocation(Safe),<unparseable> | <unparseable>,0 | 0,0,1,GotoLocation(Safe); OpenObject(Safe) | GotoLocation(Safe),1 | 1,1,0,candidate_fixed
shard_0_cf_1546,Fridge,shard_0_exp0_10292 | shard_0_exp0_10291,closed | open,GotoLocation(Fridge); OpenObject(Fridge) | GotoLocation(Fridge),<unparseable> | <unparseable>,0 | 0,0,1,GotoLocation(Fridge); OpenObject(Fridge) | GotoLocation(Fridge),1 | 1,1,0,candidate_fixed
shard_0_cf_1548,Fridge,shard_0_exp0_10304 | shard_0_exp0_10303,closed | open,GotoLocation(Fridge); OpenObject(Fridge) | GotoLocation(Fridge),<unparseable> | <unparseable>,0 | 0,0,1,GotoLocation(Fridge); OpenObject(Fridge) | GotoLocation(Fridge),1 | 1,1,0,candidate_fixed
shard_0_cf_1549,Drawer,shard_0_exp0_10308 | shard_0_exp0_10307,closed | open,"GotoLocation(Bed); PickupObject(CellPhone); GotoLocation(Drawer); OpenObject(Drawer); PutObject(CellPhone,Drawer); CloseObject(Drawer) | GotoLocation(Bed); PickupObject(CellPhone); GotoLocation(Drawer); PutObject(CellPhone,Drawer)",<unparseable> | <unparseable>,0 | 0,0,1,"GotoLocation(Bed); PickupObject(CellPhone); GotoLocation(Drawer); OpenObject(Drawer); PutObject(CellPhone,Drawer); CloseObject(Drawer) | GotoLocation(Bed); PickupObject(CellPhone); GotoLocation(Drawer); PutObject(CellPhone,Drawer)",1 | 1,1,0,candidate_fixed
shard_0_cf_1550,Drawer,shard_0_exp0_10313 | shard_0_exp0_10312,closed | open,"GotoLocation(DiningTable); PickupObject(KeyChain); GotoLocation(Drawer); OpenObject(Drawer); PutObject(KeyChain,Drawer); CloseObject(Drawer) | GotoLocation(DiningTable); PickupObject(KeyChain); GotoLocation(Drawer); PutObject(KeyChain,Drawer)",<unparseable> | <unparseable>,0 | 0,0,1,"GotoLocation(DiningTable); PickupObject(KeyChain); GotoLocation(Drawer); OpenObject(Drawer); PutObject(KeyChain,Drawer); CloseObject(Drawer) | GotoLocation(DiningTable); PickupObject(KeyChain); GotoLocation(Drawer); PutObject(KeyChain,Drawer)",1 | 1,1,0,candidate_fixed
shard_0_cf_1568,Drawer,shard_0_exp0_10359 | shard_0_exp0_10358,closed | open,GotoLocation(Drawer); OpenObject(Drawer) | GotoLocation(Drawer),<unparseable> | <unparseable>,0 | 0,0,1,GotoLocation(Drawer) | GotoLocation(Drawer),0 | 1,0,1,both_not_exact
shard_0_cf_1569,Drawer,shard_0_exp0_10361 | shard_0_exp0_10360,closed | open,GotoLocation(Drawer); OpenObject(Drawer) | GotoLocation(Drawer),<unparseable> | <unparseable>,0 | 0,0,1,GotoLocation(Drawer); OpenObject(Drawer) | GotoLocation(Drawer),1 | 1,1,0,candidate_fixed
shard_0_cf_1582,Drawer,shard_0_exp0_10408 | shard_0_exp0_10407,closed | open,"GotoLocation(Dresser); PickupObject(Pen); GotoLocation(Drawer); OpenObject(Drawer); PutObject(Pen,Drawer); CloseObject(Drawer) | GotoLocation(Dresser); PickupObject(Pen); GotoLocation(Drawer); PutObject(Pen,Drawer)",<unparseable> | <unparseable>,0 | 0,0,1,"GotoLocation(Dresser); PickupObject(Pen); GotoLocation(Drawer); OpenObject(Drawer); PutObject(Pen,Drawer); CloseObject(Drawer) | GotoLocation(Dresser); PickupObject(Pen); GotoLocation(Drawer); PutObject(Pen,Drawer)",1 | 1,1,0,candidate_fixed
shard_0_cf_1583,Drawer,shard_0_exp0_10410 | shard_0_exp0_10409,closed | open,"GotoLocation(Dresser); PickupObject(Pencil); GotoLocation(Drawer); OpenObject(Drawer); PutObject(Pencil,Drawer); CloseObject(Drawer) | GotoLocation(Dresser); PickupObject(Pencil); GotoLocation(Drawer); PutObject(Pencil,Drawer)",<unparseable> | <unparseable>,0 | 0,0,1,"GotoLocation(Dresser); PickupObject(Pencil); GotoLocation(Drawer); OpenObject(Drawer); PutObject(Pencil,Drawer); CloseObject(Drawer) | GotoLocation(Dresser); PickupObject(Pencil); GotoLocation(Drawer); PutObject(Pencil,Drawer)",1 | 1,1,0,candidate_fixed
shard_0_cf_1624,Microwave,shard_0_exp0_10539 | shard_0_exp0_10538,closed | open,GotoLocation(Microwave); OpenObject(Microwave) | GotoLocation(Microwave),<unparseable> | <unparseable>,0 | 0,0,1,GotoLocation(Microwave) | GotoLocation(Microwave); OpenObject(Microwave),0 | 0,0,0,both_not_exact
shard_0_cf_1644,Drawer,shard_0_exp0_10633 | shard_0_exp0_10632,closed | open,"GotoLocation(SideTable); PickupObject(Watch); GotoLocation(Drawer); OpenObject(Drawer); PutObject(Watch,Drawer); CloseObject(Drawer) | GotoLocation(SideTable); PickupObject(Watch); GotoLocation(Drawer); PutObject(Watch,Drawer)",<unparseable> | <unparseable>,0 | 0,0,1,"GotoLocation(SideTable); PickupObject(Watch); GotoLocation(Drawer); OpenObject(Drawer); PutObject(Watch,Drawer); CloseObject(Drawer) | GotoLocation(Dresser); PickupObject(Watch); GotoLocation(Drawer); PutObject(Watch,Drawer)",1 | 0,0,0,both_not_exact
shard_0_cf_1645,Drawer,shard_0_exp0_10637 | shard_0_exp0_10636,closed | open,GotoLocation(Drawer); OpenObject(Drawer) | GotoLocation(Drawer),<unparseable> | <unparseable>,0 | 0,0,1,GotoLocation(Drawer); OpenObject(Drawer) | GotoLocation(Drawer); OpenObject(Drawer),1 | 0,0,1,both_not_exact
shard_0_cf_1646,Drawer,shard_0_exp0_10639 | shard_0_exp0_10638,closed | open,"GotoLocation(Desk); PickupObject(Pencil); GotoLocation(Drawer); OpenObject(Drawer); PutObject(Pencil,Drawer); CloseObject(Drawer) | GotoLocation(Desk); PickupObject(Pencil); GotoLocation(Drawer); PutObject(Pencil,Drawer)",<unparseable> | <unparseable>,0 | 0,0,1,"GotoLocation(Desk); PickupObject(Pencil); GotoLocation(Drawer); OpenObject(Drawer); PutObject(Pencil,Drawer); CloseObject(Drawer) | GotoLocation(Desk); PickupObject(Pencil); GotoLocation(Drawer); PutObject(Pencil,Drawer)",1 | 1,1,0,candidate_fixed
shard_0_cf_1647,Fridge,shard_0_exp0_10642 | shard_0_exp0_10641,closed | open,GotoLocation(Fridge); OpenObject(Fridge) | GotoLocation(Fridge),<unparseable> | <unparseable>,0 | 0,0,1,GotoLocation(Fridge); OpenObject(Fridge) | GotoLocation(Fridge),1 | 1,1,0,candidate_fixed
shard_0_cf_1686,Drawer,shard_0_exp0_10753 | shard_0_exp0_10752,closed | open,"GotoLocation(Dresser); PickupObject(Watch); GotoLocation(Drawer); OpenObject(Drawer); PutObject(Watch,Drawer); CloseObject(Drawer) | GotoLocation(Dresser); PickupObject(Watch); GotoLocation(Drawer); PutObject(Watch,Drawer)",<unparseable> | <unparseable>,0 | 0,0,1,"GotoLocation(SideTable); PickupObject(Watch); GotoLocation(Drawer); OpenObject(Drawer); PutObject(Watch,Drawer); CloseObject(Drawer) | GotoLocation(SideTable); PickupObject(Watch); GotoLocation(Drawer); PutObject(Watch,Drawer)",0 | 0,0,0,both_not_exact
shard_0_cf_1687,Drawer,shard_0_exp0_10755 | shard_0_exp0_10754,closed | open,GotoLocation(Drawer); OpenObject(Drawer) | GotoLocation(Drawer),<unparseable> | <unparseable>,0 | 0,0,1,GotoLocation(Drawer); OpenObject(Drawer) | GotoLocation(Drawer),1 | 1,1,0,candidate_fixed
shard_0_cf_1688,Drawer,shard_0_exp0_10757 | shard_0_exp0_10756,closed | open,"GotoLocation(Desk); PickupObject(KeyChain); GotoLocation(Drawer); OpenObject(Drawer); PutObject(KeyChain,Drawer); CloseObject(Drawer) | GotoLocation(Desk); PickupObject(KeyChain); GotoLocation(Drawer); PutObject(KeyChain,Drawer)",<unparseable> | <unparseable>,0 | 0,0,1,"GotoLocation(Desk); PickupObject(KeyChain); GotoLocation(Drawer); OpenObject(Drawer); PutObject(KeyChain,Drawer); CloseObject(Drawer) | GotoLocation(Desk); PickupObject(KeyChain); GotoLocation(Drawer); PutObject(KeyChain,Drawer)",1 | 1,1,0,candidate_fixed
shard_0_cf_1689,Drawer,shard_0_exp0_10759 | shard_0_exp0_10758,closed | open,GotoLocation(Drawer); OpenObject(Drawer) | GotoLocation(Drawer),<unparseable> | <unparseable>,0 | 0,0,1,GotoLocation(Drawer); OpenObject(Drawer) | GotoLocation(Drawer),1 | 1,1,0,candidate_fixed
shard_0_cf_1695,Drawer,shard_0_exp0_10785 | shard_0_exp0_10784,closed | open,GotoLocation(Drawer); OpenObject(Drawer) | GotoLocation(Drawer),<unparseable> | <unparseable>,0 | 0,0,1,GotoLocation(Drawer); OpenObject(Drawer) | GotoLocation(Drawer),1 | 1,1,0,candidate_fixed
shard_0_cf_1696,Drawer,shard_0_exp0_10789 | shard_0_exp0_10788,closed | open,GotoLocation(Drawer); OpenObject(Drawer) | GotoLocation(Drawer),<unparseable> | <unparseable>,0 | 0,0,1,GotoLocation(Drawer); OpenObject(Drawer) | GotoLocation(Drawer),1 | 1,1,0,candidate_fixed
shard_0_cf_1697,Fridge,shard_0_exp0_10792 | shard_0_exp0_10791,closed | open,GotoLocation(Fridge); OpenObject(Fridge) | GotoLocation(Fridge),<unparseable> | <unparseable>,0 | 0,0,1,GotoLocation(Fridge); OpenObject(Fridge) | GotoLocation(Fridge),1 | 1,1,0,candidate_fixed
shard_0_cf_1698,Drawer,shard_0_exp0_10794 | shard_0_exp0_10793,closed | open,GotoLocation(Drawer); OpenObject(Drawer) | GotoLocation(Drawer),<unparseable> | <unparseable>,0 | 0,0,1,GotoLocation(Drawer); OpenObject(Drawer) | GotoLocation(Drawer),1 | 1,1,0,candidate_fixed
shard_0_cf_1699,Drawer,shard_0_exp0_10797 | shard_0_exp0_10796,closed | open,"GotoLocation(Dresser); PickupObject(RemoteControl); GotoLocation(Drawer); OpenObject(Drawer); PutObject(RemoteControl,Drawer); CloseObject(Drawer) | GotoLocation(Dresser); PickupObject(RemoteControl); GotoLocation(Drawer); PutObject(RemoteControl,Drawer)",<unparseable> | <unparseable>,0 | 0,0,1,"GotoLocation(Desk); PickupObject(RemoteControl); GotoLocation(Drawer); OpenObject(Drawer); PutObject(RemoteControl,Drawer); CloseObject(Drawer) | GotoLocation(Desk); PickupObject(RemoteControl); GotoLocation(Drawer); PutObject(RemoteControl,Drawer)",0 | 0,0,0,both_not_exact
shard_0_cf_1700,Fridge,shard_0_exp0_10799 | shard_0_exp0_10798,closed | open,GotoLocation(Fridge); OpenObject(Fridge) | GotoLocation(Fridge),<unparseable> | <unparseable>,0 | 0,0,1,GotoLocation(Fridge); OpenObject(Fridge) | GotoLocation(Fridge),1 | 1,1,0,candidate_fixed
shard_0_cf_1701,Drawer,shard_0_exp0_10802 | shard_0_exp0_10801,closed | open,"GotoLocation(Dresser); PickupObject(CellPhone); GotoLocation(Drawer); OpenObject(Drawer); PutObject(CellPhone,Drawer); CloseObject(Drawer) | GotoLocation(Dresser); PickupObject(CellPhone); GotoLocation(Drawer); PutObject(CellPhone,Drawer)",<unparseable> | <unparseable>,0 | 0,0,1,"GotoLocation(Dresser); PickupObject(CellPhone); GotoLocation(Drawer); OpenObject(Drawer); PutObject(CellPhone,Drawer); CloseObject(Drawer) | GotoLocation(Dresser); PickupObject(CellPhone); GotoLocation(Drawer); PutObject(CellPhone,Drawer)",1 | 1,1,0,candidate_fixed
shard_0_cf_1733,Drawer,shard_0_exp0_10920 | shard_0_exp0_10919,closed | open,"GotoLocation(Bed); PickupObject(RemoteControl); GotoLocation(Drawer); OpenObject(Drawer); PutObject(RemoteControl,Drawer); CloseObject(Drawer) | GotoLocation(Bed); PickupObject(RemoteControl); GotoLocation(Drawer); PutObject(RemoteControl,Drawer)",<unparseable> | <unparseable>,0 | 0,0,1,"GotoLocation(DiningTable); PickupObject(RemoteControl); GotoLocation(Drawer); OpenObject(Drawer); PutObject(RemoteControl,Drawer); CloseObject(Drawer) | GotoLocation(DiningTable); PickupObject(RemoteControl); GotoLocation(Drawer); OpenObject(Drawer); PutObject(RemoteControl,Drawer); CloseObject(Drawer)",0 | 0,0,1,both_not_exact
shard_0_cf_1734,Drawer,shard_0_exp0_10924 | shard_0_exp0_10923,closed | open,"GotoLocation(Dresser); PickupObject(RemoteControl); GotoLocation(Drawer); OpenObject(Drawer); PutObject(RemoteControl,Drawer); CloseObject(Drawer) | GotoLocation(Dresser); PickupObject(RemoteControl); GotoLocation(Drawer); PutObject(RemoteControl,Drawer)",<unparseable> | <unparseable>,0 | 0,0,1,"GotoLocation(Bed); PickupObject(RemoteControl); GotoLocation(Drawer); OpenObject(Drawer); PutObject(RemoteControl,Drawer); CloseObject(Drawer) | GotoLocation(Bed); PickupObject(RemoteControl); GotoLocation(Drawer); PutObject(RemoteControl,Drawer)",0 | 0,0,0,both_not_exact
shard_0_cf_1754,Drawer,shard_0_exp0_10971 | shard_0_exp0_10970,closed | open,"GotoLocation(DiningTable); PickupObject(Pencil); GotoLocation(Drawer); OpenObject(Drawer); PutObject(Pencil,Drawer); CloseObject(Drawer) | GotoLocation(DiningTable); PickupObject(Pencil); GotoLocation(Drawer); PutObject(Pencil,Drawer)",<unparseable> | <unparseable>,0 | 0,0,1,"GotoLocation(DiningTable); PickupObject(Pencil); GotoLocation(Drawer); OpenObject(Drawer); PutObject(Pencil,Drawer); CloseObject(Drawer) | GotoLocation(DiningTable); PickupObject(Pencil); GotoLocation(Drawer); PutObject(Pencil,Drawer)",1 | 1,1,0,candidate_fixed
shard_0_cf_1755,Drawer,shard_0_exp0_10973 | shard_0_exp0_10972,closed | open,GotoLocation(Drawer); OpenObject(Drawer) | GotoLocation(Drawer),<unparseable> | <unparseable>,0 | 0,0,1,GotoLocation(Drawer); OpenObject(Drawer) | GotoLocation(Drawer),1 | 1,1,0,candidate_fixed
shard_0_cf_1756,Drawer,shard_0_exp0_10975 | shard_0_exp0_10974,closed | open,GotoLocation(Drawer); OpenObject(Drawer) | GotoLocation(Drawer),<unparseable> | <unparseable>,0 | 0,0,1,GotoLocation(Drawer); OpenObject(Drawer) | GotoLocation(Drawer),1 | 1,1,0,candidate_fixed
shard_0_cf_1757,Drawer,shard_0_exp0_10977 | shard_0_exp0_10976,closed | open,GotoLocation(Drawer); OpenObject(Drawer) | GotoLocation(Drawer),<unparseable> | <unparseable>,0 | 0,0,1,GotoLocation(Drawer); OpenObject(Drawer) | GotoLocation(Drawer),1 | 1,1,0,candidate_fixed
shard_0_cf_1775,Drawer,shard_0_exp0_11054 | shard_0_exp0_11053,closed | open,"GotoLocation(DiningTable); PickupObject(Pen); GotoLocation(Drawer); OpenObject(Drawer); PutObject(Pen,Drawer); CloseObject(Drawer) | GotoLocation(DiningTable); PickupObject(Pen); GotoLocation(Drawer); PutObject(Pen,Drawer)",<unparseable> | <unparseable>,0 | 0,0,1,"GotoLocation(DiningTable); PickupObject(Pen); GotoLocation(Drawer); OpenObject(Drawer); PutObject(Pen,Drawer); CloseObject(Drawer) | GotoLocation(DiningTable); PickupObject(Pen); GotoLocation(Drawer); PutObject(Pen,Drawer)",1 | 1,1,0,candidate_fixed
shard_0_cf_1776,Drawer,shard_0_exp0_11056 | shard_0_exp0_11055,closed | open,GotoLocation(Drawer); OpenObject(Drawer) | GotoLocation(Drawer),<unparseable> | <unparseable>,0 | 0,0,1,GotoLocation(Drawer); OpenObject(Drawer) | GotoLocation(Drawer); OpenObject(Drawer),1 | 0,0,1,both_not_exact
shard_0_cf_1777,Drawer,shard_0_exp0_11058 | shard_0_exp0_11057,closed | open,"GotoLocation(Dresser); PickupObject(RemoteControl); GotoLocation(Drawer); OpenObject(Drawer); PutObject(RemoteControl,Drawer); CloseObject(Drawer) | GotoLocation(Dresser); PickupObject(RemoteControl); GotoLocation(Drawer); PutObject(RemoteControl,Drawer)",<unparseable> | <unparseable>,0 | 0,0,1,"GotoLocation(Dresser); PickupObject(RemoteControl); GotoLocation(Drawer); OpenObject(Drawer); PutObject(RemoteControl,Drawer); CloseObject(Drawer) | GotoLocation(Dresser); PickupObject(RemoteControl); GotoLocation(Drawer); PutObject(RemoteControl,Drawer)",1 | 1,1,0,candidate_fixed
shard_0_cf_1778,Drawer,shard_0_exp0_11063 | shard_0_exp0_11062,closed | open,GotoLocation(Drawer); OpenObject(Drawer) | GotoLocation(Drawer),<unparseable> | <unparseable>,0 | 0,0,1,GotoLocation(Drawer); OpenObject(Drawer) | GotoLocation(Drawer),1 | 1,1,0,candidate_fixed
shard_0_cf_1788,Fridge,shard_0_exp0_11100 | shard_0_exp0_11099,closed | open,GotoLocation(Fridge); OpenObject(Fridge) | GotoLocation(Fridge),<unparseable> | <unparseable>,0 | 0,0,1,GotoLocation(Fridge); OpenObject(Fridge) | GotoLocation(Fridge),1 | 1,1,0,candidate_fixed
shard_0_cf_1789,Fridge,shard_0_exp0_11103 | shard_0_exp0_11102,closed | open,GotoLocation(Fridge); OpenObject(Fridge) | GotoLocation(Fridge),<unparseable> | <unparseable>,0 | 0,0,1,GotoLocation(Fridge); OpenObject(Fridge) | GotoLocation(Fridge); OpenObject(Fridge),1 | 0,0,1,both_not_exact
shard_0_cf_1790,Fridge,shard_0_exp0_11108 | shard_0_exp0_11107,closed | open,GotoLocation(Fridge); OpenObject(Fridge) | GotoLocation(Fridge),<unparseable> | <unparseable>,0 | 0,0,1,GotoLocation(Fridge); OpenObject(Fridge) | GotoLocation(Fridge),1 | 1,1,0,candidate_fixed
shard_0_cf_1812,Drawer,shard_0_exp0_11161 | shard_0_exp0_11160,closed | open,GotoLocation(Drawer); OpenObject(Drawer) | GotoLocation(Drawer),<unparseable> | <unparseable>,0 | 0,0,1,GotoLocation(Drawer); OpenObject(Drawer) | GotoLocation(Drawer); OpenObject(Drawer),1 | 0,0,1,both_not_exact
shard_0_cf_1813,Drawer,shard_0_exp0_11163 | shard_0_exp0_11162,closed | open,"GotoLocation(DiningTable); PickupObject(CD); GotoLocation(Drawer); OpenObject(Drawer); PutObject(CD,Drawer); CloseObject(Drawer) | GotoLocation(DiningTable); PickupObject(CD); GotoLocation(Drawer); PutObject(CD,Drawer)",<unparseable> | <unparseable>,0 | 0,0,1,"GotoLocation(Dresser); PickupObject(CD); GotoLocation(Drawer); OpenObject(Drawer); PutObject(CD,Drawer); CloseObject(Drawer) | GotoLocation(Dresser); PickupObject(CD); GotoLocation(Drawer); PutObject(CD,Drawer)",0 | 0,0,0,both_not_exact
shard_0_cf_1814,Drawer,shard_0_exp0_11165 | shard_0_exp0_11164,closed | open,GotoLocation(Drawer); OpenObject(Drawer) | GotoLocation(Drawer),<unparseable> | <unparseable>,0 | 0,0,1,GotoLocation(Drawer); OpenObject(Drawer) | GotoLocation(Drawer); OpenObject(Drawer),1 | 0,0,1,both_not_exact
shard_0_cf_1815,Drawer,shard_0_exp0_11167 | shard_0_exp0_11166,closed | open,GotoLocation(Drawer); OpenObject(Drawer) | GotoLocation(Drawer),<unparseable> | <unparseable>,0 | 0,0,1,GotoLocation(Drawer); OpenObject(Drawer) | GotoLocation(Drawer); OpenObject(Drawer),1 | 0,0,1,both_not_exact
shard_0_cf_1816,Drawer,shard_0_exp0_11169 | shard_0_exp0_11168,closed | open,GotoLocation(Drawer); OpenObject(Drawer) | GotoLocation(Drawer),<unparseable> | <unparseable>,0 | 0,0,1,GotoLocation(Drawer); OpenObject(Drawer) | GotoLocation(Drawer); OpenObject(Drawer),1 | 0,0,1,both_not_exact
shard_0_cf_1874,Fridge,shard_0_exp0_11344 | shard_0_exp0_11343,closed | open,GotoLocation(Fridge); OpenObject(Fridge) | GotoLocation(Fridge),<unparseable> | <unparseable>,0 | 0,0,1,GotoLocation(Fridge); OpenObject(Fridge) | GotoLocation(Fridge),1 | 1,1,0,candidate_fixed
shard_0_cf_1875,Drawer,shard_0_exp0_11346 | shard_0_exp0_11345,closed | open,"GotoLocation(Desk); PickupObject(CreditCard); GotoLocation(Drawer); OpenObject(Drawer); PutObject(CreditCard,Drawer); CloseObject(Drawer) | GotoLocation(Desk); PickupObject(CreditCard); GotoLocation(Drawer); PutObject(CreditCard,Drawer)",<unparseable> | <unparseable>,0 | 0,0,1,"GotoLocation(Desk); PickupObject(CreditCard); GotoLocation(Drawer); OpenObject(Drawer); PutObject(CreditCard,Drawer); CloseObject(Drawer) | GotoLocation(Desk); PickupObject(CreditCard); GotoLocation(Drawer); PutObject(CreditCard,Drawer)",1 | 1,1,0,candidate_fixed
shard_0_cf_1879,Drawer,shard_0_exp0_11359 | shard_0_exp0_11358,closed | open,GotoLocation(Drawer); OpenObject(Drawer) | GotoLocation(Drawer),<unparseable> | <unparseable>,0 | 0,0,1,GotoLocation(Drawer); OpenObject(Drawer) | GotoLocation(Drawer),1 | 1,1,0,candidate_fixed
shard_0_cf_1928,Drawer,shard_0_exp0_11496 | shard_0_exp0_11495,closed | open,"GotoLocation(Dresser); PickupObject(Watch); GotoLocation(Drawer); OpenObject(Drawer); PutObject(Watch,Drawer); CloseObject(Drawer) | GotoLocation(Dresser); PickupObject(Watch); GotoLocation(Drawer); PutObject(Watch,Drawer)",<unparseable> | <unparseable>,0 | 0,0,1,"GotoLocation(Dresser); PickupObject(Watch); GotoLocation(Drawer); OpenObject(Drawer); PutObject(Watch,Drawer); CloseObject(Drawer) | GotoLocation(Dresser); PickupObject(Watch); GotoLocation(Drawer); PutObject(Watch,Drawer)",1 | 1,1,0,candidate_fixed
shard_0_cf_1929,Drawer,shard_0_exp0_11499 | shard_0_exp0_11498,closed | open,"GotoLocation(Dresser); PickupObject(KeyChain); GotoLocation(Drawer); OpenObject(Drawer); PutObject(KeyChain,Drawer); CloseObject(Drawer) | GotoLocation(Dresser); PickupObject(KeyChain); GotoLocation(Drawer); PutObject(KeyChain,Drawer)",<unparseable> | <unparseable>,0 | 0,0,1,"GotoLocation(Dresser); PickupObject(KeyChain); GotoLocation(Drawer); OpenObject(Drawer); PutObject(KeyChain,Drawer); CloseObject(Drawer) | GotoLocation(Dresser); PickupObject(KeyChain); GotoLocation(Drawer); OpenObject(Drawer); PutObject(KeyChain,Drawer); CloseObject(Drawer)",1 | 0,0,1,both_not_exact
shard_0_cf_1930,Drawer,shard_0_exp0_11503 | shard_0_exp0_11502,closed | open,GotoLocation(Drawer); OpenObject(Drawer) | GotoLocation(Drawer),<unparseable> | <unparseable>,0 | 0,0,1,GotoLocation(Drawer); OpenObject(Drawer) | GotoLocation(Drawer),1 | 1,1,0,candidate_fixed
shard_0_cf_1931,Drawer,shard_0_exp0_11505 | shard_0_exp0_11504,closed | open,"GotoLocation(Dresser); PickupObject(Watch); GotoLocation(Drawer); OpenObject(Drawer); PutObject(Watch,Drawer); CloseObject(Drawer) | GotoLocation(Dresser); PickupObject(Watch); GotoLocation(Drawer); PutObject(Watch,Drawer)",<unparseable> | <unparseable>,0 | 0,0,1,"GotoLocation(Dresser); PickupObject(Watch); GotoLocation(Drawer); OpenObject(Drawer); PutObject(Watch,Drawer); CloseObject(Drawer) | GotoLocation(Dresser); PickupObject(Watch); GotoLocation(Drawer); PutObject(Watch,Drawer)",1 | 1,1,0,candidate_fixed
shard_0_cf_1965,Drawer,shard_0_exp0_11615 | shard_0_exp0_11614,closed | open,GotoLocation(Drawer); OpenObject(Drawer) | GotoLocation(Drawer),<unparseable> | <unparseable>,0 | 0,0,1,GotoLocation(Drawer); OpenObject(Drawer) | GotoLocation(Drawer),1 | 1,1,0,candidate_fixed
shard_0_cf_1966,Drawer,shard_0_exp0_11620 | shard_0_exp0_11619,closed | open,"GotoLocation(DiningTable); PickupObject(KeyChain); GotoLocation(Drawer); OpenObject(Drawer); PutObject(KeyChain,Drawer); CloseObject(Drawer) | GotoLocation(DiningTable); PickupObject(KeyChain); GotoLocation(Drawer); PutObject(KeyChain,Drawer)",<unparseable> | <unparseable>,0 | 0,0,1,"GotoLocation(DiningTable); PickupObject(KeyChain); GotoLocation(Drawer); OpenObject(Drawer); PutObject(KeyChain,Drawer); CloseObject(Drawer) | GotoLocation(DiningTable); PickupObject(KeyChain); GotoLocation(Drawer); PutObject(KeyChain,Drawer)",1 | 1,1,0,candidate_fixed
shard_0_cf_1987,Drawer,shard_0_exp0_11703 | shard_0_exp0_11702,closed | open,GotoLocation(Drawer); OpenObject(Drawer) | GotoLocation(Drawer),<unparseable> | <unparseable>,0 | 0,0,1,GotoLocation(Drawer); OpenObject(Drawer) | GotoLocation(Drawer),1 | 1,1,0,candidate_fixed
shard_0_cf_1988,Drawer,shard_0_exp0_11705 | shard_0_exp0_11704,closed | open,"GotoLocation(Dresser); PickupObject(CD); GotoLocation(Drawer); OpenObject(Drawer); PutObject(CD,Drawer); CloseObject(Drawer) | GotoLocation(Dresser); PickupObject(CD); GotoLocation(Drawer); PutObject(CD,Drawer)",<unparseable> | <unparseable>,0 | 0,0,1,"GotoLocation(DiningTable); PickupObject(CD); GotoLocation(Drawer); OpenObject(Drawer); PutObject(CD,Drawer); CloseObject(Drawer) | GotoLocation(DiningTable); PickupObject(CD); GotoLocation(Drawer); PutObject(CD,Drawer)",0 | 0,0,0,both_not_exact
shard_0_cf_1989,Drawer,shard_0_exp0_11707 | shard_0_exp0_11706,closed | open,GotoLocation(Drawer); OpenObject(Drawer) | GotoLocation(Drawer),<unparseable> | <unparseable>,0 | 0,0,1,GotoLocation(Drawer); OpenObject(Drawer) | GotoLocation(Drawer),1 | 1,1,0,candidate_fixed
shard_0_cf_1990,Drawer,shard_0_exp0_11709 | shard_0_exp0_11708,closed | open,GotoLocation(Drawer); OpenObject(Drawer) | GotoLocation(Drawer),<unparseable> | <unparseable>,0 | 0,0,1,GotoLocation(Drawer); OpenObject(Drawer) | GotoLocation(Drawer),1 | 1,1,0,candidate_fixed
shard_0_cf_1995,Drawer,shard_0_exp0_11722 | shard_0_exp0_11721,closed | open,"GotoLocation(Dresser); PickupObject(CellPhone); GotoLocation(Drawer); OpenObject(Drawer); PutObject(CellPhone,Drawer); CloseObject(Drawer) | GotoLocation(Dresser); PickupObject(CellPhone); GotoLocation(Drawer); PutObject(CellPhone,Drawer)",<unparseable> | <unparseable>,0 | 0,0,1,"GotoLocation(Dresser); PickupObject(CellPhone); GotoLocation(Drawer); OpenObject(Drawer); PutObject(CellPhone,Drawer); CloseObject(Drawer) | GotoLocation(Dresser); PickupObject(CellPhone); GotoLocation(Drawer); PutObject(CellPhone,Drawer)",1 | 1,1,0,candidate_fixed
shard_0_cf_1996,Fridge,shard_0_exp0_11724 | shard_0_exp0_11723,closed | open,"GotoLocation(DiningTable); PickupObject(Plate); GotoLocation(Fridge); OpenObject(Fridge); PutObject(Plate,Fridge); CloseObject(Fridge) | GotoLocation(DiningTable); PickupObject(Plate); GotoLocation(Fridge); PutObject(Plate,Fridge)",<unparseable> | <unparseable>,0 | 0,0,1,"GotoLocation(DiningTable); PickupObject(Plate); GotoLocation(Fridge); OpenObject(Fridge); PutObject(Plate,Fridge); CloseObject(Fridge) | GotoLocation(DiningTable); PickupObject(Plate); GotoLocation(Fridge); PutObject(Plate,Fridge)",1 | 1,1,0,candidate_fixed
shard_0_cf_1997,Drawer,shard_0_exp0_11726 | shard_0_exp0_11725,closed | open,"GotoLocation(Dresser); PickupObject(KeyChain); GotoLocation(Drawer); OpenObject(Drawer); PutObject(KeyChain,Drawer); CloseObject(Drawer) | GotoLocation(Dresser); PickupObject(KeyChain); GotoLocation(Drawer); PutObject(KeyChain,Drawer)",<unparseable> | <unparseable>,0 | 0,0,1,"GotoLocation(Dresser); PickupObject(KeyChain); GotoLocation(Drawer); OpenObject(Drawer); PutObject(KeyChain,Drawer); CloseObject(Drawer) | GotoLocation(Dresser); PickupObject(KeyChain); GotoLocation(Drawer); PutObject(KeyChain,Drawer)",1 | 1,1,0,candidate_fixed
shard_0_cf_1999,Drawer,shard_0_exp0_11737 | shard_0_exp0_11736,closed | open,GotoLocation(Drawer); OpenObject(Drawer) | GotoLocation(Drawer),<unparseable> | <unparseable>,0 | 0,0,1,GotoLocation(Drawer); OpenObject(Drawer) | GotoLocation(Drawer),1 | 1,1,0,candidate_fixed
shard_0_cf_2000,Drawer,shard_0_exp0_11740 | shard_0_exp0_11739,closed | open,"GotoLocation(Dresser); PickupObject(TissueBox); GotoLocation(Drawer); OpenObject(Drawer); PutObject(TissueBox,Drawer); CloseObject(Drawer) | GotoLocation(Dresser); PickupObject(TissueBox); GotoLocation(Drawer); PutObject(TissueBox,Drawer)",<unparseable> | <unparseable>,0 | 0,0,1,"GotoLocation(Dresser); PickupObject(TissueBox); GotoLocation(Drawer); OpenObject(Drawer); PutObject(TissueBox,Drawer); CloseObject(Drawer) | GotoLocation(Dresser); PickupObject(TissueBox); GotoLocation(Drawer); PutObject(TissueBox,Drawer)",1 | 1,1,0,candidate_fixed
shard_0_cf_2001,Drawer,shard_0_exp0_11742 | shard_0_exp0_11741,closed | open,"GotoLocation(Dresser); PickupObject(Pencil); GotoLocation(Drawer); OpenObject(Drawer); PutObject(Pencil,Drawer); CloseObject(Drawer) | GotoLocation(Dresser); PickupObject(Pencil); GotoLocation(Drawer); PutObject(Pencil,Drawer)",<unparseable> | <unparseable>,0 | 0,0,1,"GotoLocation(Dresser); PickupObject(Pencil); GotoLocation(Drawer); OpenObject(Drawer); PutObject(Pencil,Drawer); CloseObject(Drawer) | GotoLocation(Dresser); PickupObject(Pencil); GotoLocation(Drawer); PutObject(Pencil,Drawer)",1 | 1,1,0,candidate_fixed
shard_0_cf_2024,Drawer,shard_0_exp0_11807 | shard_0_exp0_11806,closed | open,GotoLocation(Drawer); OpenObject(Drawer) | GotoLocation(Drawer),<unparseable> | <unparseable>,0 | 0,0,1,GotoLocation(Drawer); OpenObject(Drawer) | GotoLocation(Drawer),1 | 1,1,0,candidate_fixed
shard_0_cf_2025,Drawer,shard_0_exp0_11809 | shard_0_exp0_11808,closed | open,GotoLocation(Drawer); OpenObject(Drawer) | GotoLocation(Drawer),<unparseable> | <unparseable>,0 | 0,0,1,GotoLocation(Drawer); OpenObject(Drawer) | GotoLocation(Drawer),1 | 1,1,0,candidate_fixed
shard_0_cf_2026,Drawer,shard_0_exp0_11811 | shard_0_exp0_11810,closed | open,GotoLocation(Drawer); OpenObject(Drawer) | GotoLocation(Drawer),<unparseable> | <unparseable>,0 | 0,0,1,GotoLocation(Drawer); OpenObject(Drawer) | GotoLocation(Drawer),1 | 1,1,0,candidate_fixed
shard_0_cf_2048,Drawer,shard_0_exp0_11882 | shard_0_exp0_11881,closed | open,GotoLocation(Drawer); OpenObject(Drawer) | GotoLocation(Drawer),<unparseable> | <unparseable>,0 | 0,0,1,GotoLocation(Drawer); OpenObject(Drawer) | GotoLocation(Drawer),1 | 1,1,0,candidate_fixed
shard_0_cf_2049,Drawer,shard_0_exp0_11884 | shard_0_exp0_11883,closed | open,GotoLocation(Drawer); OpenObject(Drawer) | GotoLocation(Drawer),<unparseable> | <unparseable>,0 | 0,0,1,GotoLocation(Drawer); OpenObject(Drawer) | GotoLocation(Drawer); OpenObject(Drawer),1 | 0,0,1,both_not_exact
shard_0_cf_2050,Fridge,shard_0_exp0_11886 | shard_0_exp0_11885,closed | open,GotoLocation(Fridge); OpenObject(Fridge) | GotoLocation(Fridge),<unparseable> | <unparseable>,0 | 0,0,1,GotoLocation(Fridge); OpenObject(Fridge) | GotoLocation(Fridge),1 | 1,1,0,candidate_fixed
shard_0_cf_2052,Drawer,shard_0_exp0_11894 | shard_0_exp0_11893,closed | open,GotoLocation(Drawer); OpenObject(Drawer) | GotoLocation(Drawer),<unparseable> | <unparseable>,0 | 0,0,1,GotoLocation(Drawer); OpenObject(Drawer) | GotoLocation(Drawer),1 | 1,1,0,candidate_fixed
shard_0_cf_2053,Drawer,shard_0_exp0_11896 | shard_0_exp0_11895,closed | open,GotoLocation(Drawer); OpenObject(Drawer) | GotoLocation(Drawer),<unparseable> | <unparseable>,0 | 0,0,1,GotoLocation(Drawer); OpenObject(Drawer) | GotoLocation(Drawer),1 | 1,1,0,candidate_fixed
shard_0_cf_2054,Drawer,shard_0_exp0_11898 | shard_0_exp0_11897,closed | open,GotoLocation(Drawer); OpenObject(Drawer) | GotoLocation(Drawer),<unparseable> | <unparseable>,0 | 0,0,1,GotoLocation(Drawer); OpenObject(Drawer) | GotoLocation(Drawer),1 | 1,1,0,candidate_fixed
shard_0_cf_2055,Drawer,shard_0_exp0_11900 | shard_0_exp0_11899,closed | open,GotoLocation(Drawer); OpenObject(Drawer) | GotoLocation(Drawer),<unparseable> | <unparseable>,0 | 0,0,1,GotoLocation(Drawer); OpenObject(Drawer) | GotoLocation(Drawer),1 | 1,1,0,candidate_fixed
shard_0_cf_2056,Drawer,shard_0_exp0_11902 | shard_0_exp0_11901,closed | open,GotoLocation(Drawer); OpenObject(Drawer) | GotoLocation(Drawer),<unparseable> | <unparseable>,0 | 0,0,1,GotoLocation(Drawer); OpenObject(Drawer) | GotoLocation(Drawer),1 | 1,1,0,candidate_fixed
shard_0_cf_2091,Fridge,shard_0_exp0_12019 | shard_0_exp0_12018,closed | open,GotoLocation(Fridge); OpenObject(Fridge) | GotoLocation(Fridge),<unparseable> | <unparseable>,0 | 0,0,1,GotoLocation(Fridge); OpenObject(Fridge) | GotoLocation(Fridge),1 | 1,1,0,candidate_fixed
shard_0_cf_2092,Drawer,shard_0_exp0_12021 | shard_0_exp0_12020,closed | open,GotoLocation(Drawer); OpenObject(Drawer) | GotoLocation(Drawer),<unparseable> | <unparseable>,0 | 0,0,1,GotoLocation(Drawer); OpenObject(Drawer) | GotoLocation(Drawer),1 | 1,1,0,candidate_fixed
shard_0_cf_2108,Drawer,shard_0_exp0_12061 | shard_0_exp0_12060,closed | open,GotoLocation(Drawer); OpenObject(Drawer) | GotoLocation(Drawer),<unparseable> | <unparseable>,0 | 0,0,1,GotoLocation(Drawer); OpenObject(Drawer) | GotoLocation(Drawer),1 | 1,1,0,candidate_fixed
shard_0_cf_2254,Drawer,shard_0_exp0_12380 | shard_0_exp0_12379,closed | open,GotoLocation(Drawer); OpenObject(Drawer) | GotoLocation(Drawer),<unparseable> | <unparseable>,0 | 0,0,1,GotoLocation(Drawer); OpenObject(Drawer) | GotoLocation(Drawer),1 | 1,1,0,candidate_fixed
shard_0_cf_2255,Drawer,shard_0_exp0_12382 | shard_0_exp0_12381,closed | open,GotoLocation(Drawer); OpenObject(Drawer) | GotoLocation(Drawer),<unparseable> | <unparseable>,0 | 0,0,1,GotoLocation(Drawer); OpenObject(Drawer) | GotoLocation(Drawer),1 | 1,1,0,candidate_fixed
shard_0_cf_2302,Drawer,shard_0_exp0_12476 | shard_0_exp0_12475,closed | open,GotoLocation(Drawer); OpenObject(Drawer) | GotoLocation(Drawer),<unparseable> | <unparseable>,0 | 0,0,1,GotoLocation(Drawer); OpenObject(Drawer) | GotoLocation(Drawer); OpenObject(Drawer),1 | 0,0,1,both_not_exact
shard_0_cf_2303,Drawer,shard_0_exp0_12478 | shard_0_exp0_12477,closed | open,GotoLocation(Drawer); OpenObject(Drawer) | GotoLocation(Drawer),<unparseable> | <unparseable>,0 | 0,0,1,GotoLocation(Drawer); OpenObject(Drawer) | GotoLocation(Drawer); OpenObject(Drawer),1 | 0,0,1,both_not_exact
shard_0_cf_2304,Drawer,shard_0_exp0_12480 | shard_0_exp0_12479,closed | open,GotoLocation(Drawer); OpenObject(Drawer) | GotoLocation(Drawer),<unparseable> | <unparseable>,0 | 0,0,1,GotoLocation(Drawer); OpenObject(Drawer) | GotoLocation(Drawer); OpenObject(Drawer),1 | 0,0,1,both_not_exact
shard_0_cf_2305,Drawer,shard_0_exp0_12482 | shard_0_exp0_12481,closed | open,GotoLocation(Drawer); OpenObject(Drawer) | GotoLocation(Drawer),<unparseable> | <unparseable>,0 | 0,0,1,GotoLocation(Drawer) | GotoLocation(Drawer),0 | 1,0,1,both_not_exact
shard_0_cf_2306,Drawer,shard_0_exp0_12484 | shard_0_exp0_12483,closed | open,GotoLocation(Drawer); OpenObject(Drawer) | GotoLocation(Drawer),<unparseable> | <unparseable>,0 | 0,0,1,GotoLocation(Drawer); OpenObject(Drawer) | GotoLocation(Drawer); OpenObject(Drawer),1 | 0,0,1,both_not_exact
shard_0_cf_2314,Drawer,shard_0_exp0_12500 | shard_0_exp0_12499,closed | open,"GotoLocation(Desk); PickupObject(CreditCard); GotoLocation(Drawer); OpenObject(Drawer); PutObject(CreditCard,Drawer); CloseObject(Drawer) | GotoLocation(Desk); PickupObject(CreditCard); GotoLocation(Drawer); PutObject(CreditCard,Drawer)",<unparseable> | <unparseable>,0 | 0,0,1,"GotoLocation(Desk); PickupObject(CreditCard); GotoLocation(Drawer); OpenObject(Drawer); PutObject(CreditCard,Drawer); CloseObject(Drawer) | GotoLocation(Desk); PickupObject(CreditCard); GotoLocation(Drawer); PutObject(CreditCard,Drawer)",1 | 1,1,0,candidate_fixed
shard_1_cf_0001,Drawer,shard_1_exp0_0035 | shard_1_exp0_0034,closed | open,GotoLocation(Drawer); OpenObject(Drawer) | GotoLocation(Drawer),<unparseable> | <unparseable>,0 | 0,0,1,GotoLocation(Drawer); OpenObject(Drawer) | GotoLocation(Drawer),1 | 1,1,0,candidate_fixed
shard_1_cf_0002,Fridge,shard_1_exp0_0037 | shard_1_exp0_0036,closed | open,GotoLocation(Fridge); OpenObject(Fridge) | GotoLocation(Fridge),<unparseable> | <unparseable>,0 | 0,0,1,GotoLocation(Fridge); OpenObject(Fridge) | GotoLocation(Fridge),1 | 1,1,0,candidate_fixed
shard_1_cf_0003,Fridge,shard_1_exp0_0043 | shard_1_exp0_0042,closed | open,GotoLocation(Fridge); OpenObject(Fridge) | GotoLocation(Fridge),<unparseable> | <unparseable>,0 | 0,0,1,GotoLocation(Fridge); OpenObject(Fridge) | GotoLocation(Fridge),1 | 1,1,0,candidate_fixed
shard_1_cf_0029,Drawer,shard_1_exp0_0240 | shard_1_exp0_0239,closed | open,GotoLocation(Drawer); OpenObject(Drawer) | GotoLocation(Drawer),<unparseable> | <unparseable>,0 | 0,0,1,GotoLocation(Drawer); OpenObject(Drawer) | GotoLocation(Drawer),1 | 1,1,0,candidate_fixed
shard_1_cf_0054,Drawer,shard_1_exp0_0546 | shard_1_exp0_0545,closed | open,GotoLocation(Drawer); OpenObject(Drawer) | GotoLocation(Drawer),<unparseable> | <unparseable>,0 | 0,0,1,GotoLocation(Drawer); OpenObject(Drawer) | GotoLocation(Drawer),1 | 1,1,0,candidate_fixed
shard_1_cf_0055,Drawer,shard_1_exp0_0548 | shard_1_exp0_0547,closed | open,GotoLocation(Drawer); OpenObject(Drawer) | GotoLocation(Drawer),<unparseable> | <unparseable>,0 | 0,0,1,GotoLocation(Drawer); OpenObject(Drawer) | GotoLocation(Drawer),1 | 1,1,0,candidate_fixed
shard_1_cf_0063,Drawer,shard_1_exp0_0647 | shard_1_exp0_0646,closed | open,GotoLocation(Drawer); OpenObject(Drawer) | GotoLocation(Drawer),<unparseable> | <unparseable>,0 | 0,0,1,GotoLocation(Drawer); OpenObject(Drawer) | GotoLocation(Drawer); OpenObject(Drawer),1 | 0,0,1,both_not_exact
shard_1_cf_0080,Drawer,shard_1_exp0_0852 | shard_1_exp0_0851,closed | open,"GotoLocation(SideTable); PickupObject(DishSponge); GotoLocation(Drawer); OpenObject(Drawer); PutObject(DishSponge,Drawer); CloseObject(Drawer) | GotoLocation(SideTable); PickupObject(DishSponge); GotoLocation(Drawer); PutObject(DishSponge,Drawer)",<unparseable> | <unparseable>,0 | 0,0,1,"GotoLocation(SideTable); PickupObject(DishSponge); GotoLocation(Drawer); OpenObject(Drawer); PutObject(DishSponge,Drawer); CloseObject(Drawer) | GotoLocation(Dresser); PickupObject(DishSponge); GotoLocation(Drawer); PutObject(DishSponge,Drawer)",1 | 0,0,0,both_not_exact
shard_1_cf_0081,Drawer,shard_1_exp0_0854 | shard_1_exp0_0853,closed | open,"GotoLocation(SideTable); PickupObject(DishSponge); GotoLocation(Drawer); OpenObject(Drawer); PutObject(DishSponge,Drawer); CloseObject(Drawer) | GotoLocation(SideTable); PickupObject(DishSponge); GotoLocation(Drawer); PutObject(DishSponge,Drawer)",<unparseable> | <unparseable>,0 | 0,0,1,"GotoLocation(SideTable); PickupObject(DishSponge); GotoLocation(Drawer); OpenObject(Drawer); PutObject(DishSponge,Drawer); CloseObject(Drawer) | GotoLocation(Dresser); PickupObject(DishSponge); GotoLocation(Drawer); PutObject(DishSponge,Drawer)",1 | 0,0,0,both_not_exact
shard_1_cf_0082,Fridge,shard_1_exp0_0862 | shard_1_exp0_0861,closed | open,GotoLocation(Fridge); OpenObject(Fridge) | GotoLocation(Fridge),<unparseable> | <unparseable>,0 | 0,0,1,GotoLocation(Fridge); OpenObject(Fridge) | GotoLocation(Fridge); OpenObject(Fridge),1 | 0,0,1,both_not_exact
shard_1_cf_0089,Drawer,shard_1_exp0_0953 | shard_1_exp0_0952,closed | open,"GotoLocation(KeyChain); PickupObject(KeyChain); GotoLocation(Drawer); OpenObject(Drawer); PutObject(KeyChain,Drawer); CloseObject(Drawer) | GotoLocation(KeyChain); PickupObject(KeyChain); GotoLocation(Drawer); PutObject(KeyChain,Drawer)",<unparseable> | <unparseable>,0 | 0,0,1,"GotoLocation(Dresser); PickupObject(KeyChain); GotoLocation(Drawer); OpenObject(Drawer); PutObject(KeyChain,Drawer); CloseObject(Drawer) | GotoLocation(Dresser); PickupObject(KeyChain); GotoLocation(Drawer); PutObject(KeyChain,Drawer)",0 | 0,0,0,both_not_exact
shard_1_cf_0090,Drawer,shard_1_exp0_0956 | shard_1_exp0_0955,closed | open,"GotoLocation(Dresser); PickupObject(KeyChain); GotoLocation(Drawer); OpenObject(Drawer); PutObject(KeyChain,Drawer); CloseObject(Drawer) | GotoLocation(Dresser); PickupObject(KeyChain); GotoLocation(Drawer); PutObject(KeyChain,Drawer)",<unparseable> | <unparseable>,0 | 0,0,1,"GotoLocation(Dresser); PickupObject(KeyChain); GotoLocation(Drawer); OpenObject(Drawer); PutObject(KeyChain,Drawer); CloseObject(Drawer) | GotoLocation(Dresser); PickupObject(KeyChain); GotoLocation(Drawer); PutObject(KeyChain,Drawer)",1 | 1,1,0,candidate_fixed
shard_1_cf_0091,Drawer,shard_1_exp0_0960 | shard_1_exp0_0959,closed | open,GotoLocation(Drawer); OpenObject(Drawer) | GotoLocation(Drawer),<unparseable> | <unparseable>,0 | 0,0,1,GotoLocation(Drawer); OpenObject(Drawer) | GotoLocation(Drawer),1 | 1,1,0,candidate_fixed
shard_1_cf_0092,Fridge,shard_1_exp0_0962 | shard_1_exp0_0961,closed | open,GotoLocation(Fridge); OpenObject(Fridge) | GotoLocation(Fridge),<unparseable> | <unparseable>,0 | 0,0,1,GotoLocation(Fridge); OpenObject(Fridge) | GotoLocation(Fridge),1 | 1,1,0,candidate_fixed
shard_1_cf_0096,Fridge,shard_1_exp0_1005 | shard_1_exp0_1004,closed | open,GotoLocation(Fridge); OpenObject(Fridge) | GotoLocation(Fridge),<unparseable> | <unparseable>,0 | 0,0,1,GotoLocation(Fridge); OpenObject(Fridge) | GotoLocation(Fridge); OpenObject(Fridge),1 | 0,0,1,both_not_exact
shard_1_cf_0111,Drawer,shard_1_exp0_1146 | shard_1_exp0_1145,closed | open,GotoLocation(Drawer); OpenObject(Drawer) | GotoLocation(Drawer),<unparseable> | <unparseable>,0 | 0,0,1,GotoLocation(Drawer); OpenObject(Drawer) | GotoLocation(Drawer),1 | 1,1,0,candidate_fixed
shard_1_cf_0126,Drawer,shard_1_exp0_1275 | shard_1_exp0_1274,closed | open,GotoLocation(Drawer); OpenObject(Drawer) | GotoLocation(Drawer),<unparseable> | <unparseable>,0 | 0,0,1,GotoLocation(Drawer); OpenObject(Drawer) | GotoLocation(Drawer),1 | 1,1,0,candidate_fixed
shard_1_cf_0127,Drawer,shard_1_exp0_1280 | shard_1_exp0_1279,closed | open,GotoLocation(Drawer); OpenObject(Drawer) | GotoLocation(Drawer),<unparseable> | <unparseable>,0 | 0,0,1,GotoLocation(Drawer); OpenObject(Drawer) | GotoLocation(Drawer),1 | 1,1,0,candidate_fixed
shard_1_cf_0128,Fridge,shard_1_exp0_1282 | shard_1_exp0_1281,closed | open,GotoLocation(Fridge); OpenObject(Fridge) | GotoLocation(Fridge),<unparseable> | <unparseable>,0 | 0,0,1,GotoLocation(Fridge); OpenObject(Fridge) | GotoLocation(Fridge); OpenObject(Fridge),1 | 0,0,1,both_not_exact
shard_1_cf_0134,Drawer,shard_1_exp0_1356 | shard_1_exp0_1355,closed | open,"GotoLocation(Dresser); PickupObject(Candle); GotoLocation(Drawer); OpenObject(Drawer); PutObject(Candle,Drawer); CloseObject(Drawer) | GotoLocation(Dresser); PickupObject(Candle); GotoLocation(Drawer); PutObject(Candle,Drawer)",<unparseable> | <unparseable>,0 | 0,0,1,"GotoLocation(Dresser); PickupObject(Candle); GotoLocation(Drawer); OpenObject(Drawer); PutObject(Candle,Drawer); CloseObject(Drawer) | GotoLocation(Dresser); PickupObject(Candle); GotoLocation(Drawer); PutObject(Candle,Drawer)",1 | 1,1,0,candidate_fixed
shard_1_cf_0135,Drawer,shard_1_exp0_1358 | shard_1_exp0_1357,closed | open,"GotoLocation(Dresser); PickupObject(TissueBox); GotoLocation(Drawer); OpenObject(Drawer); PutObject(TissueBox,Drawer); CloseObject(Drawer) | GotoLocation(Dresser); PickupObject(TissueBox); GotoLocation(Drawer); PutObject(TissueBox,Drawer)",<unparseable> | <unparseable>,0 | 0,0,1,"GotoLocation(Dresser); PickupObject(TissueBox); GotoLocation(Drawer); OpenObject(Drawer); PutObject(TissueBox,Drawer); CloseObject(Drawer) | GotoLocation(Dresser); PickupObject(TissueBox); GotoLocation(Drawer); PutObject(TissueBox,Drawer)",1 | 1,1,0,candidate_fixed
shard_1_cf_0160,Drawer,shard_1_exp0_1591 | shard_1_exp0_1590,closed | open,"GotoLocation(Dresser); PickupObject(Watch); GotoLocation(Drawer); OpenObject(Drawer); PutObject(Watch,Drawer); CloseObject(Drawer) | GotoLocation(Dresser); PickupObject(Watch); GotoLocation(Drawer); PutObject(Watch,Drawer)",<unparseable> | <unparseable>,0 | 0,0,1,"GotoLocation(Dresser); PickupObject(Watch); GotoLocation(Drawer); OpenObject(Drawer); PutObject(Watch,Drawer); CloseObject(Drawer) | GotoLocation(Dresser); PickupObject(Watch); GotoLocation(Drawer); PutObject(Watch,Drawer)",1 | 1,1,0,candidate_fixed
shard_1_cf_0174,Drawer,shard_1_exp0_1799 | shard_1_exp0_1798,closed | open,"GotoLocation(DiningTable); PickupObject(RemoteControl); GotoLocation(Drawer); OpenObject(Drawer); PutObject(RemoteControl,Drawer); CloseObject(Drawer) | GotoLocation(DiningTable); PickupObject(RemoteControl); GotoLocation(Drawer); PutObject(RemoteControl,Drawer)",<unparseable> | <unparseable>,0 | 0,0,1,"GotoLocation(DiningTable); PickupObject(RemoteControl); GotoLocation(Drawer); OpenObject(Drawer); PutObject(RemoteControl,Drawer); CloseObject(Drawer) | GotoLocation(DiningTable); PickupObject(RemoteControl); GotoLocation(Drawer); OpenObject(Drawer); PutObject(RemoteControl,Drawer); CloseObject(Drawer)",1 | 0,0,1,both_not_exact
shard_1_cf_0185,Drawer,shard_1_exp0_1921 | shard_1_exp0_1920,closed | open,GotoLocation(Drawer); OpenObject(Drawer) | GotoLocation(Drawer),<unparseable> | <unparseable>,0 | 0,0,1,GotoLocation(Drawer); OpenObject(Drawer) | GotoLocation(Drawer),1 | 1,1,0,candidate_fixed
shard_1_cf_0186,Safe,shard_1_exp0_1930 | shard_1_exp0_1929,closed | open,GotoLocation(Safe); OpenObject(Safe) | GotoLocation(Safe),<unparseable> | <unparseable>,0 | 0,0,1,GotoLocation(Safe); OpenObject(Safe) | GotoLocation(Safe),1 | 1,1,0,candidate_fixed
shard_1_cf_0192,Drawer,shard_1_exp0_1970 | shard_1_exp0_1969,closed | open,GotoLocation(Drawer); OpenObject(Drawer) | GotoLocation(Drawer),<unparseable> | <unparseable>,0 | 0,0,1,GotoLocation(Drawer); OpenObject(Drawer) | GotoLocation(Drawer); OpenObject(Drawer),1 | 0,0,1,both_not_exact
shard_1_cf_0193,Drawer,shard_1_exp0_1973 | shard_1_exp0_1972,closed | open,"GotoLocation(Dresser); PickupObject(RemoteControl); GotoLocation(Drawer); OpenObject(Drawer); PutObject(RemoteControl,Drawer); CloseObject(Drawer) | GotoLocation(Dresser); PickupObject(RemoteControl); GotoLocation(Drawer); PutObject(RemoteControl,Drawer)",<unparseable> | <unparseable>,0 | 0,0,1,"GotoLocation(Dresser); PickupObject(RemoteControl); GotoLocation(Drawer); OpenObject(Drawer); PutObject(RemoteControl,Drawer); CloseObject(Drawer) | GotoLocation(Dresser); PickupObject(RemoteControl); GotoLocation(Drawer); PutObject(RemoteControl,Drawer)",1 | 1,1,0,candidate_fixed
shard_1_cf_0194,Drawer,shard_1_exp0_1976 | shard_1_exp0_1975,closed | open,"GotoLocation(Dresser); PickupObject(RemoteControl); GotoLocation(Drawer); OpenObject(Drawer); PutObject(RemoteControl,Drawer); CloseObject(Drawer) | GotoLocation(Dresser); PickupObject(RemoteControl); GotoLocation(Drawer); PutObject(RemoteControl,Drawer)",<unparseable> | <unparseable>,0 | 0,0,1,"GotoLocation(Dresser); PickupObject(RemoteControl); GotoLocation(Drawer); OpenObject(Drawer); PutObject(RemoteControl,Drawer); CloseObject(Drawer) | GotoLocation(Dresser); PickupObject(RemoteControl); GotoLocation(Drawer); OpenObject(Drawer); PutObject(RemoteControl,Drawer); CloseObject(Drawer)",1 | 0,0,1,both_not_exact
shard_1_cf_0196,Drawer,shard_1_exp0_1994 | shard_1_exp0_1993,closed | open,GotoLocation(Drawer); OpenObject(Drawer) | GotoLocation(Drawer),<unparseable> | <unparseable>,0 | 0,0,1,GotoLocation(Drawer); OpenObject(Drawer) | GotoLocation(Drawer),1 | 1,1,0,candidate_fixed
shard_1_cf_0197,Fridge,shard_1_exp0_2000 | shard_1_exp0_1999,closed | open,GotoLocation(Fridge); OpenObject(Fridge) | GotoLocation(Fridge),<unparseable> | <unparseable>,0 | 0,0,1,GotoLocation(Fridge); OpenObject(Fridge) | GotoLocation(Fridge),1 | 1,1,0,candidate_fixed
shard_1_cf_0210,Microwave,shard_1_exp0_2108 | shard_1_exp0_2107,closed | open,GotoLocation(Microwave); OpenObject(Microwave) | GotoLocation(Microwave),<unparseable> | <unparseable>,0 | 0,0,1,GotoLocation(Microwave); OpenObject(Microwave) | GotoLocation(Microwave),1 | 1,1,0,candidate_fixed
shard_1_cf_0214,Fridge,shard_1_exp0_2160 | shard_1_exp0_2159,closed | open,GotoLocation(Fridge); OpenObject(Fridge) | GotoLocation(Fridge),<unparseable> | <unparseable>,0 | 0,0,1,GotoLocation(Fridge) | GotoLocation(Fridge); OpenObject(Fridge),0 | 0,0,0,both_not_exact
shard_1_cf_0215,Fridge,shard_1_exp0_2166 | shard_1_exp0_2165,closed | open,GotoLocation(Fridge); OpenObject(Fridge) | GotoLocation(Fridge),<unparseable> | <unparseable>,0 | 0,0,1,GotoLocation(Fridge); OpenObject(Fridge) | GotoLocation(Fridge),1 | 1,1,0,candidate_fixed
shard_1_cf_0216,Drawer,shard_1_exp0_2178 | shard_1_exp0_2177,closed | open,GotoLocation(Drawer); OpenObject(Drawer) | GotoLocation(Drawer),<unparseable> | <unparseable>,0 | 0,0,1,GotoLocation(Drawer); OpenObject(Drawer) | GotoLocation(Drawer),1 | 1,1,0,candidate_fixed
shard_1_cf_0259,Drawer,shard_1_exp0_2542 | shard_1_exp0_2541,closed | open,"GotoLocation(Dresser); PickupObject(RemoteControl); GotoLocation(Drawer); OpenObject(Drawer); PutObject(RemoteControl,Drawer); CloseObject(Drawer) | GotoLocation(Dresser); PickupObject(RemoteControl); GotoLocation(Drawer); PutObject(RemoteControl,Drawer)",<unparseable> | <unparseable>,0 | 0,0,1,"GotoLocation(Dresser); PickupObject(RemoteControl); GotoLocation(Drawer); OpenObject(Drawer); PutObject(RemoteControl,Drawer); CloseObject(Drawer) | GotoLocation(Dresser); PickupObject(RemoteControl); GotoLocation(Drawer); PutObject(RemoteControl,Drawer)",1 | 1,1,0,candidate_fixed
shard_1_cf_0260,Drawer,shard_1_exp0_2546 | shard_1_exp0_2545,closed | open,"GotoLocation(Bed); PickupObject(Book); GotoLocation(Drawer); OpenObject(Drawer); PutObject(Book,Drawer); CloseObject(Drawer) | GotoLocation(Bed); PickupObject(Book); GotoLocation(Drawer); PutObject(Book,Drawer)",<unparseable> | <unparseable>,0 | 0,0,1,"GotoLocation(Dresser); PickupObject(Book); GotoLocation(Drawer); PutObject(Book,Drawer) | GotoLocation(Dresser); PickupObject(Book); GotoLocation(Drawer); PutObject(Book,Drawer)",0 | 0,0,1,both_not_exact
shard_1_cf_0275,Fridge,shard_1_exp0_2678 | shard_1_exp0_2677,closed | open,GotoLocation(Fridge); OpenObject(Fridge) | GotoLocation(Fridge),<unparseable> | <unparseable>,0 | 0,0,1,GotoLocation(Fridge); OpenObject(Fridge) | GotoLocation(Fridge),1 | 1,1,0,candidate_fixed
shard_1_cf_0298,Drawer,shard_1_exp0_2879 | shard_1_exp0_2878,closed | open,GotoLocation(Drawer); OpenObject(Drawer) | GotoLocation(Drawer),<unparseable> | <unparseable>,0 | 0,0,1,GotoLocation(Drawer); OpenObject(Drawer) | GotoLocation(Drawer),1 | 1,1,0,candidate_fixed
shard_1_cf_0302,Cabinet,shard_1_exp0_2908 | shard_1_exp0_2907,closed | open,GotoLocation(Cabinet); OpenObject(Cabinet) | GotoLocation(Cabinet),<unparseable> | <unparseable>,0 | 0,0,1,GotoLocation(Cabinet); OpenObject(Cabinet) | GotoLocation(Cabinet),1 | 1,1,0,candidate_fixed
shard_1_cf_0310,Drawer,shard_1_exp0_3025 | shard_1_exp0_3024,closed | open,GotoLocation(Drawer); OpenObject(Drawer) | GotoLocation(Drawer),<unparseable> | <unparseable>,0 | 0,0,1,GotoLocation(Drawer) | GotoLocation(Drawer),0 | 1,0,1,both_not_exact
shard_1_cf_0311,Drawer,shard_1_exp0_3027 | shard_1_exp0_3026,closed | open,GotoLocation(Drawer); OpenObject(Drawer) | GotoLocation(Drawer),<unparseable> | <unparseable>,0 | 0,0,1,GotoLocation(Drawer); OpenObject(Drawer) | GotoLocation(Drawer),1 | 1,1,0,candidate_fixed
shard_1_cf_0312,Drawer,shard_1_exp0_3030 | shard_1_exp0_3029,closed | open,GotoLocation(Drawer); OpenObject(Drawer) | GotoLocation(Drawer),<unparseable> | <unparseable>,0 | 0,0,1,GotoLocation(Drawer); OpenObject(Drawer) | GotoLocation(Drawer),1 | 1,1,0,candidate_fixed
shard_1_cf_0334,Drawer,shard_1_exp0_3297 | shard_1_exp0_3296,closed | open,"GotoLocation(Dresser); PickupObject(TissueBox); GotoLocation(Drawer); OpenObject(Drawer); PutObject(TissueBox,Drawer); CloseObject(Drawer) | GotoLocation(Dresser); PickupObject(TissueBox); GotoLocation(Drawer); PutObject(TissueBox,Drawer)",<unparseable> | <unparseable>,0 | 0,0,1,"GotoLocation(Dresser); PickupObject(TissueBox); GotoLocation(Drawer); OpenObject(Drawer); PutObject(TissueBox,Drawer); CloseObject(Drawer) | GotoLocation(Dresser); PickupObject(TissueBox); GotoLocation(Drawer); PutObject(TissueBox,Drawer)",1 | 1,1,0,candidate_fixed
shard_1_cf_0378,Drawer,shard_1_exp0_3724 | shard_1_exp0_3723,closed | open,GotoLocation(Drawer); OpenObject(Drawer) | GotoLocation(Drawer),<unparseable> | <unparseable>,0 | 0,0,1,GotoLocation(Drawer); OpenObject(Drawer) | GotoLocation(Drawer),1 | 1,1,0,candidate_fixed
shard_1_cf_0379,Drawer,shard_1_exp0_3727 | shard_1_exp0_3726,closed | open,GotoLocation(Drawer); OpenObject(Drawer) | GotoLocation(Drawer),<unparseable> | <unparseable>,0 | 0,0,1,GotoLocation(Drawer); OpenObject(Drawer) | GotoLocation(Drawer),1 | 1,1,0,candidate_fixed
shard_1_cf_0380,Drawer,shard_1_exp0_3729 | shard_1_exp0_3728,closed | open,GotoLocation(Drawer); OpenObject(Drawer) | GotoLocation(Drawer),<unparseable> | <unparseable>,0 | 0,0,1,GotoLocation(Drawer); OpenObject(Drawer) | GotoLocation(Drawer),1 | 1,1,0,candidate_fixed
shard_1_cf_0407,Drawer,shard_1_exp0_3952 | shard_1_exp0_3951,closed | open,GotoLocation(Drawer); OpenObject(Drawer) | GotoLocation(Drawer),<unparseable> | <unparseable>,0 | 0,0,1,GotoLocation(Drawer); OpenObject(Drawer) | GotoLocation(Drawer); OpenObject(Drawer),1 | 0,0,1,both_not_exact
shard_1_cf_0408,Drawer,shard_1_exp0_3958 | shard_1_exp0_3957,closed | open,"GotoLocation(Dresser); PickupObject(TissueBox); GotoLocation(Drawer); OpenObject(Drawer); PutObject(TissueBox,Drawer); CloseObject(Drawer) | GotoLocation(Dresser); PickupObject(TissueBox); GotoLocation(Drawer); PutObject(TissueBox,Drawer)",<unparseable> | <unparseable>,0 | 0,0,1,"GotoLocation(Dresser); PickupObject(TissueBox); GotoLocation(Drawer); OpenObject(Drawer); PutObject(TissueBox,Drawer); CloseObject(Drawer) | GotoLocation(Dresser); PickupObject(TissueBox); GotoLocation(Drawer); PutObject(TissueBox,Drawer)",1 | 1,1,0,candidate_fixed
shard_1_cf_0409,Drawer,shard_1_exp0_3961 | shard_1_exp0_3960,closed | open,"GotoLocation(Dresser); PickupObject(TissueBox); GotoLocation(Drawer); OpenObject(Drawer); PutObject(TissueBox,Drawer); CloseObject(Drawer) | GotoLocation(Dresser); PickupObject(TissueBox); GotoLocation(Drawer); PutObject(TissueBox,Drawer)",<unparseable> | <unparseable>,0 | 0,0,1,"GotoLocation(Dresser); PickupObject(TissueBox); GotoLocation(Drawer); OpenObject(Drawer); PutObject(TissueBox,Drawer); CloseObject(Drawer) | GotoLocation(Dresser); PickupObject(TissueBox); GotoLocation(Drawer); PutObject(TissueBox,Drawer)",1 | 1,1,0,candidate_fixed
shard_1_cf_0444,Drawer,shard_1_exp0_4284 | shard_1_exp0_4283,closed | open,GotoLocation(Drawer); OpenObject(Drawer) | GotoLocation(Drawer),<unparseable> | <unparseable>,0 | 0,0,1,GotoLocation(Drawer); OpenObject(Drawer) | GotoLocation(Drawer),1 | 1,1,0,candidate_fixed
shard_1_cf_0445,Drawer,shard_1_exp0_4292 | shard_1_exp0_4291,closed | open,GotoLocation(Drawer); OpenObject(Drawer) | GotoLocation(Drawer),<unparseable> | <unparseable>,0 | 0,0,1,GotoLocation(Drawer); OpenObject(Drawer) | GotoLocation(Drawer); OpenObject(Drawer),1 | 0,0,1,both_not_exact
shard_1_cf_0468,Drawer,shard_1_exp0_4496 | shard_1_exp0_4495,closed | open,"GotoLocation(Dresser); PickupObject(CellPhone); GotoLocation(Drawer); OpenObject(Drawer); PutObject(CellPhone,Drawer); CloseObject(Drawer) | GotoLocation(Dresser); PickupObject(CellPhone); GotoLocation(Drawer); PutObject(CellPhone,Drawer)",<unparseable> | <unparseable>,0 | 0,0,1,"GotoLocation(Dresser); PickupObject(CellPhone); GotoLocation(Drawer); OpenObject(Drawer); PutObject(CellPhone,Drawer); CloseObject(Drawer) | GotoLocation(Dresser); PickupObject(CellPhone); GotoLocation(Drawer); PutObject(CellPhone,Drawer)",1 | 1,1,0,candidate_fixed
shard_1_cf_0469,Fridge,shard_1_exp0_4502 | shard_1_exp0_4501,closed | open,GotoLocation(Fridge); OpenObject(Fridge) | GotoLocation(Fridge),<unparseable> | <unparseable>,0 | 0,0,1,GotoLocation(Fridge); OpenObject(Fridge) | GotoLocation(Fridge),1 | 1,1,0,candidate_fixed
shard_1_cf_0482,Fridge,shard_1_exp0_4609 | shard_1_exp0_4608,closed | open,GotoLocation(Fridge); OpenObject(Fridge) | GotoLocation(Fridge),<unparseable> | <unparseable>,0 | 0,0,1,GotoLocation(Fridge); OpenObject(Fridge) | GotoLocation(Fridge),1 | 1,1,0,candidate_fixed
shard_1_cf_0483,Fridge,shard_1_exp0_4616 | shard_1_exp0_4615,closed | open,GotoLocation(Fridge); OpenObject(Fridge) | GotoLocation(Fridge),<unparseable> | <unparseable>,0 | 0,0,1,GotoLocation(Fridge); OpenObject(Fridge) | GotoLocation(Fridge),1 | 1,1,0,candidate_fixed
shard_1_cf_0487,Drawer,shard_1_exp0_4650 | shard_1_exp0_4649,closed | open,GotoLocation(Drawer); OpenObject(Drawer) | GotoLocation(Drawer),<unparseable> | <unparseable>,0 | 0,0,1,GotoLocation(Drawer); OpenObject(Drawer) | GotoLocation(Drawer),1 | 1,1,0,candidate_fixed
shard_1_cf_0496,Drawer,shard_1_exp0_4727 | shard_1_exp0_4726,closed | open,GotoLocation(Drawer); OpenObject(Drawer) | GotoLocation(Drawer),<unparseable> | <unparseable>,0 | 0,0,1,GotoLocation(Drawer); OpenObject(Drawer) | GotoLocation(Drawer),1 | 1,1,0,candidate_fixed
shard_1_cf_0497,Drawer,shard_1_exp0_4733 | shard_1_exp0_4732,closed | open,"GotoLocation(Shelf); PickupObject(Watch); GotoLocation(Drawer); OpenObject(Drawer); PutObject(Watch,Drawer); CloseObject(Drawer) | GotoLocation(Shelf); PickupObject(Watch); GotoLocation(Drawer); PutObject(Watch,Drawer)",<unparseable> | <unparseable>,0 | 0,0,1,"GotoLocation(Desk); PickupObject(Watch); GotoLocation(Drawer); OpenObject(Drawer); PutObject(Watch,Drawer); CloseObject(Drawer) | GotoLocation(Desk); PickupObject(Watch); GotoLocation(Drawer); PutObject(Watch,Drawer)",0 | 0,0,0,both_not_exact
shard_1_cf_0508,Drawer,shard_1_exp0_4843 | shard_1_exp0_4842,closed | open,"GotoLocation(Dresser); PickupObject(CreditCard); GotoLocation(Drawer); OpenObject(Drawer); PutObject(CreditCard,Drawer); CloseObject(Drawer) | GotoLocation(Dresser); PickupObject(CreditCard); GotoLocation(Drawer); PutObject(CreditCard,Drawer)",<unparseable> | <unparseable>,0 | 0,0,1,"GotoLocation(Dresser); PickupObject(CreditCard); GotoLocation(Drawer); OpenObject(Drawer); PutObject(CreditCard,Drawer); CloseObject(Drawer) | GotoLocation(Dresser); PickupObject(CreditCard); GotoLocation(Drawer); PutObject(CreditCard,Drawer)",1 | 1,1,0,candidate_fixed
shard_1_cf_0540,Drawer,shard_1_exp0_5202 | shard_1_exp0_5201,closed | open,GotoLocation(Drawer); OpenObject(Drawer) | GotoLocation(Drawer),<unparseable> | <unparseable>,0 | 0,0,1,GotoLocation(Drawer); OpenObject(Drawer) | GotoLocation(Drawer),1 | 1,1,0,candidate_fixed
shard_1_cf_0541,Drawer,shard_1_exp0_5206 | shard_1_exp0_5205,closed | open,GotoLocation(Drawer); OpenObject(Drawer) | GotoLocation(Drawer),<unparseable> | <unparseable>,0 | 0,0,1,GotoLocation(Drawer); OpenObject(Drawer) | GotoLocation(Drawer),1 | 1,1,0,candidate_fixed
shard_1_cf_0576,Drawer,shard_1_exp0_5462 | shard_1_exp0_5461,closed | open,"GotoLocation(CounterTop); PickupObject(Pencil); GotoLocation(Drawer); OpenObject(Drawer); PutObject(Pencil,Drawer); CloseObject(Drawer) | GotoLocation(CounterTop); PickupObject(Pencil); GotoLocation(Drawer); PutObject(Pencil,Drawer)",<unparseable> | <unparseable>,0 | 0,0,1,"GotoLocation(CounterTop); PickupObject(Pencil); GotoLocation(Drawer); OpenObject(Drawer); PutObject(Pencil,Drawer); CloseObject(Drawer) | GotoLocation(CounterTop); PickupObject(Pencil); GotoLocation(Drawer); PutObject(Pencil,Drawer)",1 | 1,1,0,candidate_fixed
shard_1_cf_0577,Drawer,shard_1_exp0_5464 | shard_1_exp0_5463,closed | open,GotoLocation(Drawer); OpenObject(Drawer) | GotoLocation(Drawer),<unparseable> | <unparseable>,0 | 0,0,1,GotoLocation(Drawer); OpenObject(Drawer) | GotoLocation(Drawer); OpenObject(Drawer),1 | 0,0,1,both_not_exact
shard_1_cf_0578,Drawer,shard_1_exp0_5467 | shard_1_exp0_5466,closed | open,GotoLocation(Drawer); OpenObject(Drawer) | GotoLocation(Drawer),<unparseable> | <unparseable>,0 | 0,0,1,GotoLocation(Drawer); OpenObject(Drawer) | GotoLocation(Drawer),1 | 1,1,0,candidate_fixed
shard_1_cf_0588,Drawer,shard_1_exp0_5536 | shard_1_exp0_5535,closed | open,GotoLocation(Drawer); OpenObject(Drawer) | GotoLocation(Drawer),<unparseable> | <unparseable>,0 | 0,0,1,GotoLocation(Drawer); OpenObject(Drawer) | GotoLocation(Drawer),1 | 1,1,0,candidate_fixed
shard_1_cf_0589,Drawer,shard_1_exp0_5550 | shard_1_exp0_5549,closed | open,GotoLocation(Drawer); OpenObject(Drawer) | GotoLocation(Drawer),<unparseable> | <unparseable>,0 | 0,0,1,GotoLocation(Drawer); OpenObject(Drawer) | GotoLocation(Drawer),1 | 1,1,0,candidate_fixed
shard_1_cf_0590,Drawer,shard_1_exp0_5552 | shard_1_exp0_5551,closed | open,"GotoLocation(Shelf); PickupObject(TissueBox); GotoLocation(Drawer); OpenObject(Drawer); PutObject(TissueBox,Drawer); CloseObject(Drawer) | GotoLocation(Shelf); PickupObject(TissueBox); GotoLocation(Drawer); PutObject(TissueBox,Drawer)",<unparseable> | <unparseable>,0 | 0,0,1,"GotoLocation(Shelf); PickupObject(TissueBox); GotoLocation(Drawer); OpenObject(Drawer); PutObject(TissueBox,Drawer); CloseObject(Drawer) | GotoLocation(Shelf); PickupObject(TissueBox); GotoLocation(Drawer); PutObject(TissueBox,Drawer)",1 | 1,1,0,candidate_fixed
shard_1_cf_0591,Drawer,shard_1_exp0_5554 | shard_1_exp0_5553,closed | open,GotoLocation(Drawer); OpenObject(Drawer) | GotoLocation(Drawer),<unparseable> | <unparseable>,0 | 0,0,1,GotoLocation(Drawer); OpenObject(Drawer) | GotoLocation(Drawer),1 | 1,1,0,candidate_fixed
shard_1_cf_0592,Drawer,shard_1_exp0_5563 | shard_1_exp0_5562,closed | open,"GotoLocation(Dresser); PickupObject(Pencil); GotoLocation(Drawer); OpenObject(Drawer); PutObject(Pencil,Drawer); CloseObject(Drawer) | GotoLocation(Dresser); PickupObject(Pencil); GotoLocation(Drawer); PutObject(Pencil,Drawer)",<unparseable> | <unparseable>,0 | 0,0,1,"GotoLocation(Dresser); PickupObject(Pencil); GotoLocation(Drawer); OpenObject(Drawer); PutObject(Pencil,Drawer); CloseObject(Drawer) | GotoLocation(Dresser); PickupObject(Pencil); GotoLocation(Drawer); PutObject(Pencil,Drawer)",1 | 1,1,0,candidate_fixed
shard_1_cf_0595,Drawer,shard_1_exp0_5599 | shard_1_exp0_5598,closed | open,GotoLocation(Drawer); OpenObject(Drawer) | GotoLocation(Drawer),<unparseable> | <unparseable>,0 | 0,0,1,GotoLocation(Drawer); OpenObject(Drawer) | GotoLocation(Drawer),1 | 1,1,0,candidate_fixed
shard_1_cf_0596,Drawer,shard_1_exp0_5601 | shard_1_exp0_5600,closed | open,"GotoLocation(Dresser); PickupObject(CD); GotoLocation(Drawer); OpenObject(Drawer); PutObject(CD,Drawer); CloseObject(Drawer) | GotoLocation(Dresser); PickupObject(CD); GotoLocation(Drawer); PutObject(CD,Drawer)",<unparseable> | <unparseable>,0 | 0,0,1,"GotoLocation(Dresser); PickupObject(CD); GotoLocation(Drawer); OpenObject(Drawer); PutObject(CD,Drawer); CloseObject(Drawer) | GotoLocation(Dresser); PickupObject(CD); GotoLocation(Drawer); PutObject(CD,Drawer)",1 | 1,1,0,candidate_fixed
shard_1_cf_0598,Drawer,shard_1_exp0_5615 | shard_1_exp0_5614,closed | open,GotoLocation(Drawer); OpenObject(Drawer) | GotoLocation(Drawer),<unparseable> | <unparseable>,0 | 0,0,1,GotoLocation(Drawer); OpenObject(Drawer) | GotoLocation(Drawer),1 | 1,1,0,candidate_fixed
shard_1_cf_0599,Drawer,shard_1_exp0_5618 | shard_1_exp0_5617,closed | open,GotoLocation(Drawer); OpenObject(Drawer) | GotoLocation(Drawer),<unparseable> | <unparseable>,0 | 0,0,1,GotoLocation(Drawer); OpenObject(Drawer) | GotoLocation(Drawer),1 | 1,1,0,candidate_fixed
shard_1_cf_0600,Drawer,shard_1_exp0_5622 | shard_1_exp0_5621,closed | open,"GotoLocation(CounterTop); PickupObject(Spoon); GotoLocation(Drawer); OpenObject(Drawer); PutObject(Spoon,Drawer); CloseObject(Drawer) | GotoLocation(CounterTop); PickupObject(Spoon); GotoLocation(Drawer); PutObject(Spoon,Drawer)",<unparseable> | <unparseable>,0 | 0,0,1,"GotoLocation(CounterTop); PickupObject(Spoon); GotoLocation(Drawer); OpenObject(Drawer); PutObject(Spoon,Drawer); CloseObject(Drawer) | GotoLocation(CounterTop); PickupObject(Spoon); GotoLocation(Drawer); OpenObject(Drawer); PutObject(Spoon,Drawer); CloseObject(Drawer)",1 | 0,0,1,both_not_exact
shard_1_cf_0601,Drawer,shard_1_exp0_5625 | shard_1_exp0_5624,closed | open,GotoLocation(Drawer); OpenObject(Drawer) | GotoLocation(Drawer),<unparseable> | <unparseable>,0 | 0,0,1,GotoLocation(Drawer); OpenObject(Drawer) | GotoLocation(Drawer); OpenObject(Drawer),1 | 0,0,1,both_not_exact
shard_1_cf_0617,Drawer,shard_1_exp0_5711 | shard_1_exp0_5710,closed | open,"GotoLocation(Dresser); PickupObject(CellPhone); GotoLocation(Drawer); OpenObject(Drawer); PutObject(CellPhone,Drawer); CloseObject(Drawer) | GotoLocation(Dresser); PickupObject(CellPhone); GotoLocation(Drawer); PutObject(CellPhone,Drawer)",<unparseable> | <unparseable>,0 | 0,0,1,"GotoLocation(Dresser); PickupObject(CellPhone); GotoLocation(Drawer); OpenObject(Drawer); PutObject(CellPhone,Drawer); CloseObject(Drawer) | GotoLocation(Dresser); PickupObject(CellPhone); GotoLocation(Drawer); PutObject(CellPhone,Drawer)",1 | 1,1,0,candidate_fixed
shard_1_cf_0643,Drawer,shard_1_exp0_5865 | shard_1_exp0_5864,closed | open,GotoLocation(Drawer); OpenObject(Drawer) | GotoLocation(Drawer),<unparseable> | <unparseable>,0 | 0,0,1,GotoLocation(Drawer); OpenObject(Drawer) | GotoLocation(Drawer),1 | 1,1,0,candidate_fixed
shard_1_cf_0644,Drawer,shard_1_exp0_5880 | shard_1_exp0_5879,closed | open,"GotoLocation(RemoteControl); PickupObject(RemoteControl); GotoLocation(Drawer); OpenObject(Drawer); PutObject(RemoteControl,Drawer); CloseObject(Drawer) | GotoLocation(RemoteControl); PickupObject(RemoteControl); GotoLocation(Drawer); PutObject(RemoteControl,Drawer)",<unparseable> | <unparseable>,0 | 0,0,1,"GotoLocation(ArmChair); PickupObject(RemoteControl); GotoLocation(Drawer); OpenObject(Drawer); PutObject(RemoteControl,Drawer); CloseObject(Drawer) | GotoLocation(RemoteControl); PickupObject(RemoteControl); GotoLocation(Drawer); PutObject(RemoteControl,Drawer)",0 | 1,0,0,both_not_exact
shard_1_cf_0650,Fridge,shard_1_exp0_5904 | shard_1_exp0_5903,closed | open,GotoLocation(Fridge); OpenObject(Fridge) | GotoLocation(Fridge),<unparseable> | <unparseable>,0 | 0,0,1,GotoLocation(Fridge); OpenObject(Fridge) | GotoLocation(Fridge),1 | 1,1,0,candidate_fixed
shard_1_cf_0658,Fridge,shard_1_exp0_5998 | shard_1_exp0_5997,closed | open,GotoLocation(Fridge); OpenObject(Fridge) | GotoLocation(Fridge),<unparseable> | <unparseable>,0 | 0,0,1,GotoLocation(Fridge); OpenObject(Fridge) | GotoLocation(Fridge); OpenObject(Fridge),1 | 0,0,1,both_not_exact
shard_1_cf_0659,Fridge,shard_1_exp0_6007 | shard_1_exp0_6006,closed | open,GotoLocation(Fridge); OpenObject(Fridge) | GotoLocation(Fridge),<unparseable> | <unparseable>,0 | 0,0,1,GotoLocation(Fridge); OpenObject(Fridge) | GotoLocation(Fridge),1 | 1,1,0,candidate_fixed
shard_1_cf_0723,Drawer,shard_1_exp0_6468 | shard_1_exp0_6467,closed | open,"GotoLocation(Dresser); PickupObject(CellPhone); GotoLocation(Drawer); OpenObject(Drawer); PutObject(CellPhone,Drawer); CloseObject(Drawer) | GotoLocation(Dresser); PickupObject(CellPhone); GotoLocation(Drawer); PutObject(CellPhone,Drawer)",<unparseable> | <unparseable>,0 | 0,0,1,"GotoLocation(Dresser); PickupObject(CellPhone); GotoLocation(Drawer); OpenObject(Drawer); PutObject(CellPhone,Drawer); CloseObject(Drawer) | GotoLocation(Dresser); PickupObject(CellPhone); GotoLocation(Drawer); PutObject(CellPhone,Drawer)",1 | 1,1,0,candidate_fixed
shard_1_cf_0724,Drawer,shard_1_exp0_6470 | shard_1_exp0_6469,closed | open,GotoLocation(Drawer); OpenObject(Drawer) | GotoLocation(Drawer),<unparseable> | <unparseable>,0 | 0,0,1,GotoLocation(Drawer); OpenObject(Drawer) | GotoLocation(Drawer),1 | 1,1,0,candidate_fixed
shard_1_cf_0725,Drawer,shard_1_exp0_6474 | shard_1_exp0_6473,closed | open,GotoLocation(Drawer); OpenObject(Drawer) | GotoLocation(Drawer),<unparseable> | <unparseable>,0 | 0,0,1,GotoLocation(Drawer); OpenObject(Drawer) | GotoLocation(Drawer),1 | 1,1,0,candidate_fixed
shard_1_cf_0741,Drawer,shard_1_exp0_6586 | shard_1_exp0_6585,closed | open,GotoLocation(Drawer); OpenObject(Drawer) | GotoLocation(Drawer),<unparseable> | <unparseable>,0 | 0,0,1,GotoLocation(Drawer); OpenObject(Drawer) | GotoLocation(Drawer),1 | 1,1,0,candidate_fixed
shard_1_cf_0745,Drawer,shard_1_exp0_6613 | shard_1_exp0_6612,closed | open,GotoLocation(Drawer); OpenObject(Drawer) | GotoLocation(Drawer),<unparseable> | <unparseable>,0 | 0,0,1,GotoLocation(Drawer); OpenObject(Drawer) | GotoLocation(Drawer),1 | 1,1,0,candidate_fixed
shard_1_cf_0746,Drawer,shard_1_exp0_6618 | shard_1_exp0_6617,closed | open,"GotoLocation(RemoteControl); PickupObject(RemoteControl); GotoLocation(Drawer); OpenObject(Drawer); PutObject(RemoteControl,Drawer); CloseObject(Drawer) | GotoLocation(RemoteControl); PickupObject(RemoteControl); GotoLocation(Drawer); PutObject(RemoteControl,Drawer)",<unparseable> | <unparseable>,0 | 0,0,1,"GotoLocation(Dresser); PickupObject(RemoteControl); GotoLocation(Drawer); OpenObject(Drawer); PutObject(RemoteControl,Drawer); CloseObject(Drawer) | GotoLocation(Dresser); PickupObject(RemoteControl); GotoLocation(Drawer); PutObject(RemoteControl,Drawer)",0 | 0,0,0,both_not_exact
shard_1_cf_0747,Drawer,shard_1_exp0_6623 | shard_1_exp0_6622,closed | open,"GotoLocation(Dresser); PickupObject(Newspaper); GotoLocation(Drawer); OpenObject(Drawer); PutObject(Newspaper,Drawer); CloseObject(Drawer) | GotoLocation(Dresser); PickupObject(Newspaper); GotoLocation(Drawer); PutObject(Newspaper,Drawer)",<unparseable> | <unparseable>,0 | 0,0,1,"GotoLocation(Dresser); PickupObject(Newspaper); GotoLocation(Drawer); OpenObject(Drawer); PutObject(Newspaper,Drawer); CloseObject(Drawer) | GotoLocation(Dresser); PickupObject(Newspaper); GotoLocation(Drawer); PutObject(Newspaper,Drawer)",1 | 1,1,0,candidate_fixed
shard_1_cf_0804,Microwave,shard_1_exp0_6941 | shard_1_exp0_6940,closed | open,GotoLocation(Microwave); OpenObject(Microwave) | GotoLocation(Microwave),<unparseable> | <unparseable>,0 | 0,0,1,GotoLocation(Microwave); OpenObject(Microwave) | GotoLocation(Microwave); OpenObject(Microwave),1 | 0,0,1,both_not_exact
shard_1_cf_0812,Drawer,shard_1_exp0_7002 | shard_1_exp0_7001,closed | open,"GotoLocation(Desk); PickupObject(Watch); GotoLocation(Drawer); OpenObject(Drawer); PutObject(Watch,Drawer); CloseObject(Drawer) | GotoLocation(Desk); PickupObject(Watch); GotoLocation(Drawer); PutObject(Watch,Drawer)",<unparseable> | <unparseable>,0 | 0,0,1,"GotoLocation(Desk); PickupObject(Watch); GotoLocation(Drawer); PutObject(Watch,Drawer) | GotoLocation(Desk); PickupObject(Watch); GotoLocation(Drawer); PutObject(Watch,Drawer)",0 | 1,0,1,both_not_exact
shard_1_cf_0813,Fridge,shard_1_exp0_7007 | shard_1_exp0_7006,closed | open,"GotoLocation(Plate); PickupObject(Plate); GotoLocation(Fridge); OpenObject(Fridge); PutObject(Plate,Fridge); CloseObject(Fridge) | GotoLocation(Plate); PickupObject(Plate); GotoLocation(Fridge); PutObject(Plate,Fridge)",<unparseable> | <unparseable>,0 | 0,0,1,"GotoLocation(DiningTable); PickupObject(Plate); GotoLocation(Fridge); OpenObject(Fridge); PutObject(Plate,Fridge); CloseObject(Fridge) | GotoLocation(DiningTable); PickupObject(Plate); GotoLocation(Fridge); PutObject(Plate,Fridge)",0 | 0,0,0,both_not_exact
shard_1_cf_0856,Fridge,shard_1_exp0_7267 | shard_1_exp0_7266,closed | open,GotoLocation(Fridge); OpenObject(Fridge) | GotoLocation(Fridge),<unparseable> | <unparseable>,0 | 0,0,1,GotoLocation(Fridge); OpenObject(Fridge) | GotoLocation(Fridge); OpenObject(Fridge),1 | 0,0,1,both_not_exact
shard_1_cf_0995,Drawer,shard_1_exp0_7985 | shard_1_exp0_7984,closed | open,"GotoLocation(Bed); PickupObject(RemoteControl); GotoLocation(Drawer); OpenObject(Drawer); PutObject(RemoteControl,Drawer); CloseObject(Drawer) | GotoLocation(Bed); PickupObject(RemoteControl); GotoLocation(Drawer); PutObject(RemoteControl,Drawer)",<unparseable> | <unparseable>,0 | 0,0,1,"GotoLocation(Bed); PickupObject(RemoteControl); GotoLocation(Drawer); PutObject(RemoteControl,Drawer) | GotoLocation(Dresser); PickupObject(RemoteControl); GotoLocation(Drawer); PutObject(RemoteControl,Drawer)",0 | 0,0,0,both_not_exact
shard_1_cf_0996,Drawer,shard_1_exp0_7989 | shard_1_exp0_7988,closed | open,"GotoLocation(Shelf); PickupObject(CellPhone); GotoLocation(Drawer); OpenObject(Drawer); PutObject(CellPhone,Drawer); CloseObject(Drawer) | GotoLocation(Shelf); PickupObject(CellPhone); GotoLocation(Drawer); PutObject(CellPhone,Drawer)",<unparseable> | <unparseable>,0 | 0,0,1,"GotoLocation(DiningTable); PickupObject(CellPhone); GotoLocation(Drawer); OpenObject(Drawer); PutObject(CellPhone,Drawer); CloseObject(Drawer) | GotoLocation(DiningTable); PickupObject(CellPhone); GotoLocation(Drawer); PutObject(CellPhone,Drawer)",0 | 0,0,0,both_not_exact
shard_1_cf_0997,Drawer,shard_1_exp0_7992 | shard_1_exp0_7991,closed | open,GotoLocation(Drawer); OpenObject(Drawer) | GotoLocation(Drawer),<unparseable> | <unparseable>,0 | 0,0,1,GotoLocation(Drawer); OpenObject(Drawer) | GotoLocation(Drawer),1 | 1,1,0,candidate_fixed
shard_1_cf_1012,Drawer,shard_1_exp0_8099 | shard_1_exp0_8098,closed | open,GotoLocation(Drawer); OpenObject(Drawer) | GotoLocation(Drawer),<unparseable> | <unparseable>,0 | 0,0,1,GotoLocation(Drawer); OpenObject(Drawer) | GotoLocation(Drawer),1 | 1,1,0,candidate_fixed
shard_1_cf_1026,Drawer,shard_1_exp0_8159 | shard_1_exp0_8158,closed | open,"GotoLocation(Dresser); PickupObject(SprayBottle); GotoLocation(Drawer); OpenObject(Drawer); PutObject(SprayBottle,Drawer); CloseObject(Drawer) | GotoLocation(Dresser); PickupObject(SprayBottle); GotoLocation(Drawer); PutObject(SprayBottle,Drawer)",<unparseable> | <unparseable>,0 | 0,0,1,"GotoLocation(Dresser); PickupObject(SprayBottle); GotoLocation(Drawer); OpenObject(Drawer); PutObject(SprayBottle,Drawer); CloseObject(Drawer) | GotoLocation(Dresser); PickupObject(SprayBottle); GotoLocation(Drawer); PutObject(SprayBottle,Drawer)",1 | 1,1,0,candidate_fixed
shard_1_cf_1027,Drawer,shard_1_exp0_8161 | shard_1_exp0_8160,closed | open,"GotoLocation(Dresser); PickupObject(SoapBar); GotoLocation(Drawer); OpenObject(Drawer); PutObject(SoapBar,Drawer); CloseObject(Drawer) | GotoLocation(Dresser); PickupObject(SoapBar); GotoLocation(Drawer); PutObject(SoapBar,Drawer)",<unparseable> | <unparseable>,0 | 0,0,1,"GotoLocation(Dresser); PickupObject(SoapBar); GotoLocation(Drawer); OpenObject(Drawer); PutObject(SoapBar,Drawer); CloseObject(Drawer) | GotoLocation(Dresser); PickupObject(SoapBar); GotoLocation(Drawer); PutObject(SoapBar,Drawer)",1 | 1,1,0,candidate_fixed
shard_1_cf_1028,Drawer,shard_1_exp0_8163 | shard_1_exp0_8162,closed | open,GotoLocation(Drawer); OpenObject(Drawer) | GotoLocation(Drawer),<unparseable> | <unparseable>,0 | 0,0,1,GotoLocation(Drawer); OpenObject(Drawer) | GotoLocation(Drawer),1 | 1,1,0,candidate_fixed
shard_1_cf_1029,Drawer,shard_1_exp0_8165 | shard_1_exp0_8164,closed | open,GotoLocation(Drawer); OpenObject(Drawer) | GotoLocation(Drawer),<unparseable> | <unparseable>,0 | 0,0,1,GotoLocation(Drawer); OpenObject(Drawer) | GotoLocation(Drawer),1 | 1,1,0,candidate_fixed
shard_1_cf_1030,Drawer,shard_1_exp0_8167 | shard_1_exp0_8166,closed | open,"GotoLocation(Dresser); PickupObject(SprayBottle); GotoLocation(Drawer); OpenObject(Drawer); PutObject(SprayBottle,Drawer); CloseObject(Drawer) | GotoLocation(Dresser); PickupObject(SprayBottle); GotoLocation(Drawer); PutObject(SprayBottle,Drawer)",<unparseable> | <unparseable>,0 | 0,0,1,"GotoLocation(Dresser); PickupObject(SprayBottle); GotoLocation(Drawer); OpenObject(Drawer); PutObject(SprayBottle,Drawer); CloseObject(Drawer) | GotoLocation(Dresser); PickupObject(SprayBottle); GotoLocation(Drawer); PutObject(SprayBottle,Drawer)",1 | 1,1,0,candidate_fixed
shard_1_cf_1054,Drawer,shard_1_exp0_8304 | shard_1_exp0_8303,closed | open,GotoLocation(Drawer); OpenObject(Drawer) | GotoLocation(Drawer),<unparseable> | <unparseable>,0 | 0,0,1,GotoLocation(Drawer); OpenObject(Drawer) | GotoLocation(Drawer); OpenObject(Drawer),1 | 0,0,1,both_not_exact
shard_1_cf_1055,Safe,shard_1_exp0_8309 | shard_1_exp0_8308,closed | open,GotoLocation(Safe); OpenObject(Safe) | GotoLocation(Safe),<unparseable> | <unparseable>,0 | 0,0,1,GotoLocation(Safe); OpenObject(Safe) | GotoLocation(Safe); OpenObject(Safe),1 | 0,0,1,both_not_exact
shard_1_cf_1151,Fridge,shard_1_exp0_8765 | shard_1_exp0_8764,closed | open,GotoLocation(Fridge); OpenObject(Fridge) | GotoLocation(Fridge),<unparseable> | <unparseable>,0 | 0,0,1,GotoLocation(Fridge); OpenObject(Fridge) | GotoLocation(Fridge),1 | 1,1,0,candidate_fixed
shard_1_cf_1152,Drawer,shard_1_exp0_8768 | shard_1_exp0_8767,closed | open,"GotoLocation(Dresser); PickupObject(Book); GotoLocation(Drawer); OpenObject(Drawer); PutObject(Book,Drawer); CloseObject(Drawer) | GotoLocation(Dresser); PickupObject(Book); GotoLocation(Drawer); PutObject(Book,Drawer)",<unparseable> | <unparseable>,0 | 0,0,1,"GotoLocation(Dresser); PickupObject(Book); GotoLocation(Drawer); OpenObject(Drawer); PutObject(Book,Drawer); CloseObject(Drawer) | GotoLocation(Dresser); PickupObject(Book); GotoLocation(Drawer); PutObject(Book,Drawer)",1 | 1,1,0,candidate_fixed
shard_1_cf_1153,Drawer,shard_1_exp0_8770 | shard_1_exp0_8769,closed | open,GotoLocation(Drawer); OpenObject(Drawer) | GotoLocation(Drawer),<unparseable> | <unparseable>,0 | 0,0,1,GotoLocation(Drawer); OpenObject(Drawer) | GotoLocation(Drawer); OpenObject(Drawer),1 | 0,0,1,both_not_exact
shard_1_cf_1154,Drawer,shard_1_exp0_8779 | shard_1_exp0_8778,closed | open,"GotoLocation(SideTable); PickupObject(KeyChain); GotoLocation(Drawer); OpenObject(Drawer); PutObject(KeyChain,Drawer); CloseObject(Drawer) | GotoLocation(SideTable); PickupObject(KeyChain); GotoLocation(Drawer); PutObject(KeyChain,Drawer)",<unparseable> | <unparseable>,0 | 0,0,1,"GotoLocation(SideTable); PickupObject(KeyChain); GotoLocation(Drawer); OpenObject(Drawer); PutObject(KeyChain,Drawer); CloseObject(Drawer) | GotoLocation(Dresser); PickupObject(KeyChain); GotoLocation(Drawer); OpenObject(Drawer); PutObject(KeyChain,Drawer); CloseObject(Drawer)",1 | 0,0,0,both_not_exact
shard_1_cf_1155,Drawer,shard_1_exp0_8786 | shard_1_exp0_8785,closed | open,GotoLocation(Drawer); OpenObject(Drawer) | GotoLocation(Drawer),<unparseable> | <unparseable>,0 | 0,0,1,GotoLocation(Drawer); OpenObject(Drawer) | GotoLocation(Drawer),1 | 1,1,0,candidate_fixed
shard_1_cf_1175,Drawer,shard_1_exp0_8865 | shard_1_exp0_8864,closed | open,"GotoLocation(Dresser); PickupObject(KeyChain); GotoLocation(Drawer); OpenObject(Drawer); PutObject(KeyChain,Drawer); CloseObject(Drawer) | GotoLocation(Dresser); PickupObject(KeyChain); GotoLocation(Drawer); PutObject(KeyChain,Drawer)",<unparseable> | <unparseable>,0 | 0,0,1,"GotoLocation(Dresser); PickupObject(KeyChain); GotoLocation(Drawer); OpenObject(Drawer); PutObject(KeyChain,Drawer); CloseObject(Drawer) | GotoLocation(Dresser); PickupObject(KeyChain); GotoLocation(Drawer); OpenObject(Drawer); PutObject(KeyChain,Drawer); CloseObject(Drawer)",1 | 0,0,1,both_not_exact
shard_1_cf_1176,Cabinet,shard_1_exp0_8867 | shard_1_exp0_8866,closed | open,GotoLocation(Cabinet); OpenObject(Cabinet) | GotoLocation(Cabinet),<unparseable> | <unparseable>,0 | 0,0,1,GotoLocation(Cabinet); OpenObject(Cabinet) | GotoLocation(Cabinet); OpenObject(Cabinet),1 | 0,0,1,both_not_exact
shard_1_cf_1177,Cabinet,shard_1_exp0_8870 | shard_1_exp0_8869,closed | open,GotoLocation(Cabinet); OpenObject(Cabinet) | GotoLocation(Cabinet),<unparseable> | <unparseable>,0 | 0,0,1,GotoLocation(Cabinet); OpenObject(Cabinet) | GotoLocation(Cabinet),1 | 1,1,0,candidate_fixed
shard_1_cf_1182,Drawer,shard_1_exp0_8891 | shard_1_exp0_8890,closed | open,"GotoLocation(SideTable); PickupObject(Watch); GotoLocation(Drawer); OpenObject(Drawer); PutObject(Watch,Drawer); CloseObject(Drawer) | GotoLocation(SideTable); PickupObject(Watch); GotoLocation(Drawer); PutObject(Watch,Drawer)",<unparseable> | <unparseable>,0 | 0,0,1,"GotoLocation(Desk); PickupObject(Watch); GotoLocation(Drawer); OpenObject(Drawer); PutObject(Watch,Drawer); CloseObject(Drawer) | GotoLocation(Dresser); PickupObject(Watch); GotoLocation(Drawer); PutObject(Watch,Drawer)",0 | 0,0,0,both_not_exact
shard_1_cf_1183,Drawer,shard_1_exp0_8893 | shard_1_exp0_8892,closed | open,"GotoLocation(SideTable); PickupObject(Watch); GotoLocation(Drawer); OpenObject(Drawer); PutObject(Watch,Drawer); CloseObject(Drawer) | GotoLocation(SideTable); PickupObject(Watch); GotoLocation(Drawer); PutObject(Watch,Drawer)",<unparseable> | <unparseable>,0 | 0,0,1,"GotoLocation(CoffeeTable); PickupObject(Watch); GotoLocation(Drawer); OpenObject(Drawer); PutObject(Watch,Drawer); CloseObject(Drawer) | GotoLocation(CoffeeTable); PickupObject(Watch); GotoLocation(Drawer); PutObject(Watch,Drawer)",0 | 0,0,0,both_not_exact
shard_1_cf_1184,Drawer,shard_1_exp0_8895 | shard_1_exp0_8894,closed | open,"GotoLocation(Dresser); PickupObject(Pen); GotoLocation(Drawer); OpenObject(Drawer); PutObject(Pen,Drawer); CloseObject(Drawer) | GotoLocation(Dresser); PickupObject(Pen); GotoLocation(Drawer); PutObject(Pen,Drawer)",<unparseable> | <unparseable>,0 | 0,0,1,"GotoLocation(Dresser); PickupObject(Pen); GotoLocation(Drawer); OpenObject(Drawer); PutObject(Pen,Drawer); CloseObject(Drawer) | GotoLocation(Dresser); PickupObject(Pen); GotoLocation(Drawer); PutObject(Pen,Drawer)",1 | 1,1,0,candidate_fixed
shard_1_cf_1185,Drawer,shard_1_exp0_8897 | shard_1_exp0_8896,closed | open,"GotoLocation(DiningTable); PickupObject(Watch); GotoLocation(Drawer); OpenObject(Drawer); PutObject(Watch,Drawer); CloseObject(Drawer) | GotoLocation(DiningTable); PickupObject(Watch); GotoLocation(Drawer); PutObject(Watch,Drawer)",<unparseable> | <unparseable>,0 | 0,0,1,"GotoLocation(DiningTable); PickupObject(Watch); GotoLocation(Drawer); OpenObject(Drawer); PutObject(Watch,Drawer); CloseObject(Drawer) | GotoLocation(Dresser); PickupObject(Watch); GotoLocation(Drawer); PutObject(Watch,Drawer)",1 | 0,0,0,both_not_exact
shard_1_cf_1186,Drawer,shard_1_exp0_8899 | shard_1_exp0_8898,closed | open,GotoLocation(Drawer); OpenObject(Drawer) | GotoLocation(Drawer),<unparseable> | <unparseable>,0 | 0,0,1,GotoLocation(Drawer); OpenObject(Drawer) | GotoLocation(Drawer),1 | 1,1,0,candidate_fixed
shard_1_cf_1187,Drawer,shard_1_exp0_8901 | shard_1_exp0_8900,closed | open,"GotoLocation(Dresser); PickupObject(Pen); GotoLocation(Drawer); OpenObject(Drawer); PutObject(Pen,Drawer); CloseObject(Drawer) | GotoLocation(Dresser); PickupObject(Pen); GotoLocation(Drawer); PutObject(Pen,Drawer)",<unparseable> | <unparseable>,0 | 0,0,1,"GotoLocation(Dresser); PickupObject(Pen); GotoLocation(Drawer); OpenObject(Drawer); PutObject(Pen,Drawer); CloseObject(Drawer) | GotoLocation(Dresser); PickupObject(Pen); GotoLocation(Drawer); PutObject(Pen,Drawer)",1 | 1,1,0,candidate_fixed
shard_1_cf_1195,Drawer,shard_1_exp0_8936 | shard_1_exp0_8935,closed | open,"GotoLocation(Dresser); PickupObject(CellPhone); GotoLocation(Drawer); OpenObject(Drawer); PutObject(CellPhone,Drawer); CloseObject(Drawer) | GotoLocation(Dresser); PickupObject(CellPhone); GotoLocation(Drawer); PutObject(CellPhone,Drawer)",<unparseable> | <unparseable>,0 | 0,0,1,"GotoLocation(Dresser); PickupObject(CellPhone); GotoLocation(Drawer); PutObject(CellPhone,Drawer) | GotoLocation(Dresser); PickupObject(CellPhone); GotoLocation(Drawer); PutObject(CellPhone,Drawer)",0 | 1,0,1,both_not_exact
shard_1_cf_1251,Drawer,shard_1_exp0_9128 | shard_1_exp0_9127,closed | open,GotoLocation(Drawer); OpenObject(Drawer) | GotoLocation(Drawer),<unparseable> | <unparseable>,0 | 0,0,1,GotoLocation(Drawer); OpenObject(Drawer) | GotoLocation(Drawer),1 | 1,1,0,candidate_fixed
shard_1_cf_1252,Drawer,shard_1_exp0_9130 | shard_1_exp0_9129,closed | open,GotoLocation(Drawer); OpenObject(Drawer) | GotoLocation(Drawer),<unparseable> | <unparseable>,0 | 0,0,1,GotoLocation(Drawer); OpenObject(Drawer) | GotoLocation(Drawer),1 | 1,1,0,candidate_fixed
shard_1_cf_1253,Microwave,shard_1_exp0_9132 | shard_1_exp0_9131,closed | open,"GotoLocation(CounterTop); PickupObject(Apple); GotoLocation(Microwave); OpenObject(Microwave); PutObject(Apple,Microwave); CloseObject(Microwave) | GotoLocation(CounterTop); PickupObject(Apple); GotoLocation(Microwave); PutObject(Apple,Microwave)",<unparseable> | <unparseable>,0 | 0,0,1,"GotoLocation(CounterTop); PickupObject(Apple); GotoLocation(Microwave); OpenObject(Microwave); PutObject(Apple,Microwave); CloseObject(Microwave) | GotoLocation(CounterTop); PickupObject(Apple); GotoLocation(Microwave); PutObject(Apple,Microwave)",1 | 1,1,0,candidate_fixed
shard_1_cf_1254,Fridge,shard_1_exp0_9135 | shard_1_exp0_9134,closed | open,GotoLocation(Fridge); OpenObject(Fridge) | GotoLocation(Fridge),<unparseable> | <unparseable>,0 | 0,0,1,GotoLocation(Fridge); OpenObject(Fridge) | GotoLocation(Fridge),1 | 1,1,0,candidate_fixed
shard_1_cf_1255,Drawer,shard_1_exp0_9137 | shard_1_exp0_9136,closed | open,"GotoLocation(Bed); PickupObject(Book); GotoLocation(Drawer); OpenObject(Drawer); PutObject(Book,Drawer); CloseObject(Drawer) | GotoLocation(Bed); PickupObject(Book); GotoLocation(Drawer); PutObject(Book,Drawer)",<unparseable> | <unparseable>,0 | 0,0,1,"GotoLocation(Bed); PickupObject(Book); GotoLocation(Drawer); OpenObject(Drawer); PutObject(Book,Drawer); CloseObject(Drawer) | GotoLocation(Bed); PickupObject(Book); GotoLocation(Drawer); PutObject(Book,Drawer)",1 | 1,1,0,candidate_fixed
shard_1_cf_1256,Drawer,shard_1_exp0_9145 | shard_1_exp0_9144,closed | open,"GotoLocation(Dresser); PickupObject(CreditCard); GotoLocation(Drawer); OpenObject(Drawer); PutObject(CreditCard,Drawer); CloseObject(Drawer) | GotoLocation(Dresser); PickupObject(CreditCard); GotoLocation(Drawer); PutObject(CreditCard,Drawer)",<unparseable> | <unparseable>,0 | 0,0,1,"GotoLocation(Dresser); PickupObject(CreditCard); GotoLocation(Drawer); OpenObject(Drawer); PutObject(CreditCard,Drawer); CloseObject(Drawer) | GotoLocation(Dresser); PickupObject(CreditCard); GotoLocation(Drawer); PutObject(CreditCard,Drawer)",1 | 1,1,0,candidate_fixed
shard_1_cf_1257,Drawer,shard_1_exp0_9147 | shard_1_exp0_9146,closed | open,GotoLocation(Drawer); OpenObject(Drawer) | GotoLocation(Drawer),<unparseable> | <unparseable>,0 | 0,0,1,GotoLocation(Drawer); OpenObject(Drawer) | GotoLocation(Drawer),1 | 1,1,0,candidate_fixed
shard_1_cf_1279,Drawer,shard_1_exp0_9212 | shard_1_exp0_9211,closed | open,GotoLocation(Drawer); OpenObject(Drawer) | GotoLocation(Drawer),<unparseable> | <unparseable>,0 | 0,0,1,GotoLocation(Drawer); OpenObject(Drawer) | GotoLocation(Drawer),1 | 1,1,0,candidate_fixed
shard_1_cf_1280,Drawer,shard_1_exp0_9216 | shard_1_exp0_9215,closed | open,"GotoLocation(Dresser); PickupObject(TissueBox); GotoLocation(Drawer); OpenObject(Drawer); PutObject(TissueBox,Drawer); CloseObject(Drawer) | GotoLocation(Dresser); PickupObject(TissueBox); GotoLocation(Drawer); PutObject(TissueBox,Drawer)",<unparseable> | <unparseable>,0 | 0,0,1,"GotoLocation(Dresser); PickupObject(TissueBox); GotoLocation(Drawer); OpenObject(Drawer); PutObject(TissueBox,Drawer); CloseObject(Drawer) | GotoLocation(Dresser); PickupObject(TissueBox); GotoLocation(Drawer); PutObject(TissueBox,Drawer)",1 | 1,1,0,candidate_fixed
shard_1_cf_1281,Drawer,shard_1_exp0_9220 | shard_1_exp0_9219,closed | open,"GotoLocation(Desk); PickupObject(Book); GotoLocation(Drawer); OpenObject(Drawer); PutObject(Book,Drawer); CloseObject(Drawer) | GotoLocation(Desk); PickupObject(Book); GotoLocation(Drawer); PutObject(Book,Drawer)",<unparseable> | <unparseable>,0 | 0,0,1,"GotoLocation(Desk); PickupObject(Book); GotoLocation(Drawer); OpenObject(Drawer); PutObject(Book,Drawer); CloseObject(Drawer) | GotoLocation(Desk); PickupObject(Book); GotoLocation(Drawer); PutObject(Book,Drawer)",1 | 1,1,0,candidate_fixed
shard_1_cf_1282,Drawer,shard_1_exp0_9222 | shard_1_exp0_9221,closed | open,GotoLocation(Drawer); OpenObject(Drawer) | GotoLocation(Drawer),<unparseable> | <unparseable>,0 | 0,0,1,GotoLocation(Drawer); OpenObject(Drawer) | GotoLocation(Drawer),1 | 1,1,0,candidate_fixed
shard_1_cf_1303,Drawer,shard_1_exp0_9277 | shard_1_exp0_9276,closed | open,GotoLocation(Drawer); OpenObject(Drawer) | GotoLocation(Drawer),<unparseable> | <unparseable>,0 | 0,0,1,GotoLocation(Drawer); OpenObject(Drawer) | GotoLocation(Drawer),1 | 1,1,0,candidate_fixed
shard_1_cf_1304,Drawer,shard_1_exp0_9279 | shard_1_exp0_9278,closed | open,GotoLocation(Drawer); OpenObject(Drawer) | GotoLocation(Drawer),<unparseable> | <unparseable>,0 | 0,0,1,GotoLocation(Drawer); OpenObject(Drawer) | GotoLocation(Drawer),1 | 1,1,0,candidate_fixed
shard_1_cf_1305,Drawer,shard_1_exp0_9281 | shard_1_exp0_9280,closed | open,GotoLocation(Drawer); OpenObject(Drawer) | GotoLocation(Drawer),<unparseable> | <unparseable>,0 | 0,0,1,GotoLocation(Drawer); OpenObject(Drawer) | GotoLocation(Drawer),1 | 1,1,0,candidate_fixed
shard_1_cf_1306,Drawer,shard_1_exp0_9283 | shard_1_exp0_9282,closed | open,GotoLocation(Drawer); OpenObject(Drawer) | GotoLocation(Drawer),<unparseable> | <unparseable>,0 | 0,0,1,GotoLocation(Drawer); OpenObject(Drawer) | GotoLocation(Drawer),1 | 1,1,0,candidate_fixed
shard_1_cf_1307,Drawer,shard_1_exp0_9285 | shard_1_exp0_9284,closed | open,"GotoLocation(Dresser); PickupObject(CellPhone); GotoLocation(Drawer); OpenObject(Drawer); PutObject(CellPhone,Drawer); CloseObject(Drawer) | GotoLocation(Dresser); PickupObject(CellPhone); GotoLocation(Drawer); PutObject(CellPhone,Drawer)",<unparseable> | <unparseable>,0 | 0,0,1,"GotoLocation(Dresser); PickupObject(CellPhone); GotoLocation(Drawer); OpenObject(Drawer); PutObject(CellPhone,Drawer); CloseObject(Drawer) | GotoLocation(Dresser); PickupObject(CellPhone); GotoLocation(Drawer); PutObject(CellPhone,Drawer)",1 | 1,1,0,candidate_fixed
shard_1_cf_1308,Drawer,shard_1_exp0_9287 | shard_1_exp0_9286,closed | open,"GotoLocation(Dresser); PickupObject(Pencil); GotoLocation(Drawer); OpenObject(Drawer); PutObject(Pencil,Drawer); CloseObject(Drawer) | GotoLocation(Dresser); PickupObject(Pencil); GotoLocation(Drawer); PutObject(Pencil,Drawer)",<unparseable> | <unparseable>,0 | 0,0,1,"GotoLocation(Dresser); PickupObject(Pencil); GotoLocation(Drawer); OpenObject(Drawer); PutObject(Pencil,Drawer); CloseObject(Drawer) | GotoLocation(Dresser); PickupObject(Pencil); GotoLocation(Drawer); PutObject(Pencil,Drawer)",1 | 1,1,0,candidate_fixed
shard_1_cf_1309,Drawer,shard_1_exp0_9289 | shard_1_exp0_9288,closed | open,GotoLocation(Drawer); OpenObject(Drawer) | GotoLocation(Drawer),<unparseable> | <unparseable>,0 | 0,0,1,GotoLocation(Drawer); OpenObject(Drawer) | GotoLocation(Drawer),1 | 1,1,0,candidate_fixed
shard_1_cf_1310,Drawer,shard_1_exp0_9291 | shard_1_exp0_9290,closed | open,GotoLocation(Drawer); OpenObject(Drawer) | GotoLocation(Drawer),<unparseable> | <unparseable>,0 | 0,0,1,GotoLocation(Drawer); OpenObject(Drawer) | GotoLocation(Drawer),1 | 1,1,0,candidate_fixed
shard_1_cf_1311,Drawer,shard_1_exp0_9294 | shard_1_exp0_9293,closed | open,"GotoLocation(DiningTable); PickupObject(CellPhone); GotoLocation(Drawer); OpenObject(Drawer); PutObject(CellPhone,Drawer); CloseObject(Drawer) | GotoLocation(DiningTable); PickupObject(CellPhone); GotoLocation(Drawer); PutObject(CellPhone,Drawer)",<unparseable> | <unparseable>,0 | 0,0,1,"GotoLocation(DiningTable); PickupObject(CellPhone); GotoLocation(Drawer); OpenObject(Drawer); PutObject(CellPhone,Drawer); CloseObject(Drawer) | GotoLocation(DiningTable); PickupObject(CellPhone); GotoLocation(Drawer); PutObject(CellPhone,Drawer)",1 | 1,1,0,candidate_fixed
shard_1_cf_1312,Drawer,shard_1_exp0_9301 | shard_1_exp0_9300,closed | open,GotoLocation(Drawer); OpenObject(Drawer) | GotoLocation(Drawer),<unparseable> | <unparseable>,0 | 0,0,1,GotoLocation(Drawer); OpenObject(Drawer) | GotoLocation(Drawer),1 | 1,1,0,candidate_fixed
shard_1_cf_1337,Fridge,shard_1_exp0_9386 | shard_1_exp0_9385,closed | open,GotoLocation(Fridge); OpenObject(Fridge) | GotoLocation(Fridge),<unparseable> | <unparseable>,0 | 0,0,1,GotoLocation(Fridge); OpenObject(Fridge) | GotoLocation(Fridge),1 | 1,1,0,candidate_fixed
shard_1_cf_1338,Fridge,shard_1_exp0_9389 | shard_1_exp0_9388,closed | open,GotoLocation(Fridge); OpenObject(Fridge) | GotoLocation(Fridge),<unparseable> | <unparseable>,0 | 0,0,1,GotoLocation(Fridge); OpenObject(Fridge) | GotoLocation(Fridge),1 | 1,1,0,candidate_fixed
shard_1_cf_1339,Fridge,shard_1_exp0_9395 | shard_1_exp0_9394,closed | open,GotoLocation(Fridge); OpenObject(Fridge) | GotoLocation(Fridge),<unparseable> | <unparseable>,0 | 0,0,1,GotoLocation(Fridge); OpenObject(Fridge) | GotoLocation(Fridge),1 | 1,1,0,candidate_fixed
shard_1_cf_1386,Cabinet,shard_1_exp0_9543 | shard_1_exp0_9542,closed | open,GotoLocation(Cabinet); OpenObject(Cabinet) | GotoLocation(Cabinet),<unparseable> | <unparseable>,0 | 0,0,1,GotoLocation(Cabinet); OpenObject(Cabinet) | GotoLocation(Cabinet),1 | 1,1,0,candidate_fixed
shard_1_cf_1387,Fridge,shard_1_exp0_9547 | shard_1_exp0_9546,closed | open,GotoLocation(Fridge); OpenObject(Fridge) | GotoLocation(Fridge),<unparseable> | <unparseable>,0 | 0,0,1,GotoLocation(Fridge); OpenObject(Fridge) | GotoLocation(Fridge),1 | 1,1,0,candidate_fixed
shard_1_cf_1388,Fridge,shard_1_exp0_9551 | shard_1_exp0_9550,closed | open,GotoLocation(Fridge); OpenObject(Fridge) | GotoLocation(Fridge),<unparseable> | <unparseable>,0 | 0,0,1,GotoLocation(Fridge); OpenObject(Fridge) | GotoLocation(Fridge),1 | 1,1,0,candidate_fixed
shard_1_cf_1430,Drawer,shard_1_exp0_9682 | shard_1_exp0_9681,closed | open,GotoLocation(Drawer); OpenObject(Drawer) | GotoLocation(Drawer),<unparseable> | <unparseable>,0 | 0,0,1,GotoLocation(Drawer); OpenObject(Drawer) | GotoLocation(Drawer); OpenObject(Drawer),1 | 0,0,1,both_not_exact
shard_1_cf_1431,Drawer,shard_1_exp0_9684 | shard_1_exp0_9683,closed | open,GotoLocation(Drawer); OpenObject(Drawer) | GotoLocation(Drawer),<unparseable> | <unparseable>,0 | 0,0,1,GotoLocation(Drawer); OpenObject(Drawer) | GotoLocation(Drawer); OpenObject(Drawer),1 | 0,0,1,both_not_exact
shard_1_cf_1450,Drawer,shard_1_exp0_9745 | shard_1_exp0_9744,closed | open,"GotoLocation(Dresser); PickupObject(CD); GotoLocation(Drawer); OpenObject(Drawer); PutObject(CD,Drawer); CloseObject(Drawer) | GotoLocation(Dresser); PickupObject(CD); GotoLocation(Drawer); PutObject(CD,Drawer)",<unparseable> | <unparseable>,0 | 0,0,1,"GotoLocation(DiningTable); PickupObject(CD); GotoLocation(Drawer); OpenObject(Drawer); PutObject(CD,Drawer); CloseObject(Drawer) | GotoLocation(DiningTable); PickupObject(CD); GotoLocation(Drawer); PutObject(CD,Drawer)",0 | 0,0,0,both_not_exact
shard_1_cf_1462,Drawer,shard_1_exp0_9781 | shard_1_exp0_9780,closed | open,GotoLocation(Drawer); OpenObject(Drawer) | GotoLocation(Drawer),<unparseable> | <unparseable>,0 | 0,0,1,GotoLocation(Drawer); OpenObject(Drawer) | GotoLocation(Drawer),1 | 1,1,0,candidate_fixed
shard_1_cf_1463,Drawer,shard_1_exp0_9783 | shard_1_exp0_9782,closed | open,GotoLocation(Drawer); OpenObject(Drawer) | GotoLocation(Drawer),<unparseable> | <unparseable>,0 | 0,0,1,GotoLocation(Drawer); OpenObject(Drawer) | GotoLocation(Drawer),1 | 1,1,0,candidate_fixed
shard_1_cf_1464,Drawer,shard_1_exp0_9786 | shard_1_exp0_9785,closed | open,GotoLocation(Drawer); OpenObject(Drawer) | GotoLocation(Drawer),<unparseable> | <unparseable>,0 | 0,0,1,GotoLocation(Drawer); OpenObject(Drawer) | GotoLocation(Drawer),1 | 1,1,0,candidate_fixed
shard_1_cf_1484,Fridge,shard_1_exp0_9872 | shard_1_exp0_9871,closed | open,GotoLocation(Fridge); OpenObject(Fridge) | GotoLocation(Fridge),<unparseable> | <unparseable>,0 | 0,0,1,GotoLocation(Fridge); OpenObject(Fridge) | GotoLocation(Fridge); OpenObject(Fridge),1 | 0,0,1,both_not_exact
shard_1_cf_1485,Fridge,shard_1_exp0_9874 | shard_1_exp0_9873,closed | open,GotoLocation(Fridge); OpenObject(Fridge) | GotoLocation(Fridge),<unparseable> | <unparseable>,0 | 0,0,1,GotoLocation(Fridge); OpenObject(Fridge) | GotoLocation(Fridge),1 | 1,1,0,candidate_fixed
shard_1_cf_1486,Microwave,shard_1_exp0_9876 | shard_1_exp0_9875,closed | open,"GotoLocation(CounterTop); PickupObject(Apple); GotoLocation(Microwave); OpenObject(Microwave); PutObject(Apple,Microwave); CloseObject(Microwave) | GotoLocation(CounterTop); PickupObject(Apple); GotoLocation(Microwave); PutObject(Apple,Microwave)",<unparseable> | <unparseable>,0 | 0,0,1,"GotoLocation(CounterTop); PickupObject(Apple); GotoLocation(Microwave); OpenObject(Microwave); PutObject(Apple,Microwave); CloseObject(Microwave) | GotoLocation(CounterTop); PickupObject(Apple); GotoLocation(Microwave); PutObject(Apple,Microwave)",1 | 1,1,0,candidate_fixed
shard_1_cf_1487,Drawer,shard_1_exp0_9885 | shard_1_exp0_9884,closed | open,"GotoLocation(Desk); PickupObject(Pen); GotoLocation(Drawer); OpenObject(Drawer); PutObject(Pen,Drawer); CloseObject(Drawer) | GotoLocation(Desk); PickupObject(Pen); GotoLocation(Drawer); PutObject(Pen,Drawer)",<unparseable> | <unparseable>,0 | 0,0,1,"GotoLocation(Desk); PickupObject(Pen); GotoLocation(Drawer); OpenObject(Drawer); PutObject(Pen,Drawer); CloseObject(Drawer) | GotoLocation(Desk); PickupObject(Pen); GotoLocation(Drawer); PutObject(Pen,Drawer)",1 | 1,1,0,candidate_fixed
shard_1_cf_1488,Drawer,shard_1_exp0_9890 | shard_1_exp0_9889,closed | open,"GotoLocation(Desk); PickupObject(Pen); GotoLocation(Drawer); OpenObject(Drawer); PutObject(Pen,Drawer); CloseObject(Drawer) | GotoLocation(Desk); PickupObject(Pen); GotoLocation(Drawer); PutObject(Pen,Drawer)",<unparseable> | <unparseable>,0 | 0,0,1,"GotoLocation(Dresser); PickupObject(Pen); GotoLocation(Drawer); OpenObject(Drawer); PutObject(Pen,Drawer); CloseObject(Drawer) | GotoLocation(Dresser); PickupObject(Pen); GotoLocation(Drawer); PutObject(Pen,Drawer)",0 | 0,0,0,both_not_exact
shard_1_cf_1489,Drawer,shard_1_exp0_9892 | shard_1_exp0_9891,closed | open,"GotoLocation(Desk); PickupObject(Book); GotoLocation(Drawer); OpenObject(Drawer); PutObject(Book,Drawer); CloseObject(Drawer) | GotoLocation(Desk); PickupObject(Book); GotoLocation(Drawer); PutObject(Book,Drawer)",<unparseable> | <unparseable>,0 | 0,0,1,"GotoLocation(Desk); PickupObject(Book); GotoLocation(Drawer); OpenObject(Drawer); PutObject(Book,Drawer); CloseObject(Drawer) | GotoLocation(Desk); PickupObject(Book); GotoLocation(Drawer); PutObject(Book,Drawer)",1 | 1,1,0,candidate_fixed
shard_1_cf_1507,Fridge,shard_1_exp0_9974 | shard_1_exp0_9973,closed | open,GotoLocation(Fridge); OpenObject(Fridge) | GotoLocation(Fridge),<unparseable> | <unparseable>,0 | 0,0,1,GotoLocation(Fridge); OpenObject(Fridge) | GotoLocation(Fridge),1 | 1,1,0,candidate_fixed
shard_1_cf_1508,Drawer,shard_1_exp0_9976 | shard_1_exp0_9975,closed | open,GotoLocation(Drawer); OpenObject(Drawer) | GotoLocation(Drawer),<unparseable> | <unparseable>,0 | 0,0,1,GotoLocation(Drawer); OpenObject(Drawer) | GotoLocation(Drawer),1 | 1,1,0,candidate_fixed
shard_1_cf_1509,Fridge,shard_1_exp0_9978 | shard_1_exp0_9977,closed | open,GotoLocation(Fridge); OpenObject(Fridge) | GotoLocation(Fridge),<unparseable> | <unparseable>,0 | 0,0,1,GotoLocation(Fridge); OpenObject(Fridge) | GotoLocation(Fridge),1 | 1,1,0,candidate_fixed
shard_1_cf_1510,Fridge,shard_1_exp0_9981 | shard_1_exp0_9980,closed | open,GotoLocation(Fridge); OpenObject(Fridge) | GotoLocation(Fridge),<unparseable> | <unparseable>,0 | 0,0,1,GotoLocation(Fridge); OpenObject(Fridge) | GotoLocation(Fridge),1 | 1,1,0,candidate_fixed
shard_1_cf_1517,Drawer,shard_1_exp0_10020 | shard_1_exp0_10019,closed | open,GotoLocation(Drawer); OpenObject(Drawer) | GotoLocation(Drawer),<unparseable> | <unparseable>,0 | 0,0,1,GotoLocation(Drawer); OpenObject(Drawer) | GotoLocation(Drawer),1 | 1,1,0,candidate_fixed
shard_1_cf_1518,Drawer,shard_1_exp0_10022 | shard_1_exp0_10021,closed | open,GotoLocation(Drawer); OpenObject(Drawer) | GotoLocation(Drawer),<unparseable> | <unparseable>,0 | 0,0,1,GotoLocation(Drawer) | GotoLocation(Drawer),0 | 1,0,1,both_not_exact
shard_1_cf_1519,Drawer,shard_1_exp0_10024 | shard_1_exp0_10023,closed | open,GotoLocation(Drawer); OpenObject(Drawer) | GotoLocation(Drawer),<unparseable> | <unparseable>,0 | 0,0,1,GotoLocation(Drawer); OpenObject(Drawer) | GotoLocation(Drawer),1 | 1,1,0,candidate_fixed
shard_1_cf_1521,Drawer,shard_1_exp0_10030 | shard_1_exp0_10029,closed | open,"GotoLocation(Dresser); PickupObject(RemoteControl); GotoLocation(Drawer); OpenObject(Drawer); PutObject(RemoteControl,Drawer); CloseObject(Drawer) | GotoLocation(Dresser); PickupObject(RemoteControl); GotoLocation(Drawer); PutObject(RemoteControl,Drawer)",<unparseable> | <unparseable>,0 | 0,0,1,"GotoLocation(Dresser); PickupObject(RemoteControl); GotoLocation(Drawer); OpenObject(Drawer); PutObject(RemoteControl,Drawer); CloseObject(Drawer) | GotoLocation(Dresser); PickupObject(RemoteControl); GotoLocation(Drawer); OpenObject(Drawer); PutObject(RemoteControl,Drawer); CloseObject(Drawer)",1 | 0,0,1,both_not_exact
shard_1_cf_1522,Drawer,shard_1_exp0_10033 | shard_1_exp0_10032,closed | open,"GotoLocation(Dresser); PickupObject(Pencil); GotoLocation(Drawer); OpenObject(Drawer); PutObject(Pencil,Drawer); CloseObject(Drawer) | GotoLocation(Dresser); PickupObject(Pencil); GotoLocation(Drawer); PutObject(Pencil,Drawer)",<unparseable> | <unparseable>,0 | 0,0,1,"GotoLocation(Dresser); PickupObject(Pencil); GotoLocation(Drawer); OpenObject(Drawer); PutObject(Pencil,Drawer); CloseObject(Drawer) | GotoLocation(Dresser); PickupObject(Pencil); GotoLocation(Drawer); PutObject(Pencil,Drawer)",1 | 1,1,0,candidate_fixed
shard_1_cf_1545,Fridge,shard_1_exp0_10116 | shard_1_exp0_10115,closed | open,GotoLocation(Fridge); OpenObject(Fridge) | GotoLocation(Fridge),<unparseable> | <unparseable>,0 | 0,0,1,GotoLocation(Fridge); OpenObject(Fridge) | GotoLocation(Fridge),1 | 1,1,0,candidate_fixed
shard_1_cf_1546,Drawer,shard_1_exp0_10118 | shard_1_exp0_10117,closed | open,GotoLocation(Drawer); OpenObject(Drawer) | GotoLocation(Drawer),<unparseable> | <unparseable>,0 | 0,0,1,GotoLocation(Drawer); OpenObject(Drawer) | GotoLocation(Drawer),1 | 1,1,0,candidate_fixed
shard_1_cf_1547,Drawer,shard_1_exp0_10120 | shard_1_exp0_10119,closed | open,GotoLocation(Drawer); OpenObject(Drawer) | GotoLocation(Drawer),<unparseable> | <unparseable>,0 | 0,0,1,GotoLocation(Drawer) | GotoLocation(Drawer),0 | 1,0,1,both_not_exact
shard_1_cf_1548,Drawer,shard_1_exp0_10123 | shard_1_exp0_10122,closed | open,"GotoLocation(SideTable); PickupObject(Cloth); GotoLocation(Drawer); OpenObject(Drawer); PutObject(Cloth,Drawer); CloseObject(Drawer) | GotoLocation(SideTable); PickupObject(Cloth); GotoLocation(Drawer); PutObject(Cloth,Drawer)",<unparseable> | <unparseable>,0 | 0,0,1,"GotoLocation(SideTable); PickupObject(Cloth); GotoLocation(Drawer); OpenObject(Drawer); PutObject(Cloth,Drawer); CloseObject(Drawer) | GotoLocation(SideTable); PickupObject(Cloth); GotoLocation(Drawer); PutObject(Cloth,Drawer)",1 | 1,1,0,candidate_fixed
shard_1_cf_1607,Drawer,shard_1_exp0_10326 | shard_1_exp0_10325,closed | open,"GotoLocation(Dresser); PickupObject(Book); GotoLocation(Drawer); OpenObject(Drawer); PutObject(Book,Drawer); CloseObject(Drawer) | GotoLocation(Dresser); PickupObject(Book); GotoLocation(Drawer); PutObject(Book,Drawer)",<unparseable> | <unparseable>,0 | 0,0,1,"GotoLocation(Dresser); PickupObject(Book); GotoLocation(Drawer); OpenObject(Drawer); PutObject(Book,Drawer); CloseObject(Drawer) | GotoLocation(Dresser); PickupObject(Book); GotoLocation(Drawer); PutObject(Book,Drawer)",1 | 1,1,0,candidate_fixed
shard_1_cf_1608,Drawer,shard_1_exp0_10328 | shard_1_exp0_10327,closed | open,"GotoLocation(Dresser); PickupObject(Book); GotoLocation(Drawer); OpenObject(Drawer); PutObject(Book,Drawer); CloseObject(Drawer) | GotoLocation(Dresser); PickupObject(Book); GotoLocation(Drawer); PutObject(Book,Drawer)",<unparseable> | <unparseable>,0 | 0,0,1,"GotoLocation(Dresser); PickupObject(Book); GotoLocation(Drawer); OpenObject(Drawer); PutObject(Book,Drawer); CloseObject(Drawer) | GotoLocation(Dresser); PickupObject(Book); GotoLocation(Drawer); PutObject(Book,Drawer)",1 | 1,1,0,candidate_fixed
shard_1_cf_1632,Drawer,shard_1_exp0_10400 | shard_1_exp0_10399,closed | open,GotoLocation(Drawer); OpenObject(Drawer) | GotoLocation(Drawer),<unparseable> | <unparseable>,0 | 0,0,1,GotoLocation(Drawer); OpenObject(Drawer) | GotoLocation(Drawer),1 | 1,1,0,candidate_fixed
shard_1_cf_1633,Drawer,shard_1_exp0_10402 | shard_1_exp0_10401,closed | open,"GotoLocation(Dresser); PickupObject(CD); GotoLocation(Drawer); OpenObject(Drawer); PutObject(CD,Drawer); CloseObject(Drawer) | GotoLocation(Dresser); PickupObject(CD); GotoLocation(Drawer); PutObject(CD,Drawer)",<unparseable> | <unparseable>,0 | 0,0,1,"GotoLocation(Dresser); PickupObject(CD); GotoLocation(Drawer); PutObject(CD,Drawer) | GotoLocation(Dresser); PickupObject(CD); GotoLocation(Drawer); PutObject(CD,Drawer)",0 | 1,0,1,both_not_exact
shard_1_cf_1634,Drawer,shard_1_exp0_10405 | shard_1_exp0_10404,closed | open,"GotoLocation(Dresser); PickupObject(CD); GotoLocation(Drawer); OpenObject(Drawer); PutObject(CD,Drawer); CloseObject(Drawer) | GotoLocation(Dresser); PickupObject(CD); GotoLocation(Drawer); PutObject(CD,Drawer)",<unparseable> | <unparseable>,0 | 0,0,1,"GotoLocation(Dresser); PickupObject(CD); GotoLocation(Drawer); OpenObject(Drawer); PutObject(CD,Drawer); CloseObject(Drawer) | GotoLocation(Dresser); PickupObject(CD); GotoLocation(Drawer); PutObject(CD,Drawer)",1 | 1,1,0,candidate_fixed
shard_1_cf_1646,Drawer,shard_1_exp0_10441 | shard_1_exp0_10440,closed | open,GotoLocation(Drawer); OpenObject(Drawer) | GotoLocation(Drawer),<unparseable> | <unparseable>,0 | 0,0,1,GotoLocation(Drawer); OpenObject(Drawer) | GotoLocation(Drawer),1 | 1,1,0,candidate_fixed
shard_1_cf_1666,Safe,shard_1_exp0_10497 | shard_1_exp0_10496,closed | open,GotoLocation(Safe); OpenObject(Safe) | GotoLocation(Safe),<unparseable> | <unparseable>,0 | 0,0,1,GotoLocation(Safe); OpenObject(Safe) | GotoLocation(Safe),1 | 1,1,0,candidate_fixed
shard_1_cf_1667,Drawer,shard_1_exp0_10499 | shard_1_exp0_10498,closed | open,GotoLocation(Drawer); OpenObject(Drawer) | GotoLocation(Drawer),<unparseable> | <unparseable>,0 | 0,0,1,GotoLocation(Drawer); OpenObject(Drawer) | GotoLocation(Drawer),1 | 1,1,0,candidate_fixed
shard_1_cf_1668,Safe,shard_1_exp0_10501 | shard_1_exp0_10500,closed | open,GotoLocation(Safe); OpenObject(Safe) | GotoLocation(Safe),<unparseable> | <unparseable>,0 | 0,0,1,GotoLocation(Safe); OpenObject(Safe) | GotoLocation(Safe),1 | 1,1,0,candidate_fixed
shard_1_cf_1689,Drawer,shard_1_exp0_10575 | shard_1_exp0_10574,closed | open,"GotoLocation(ToiletPaper); PickupObject(ToiletPaper); GotoLocation(Drawer); OpenObject(Drawer); PutObject(ToiletPaper,Drawer); CloseObject(Drawer) | GotoLocation(ToiletPaper); PickupObject(ToiletPaper); GotoLocation(Drawer); PutObject(ToiletPaper,Drawer)",<unparseable> | <unparseable>,0 | 0,0,1,"GotoLocation(ToiletPaper); PickupObject(ToiletPaper); GotoLocation(Drawer); OpenObject(Drawer); PutObject(ToiletPaper,Drawer); CloseObject(Drawer) | GotoLocation(ToiletPaper); PickupObject(ToiletPaper); GotoLocation(Drawer); PutObject(ToiletPaper,Drawer)",1 | 1,1,0,candidate_fixed
shard_1_cf_1690,Drawer,shard_1_exp0_10577 | shard_1_exp0_10576,closed | open,"GotoLocation(Dresser); PickupObject(Watch); GotoLocation(Drawer); OpenObject(Drawer); PutObject(Watch,Drawer); CloseObject(Drawer) | GotoLocation(Dresser); PickupObject(Watch); GotoLocation(Drawer); PutObject(Watch,Drawer)",<unparseable> | <unparseable>,0 | 0,0,1,"GotoLocation(Dresser); PickupObject(Watch); GotoLocation(Drawer); OpenObject(Drawer); PutObject(Watch,Drawer); CloseObject(Drawer) | GotoLocation(Dresser); PickupObject(Watch); GotoLocation(Drawer); PutObject(Watch,Drawer)",1 | 1,1,0,candidate_fixed
shard_1_cf_1691,Drawer,shard_1_exp0_10579 | shard_1_exp0_10578,closed | open,GotoLocation(Drawer); OpenObject(Drawer) | GotoLocation(Drawer),<unparseable> | <unparseable>,0 | 0,0,1,GotoLocation(Drawer); OpenObject(Drawer) | GotoLocation(Drawer),1 | 1,1,0,candidate_fixed
shard_1_cf_1692,Fridge,shard_1_exp0_10581 | shard_1_exp0_10580,closed | open,GotoLocation(Fridge); OpenObject(Fridge) | GotoLocation(Fridge),<unparseable> | <unparseable>,0 | 0,0,1,GotoLocation(Fridge); OpenObject(Fridge) | GotoLocation(Fridge),1 | 1,1,0,candidate_fixed
shard_1_cf_1693,Fridge,shard_1_exp0_10583 | shard_1_exp0_10582,closed | open,GotoLocation(Fridge); OpenObject(Fridge) | GotoLocation(Fridge),<unparseable> | <unparseable>,0 | 0,0,1,GotoLocation(Fridge); OpenObject(Fridge) | GotoLocation(Fridge); OpenObject(Fridge),1 | 0,0,1,both_not_exact
shard_1_cf_1694,Fridge,shard_1_exp0_10587 | shard_1_exp0_10586,closed | open,GotoLocation(Fridge); OpenObject(Fridge) | GotoLocation(Fridge),<unparseable> | <unparseable>,0 | 0,0,1,GotoLocation(Fridge); OpenObject(Fridge) | GotoLocation(Fridge),1 | 1,1,0,candidate_fixed
shard_1_cf_1695,Drawer,shard_1_exp0_10589 | shard_1_exp0_10588,closed | open,"GotoLocation(SideTable); PickupObject(ButterKnife); GotoLocation(Drawer); OpenObject(Drawer); PutObject(ButterKnife,Drawer); CloseObject(Drawer) | GotoLocation(SideTable); PickupObject(ButterKnife); GotoLocation(Drawer); PutObject(ButterKnife,Drawer)",<unparseable> | <unparseable>,0 | 0,0,1,"GotoLocation(SideTable); PickupObject(ButterKnife); GotoLocation(Drawer); OpenObject(Drawer); PutObject(ButterKnife,Drawer); CloseObject(Drawer) | GotoLocation(SideTable); PickupObject(ButterKnife); GotoLocation(Drawer); PutObject(ButterKnife,Drawer)",1 | 1,1,0,candidate_fixed
shard_1_cf_1696,Fridge,shard_1_exp0_10591 | shard_1_exp0_10590,closed | open,GotoLocation(Fridge); OpenObject(Fridge) | GotoLocation(Fridge),<unparseable> | <unparseable>,0 | 0,0,1,GotoLocation(Fridge); OpenObject(Fridge) | GotoLocation(Fridge),1 | 1,1,0,candidate_fixed
shard_1_cf_1701,Drawer,shard_1_exp0_10601 | shard_1_exp0_10600,closed | open,GotoLocation(Drawer); OpenObject(Drawer) | GotoLocation(Drawer),<unparseable> | <unparseable>,0 | 0,0,1,GotoLocation(Drawer); OpenObject(Drawer) | GotoLocation(Drawer),1 | 1,1,0,candidate_fixed
shard_1_cf_1702,Drawer,shard_1_exp0_10603 | shard_1_exp0_10602,closed | open,"GotoLocation(Dresser); PickupObject(CellPhone); GotoLocation(Drawer); OpenObject(Drawer); PutObject(CellPhone,Drawer); CloseObject(Drawer) | GotoLocation(Dresser); PickupObject(CellPhone); GotoLocation(Drawer); PutObject(CellPhone,Drawer)",<unparseable> | <unparseable>,0 | 0,0,1,"GotoLocation(Dresser); PickupObject(CellPhone); GotoLocation(Drawer); OpenObject(Drawer); PutObject(CellPhone,Drawer); CloseObject(Drawer) | GotoLocation(Dresser); PickupObject(CellPhone); GotoLocation(Drawer); PutObject(CellPhone,Drawer)",1 | 1,1,0,candidate_fixed
shard_1_cf_1703,Drawer,shard_1_exp0_10605 | shard_1_exp0_10604,closed | open,GotoLocation(Drawer); OpenObject(Drawer) | GotoLocation(Drawer),<unparseable> | <unparseable>,0 | 0,0,1,GotoLocation(Drawer); OpenObject(Drawer) | GotoLocation(Drawer),1 | 1,1,0,candidate_fixed
shard_1_cf_1704,Drawer,shard_1_exp0_10607 | shard_1_exp0_10606,closed | open,"GotoLocation(Dresser); PickupObject(CellPhone); GotoLocation(Drawer); OpenObject(Drawer); PutObject(CellPhone,Drawer); CloseObject(Drawer) | GotoLocation(Dresser); PickupObject(CellPhone); GotoLocation(Drawer); PutObject(CellPhone,Drawer)",<unparseable> | <unparseable>,0 | 0,0,1,"GotoLocation(Dresser); PickupObject(CellPhone); GotoLocation(Drawer); OpenObject(Drawer); PutObject(CellPhone,Drawer); CloseObject(Drawer) | GotoLocation(Dresser); PickupObject(CellPhone); GotoLocation(Drawer); PutObject(CellPhone,Drawer)",1 | 1,1,0,candidate_fixed
shard_1_cf_1705,Drawer,shard_1_exp0_10609 | shard_1_exp0_10608,closed | open,GotoLocation(Drawer); OpenObject(Drawer) | GotoLocation(Drawer),<unparseable> | <unparseable>,0 | 0,0,1,GotoLocation(Drawer); OpenObject(Drawer) | GotoLocation(Drawer),1 | 1,1,0,candidate_fixed
shard_1_cf_1709,Drawer,shard_1_exp0_10629 | shard_1_exp0_10628,closed | open,GotoLocation(Drawer); OpenObject(Drawer) | GotoLocation(Drawer),<unparseable> | <unparseable>,0 | 0,0,1,GotoLocation(Drawer); OpenObject(Drawer) | GotoLocation(Drawer),1 | 1,1,0,candidate_fixed
shard_1_cf_1710,Drawer,shard_1_exp0_10632 | shard_1_exp0_10631,closed | open,"GotoLocation(Bed); PickupObject(CellPhone); GotoLocation(Drawer); OpenObject(Drawer); PutObject(CellPhone,Drawer); CloseObject(Drawer) | GotoLocation(Bed); PickupObject(CellPhone); GotoLocation(Drawer); PutObject(CellPhone,Drawer)",<unparseable> | <unparseable>,0 | 0,0,1,"GotoLocation(Bed); PickupObject(CellPhone); GotoLocation(Drawer); OpenObject(Drawer); PutObject(CellPhone,Drawer); CloseObject(Drawer) | GotoLocation(Bed); PickupObject(CellPhone); GotoLocation(Drawer); PutObject(CellPhone,Drawer)",1 | 1,1,0,candidate_fixed
shard_1_cf_1711,Drawer,shard_1_exp0_10636 | shard_1_exp0_10635,closed | open,"GotoLocation(Desk); PickupObject(CreditCard); GotoLocation(Drawer); OpenObject(Drawer); PutObject(CreditCard,Drawer); CloseObject(Drawer) | GotoLocation(Desk); PickupObject(CreditCard); GotoLocation(Drawer); PutObject(CreditCard,Drawer)",<unparseable> | <unparseable>,0 | 0,0,1,"GotoLocation(Desk); PickupObject(CreditCard); GotoLocation(Drawer); OpenObject(Drawer); PutObject(CreditCard,Drawer); CloseObject(Drawer) | GotoLocation(Desk); PickupObject(CreditCard); GotoLocation(Drawer); PutObject(CreditCard,Drawer)",1 | 1,1,0,candidate_fixed
shard_1_cf_1714,Drawer,shard_1_exp0_10657 | shard_1_exp0_10656,closed | open,GotoLocation(Drawer); OpenObject(Drawer) | GotoLocation(Drawer),<unparseable> | <unparseable>,0 | 0,0,1,GotoLocation(Drawer); OpenObject(Drawer) | GotoLocation(Drawer),1 | 1,1,0,candidate_fixed
shard_1_cf_1715,Drawer,shard_1_exp0_10659 | shard_1_exp0_10658,closed | open,GotoLocation(Drawer); OpenObject(Drawer) | GotoLocation(Drawer),<unparseable> | <unparseable>,0 | 0,0,1,GotoLocation(Drawer); OpenObject(Drawer) | GotoLocation(Drawer),1 | 1,1,0,candidate_fixed
shard_1_cf_1716,Drawer,shard_1_exp0_10661 | shard_1_exp0_10660,closed | open,GotoLocation(Drawer); OpenObject(Drawer) | GotoLocation(Drawer),<unparseable> | <unparseable>,0 | 0,0,1,GotoLocation(Drawer); OpenObject(Drawer) | GotoLocation(Drawer),1 | 1,1,0,candidate_fixed
shard_1_cf_1717,Drawer,shard_1_exp0_10666 | shard_1_exp0_10665,closed | open,"GotoLocation(SideTable); PickupObject(Book); GotoLocation(Drawer); OpenObject(Drawer); PutObject(Book,Drawer); CloseObject(Drawer) | GotoLocation(SideTable); PickupObject(Book); GotoLocation(Drawer); PutObject(Book,Drawer)",<unparseable> | <unparseable>,0 | 0,0,1,"GotoLocation(Shelf); PickupObject(Book); GotoLocation(Drawer); OpenObject(Drawer); PutObject(Book,Drawer); CloseObject(Drawer) | GotoLocation(SideTable); PickupObject(Book); GotoLocation(Drawer); PutObject(Book,Drawer)",0 | 1,0,0,both_not_exact
shard_1_cf_1803,Drawer,shard_1_exp0_10927 | shard_1_exp0_10926,closed | open,GotoLocation(Drawer); OpenObject(Drawer) | GotoLocation(Drawer),<unparseable> | <unparseable>,0 | 0,0,1,GotoLocation(Drawer); OpenObject(Drawer) | GotoLocation(Drawer),1 | 1,1,0,candidate_fixed
shard_1_cf_1804,Drawer,shard_1_exp0_10929 | shard_1_exp0_10928,closed | open,GotoLocation(Drawer); OpenObject(Drawer) | GotoLocation(Drawer),<unparseable> | <unparseable>,0 | 0,0,1,GotoLocation(Drawer); OpenObject(Drawer) | GotoLocation(Drawer),1 | 1,1,0,candidate_fixed
shard_1_cf_1805,Drawer,shard_1_exp0_10931 | shard_1_exp0_10930,closed | open,GotoLocation(Drawer); OpenObject(Drawer) | GotoLocation(Drawer),<unparseable> | <unparseable>,0 | 0,0,1,GotoLocation(Drawer); OpenObject(Drawer) | GotoLocation(Drawer),1 | 1,1,0,candidate_fixed
shard_1_cf_1806,Drawer,shard_1_exp0_10933 | shard_1_exp0_10932,closed | open,GotoLocation(Drawer); OpenObject(Drawer) | GotoLocation(Drawer),<unparseable> | <unparseable>,0 | 0,0,1,GotoLocation(Drawer); OpenObject(Drawer) | GotoLocation(Drawer),1 | 1,1,0,candidate_fixed
shard_1_cf_1807,Drawer,shard_1_exp0_10935 | shard_1_exp0_10934,closed | open,GotoLocation(Drawer); OpenObject(Drawer) | GotoLocation(Drawer),<unparseable> | <unparseable>,0 | 0,0,1,GotoLocation(Drawer); OpenObject(Drawer) | GotoLocation(Drawer),1 | 1,1,0,candidate_fixed
shard_1_cf_1808,Drawer,shard_1_exp0_10937 | shard_1_exp0_10936,closed | open,GotoLocation(Drawer); OpenObject(Drawer) | GotoLocation(Drawer),<unparseable> | <unparseable>,0 | 0,0,1,GotoLocation(Drawer); OpenObject(Drawer) | GotoLocation(Drawer),1 | 1,1,0,candidate_fixed
shard_1_cf_1817,Drawer,shard_1_exp0_10978 | shard_1_exp0_10977,closed | open,GotoLocation(Drawer); OpenObject(Drawer) | GotoLocation(Drawer),<unparseable> | <unparseable>,0 | 0,0,1,GotoLocation(Drawer); OpenObject(Drawer) | GotoLocation(Drawer),1 | 1,1,0,candidate_fixed
shard_1_cf_1818,Drawer,shard_1_exp0_10980 | shard_1_exp0_10979,closed | open,"GotoLocation(Bed); PickupObject(Book); GotoLocation(Drawer); OpenObject(Drawer); PutObject(Book,Drawer); CloseObject(Drawer) | GotoLocation(Bed); PickupObject(Book); GotoLocation(Drawer); PutObject(Book,Drawer)",<unparseable> | <unparseable>,0 | 0,0,1,"GotoLocation(Bed); PickupObject(Book); GotoLocation(Drawer); OpenObject(Drawer); PutObject(Book,Drawer); CloseObject(Drawer) | GotoLocation(Bed); PickupObject(Book); GotoLocation(Drawer); OpenObject(Drawer); PutObject(Book,Drawer); CloseObject(Drawer)",1 | 0,0,1,both_not_exact
shard_1_cf_1819,Drawer,shard_1_exp0_10983 | shard_1_exp0_10982,closed | open,GotoLocation(Drawer); OpenObject(Drawer) | GotoLocation(Drawer),<unparseable> | <unparseable>,0 | 0,0,1,GotoLocation(Drawer); OpenObject(Drawer) | GotoLocation(Drawer),1 | 1,1,0,candidate_fixed
shard_1_cf_1820,Drawer,shard_1_exp0_10985 | shard_1_exp0_10984,closed | open,GotoLocation(Drawer); OpenObject(Drawer) | GotoLocation(Drawer),<unparseable> | <unparseable>,0 | 0,0,1,GotoLocation(Drawer); OpenObject(Drawer) | GotoLocation(Drawer),1 | 1,1,0,candidate_fixed
shard_1_cf_1821,Drawer,shard_1_exp0_10987 | shard_1_exp0_10986,closed | open,GotoLocation(Drawer); OpenObject(Drawer) | GotoLocation(Drawer),<unparseable> | <unparseable>,0 | 0,0,1,GotoLocation(Drawer); OpenObject(Drawer) | GotoLocation(Drawer),1 | 1,1,0,candidate_fixed
shard_1_cf_1822,Drawer,shard_1_exp0_10989 | shard_1_exp0_10988,closed | open,GotoLocation(Drawer); OpenObject(Drawer) | GotoLocation(Drawer),<unparseable> | <unparseable>,0 | 0,0,1,GotoLocation(Drawer); OpenObject(Drawer) | GotoLocation(Drawer),1 | 1,1,0,candidate_fixed
shard_1_cf_1823,Drawer,shard_1_exp0_10991 | shard_1_exp0_10990,closed | open,GotoLocation(Drawer); OpenObject(Drawer) | GotoLocation(Drawer),<unparseable> | <unparseable>,0 | 0,0,1,GotoLocation(Drawer); OpenObject(Drawer) | GotoLocation(Drawer),1 | 1,1,0,candidate_fixed
shard_1_cf_1824,Drawer,shard_1_exp0_10993 | shard_1_exp0_10992,closed | open,GotoLocation(Drawer); OpenObject(Drawer) | GotoLocation(Drawer),<unparseable> | <unparseable>,0 | 0,0,1,GotoLocation(Drawer); OpenObject(Drawer) | GotoLocation(Drawer),1 | 1,1,0,candidate_fixed
shard_1_cf_1848,Drawer,shard_1_exp0_11081 | shard_1_exp0_11080,closed | open,GotoLocation(Drawer); OpenObject(Drawer) | GotoLocation(Drawer),<unparseable> | <unparseable>,0 | 0,0,1,GotoLocation(Drawer); OpenObject(Drawer) | GotoLocation(Drawer),1 | 1,1,0,candidate_fixed
shard_1_cf_1849,Drawer,shard_1_exp0_11085 | shard_1_exp0_11084,closed | open,"GotoLocation(SideTable); PickupObject(Book); GotoLocation(Drawer); OpenObject(Drawer); PutObject(Book,Drawer); CloseObject(Drawer) | GotoLocation(SideTable); PickupObject(Book); GotoLocation(Drawer); PutObject(Book,Drawer)",<unparseable> | <unparseable>,0 | 0,0,1,"GotoLocation(Dresser); PickupObject(Book); GotoLocation(Drawer); OpenObject(Drawer); PutObject(Book,Drawer); CloseObject(Drawer) | GotoLocation(Dresser); PickupObject(Book); GotoLocation(Drawer); PutObject(Book,Drawer)",0 | 0,0,0,both_not_exact
shard_1_cf_1938,Drawer,shard_1_exp0_11386 | shard_1_exp0_11385,closed | open,"GotoLocation(Dresser); PickupObject(RemoteControl); GotoLocation(Drawer); OpenObject(Drawer); PutObject(RemoteControl,Drawer); CloseObject(Drawer) | GotoLocation(Dresser); PickupObject(RemoteControl); GotoLocation(Drawer); PutObject(RemoteControl,Drawer)",<unparseable> | <unparseable>,0 | 0,0,1,"GotoLocation(Dresser); PickupObject(RemoteControl); GotoLocation(Drawer); OpenObject(Drawer); PutObject(RemoteControl,Drawer); CloseObject(Drawer) | GotoLocation(Dresser); PickupObject(RemoteControl); GotoLocation(Drawer); OpenObject(Drawer); PutObject(RemoteControl,Drawer); CloseObject(Drawer)",1 | 0,0,1,both_not_exact
shard_1_cf_1942,Drawer,shard_1_exp0_11396 | shard_1_exp0_11395,closed | open,GotoLocation(Drawer); OpenObject(Drawer) | GotoLocation(Drawer),<unparseable> | <unparseable>,0 | 0,0,1,GotoLocation(Drawer); OpenObject(Drawer) | GotoLocation(Drawer),1 | 1,1,0,candidate_fixed
shard_1_cf_1943,Drawer,shard_1_exp0_11398 | shard_1_exp0_11397,closed | open,GotoLocation(Drawer); OpenObject(Drawer) | GotoLocation(Drawer),<unparseable> | <unparseable>,0 | 0,0,1,GotoLocation(Drawer); OpenObject(Drawer) | GotoLocation(Drawer),1 | 1,1,0,candidate_fixed
shard_1_cf_1944,Fridge,shard_1_exp0_11400 | shard_1_exp0_11399,closed | open,GotoLocation(Fridge); OpenObject(Fridge) | GotoLocation(Fridge),<unparseable> | <unparseable>,0 | 0,0,1,GotoLocation(Fridge); OpenObject(Fridge) | GotoLocation(Fridge),1 | 1,1,0,candidate_fixed
shard_1_cf_1951,Drawer,shard_1_exp0_11425 | shard_1_exp0_11424,closed | open,"GotoLocation(Dresser); PickupObject(CreditCard); GotoLocation(Drawer); OpenObject(Drawer); PutObject(CreditCard,Drawer); CloseObject(Drawer) | GotoLocation(Dresser); PickupObject(CreditCard); GotoLocation(Drawer); PutObject(CreditCard,Drawer)",<unparseable> | <unparseable>,0 | 0,0,1,"GotoLocation(Dresser); PickupObject(CreditCard); GotoLocation(Drawer); OpenObject(Drawer); PutObject(CreditCard,Drawer); CloseObject(Drawer) | GotoLocation(Dresser); PickupObject(CreditCard); GotoLocation(Drawer); PutObject(CreditCard,Drawer)",1 | 1,1,0,candidate_fixed
shard_1_cf_1952,Drawer,shard_1_exp0_11427 | shard_1_exp0_11426,closed | open,"GotoLocation(Dresser); PickupObject(CreditCard); GotoLocation(Drawer); OpenObject(Drawer); PutObject(CreditCard,Drawer); CloseObject(Drawer) | GotoLocation(Dresser); PickupObject(CreditCard); GotoLocation(Drawer); PutObject(CreditCard,Drawer)",<unparseable> | <unparseable>,0 | 0,0,1,"GotoLocation(Dresser); PickupObject(CreditCard); GotoLocation(Drawer); OpenObject(Drawer); PutObject(CreditCard,Drawer); CloseObject(Drawer) | GotoLocation(Dresser); PickupObject(CreditCard); GotoLocation(Drawer); PutObject(CreditCard,Drawer)",1 | 1,1,0,candidate_fixed
shard_1_cf_1953,Drawer,shard_1_exp0_11429 | shard_1_exp0_11428,closed | open,"GotoLocation(Dresser); PickupObject(CreditCard); GotoLocation(Drawer); OpenObject(Drawer); PutObject(CreditCard,Drawer); CloseObject(Drawer) | GotoLocation(Dresser); PickupObject(CreditCard); GotoLocation(Drawer); PutObject(CreditCard,Drawer)",<unparseable> | <unparseable>,0 | 0,0,1,"GotoLocation(Dresser); PickupObject(CreditCard); GotoLocation(Drawer); OpenObject(Drawer); PutObject(CreditCard,Drawer); CloseObject(Drawer) | GotoLocation(Dresser); PickupObject(CreditCard); GotoLocation(Drawer); PutObject(CreditCard,Drawer)",1 | 1,1,0,candidate_fixed
shard_1_cf_1954,Fridge,shard_1_exp0_11431 | shard_1_exp0_11430,closed | open,GotoLocation(Fridge); OpenObject(Fridge) | GotoLocation(Fridge),<unparseable> | <unparseable>,0 | 0,0,1,GotoLocation(Fridge); OpenObject(Fridge) | GotoLocation(Fridge),1 | 1,1,0,candidate_fixed
shard_1_cf_1955,Drawer,shard_1_exp0_11433 | shard_1_exp0_11432,closed | open,GotoLocation(Drawer); OpenObject(Drawer) | GotoLocation(Drawer),<unparseable> | <unparseable>,0 | 0,0,1,GotoLocation(Drawer); OpenObject(Drawer) | GotoLocation(Drawer),1 | 1,1,0,candidate_fixed
shard_1_cf_1956,Drawer,shard_1_exp0_11435 | shard_1_exp0_11434,closed | open,GotoLocation(Drawer); OpenObject(Drawer) | GotoLocation(Drawer),<unparseable> | <unparseable>,0 | 0,0,1,GotoLocation(Drawer); OpenObject(Drawer) | GotoLocation(Drawer),1 | 1,1,0,candidate_fixed
shard_1_cf_2064,Drawer,shard_1_exp0_11767 | shard_1_exp0_11766,closed | open,GotoLocation(Drawer); OpenObject(Drawer) | GotoLocation(Drawer),<unparseable> | <unparseable>,0 | 0,0,1,GotoLocation(Drawer); OpenObject(Drawer) | GotoLocation(Drawer); OpenObject(Drawer),1 | 0,0,1,both_not_exact
shard_1_cf_2065,Drawer,shard_1_exp0_11770 | shard_1_exp0_11769,closed | open,GotoLocation(Drawer); OpenObject(Drawer) | GotoLocation(Drawer),<unparseable> | <unparseable>,0 | 0,0,1,GotoLocation(Drawer); OpenObject(Drawer) | GotoLocation(Drawer),1 | 1,1,0,candidate_fixed
shard_1_cf_2066,Drawer,shard_1_exp0_11772 | shard_1_exp0_11771,closed | open,GotoLocation(Drawer); OpenObject(Drawer) | GotoLocation(Drawer),<unparseable> | <unparseable>,0 | 0,0,1,GotoLocation(Drawer); OpenObject(Drawer) | GotoLocation(Drawer),1 | 1,1,0,candidate_fixed
shard_1_cf_2067,Drawer,shard_1_exp0_11775 | shard_1_exp0_11774,closed | open,"GotoLocation(Dresser); PickupObject(Pen); GotoLocation(Drawer); OpenObject(Drawer); PutObject(Pen,Drawer); CloseObject(Drawer) | GotoLocation(Dresser); PickupObject(Pen); GotoLocation(Drawer); PutObject(Pen,Drawer)",<unparseable> | <unparseable>,0 | 0,0,1,"GotoLocation(Shelf); PickupObject(Pen); GotoLocation(Drawer); OpenObject(Drawer); PutObject(Pen,Drawer); CloseObject(Drawer) | GotoLocation(Shelf); PickupObject(Pen); GotoLocation(Drawer); PutObject(Pen,Drawer)",0 | 0,0,0,both_not_exact
shard_1_cf_2097,Drawer,shard_1_exp0_11866 | shard_1_exp0_11865,closed | open,"GotoLocation(Bed); PickupObject(RemoteControl); GotoLocation(Drawer); OpenObject(Drawer); PutObject(RemoteControl,Drawer); CloseObject(Drawer) | GotoLocation(Bed); PickupObject(RemoteControl); GotoLocation(Drawer); PutObject(RemoteControl,Drawer)",<unparseable> | <unparseable>,0 | 0,0,1,"GotoLocation(Bed); PickupObject(RemoteControl); GotoLocation(Drawer); OpenObject(Drawer); PutObject(RemoteControl,Drawer); CloseObject(Drawer) | GotoLocation(Bed); PickupObject(RemoteControl); GotoLocation(Drawer); OpenObject(Drawer); PutObject(RemoteControl,Drawer); CloseObject(Drawer)",1 | 0,0,1,both_not_exact
shard_1_cf_2098,Drawer,shard_1_exp0_11869 | shard_1_exp0_11868,closed | open,"GotoLocation(Dresser); PickupObject(RemoteControl); GotoLocation(Drawer); OpenObject(Drawer); PutObject(RemoteControl,Drawer); CloseObject(Drawer) | GotoLocation(Dresser); PickupObject(RemoteControl); GotoLocation(Drawer); PutObject(RemoteControl,Drawer)",<unparseable> | <unparseable>,0 | 0,0,1,"GotoLocation(Dresser); PickupObject(RemoteControl); GotoLocation(Drawer); OpenObject(Drawer); PutObject(RemoteControl,Drawer); CloseObject(Drawer) | GotoLocation(Dresser); PickupObject(RemoteControl); GotoLocation(Drawer); PutObject(RemoteControl,Drawer)",1 | 1,1,0,candidate_fixed
shard_1_cf_2099,Drawer,shard_1_exp0_11872 | shard_1_exp0_11871,closed | open,"GotoLocation(Dresser); PickupObject(KeyChain); GotoLocation(Drawer); OpenObject(Drawer); PutObject(KeyChain,Drawer); CloseObject(Drawer) | GotoLocation(Dresser); PickupObject(KeyChain); GotoLocation(Drawer); PutObject(KeyChain,Drawer)",<unparseable> | <unparseable>,0 | 0,0,1,"GotoLocation(Dresser); PickupObject(KeyChain); GotoLocation(Drawer); OpenObject(Drawer); PutObject(KeyChain,Drawer); CloseObject(Drawer) | GotoLocation(Dresser); PickupObject(KeyChain); GotoLocation(Drawer); PutObject(KeyChain,Drawer)",1 | 1,1,0,candidate_fixed
shard_1_cf_2112,Drawer,shard_1_exp0_11938 | shard_1_exp0_11937,closed | open,GotoLocation(Drawer); OpenObject(Drawer) | GotoLocation(Drawer),<unparseable> | <unparseable>,0 | 0,0,1,GotoLocation(Drawer); OpenObject(Drawer) | GotoLocation(Drawer); OpenObject(Drawer),1 | 0,0,1,both_not_exact
shard_1_cf_2113,Drawer,shard_1_exp0_11940 | shard_1_exp0_11939,closed | open,GotoLocation(Drawer); OpenObject(Drawer) | GotoLocation(Drawer),<unparseable> | <unparseable>,0 | 0,0,1,GotoLocation(Drawer); OpenObject(Drawer) | GotoLocation(Drawer),1 | 1,1,0,candidate_fixed
shard_1_cf_2114,Drawer,shard_1_exp0_11942 | shard_1_exp0_11941,closed | open,GotoLocation(Drawer); OpenObject(Drawer) | GotoLocation(Drawer),<unparseable> | <unparseable>,0 | 0,0,1,GotoLocation(Drawer); OpenObject(Drawer) | GotoLocation(Drawer),1 | 1,1,0,candidate_fixed
shard_1_cf_2135,Drawer,shard_1_exp0_12010 | shard_1_exp0_12009,closed | open,GotoLocation(Drawer); OpenObject(Drawer) | GotoLocation(Drawer),<unparseable> | <unparseable>,0 | 0,0,1,GotoLocation(Drawer); OpenObject(Drawer) | GotoLocation(Drawer),1 | 1,1,0,candidate_fixed
shard_1_cf_2136,Drawer,shard_1_exp0_12013 | shard_1_exp0_12012,closed | open,GotoLocation(Drawer); OpenObject(Drawer) | GotoLocation(Drawer),<unparseable> | <unparseable>,0 | 0,0,1,GotoLocation(Drawer); OpenObject(Drawer) | GotoLocation(Drawer),1 | 1,1,0,candidate_fixed
shard_1_cf_2137,Cabinet,shard_1_exp0_12015 | shard_1_exp0_12014,closed | open,GotoLocation(Cabinet); OpenObject(Cabinet) | GotoLocation(Cabinet),<unparseable> | <unparseable>,0 | 0,0,1,GotoLocation(Cabinet); OpenObject(Cabinet) | GotoLocation(Cabinet),1 | 1,1,0,candidate_fixed
shard_1_cf_2174,Drawer,shard_1_exp0_12108 | shard_1_exp0_12107,closed | open,GotoLocation(Drawer); OpenObject(Drawer) | GotoLocation(Drawer),<unparseable> | <unparseable>,0 | 0,0,1,GotoLocation(Drawer); OpenObject(Drawer) | GotoLocation(Drawer),1 | 1,1,0,candidate_fixed
shard_1_cf_2175,Drawer,shard_1_exp0_12110 | shard_1_exp0_12109,closed | open,GotoLocation(Drawer); OpenObject(Drawer) | GotoLocation(Drawer),<unparseable> | <unparseable>,0 | 0,0,1,GotoLocation(Drawer); OpenObject(Drawer) | GotoLocation(Drawer),1 | 1,1,0,candidate_fixed
shard_1_cf_2176,Drawer,shard_1_exp0_12112 | shard_1_exp0_12111,closed | open,"GotoLocation(Dresser); PickupObject(KeyChain); GotoLocation(Drawer); OpenObject(Drawer); PutObject(KeyChain,Drawer); CloseObject(Drawer) | GotoLocation(Dresser); PickupObject(KeyChain); GotoLocation(Drawer); PutObject(KeyChain,Drawer)",<unparseable> | <unparseable>,0 | 0,0,1,"GotoLocation(Dresser); PickupObject(KeyChain); GotoLocation(Drawer); OpenObject(Drawer); PutObject(KeyChain,Drawer); CloseObject(Drawer) | GotoLocation(Dresser); PickupObject(KeyChain); GotoLocation(Drawer); PutObject(KeyChain,Drawer)",1 | 1,1,0,candidate_fixed
shard_1_cf_2196,Drawer,shard_1_exp0_12167 | shard_1_exp0_12166,closed | open,GotoLocation(Drawer); OpenObject(Drawer) | GotoLocation(Drawer),<unparseable> | <unparseable>,0 | 0,0,1,GotoLocation(Drawer); OpenObject(Drawer) | GotoLocation(Drawer),1 | 1,1,0,candidate_fixed
shard_1_cf_2197,Drawer,shard_1_exp0_12169 | shard_1_exp0_12168,closed | open,GotoLocation(Drawer); OpenObject(Drawer) | GotoLocation(Drawer),<unparseable> | <unparseable>,0 | 0,0,1,GotoLocation(Drawer); OpenObject(Drawer) | GotoLocation(Drawer),1 | 1,1,0,candidate_fixed
shard_1_cf_2198,Drawer,shard_1_exp0_12171 | shard_1_exp0_12170,closed | open,"GotoLocation(Dresser); PickupObject(Pencil); GotoLocation(Drawer); OpenObject(Drawer); PutObject(Pencil,Drawer); CloseObject(Drawer) | GotoLocation(Dresser); PickupObject(Pencil); GotoLocation(Drawer); PutObject(Pencil,Drawer)",<unparseable> | <unparseable>,0 | 0,0,1,"GotoLocation(Dresser); PickupObject(Pencil); GotoLocation(Drawer); OpenObject(Drawer); PutObject(Pencil,Drawer); CloseObject(Drawer) | GotoLocation(Dresser); PickupObject(Pencil); GotoLocation(Drawer); PutObject(Pencil,Drawer)",1 | 1,1,0,candidate_fixed
shard_1_cf_2199,Fridge,shard_1_exp0_12173 | shard_1_exp0_12172,closed | open,GotoLocation(Fridge); OpenObject(Fridge) | GotoLocation(Fridge),<unparseable> | <unparseable>,0 | 0,0,1,GotoLocation(Fridge); OpenObject(Fridge) | GotoLocation(Fridge),1 | 1,1,0,candidate_fixed
shard_1_cf_2200,Drawer,shard_1_exp0_12177 | shard_1_exp0_12176,closed | open,GotoLocation(Drawer); OpenObject(Drawer) | GotoLocation(Drawer),<unparseable> | <unparseable>,0 | 0,0,1,GotoLocation(Drawer); OpenObject(Drawer) | GotoLocation(Drawer),1 | 1,1,0,candidate_fixed
shard_1_cf_2201,Fridge,shard_1_exp0_12179 | shard_1_exp0_12178,closed | open,GotoLocation(Fridge); OpenObject(Fridge) | GotoLocation(Fridge),<unparseable> | <unparseable>,0 | 0,0,1,GotoLocation(Fridge); OpenObject(Fridge) | GotoLocation(Fridge); OpenObject(Fridge),1 | 0,0,1,both_not_exact
shard_1_cf_2202,Fridge,shard_1_exp0_12181 | shard_1_exp0_12180,closed | open,GotoLocation(Fridge); OpenObject(Fridge) | GotoLocation(Fridge),<unparseable> | <unparseable>,0 | 0,0,1,GotoLocation(Fridge); OpenObject(Fridge) | GotoLocation(Fridge),1 | 1,1,0,candidate_fixed
shard_1_cf_2226,Fridge,shard_1_exp0_12239 | shard_1_exp0_12238,closed | open,GotoLocation(Fridge); OpenObject(Fridge) | GotoLocation(Fridge),<unparseable> | <unparseable>,0 | 0,0,1,GotoLocation(Fridge); OpenObject(Fridge) | GotoLocation(Fridge),1 | 1,1,0,candidate_fixed
shard_1_cf_2227,Drawer,shard_1_exp0_12241 | shard_1_exp0_12240,closed | open,GotoLocation(Drawer); OpenObject(Drawer) | GotoLocation(Drawer),<unparseable> | <unparseable>,0 | 0,0,1,GotoLocation(Drawer); OpenObject(Drawer) | GotoLocation(Drawer),1 | 1,1,0,candidate_fixed
shard_1_cf_2247,Fridge,shard_1_exp0_12290 | shard_1_exp0_12289,closed | open,GotoLocation(Fridge); OpenObject(Fridge) | GotoLocation(Fridge),<unparseable> | <unparseable>,0 | 0,0,1,GotoLocation(Fridge); OpenObject(Fridge) | GotoLocation(Fridge),1 | 1,1,0,candidate_fixed
shard_1_cf_2248,Fridge,shard_1_exp0_12293 | shard_1_exp0_12292,closed | open,GotoLocation(Fridge); OpenObject(Fridge) | GotoLocation(Fridge),<unparseable> | <unparseable>,0 | 0,0,1,GotoLocation(Fridge); OpenObject(Fridge) | GotoLocation(Fridge),1 | 1,1,0,candidate_fixed
shard_1_cf_2249,Fridge,shard_1_exp0_12295 | shard_1_exp0_12294,closed | open,GotoLocation(Fridge); OpenObject(Fridge) | GotoLocation(Fridge),<unparseable> | <unparseable>,0 | 0,0,1,GotoLocation(Fridge); OpenObject(Fridge) | GotoLocation(Fridge),1 | 1,1,0,candidate_fixed
shard_1_cf_2286,Drawer,shard_1_exp0_12393 | shard_1_exp0_12392,closed | open,GotoLocation(Drawer); OpenObject(Drawer) | GotoLocation(Drawer),<unparseable> | <unparseable>,0 | 0,0,1,GotoLocation(Drawer); OpenObject(Drawer) | GotoLocation(Drawer); OpenObject(Drawer),1 | 0,0,1,both_not_exact
shard_1_cf_2308,Fridge,shard_1_exp0_12465 | shard_1_exp0_12464,closed | open,GotoLocation(Fridge); OpenObject(Fridge) | GotoLocation(Fridge),<unparseable> | <unparseable>,0 | 0,0,1,GotoLocation(Fridge); OpenObject(Fridge) | GotoLocation(Fridge),1 | 1,1,0,candidate_fixed
shard_1_cf_2309,Fridge,shard_1_exp0_12467 | shard_1_exp0_12466,closed | open,GotoLocation(Fridge); OpenObject(Fridge) | GotoLocation(Fridge),<unparseable> | <unparseable>,0 | 0,0,1,GotoLocation(Fridge); OpenObject(Fridge) | GotoLocation(Fridge),1 | 1,1,0,candidate_fixed
shard_1_cf_2310,Safe,shard_1_exp0_12469 | shard_1_exp0_12468,closed | open,GotoLocation(Safe); OpenObject(Safe) | GotoLocation(Safe),<unparseable> | <unparseable>,0 | 0,0,1,GotoLocation(Safe); OpenObject(Safe) | GotoLocation(Safe),1 | 1,1,0,candidate_fixed
shard_1_cf_2311,Microwave,shard_1_exp0_12471 | shard_1_exp0_12470,closed | open,GotoLocation(Microwave); OpenObject(Microwave) | GotoLocation(Microwave),<unparseable> | <unparseable>,0 | 0,0,1,GotoLocation(Microwave); OpenObject(Microwave) | GotoLocation(Microwave); OpenObject(Microwave),1 | 0,0,1,both_not_exact
shard_2_cf_0006,Drawer,shard_2_exp0_0110 | shard_2_exp0_0109,closed | open,"GotoLocation(Dresser); PickupObject(Book); GotoLocation(Drawer); OpenObject(Drawer); PutObject(Book,Drawer); CloseObject(Drawer) | GotoLocation(Dresser); PickupObject(Book); GotoLocation(Drawer); PutObject(Book,Drawer)",<unparseable> | <unparseable>,0 | 0,0,1,"GotoLocation(Dresser); PickupObject(Book); GotoLocation(Drawer); OpenObject(Drawer); PutObject(Book,Drawer); CloseObject(Drawer) | GotoLocation(Dresser); PickupObject(Book); GotoLocation(Drawer); PutObject(Book,Drawer)",1 | 1,1,0,candidate_fixed
shard_2_cf_0025,Fridge,shard_2_exp0_0342 | shard_2_exp0_0341,closed | open,GotoLocation(Fridge); OpenObject(Fridge) | GotoLocation(Fridge),<unparseable> | <unparseable>,0 | 0,0,1,GotoLocation(Fridge); OpenObject(Fridge) | GotoLocation(Fridge),1 | 1,1,0,candidate_fixed
shard_2_cf_0026,Fridge,shard_2_exp0_0345 | shard_2_exp0_0344,closed | open,GotoLocation(Fridge); OpenObject(Fridge) | GotoLocation(Fridge),<unparseable> | <unparseable>,0 | 0,0,1,GotoLocation(Fridge); OpenObject(Fridge) | GotoLocation(Fridge),1 | 1,1,0,candidate_fixed
shard_2_cf_0027,Fridge,shard_2_exp0_0347 | shard_2_exp0_0346,closed | open,GotoLocation(Fridge); OpenObject(Fridge) | GotoLocation(Fridge),<unparseable> | <unparseable>,0 | 0,0,1,GotoLocation(Fridge); OpenObject(Fridge) | GotoLocation(Fridge),1 | 1,1,0,candidate_fixed
shard_2_cf_0028,Drawer,shard_2_exp0_0354 | shard_2_exp0_0353,closed | open,GotoLocation(Drawer); OpenObject(Drawer) | GotoLocation(Drawer),<unparseable> | <unparseable>,0 | 0,0,1,GotoLocation(Drawer); OpenObject(Drawer) | GotoLocation(Drawer),1 | 1,1,0,candidate_fixed
shard_2_cf_0029,Fridge,shard_2_exp0_0356 | shard_2_exp0_0355,closed | open,GotoLocation(Fridge); OpenObject(Fridge) | GotoLocation(Fridge),<unparseable> | <unparseable>,0 | 0,0,1,GotoLocation(Fridge); OpenObject(Fridge) | GotoLocation(Fridge),1 | 1,1,0,candidate_fixed
shard_2_cf_0030,Drawer,shard_2_exp0_0358 | shard_2_exp0_0357,closed | open,GotoLocation(Drawer); OpenObject(Drawer) | GotoLocation(Drawer),<unparseable> | <unparseable>,0 | 0,0,1,GotoLocation(Drawer); OpenObject(Drawer) | GotoLocation(Drawer),1 | 1,1,0,candidate_fixed
shard_2_cf_0056,Drawer,shard_2_exp0_0654 | shard_2_exp0_0653,closed | open,"GotoLocation(Dresser); PickupObject(Pencil); GotoLocation(Drawer); OpenObject(Drawer); PutObject(Pencil,Drawer); CloseObject(Drawer) | GotoLocation(Dresser); PickupObject(Pencil); GotoLocation(Drawer); PutObject(Pencil,Drawer)",<unparseable> | <unparseable>,0 | 0,0,1,"GotoLocation(Dresser); PickupObject(Pencil); GotoLocation(Drawer); OpenObject(Drawer); PutObject(Pencil,Drawer); CloseObject(Drawer) | GotoLocation(Dresser); PickupObject(Pencil); GotoLocation(Drawer); PutObject(Pencil,Drawer)",1 | 1,1,0,candidate_fixed
shard_2_cf_0076,Drawer,shard_2_exp0_0902 | shard_2_exp0_0901,closed | open,GotoLocation(Drawer); OpenObject(Drawer) | GotoLocation(Drawer),<unparseable> | <unparseable>,0 | 0,0,1,GotoLocation(Drawer); OpenObject(Drawer) | GotoLocation(Drawer),1 | 1,1,0,candidate_fixed
shard_2_cf_0110,Fridge,shard_2_exp0_1243 | shard_2_exp0_1242,closed | open,GotoLocation(Fridge); OpenObject(Fridge) | GotoLocation(Fridge),<unparseable> | <unparseable>,0 | 0,0,1,GotoLocation(Fridge); OpenObject(Fridge) | GotoLocation(Fridge); OpenObject(Fridge),1 | 0,0,1,both_not_exact
shard_2_cf_0111,Fridge,shard_2_exp0_1245 | shard_2_exp0_1244,closed | open,GotoLocation(Fridge); OpenObject(Fridge) | GotoLocation(Fridge),<unparseable> | <unparseable>,0 | 0,0,1,GotoLocation(Fridge); OpenObject(Fridge) | GotoLocation(Fridge),1 | 1,1,0,candidate_fixed
shard_2_cf_0112,Fridge,shard_2_exp0_1249 | shard_2_exp0_1248,closed | open,GotoLocation(Fridge); OpenObject(Fridge) | GotoLocation(Fridge),<unparseable> | <unparseable>,0 | 0,0,1,GotoLocation(Fridge); OpenObject(Fridge) | GotoLocation(Fridge),1 | 1,1,0,candidate_fixed
shard_2_cf_0184,Drawer,shard_2_exp0_2062 | shard_2_exp0_2061,closed | open,"GotoLocation(Dresser); PickupObject(Book); GotoLocation(Drawer); OpenObject(Drawer); PutObject(Book,Drawer); CloseObject(Drawer) | GotoLocation(Dresser); PickupObject(Book); GotoLocation(Drawer); PutObject(Book,Drawer)",<unparseable> | <unparseable>,0 | 0,0,1,"GotoLocation(Dresser); PickupObject(Book); GotoLocation(Drawer); OpenObject(Drawer); PutObject(Book,Drawer); CloseObject(Drawer) | GotoLocation(Dresser); PickupObject(Book); GotoLocation(Drawer); PutObject(Book,Drawer)",1 | 1,1,0,candidate_fixed
shard_2_cf_0202,Drawer,shard_2_exp0_2211 | shard_2_exp0_2210,closed | open,"GotoLocation(CounterTop); PickupObject(Spatula); GotoLocation(Drawer); OpenObject(Drawer); PutObject(Spatula,Drawer); CloseObject(Drawer) | GotoLocation(CounterTop); PickupObject(Spatula); GotoLocation(Drawer); PutObject(Spatula,Drawer)",<unparseable> | <unparseable>,0 | 0,0,1,"GotoLocation(CounterTop); PickupObject(Spatula); GotoLocation(Drawer); OpenObject(Drawer); PutObject(Spatula,Drawer); CloseObject(Drawer) | GotoLocation(CounterTop); PickupObject(Spatula); GotoLocation(Drawer); PutObject(Spatula,Drawer)",1 | 1,1,0,candidate_fixed
shard_2_cf_0203,Drawer,shard_2_exp0_2214 | shard_2_exp0_2213,closed | open,"GotoLocation(CounterTop); PickupObject(SoapBottle); GotoLocation(Drawer); OpenObject(Drawer); PutObject(SoapBottle,Drawer); CloseObject(Drawer) | GotoLocation(CounterTop); PickupObject(SoapBottle); GotoLocation(Drawer); PutObject(SoapBottle,Drawer)",<unparseable> | <unparseable>,0 | 0,0,1,"GotoLocation(CounterTop); PickupObject(SoapBottle); GotoLocation(Drawer); OpenObject(Drawer); PutObject(SoapBottle,Drawer); CloseObject(Drawer) | GotoLocation(CounterTop); PickupObject(SoapBottle); GotoLocation(Drawer); PutObject(SoapBottle,Drawer)",1 | 1,1,0,candidate_fixed
shard_2_cf_0204,Drawer,shard_2_exp0_2217 | shard_2_exp0_2216,closed | open,"GotoLocation(DiningTable); PickupObject(KeyChain); GotoLocation(Drawer); OpenObject(Drawer); PutObject(KeyChain,Drawer); CloseObject(Drawer) | GotoLocation(DiningTable); PickupObject(KeyChain); GotoLocation(Drawer); PutObject(KeyChain,Drawer)",<unparseable> | <unparseable>,0 | 0,0,1,"GotoLocation(DiningTable); PickupObject(KeyChain); GotoLocation(Drawer); OpenObject(Drawer); PutObject(KeyChain,Drawer); CloseObject(Drawer) | GotoLocation(DiningTable); PickupObject(KeyChain); GotoLocation(Drawer); PutObject(KeyChain,Drawer)",1 | 1,1,0,candidate_fixed
shard_2_cf_0212,Drawer,shard_2_exp0_2307 | shard_2_exp0_2306,closed | open,GotoLocation(Drawer); OpenObject(Drawer) | GotoLocation(Drawer),<unparseable> | <unparseable>,0 | 0,0,1,GotoLocation(Drawer); OpenObject(Drawer) | GotoLocation(Drawer),1 | 1,1,0,candidate_fixed
shard_2_cf_0225,Fridge,shard_2_exp0_2385 | shard_2_exp0_2384,closed | open,"GotoLocation(CounterTop); PickupObject(Pot); GotoLocation(Fridge); OpenObject(Fridge); PutObject(Pot,Fridge); CloseObject(Fridge) | GotoLocation(CounterTop); PickupObject(Pot); GotoLocation(Fridge); PutObject(Pot,Fridge)",<unparseable> | <unparseable>,0 | 0,0,1,"GotoLocation(CounterTop); PickupObject(Pot); GotoLocation(Fridge); OpenObject(Fridge); PutObject(Pot,Fridge); CloseObject(Fridge) | GotoLocation(CounterTop); PickupObject(Pot); GotoLocation(Fridge); PutObject(Pot,Fridge)",1 | 1,1,0,candidate_fixed
shard_2_cf_0242,Drawer,shard_2_exp0_2550 | shard_2_exp0_2549,closed | open,GotoLocation(Drawer); OpenObject(Drawer) | GotoLocation(Drawer),<unparseable> | <unparseable>,0 | 0,0,1,GotoLocation(Drawer); OpenObject(Drawer) | GotoLocation(Drawer),1 | 1,1,0,candidate_fixed
shard_2_cf_0243,Drawer,shard_2_exp0_2563 | shard_2_exp0_2562,closed | open,"GotoLocation(Dresser); PickupObject(KeyChain); GotoLocation(Drawer); OpenObject(Drawer); PutObject(KeyChain,Drawer); CloseObject(Drawer) | GotoLocation(Dresser); PickupObject(KeyChain); GotoLocation(Drawer); PutObject(KeyChain,Drawer)",<unparseable> | <unparseable>,0 | 0,0,1,"GotoLocation(Dresser); PickupObject(KeyChain); GotoLocation(Drawer); OpenObject(Drawer); PutObject(KeyChain,Drawer); CloseObject(Drawer) | GotoLocation(Dresser); PickupObject(KeyChain); GotoLocation(Drawer); PutObject(KeyChain,Drawer)",1 | 1,1,0,candidate_fixed
shard_2_cf_0249,Drawer,shard_2_exp0_2606 | shard_2_exp0_2605,closed | open,"GotoLocation(RemoteControl); PickupObject(RemoteControl); GotoLocation(Drawer); OpenObject(Drawer); PutObject(RemoteControl,Drawer); CloseObject(Drawer) | GotoLocation(RemoteControl); PickupObject(RemoteControl); GotoLocation(Drawer); PutObject(RemoteControl,Drawer)",<unparseable> | <unparseable>,0 | 0,0,1,"GotoLocation(Dresser); PickupObject(RemoteControl); GotoLocation(Drawer); OpenObject(Drawer); PutObject(RemoteControl,Drawer); CloseObject(Drawer) | GotoLocation(SideTable); PickupObject(RemoteControl); GotoLocation(Drawer); PutObject(RemoteControl,Drawer)",0 | 0,0,0,both_not_exact
shard_2_cf_0250,Drawer,shard_2_exp0_2608 | shard_2_exp0_2607,closed | open,GotoLocation(Drawer); OpenObject(Drawer) | GotoLocation(Drawer),<unparseable> | <unparseable>,0 | 0,0,1,GotoLocation(Drawer); OpenObject(Drawer) | GotoLocation(Drawer),1 | 1,1,0,candidate_fixed
shard_2_cf_0251,Drawer,shard_2_exp0_2610 | shard_2_exp0_2609,closed | open,GotoLocation(Drawer); OpenObject(Drawer) | GotoLocation(Drawer),<unparseable> | <unparseable>,0 | 0,0,1,GotoLocation(Drawer); OpenObject(Drawer) | GotoLocation(Drawer),1 | 1,1,0,candidate_fixed
shard_2_cf_0252,Drawer,shard_2_exp0_2613 | shard_2_exp0_2612,closed | open,GotoLocation(Drawer); OpenObject(Drawer) | GotoLocation(Drawer),<unparseable> | <unparseable>,0 | 0,0,1,GotoLocation(Drawer); OpenObject(Drawer) | GotoLocation(Drawer),1 | 1,1,0,candidate_fixed
shard_2_cf_0255,Drawer,shard_2_exp0_2644 | shard_2_exp0_2643,closed | open,GotoLocation(Drawer); OpenObject(Drawer) | GotoLocation(Drawer),<unparseable> | <unparseable>,0 | 0,0,1,GotoLocation(Drawer); OpenObject(Drawer) | GotoLocation(Drawer),1 | 1,1,0,candidate_fixed
shard_2_cf_0256,Drawer,shard_2_exp0_2648 | shard_2_exp0_2647,closed | open,GotoLocation(Drawer); OpenObject(Drawer) | GotoLocation(Drawer),<unparseable> | <unparseable>,0 | 0,0,1,GotoLocation(Drawer); OpenObject(Drawer) | GotoLocation(Drawer),1 | 1,1,0,candidate_fixed
shard_2_cf_0257,Drawer,shard_2_exp0_2652 | shard_2_exp0_2651,closed | open,GotoLocation(Drawer); OpenObject(Drawer) | GotoLocation(Drawer),<unparseable> | <unparseable>,0 | 0,0,1,GotoLocation(Drawer); OpenObject(Drawer) | GotoLocation(Drawer),1 | 1,1,0,candidate_fixed
shard_2_cf_0296,Fridge,shard_2_exp0_3075 | shard_2_exp0_3074,closed | open,"GotoLocation(CounterTop); PickupObject(Tomato); GotoLocation(Fridge); OpenObject(Fridge); PutObject(Tomato,Fridge); CloseObject(Fridge) | GotoLocation(CounterTop); PickupObject(Tomato); GotoLocation(Fridge); PutObject(Tomato,Fridge)",<unparseable> | <unparseable>,0 | 0,0,1,"GotoLocation(CounterTop); PickupObject(Tomato); GotoLocation(Fridge); OpenObject(Fridge); PutObject(Tomato,Fridge); CloseObject(Fridge) | GotoLocation(CounterTop); PickupObject(Tomato); GotoLocation(Fridge); PutObject(Tomato,Fridge)",1 | 1,1,0,candidate_fixed
shard_2_cf_0303,Drawer,shard_2_exp0_3096 | shard_2_exp0_3095,closed | open,GotoLocation(Drawer); OpenObject(Drawer) | GotoLocation(Drawer),<unparseable> | <unparseable>,0 | 0,0,1,GotoLocation(Drawer); OpenObject(Drawer) | GotoLocation(Drawer),1 | 1,1,0,candidate_fixed
shard_2_cf_0304,Drawer,shard_2_exp0_3100 | shard_2_exp0_3099,closed | open,GotoLocation(Drawer); OpenObject(Drawer) | GotoLocation(Drawer),<unparseable> | <unparseable>,0 | 0,0,1,GotoLocation(Drawer); OpenObject(Drawer) | GotoLocation(Drawer),1 | 1,1,0,candidate_fixed
shard_2_cf_0308,Drawer,shard_2_exp0_3188 | shard_2_exp0_3187,closed | open,"GotoLocation(DiningTable); PickupObject(Pencil); GotoLocation(Drawer); OpenObject(Drawer); PutObject(Pencil,Drawer); CloseObject(Drawer) | GotoLocation(DiningTable); PickupObject(Pencil); GotoLocation(Drawer); PutObject(Pencil,Drawer)",<unparseable> | <unparseable>,0 | 0,0,1,"GotoLocation(Dresser); PickupObject(Pencil); GotoLocation(Drawer); OpenObject(Drawer); PutObject(Pencil,Drawer); CloseObject(Drawer) | GotoLocation(Dresser); PickupObject(Pencil); GotoLocation(Drawer); PutObject(Pencil,Drawer)",0 | 0,0,0,both_not_exact
shard_2_cf_0309,Drawer,shard_2_exp0_3194 | shard_2_exp0_3193,closed | open,"GotoLocation(DiningTable); PickupObject(Pen); GotoLocation(Drawer); OpenObject(Drawer); PutObject(Pen,Drawer); CloseObject(Drawer) | GotoLocation(DiningTable); PickupObject(Pen); GotoLocation(Drawer); PutObject(Pen,Drawer)",<unparseable> | <unparseable>,0 | 0,0,1,"GotoLocation(DiningTable); PickupObject(Pen); GotoLocation(Drawer); OpenObject(Drawer); PutObject(Pen,Drawer); CloseObject(Drawer) | GotoLocation(DiningTable); PickupObject(Pen); GotoLocation(Drawer); PutObject(Pen,Drawer)",1 | 1,1,0,candidate_fixed
shard_2_cf_0310,Drawer,shard_2_exp0_3200 | shard_2_exp0_3199,closed | open,GotoLocation(Drawer); OpenObject(Drawer) | GotoLocation(Drawer),<unparseable> | <unparseable>,0 | 0,0,1,GotoLocation(Drawer); OpenObject(Drawer) | GotoLocation(Drawer),1 | 1,1,0,candidate_fixed
shard_2_cf_0311,Drawer,shard_2_exp0_3209 | shard_2_exp0_3208,closed | open,GotoLocation(Drawer); OpenObject(Drawer) | GotoLocation(Drawer),<unparseable> | <unparseable>,0 | 0,0,1,GotoLocation(Drawer); OpenObject(Drawer) | GotoLocation(Drawer),1 | 1,1,0,candidate_fixed
shard_2_cf_0316,Drawer,shard_2_exp0_3257 | shard_2_exp0_3256,closed | open,"GotoLocation(Dresser); PickupObject(Pen); GotoLocation(Drawer); OpenObject(Drawer); PutObject(Pen,Drawer); CloseObject(Drawer) | GotoLocation(Dresser); PickupObject(Pen); GotoLocation(Drawer); PutObject(Pen,Drawer)",<unparseable> | <unparseable>,0 | 0,0,1,"GotoLocation(Dresser); PickupObject(Pen); GotoLocation(Drawer); OpenObject(Drawer); PutObject(Pen,Drawer); CloseObject(Drawer) | GotoLocation(Dresser); PickupObject(Pen); GotoLocation(Drawer); PutObject(Pen,Drawer)",1 | 1,1,0,candidate_fixed
shard_2_cf_0334,Fridge,shard_2_exp0_3458 | shard_2_exp0_3457,closed | open,GotoLocation(Fridge); OpenObject(Fridge) | GotoLocation(Fridge),<unparseable> | <unparseable>,0 | 0,0,1,GotoLocation(Fridge); OpenObject(Fridge) | GotoLocation(Fridge),1 | 1,1,0,candidate_fixed
shard_2_cf_0335,Fridge,shard_2_exp0_3462 | shard_2_exp0_3461,closed | open,GotoLocation(Fridge); OpenObject(Fridge) | GotoLocation(Fridge),<unparseable> | <unparseable>,0 | 0,0,1,GotoLocation(Fridge); OpenObject(Fridge) | GotoLocation(Fridge),1 | 1,1,0,candidate_fixed
shard_2_cf_0336,Fridge,shard_2_exp0_3464 | shard_2_exp0_3463,closed | open,GotoLocation(Fridge); OpenObject(Fridge) | GotoLocation(Fridge),<unparseable> | <unparseable>,0 | 0,0,1,GotoLocation(Fridge); OpenObject(Fridge) | GotoLocation(Fridge),1 | 1,1,0,candidate_fixed
shard_2_cf_0368,Drawer,shard_2_exp0_3700 | shard_2_exp0_3699,closed | open,GotoLocation(Drawer); OpenObject(Drawer) | GotoLocation(Drawer),<unparseable> | <unparseable>,0 | 0,0,1,GotoLocation(Drawer); OpenObject(Drawer) | GotoLocation(Drawer),1 | 1,1,0,candidate_fixed
shard_2_cf_0389,Fridge,shard_2_exp0_3896 | shard_2_exp0_3895,closed | open,GotoLocation(Fridge); OpenObject(Fridge) | GotoLocation(Fridge),<unparseable> | <unparseable>,0 | 0,0,1,GotoLocation(Fridge); OpenObject(Fridge) | GotoLocation(Fridge),1 | 1,1,0,candidate_fixed
shard_2_cf_0390,Drawer,shard_2_exp0_3902 | shard_2_exp0_3901,closed | open,GotoLocation(Drawer); OpenObject(Drawer) | GotoLocation(Drawer),<unparseable> | <unparseable>,0 | 0,0,1,GotoLocation(Drawer); OpenObject(Drawer) | GotoLocation(Drawer),1 | 1,1,0,candidate_fixed
shard_2_cf_0399,Drawer,shard_2_exp0_3997 | shard_2_exp0_3996,closed | open,"GotoLocation(Dresser); PickupObject(CD); GotoLocation(Drawer); OpenObject(Drawer); PutObject(CD,Drawer); CloseObject(Drawer) | GotoLocation(Dresser); PickupObject(CD); GotoLocation(Drawer); PutObject(CD,Drawer)",<unparseable> | <unparseable>,0 | 0,0,1,"GotoLocation(Dresser); PickupObject(CD); GotoLocation(Drawer); OpenObject(Drawer); PutObject(CD,Drawer); CloseObject(Drawer) | GotoLocation(Dresser); PickupObject(CD); GotoLocation(Drawer); PutObject(CD,Drawer)",1 | 1,1,0,candidate_fixed
shard_2_cf_0400,Drawer,shard_2_exp0_4003 | shard_2_exp0_4002,closed | open,GotoLocation(Drawer); OpenObject(Drawer) | GotoLocation(Drawer),<unparseable> | <unparseable>,0 | 0,0,1,GotoLocation(Drawer); OpenObject(Drawer) | GotoLocation(Drawer); OpenObject(Drawer),1 | 0,0,1,both_not_exact
shard_2_cf_0406,Fridge,shard_2_exp0_4060 | shard_2_exp0_4059,closed | open,"GotoLocation(CounterTop); PickupObject(Bread); GotoLocation(Fridge); OpenObject(Fridge); PutObject(Bread,Fridge); CloseObject(Fridge) | GotoLocation(CounterTop); PickupObject(Bread); GotoLocation(Fridge); PutObject(Bread,Fridge)",<unparseable> | <unparseable>,0 | 0,0,1,"GotoLocation(CounterTop); PickupObject(Bread); GotoLocation(Fridge); OpenObject(Fridge); PutObject(Bread,Fridge); CloseObject(Fridge) | GotoLocation(CounterTop); PickupObject(Bread); GotoLocation(Fridge); PutObject(Bread,Fridge)",1 | 1,1,0,candidate_fixed
shard_2_cf_0421,Drawer,shard_2_exp0_4185 | shard_2_exp0_4184,closed | open,"GotoLocation(SideTable); PickupObject(CD); GotoLocation(Drawer); OpenObject(Drawer); PutObject(CD,Drawer); CloseObject(Drawer) | GotoLocation(SideTable); PickupObject(CD); GotoLocation(Drawer); PutObject(CD,Drawer)",<unparseable> | <unparseable>,0 | 0,0,1,"GotoLocation(Dresser); PickupObject(CD); GotoLocation(Drawer); OpenObject(Drawer); PutObject(CD,Drawer); CloseObject(Drawer) | GotoLocation(Dresser); PickupObject(CD); GotoLocation(Drawer); PutObject(CD,Drawer)",0 | 0,0,0,both_not_exact
shard_2_cf_0422,Drawer,shard_2_exp0_4187 | shard_2_exp0_4186,closed | open,"GotoLocation(SideTable); PickupObject(CD); GotoLocation(Drawer); OpenObject(Drawer); PutObject(CD,Drawer); CloseObject(Drawer) | GotoLocation(SideTable); PickupObject(CD); GotoLocation(Drawer); PutObject(CD,Drawer)",<unparseable> | <unparseable>,0 | 0,0,1,"GotoLocation(Dresser); PickupObject(CD); GotoLocation(Drawer); OpenObject(Drawer); PutObject(CD,Drawer); CloseObject(Drawer) | GotoLocation(Dresser); PickupObject(CD); GotoLocation(Drawer); PutObject(CD,Drawer)",0 | 0,0,0,both_not_exact
shard_2_cf_0445,Drawer,shard_2_exp0_4362 | shard_2_exp0_4361,closed | open,GotoLocation(Drawer); OpenObject(Drawer) | GotoLocation(Drawer),<unparseable> | <unparseable>,0 | 0,0,1,GotoLocation(Drawer); OpenObject(Drawer) | GotoLocation(Drawer),1 | 1,1,0,candidate_fixed
shard_2_cf_0446,Drawer,shard_2_exp0_4369 | shard_2_exp0_4368,closed | open,GotoLocation(Drawer); OpenObject(Drawer) | GotoLocation(Drawer),<unparseable> | <unparseable>,0 | 0,0,1,GotoLocation(Drawer); OpenObject(Drawer) | GotoLocation(Drawer),1 | 1,1,0,candidate_fixed
shard_2_cf_0539,Drawer,shard_2_exp0_5072 | shard_2_exp0_5071,closed | open,GotoLocation(Drawer); OpenObject(Drawer) | GotoLocation(Drawer),<unparseable> | <unparseable>,0 | 0,0,1,GotoLocation(Drawer); OpenObject(Drawer) | GotoLocation(Drawer),1 | 1,1,0,candidate_fixed
shard_2_cf_0549,Fridge,shard_2_exp0_5165 | shard_2_exp0_5164,closed | open,GotoLocation(Fridge); OpenObject(Fridge) | GotoLocation(Fridge),<unparseable> | <unparseable>,0 | 0,0,1,GotoLocation(Fridge); OpenObject(Fridge) | GotoLocation(Fridge),1 | 1,1,0,candidate_fixed
shard_2_cf_0550,Drawer,shard_2_exp0_5167 | shard_2_exp0_5166,closed | open,"GotoLocation(Shelf); PickupObject(Book); GotoLocation(Drawer); OpenObject(Drawer); PutObject(Book,Drawer); CloseObject(Drawer) | GotoLocation(Shelf); PickupObject(Book); GotoLocation(Drawer); PutObject(Book,Drawer)",<unparseable> | <unparseable>,0 | 0,0,1,"GotoLocation(Shelf); PickupObject(Book); GotoLocation(Drawer); OpenObject(Drawer); PutObject(Book,Drawer); CloseObject(Drawer) | GotoLocation(Shelf); PickupObject(Book); GotoLocation(Drawer); PutObject(Book,Drawer)",1 | 1,1,0,candidate_fixed
shard_2_cf_0579,Safe,shard_2_exp0_5427 | shard_2_exp0_5426,closed | open,GotoLocation(Safe); OpenObject(Safe) | GotoLocation(Safe),<unparseable> | <unparseable>,0 | 0,0,1,GotoLocation(Safe); OpenObject(Safe) | GotoLocation(Safe),1 | 1,1,0,candidate_fixed
shard_2_cf_0580,Drawer,shard_2_exp0_5430 | shard_2_exp0_5429,closed | open,GotoLocation(Drawer); OpenObject(Drawer) | GotoLocation(Drawer),<unparseable> | <unparseable>,0 | 0,0,1,GotoLocation(Drawer); OpenObject(Drawer) | GotoLocation(Drawer),1 | 1,1,0,candidate_fixed
shard_2_cf_0581,Safe,shard_2_exp0_5434 | shard_2_exp0_5433,closed | open,GotoLocation(Safe); OpenObject(Safe) | GotoLocation(Safe),<unparseable> | <unparseable>,0 | 0,0,1,GotoLocation(Safe); OpenObject(Safe) | GotoLocation(Safe),1 | 1,1,0,candidate_fixed
shard_2_cf_0622,Drawer,shard_2_exp0_5745 | shard_2_exp0_5744,closed | open,"GotoLocation(Dresser); PickupObject(Watch); GotoLocation(Drawer); OpenObject(Drawer); PutObject(Watch,Drawer); CloseObject(Drawer) | GotoLocation(Dresser); PickupObject(Watch); GotoLocation(Drawer); PutObject(Watch,Drawer)",<unparseable> | <unparseable>,0 | 0,0,1,"GotoLocation(Dresser); PickupObject(Watch); GotoLocation(Drawer); OpenObject(Drawer); PutObject(Watch,Drawer); CloseObject(Drawer) | GotoLocation(Dresser); PickupObject(Watch); GotoLocation(Drawer); PutObject(Watch,Drawer)",1 | 1,1,0,candidate_fixed
shard_2_cf_0636,Drawer,shard_2_exp0_5819 | shard_2_exp0_5818,closed | open,"GotoLocation(Dresser); PickupObject(CellPhone); GotoLocation(Drawer); OpenObject(Drawer); PutObject(CellPhone,Drawer); CloseObject(Drawer) | GotoLocation(Dresser); PickupObject(CellPhone); GotoLocation(Drawer); PutObject(CellPhone,Drawer)",<unparseable> | <unparseable>,0 | 0,0,1,"GotoLocation(Dresser); PickupObject(CellPhone); GotoLocation(Drawer); OpenObject(Drawer); PutObject(CellPhone,Drawer); CloseObject(Drawer) | GotoLocation(Dresser); PickupObject(CellPhone); GotoLocation(Drawer); PutObject(CellPhone,Drawer)",1 | 1,1,0,candidate_fixed
shard_2_cf_0666,Drawer,shard_2_exp0_6006 | shard_2_exp0_6005,closed | open,"GotoLocation(Candle); PickupObject(Candle); GotoLocation(Drawer); OpenObject(Drawer); PutObject(Candle,Drawer); CloseObject(Drawer) | GotoLocation(Candle); PickupObject(Candle); GotoLocation(Drawer); PutObject(Candle,Drawer)",<unparseable> | <unparseable>,0 | 0,0,1,"GotoLocation(Candle); PickupObject(Candle); GotoLocation(Drawer); OpenObject(Drawer); PutObject(Candle,Drawer); CloseObject(Drawer) | GotoLocation(Candle); PickupObject(Candle); GotoLocation(Drawer); PutObject(Candle,Drawer)",1 | 1,1,0,candidate_fixed
shard_2_cf_0667,Drawer,shard_2_exp0_6009 | shard_2_exp0_6008,closed | open,"GotoLocation(Dresser); PickupObject(RemoteControl); GotoLocation(Drawer); OpenObject(Drawer); PutObject(RemoteControl,Drawer); CloseObject(Drawer) | GotoLocation(Dresser); PickupObject(RemoteControl); GotoLocation(Drawer); PutObject(RemoteControl,Drawer)",<unparseable> | <unparseable>,0 | 0,0,1,"GotoLocation(Bed); PickupObject(RemoteControl); GotoLocation(Drawer); OpenObject(Drawer); PutObject(RemoteControl,Drawer); CloseObject(Drawer) | GotoLocation(Bed); PickupObject(RemoteControl); GotoLocation(Drawer); PutObject(RemoteControl,Drawer)",0 | 0,0,0,both_not_exact
shard_2_cf_0688,Drawer,shard_2_exp0_6175 | shard_2_exp0_6174,closed | open,GotoLocation(Drawer); OpenObject(Drawer) | GotoLocation(Drawer),<unparseable> | <unparseable>,0 | 0,0,1,GotoLocation(Drawer); OpenObject(Drawer) | GotoLocation(Drawer),1 | 1,1,0,candidate_fixed
shard_2_cf_0689,Drawer,shard_2_exp0_6177 | shard_2_exp0_6176,closed | open,GotoLocation(Drawer); OpenObject(Drawer) | GotoLocation(Drawer),<unparseable> | <unparseable>,0 | 0,0,1,GotoLocation(Drawer); OpenObject(Drawer) | GotoLocation(Drawer),1 | 1,1,0,candidate_fixed
shard_2_cf_0690,Drawer,shard_2_exp0_6180 | shard_2_exp0_6179,closed | open,"GotoLocation(Book); PickupObject(Book); GotoLocation(Drawer); OpenObject(Drawer); PutObject(Book,Drawer); CloseObject(Drawer) | GotoLocation(Book); PickupObject(Book); GotoLocation(Drawer); PutObject(Book,Drawer)",<unparseable> | <unparseable>,0 | 0,0,1,"GotoLocation(DiningTable); PickupObject(Book); GotoLocation(Drawer); OpenObject(Drawer); PutObject(Book,Drawer); CloseObject(Drawer) | GotoLocation(DiningTable); PickupObject(Book); GotoLocation(Drawer); PutObject(Book,Drawer)",0 | 0,0,0,both_not_exact
shard_2_cf_0713,Drawer,shard_2_exp0_6317 | shard_2_exp0_6316,closed | open,"GotoLocation(Shelf); PickupObject(CreditCard); GotoLocation(Drawer); OpenObject(Drawer); PutObject(CreditCard,Drawer); CloseObject(Drawer) | GotoLocation(Shelf); PickupObject(CreditCard); GotoLocation(Drawer); PutObject(CreditCard,Drawer)",<unparseable> | <unparseable>,0 | 0,0,1,"GotoLocation(Shelf); PickupObject(CreditCard); GotoLocation(Drawer); OpenObject(Drawer); PutObject(CreditCard,Drawer); CloseObject(Drawer) | GotoLocation(Shelf); PickupObject(CreditCard); GotoLocation(Drawer); PutObject(CreditCard,Drawer)",1 | 1,1,0,candidate_fixed
shard_2_cf_0765,Drawer,shard_2_exp0_6590 | shard_2_exp0_6589,closed | open,GotoLocation(Drawer); OpenObject(Drawer) | GotoLocation(Drawer),<unparseable> | <unparseable>,0 | 0,0,1,GotoLocation(Drawer); OpenObject(Drawer) | GotoLocation(Drawer),1 | 1,1,0,candidate_fixed
shard_2_cf_0766,Drawer,shard_2_exp0_6595 | shard_2_exp0_6594,closed | open,GotoLocation(Drawer); OpenObject(Drawer) | GotoLocation(Drawer),<unparseable> | <unparseable>,0 | 0,0,1,GotoLocation(Drawer); OpenObject(Drawer) | GotoLocation(Drawer),1 | 1,1,0,candidate_fixed
shard_2_cf_0767,Drawer,shard_2_exp0_6597 | shard_2_exp0_6596,closed | open,GotoLocation(Drawer); OpenObject(Drawer) | GotoLocation(Drawer),<unparseable> | <unparseable>,0 | 0,0,1,GotoLocation(Drawer); OpenObject(Drawer) | GotoLocation(Drawer),1 | 1,1,0,candidate_fixed
shard_2_cf_0769,Drawer,shard_2_exp0_6618 | shard_2_exp0_6617,closed | open,"GotoLocation(DiningTable); PickupObject(Pen); GotoLocation(Drawer); OpenObject(Drawer); PutObject(Pen,Drawer); CloseObject(Drawer) | GotoLocation(DiningTable); PickupObject(Pen); GotoLocation(Drawer); PutObject(Pen,Drawer)",<unparseable> | <unparseable>,0 | 0,0,1,"GotoLocation(DiningTable); PickupObject(Pen); GotoLocation(Drawer); OpenObject(Drawer); PutObject(Pen,Drawer); CloseObject(Drawer) | GotoLocation(DiningTable); PickupObject(Pen); GotoLocation(Drawer); PutObject(Pen,Drawer)",1 | 1,1,0,candidate_fixed
shard_2_cf_0793,Fridge,shard_2_exp0_6794 | shard_2_exp0_6793,closed | open,GotoLocation(Fridge); OpenObject(Fridge) | GotoLocation(Fridge),<unparseable> | <unparseable>,0 | 0,0,1,GotoLocation(Fridge); OpenObject(Fridge) | GotoLocation(Fridge),1 | 1,1,0,candidate_fixed
shard_2_cf_0803,Drawer,shard_2_exp0_6870 | shard_2_exp0_6869,closed | open,GotoLocation(Drawer); OpenObject(Drawer) | GotoLocation(Drawer),<unparseable> | <unparseable>,0 | 0,0,1,GotoLocation(Drawer); OpenObject(Drawer) | GotoLocation(Drawer),1 | 1,1,0,candidate_fixed
shard_2_cf_0804,Drawer,shard_2_exp0_6885 | shard_2_exp0_6884,closed | open,GotoLocation(Drawer); OpenObject(Drawer) | GotoLocation(Drawer),<unparseable> | <unparseable>,0 | 0,0,1,GotoLocation(Drawer); OpenObject(Drawer) | GotoLocation(Drawer),1 | 1,1,0,candidate_fixed
shard_2_cf_0816,Drawer,shard_2_exp0_6973 | shard_2_exp0_6972,closed | open,GotoLocation(Drawer); OpenObject(Drawer) | GotoLocation(Drawer),<unparseable> | <unparseable>,0 | 0,0,1,GotoLocation(Drawer); OpenObject(Drawer) | GotoLocation(Drawer),1 | 1,1,0,candidate_fixed
shard_2_cf_0852,Fridge,shard_2_exp0_7223 | shard_2_exp0_7222,closed | open,GotoLocation(Fridge); OpenObject(Fridge) | GotoLocation(Fridge),<unparseable> | <unparseable>,0 | 0,0,1,GotoLocation(Fridge); OpenObject(Fridge) | GotoLocation(Fridge),1 | 1,1,0,candidate_fixed
shard_2_cf_0898,Drawer,shard_2_exp0_7517 | shard_2_exp0_7516,closed | open,GotoLocation(Drawer); OpenObject(Drawer) | GotoLocation(Drawer),<unparseable> | <unparseable>,0 | 0,0,1,GotoLocation(Drawer); OpenObject(Drawer) | GotoLocation(Drawer),1 | 1,1,0,candidate_fixed
shard_2_cf_0899,Drawer,shard_2_exp0_7519 | shard_2_exp0_7518,closed | open,GotoLocation(Drawer); OpenObject(Drawer) | GotoLocation(Drawer),<unparseable> | <unparseable>,0 | 0,0,1,GotoLocation(Drawer); OpenObject(Drawer) | GotoLocation(Drawer),1 | 1,1,0,candidate_fixed
shard_2_cf_0900,Drawer,shard_2_exp0_7521 | shard_2_exp0_7520,closed | open,"GotoLocation(Dresser); PickupObject(CreditCard); GotoLocation(Drawer); OpenObject(Drawer); PutObject(CreditCard,Drawer); CloseObject(Drawer) | GotoLocation(Dresser); PickupObject(CreditCard); GotoLocation(Drawer); PutObject(CreditCard,Drawer)",<unparseable> | <unparseable>,0 | 0,0,1,"GotoLocation(Dresser); PickupObject(CreditCard); GotoLocation(Drawer); OpenObject(Drawer); PutObject(CreditCard,Drawer); CloseObject(Drawer) | GotoLocation(Dresser); PickupObject(CreditCard); GotoLocation(Drawer); PutObject(CreditCard,Drawer)",1 | 1,1,0,candidate_fixed
shard_2_cf_0901,Drawer,shard_2_exp0_7523 | shard_2_exp0_7522,closed | open,"GotoLocation(Bed); PickupObject(RemoteControl); GotoLocation(Drawer); OpenObject(Drawer); PutObject(RemoteControl,Drawer); CloseObject(Drawer) | GotoLocation(Bed); PickupObject(RemoteControl); GotoLocation(Drawer); PutObject(RemoteControl,Drawer)",<unparseable> | <unparseable>,0 | 0,0,1,"GotoLocation(DiningTable); PickupObject(RemoteControl); GotoLocation(Drawer); OpenObject(Drawer); PutObject(RemoteControl,Drawer); CloseObject(Drawer) | GotoLocation(DiningTable); PickupObject(RemoteControl); GotoLocation(Drawer); PutObject(RemoteControl,Drawer)",0 | 0,0,0,both_not_exact
shard_2_cf_0921,Drawer,shard_2_exp0_7645 | shard_2_exp0_7644,closed | open,"GotoLocation(SideTable); PickupObject(Pen); GotoLocation(Drawer); OpenObject(Drawer); PutObject(Pen,Drawer); CloseObject(Drawer) | GotoLocation(SideTable); PickupObject(Pen); GotoLocation(Drawer); PutObject(Pen,Drawer)",<unparseable> | <unparseable>,0 | 0,0,1,"GotoLocation(SideTable); PickupObject(Pen); GotoLocation(Drawer); OpenObject(Drawer); PutObject(Pen,Drawer); CloseObject(Drawer) | GotoLocation(SideTable); PickupObject(Pen); GotoLocation(Drawer); PutObject(Pen,Drawer)",1 | 1,1,0,candidate_fixed
shard_2_cf_0922,Drawer,shard_2_exp0_7647 | shard_2_exp0_7646,closed | open,"GotoLocation(SideTable); PickupObject(Pen); GotoLocation(Drawer); OpenObject(Drawer); PutObject(Pen,Drawer); CloseObject(Drawer) | GotoLocation(SideTable); PickupObject(Pen); GotoLocation(Drawer); PutObject(Pen,Drawer)",<unparseable> | <unparseable>,0 | 0,0,1,"GotoLocation(SideTable); PickupObject(Pen); GotoLocation(Drawer); OpenObject(Drawer); PutObject(Pen,Drawer); CloseObject(Drawer) | GotoLocation(SideTable); PickupObject(Pen); GotoLocation(Drawer); OpenObject(Drawer); PutObject(Pen,Drawer); CloseObject(Drawer)",1 | 0,0,1,both_not_exact
shard_2_cf_0934,Drawer,shard_2_exp0_7728 | shard_2_exp0_7727,closed | open,GotoLocation(Drawer); OpenObject(Drawer) | GotoLocation(Drawer),<unparseable> | <unparseable>,0 | 0,0,1,GotoLocation(Drawer); OpenObject(Drawer) | GotoLocation(Drawer),1 | 1,1,0,candidate_fixed
shard_2_cf_0935,Drawer,shard_2_exp0_7730 | shard_2_exp0_7729,closed | open,GotoLocation(Drawer); OpenObject(Drawer) | GotoLocation(Drawer),<unparseable> | <unparseable>,0 | 0,0,1,GotoLocation(Drawer); OpenObject(Drawer) | GotoLocation(Drawer),1 | 1,1,0,candidate_fixed
shard_2_cf_0936,Drawer,shard_2_exp0_7732 | shard_2_exp0_7731,closed | open,GotoLocation(Drawer); OpenObject(Drawer) | GotoLocation(Drawer),<unparseable> | <unparseable>,0 | 0,0,1,GotoLocation(Drawer); OpenObject(Drawer) | GotoLocation(Drawer),1 | 1,1,0,candidate_fixed
shard_2_cf_0937,Drawer,shard_2_exp0_7734 | shard_2_exp0_7733,closed | open,GotoLocation(Drawer); OpenObject(Drawer) | GotoLocation(Drawer),<unparseable> | <unparseable>,0 | 0,0,1,GotoLocation(Drawer); OpenObject(Drawer) | GotoLocation(Drawer),1 | 1,1,0,candidate_fixed
shard_2_cf_0981,Fridge,shard_2_exp0_7976 | shard_2_exp0_7975,closed | open,GotoLocation(Fridge); OpenObject(Fridge) | GotoLocation(Fridge),<unparseable> | <unparseable>,0 | 0,0,1,GotoLocation(Fridge); OpenObject(Fridge) | GotoLocation(Fridge),1 | 1,1,0,candidate_fixed
shard_2_cf_0982,Drawer,shard_2_exp0_7979 | shard_2_exp0_7978,closed | open,GotoLocation(Drawer); OpenObject(Drawer) | GotoLocation(Drawer),<unparseable> | <unparseable>,0 | 0,0,1,GotoLocation(Drawer); OpenObject(Drawer) | GotoLocation(Drawer),1 | 1,1,0,candidate_fixed
shard_2_cf_0993,Fridge,shard_2_exp0_8037 | shard_2_exp0_8036,closed | open,GotoLocation(Fridge); OpenObject(Fridge) | GotoLocation(Fridge),<unparseable> | <unparseable>,0 | 0,0,1,GotoLocation(Fridge); OpenObject(Fridge) | GotoLocation(Fridge),1 | 1,1,0,candidate_fixed
shard_2_cf_0994,Drawer,shard_2_exp0_8041 | shard_2_exp0_8040,closed | open,GotoLocation(Drawer); OpenObject(Drawer) | GotoLocation(Drawer),<unparseable> | <unparseable>,0 | 0,0,1,GotoLocation(Drawer); OpenObject(Drawer) | GotoLocation(Drawer),1 | 1,1,0,candidate_fixed
shard_2_cf_0995,Drawer,shard_2_exp0_8046 | shard_2_exp0_8045,closed | open,GotoLocation(Drawer); OpenObject(Drawer) | GotoLocation(Drawer),<unparseable> | <unparseable>,0 | 0,0,1,GotoLocation(Drawer) | GotoLocation(Drawer),0 | 1,0,1,both_not_exact
shard_2_cf_1010,Drawer,shard_2_exp0_8121 | shard_2_exp0_8120,closed | open,GotoLocation(Drawer); OpenObject(Drawer) | GotoLocation(Drawer),<unparseable> | <unparseable>,0 | 0,0,1,GotoLocation(Drawer); OpenObject(Drawer) | GotoLocation(Drawer),1 | 1,1,0,candidate_fixed
shard_2_cf_1011,Fridge,shard_2_exp0_8125 | shard_2_exp0_8124,closed | open,GotoLocation(Fridge); OpenObject(Fridge) | GotoLocation(Fridge),<unparseable> | <unparseable>,0 | 0,0,1,GotoLocation(Fridge); OpenObject(Fridge) | GotoLocation(Fridge),1 | 1,1,0,candidate_fixed
shard_2_cf_1033,Drawer,shard_2_exp0_8213 | shard_2_exp0_8212,closed | open,GotoLocation(Drawer); OpenObject(Drawer) | GotoLocation(Drawer),<unparseable> | <unparseable>,0 | 0,0,1,GotoLocation(Drawer); OpenObject(Drawer) | GotoLocation(Drawer),1 | 1,1,0,candidate_fixed
shard_2_cf_1034,Drawer,shard_2_exp0_8215 | shard_2_exp0_8214,closed | open,GotoLocation(Drawer); OpenObject(Drawer) | GotoLocation(Drawer),<unparseable> | <unparseable>,0 | 0,0,1,GotoLocation(Drawer); OpenObject(Drawer) | GotoLocation(Drawer),1 | 1,1,0,candidate_fixed
shard_2_cf_1035,Drawer,shard_2_exp0_8219 | shard_2_exp0_8218,closed | open,GotoLocation(Drawer); OpenObject(Drawer) | GotoLocation(Drawer),<unparseable> | <unparseable>,0 | 0,0,1,GotoLocation(Drawer); OpenObject(Drawer) | GotoLocation(Drawer),1 | 1,1,0,candidate_fixed
shard_2_cf_1036,Drawer,shard_2_exp0_8221 | shard_2_exp0_8220,closed | open,GotoLocation(Drawer); OpenObject(Drawer) | GotoLocation(Drawer),<unparseable> | <unparseable>,0 | 0,0,1,GotoLocation(Drawer); OpenObject(Drawer) | GotoLocation(Drawer),1 | 1,1,0,candidate_fixed
shard_2_cf_1037,Drawer,shard_2_exp0_8223 | shard_2_exp0_8222,closed | open,GotoLocation(Drawer); OpenObject(Drawer) | GotoLocation(Drawer),<unparseable> | <unparseable>,0 | 0,0,1,GotoLocation(Drawer); OpenObject(Drawer) | GotoLocation(Drawer),1 | 1,1,0,candidate_fixed
shard_2_cf_1041,Drawer,shard_2_exp0_8234 | shard_2_exp0_8233,closed | open,GotoLocation(Drawer); OpenObject(Drawer) | GotoLocation(Drawer),<unparseable> | <unparseable>,0 | 0,0,1,GotoLocation(Drawer); OpenObject(Drawer) | GotoLocation(Drawer),1 | 1,1,0,candidate_fixed
shard_2_cf_1042,Drawer,shard_2_exp0_8237 | shard_2_exp0_8236,closed | open,"GotoLocation(Dresser); PickupObject(TissueBox); GotoLocation(Drawer); OpenObject(Drawer); PutObject(TissueBox,Drawer); CloseObject(Drawer) | GotoLocation(Dresser); PickupObject(TissueBox); GotoLocation(Drawer); PutObject(TissueBox,Drawer)",<unparseable> | <unparseable>,0 | 0,0,1,"GotoLocation(Dresser); PickupObject(TissueBox); GotoLocation(Drawer); OpenObject(Drawer); PutObject(TissueBox,Drawer); CloseObject(Drawer) | GotoLocation(Dresser); PickupObject(TissueBox); GotoLocation(Drawer); PutObject(TissueBox,Drawer)",1 | 1,1,0,candidate_fixed
shard_2_cf_1043,Drawer,shard_2_exp0_8239 | shard_2_exp0_8238,closed | open,"GotoLocation(Dresser); PickupObject(Book); GotoLocation(Drawer); OpenObject(Drawer); PutObject(Book,Drawer); CloseObject(Drawer) | GotoLocation(Dresser); PickupObject(Book); GotoLocation(Drawer); PutObject(Book,Drawer)",<unparseable> | <unparseable>,0 | 0,0,1,"GotoLocation(Dresser); PickupObject(Book); GotoLocation(Drawer); OpenObject(Drawer); PutObject(Book,Drawer); CloseObject(Drawer) | GotoLocation(Dresser); PickupObject(Book); GotoLocation(Drawer); PutObject(Book,Drawer)",1 | 1,1,0,candidate_fixed
shard_2_cf_1056,Safe,shard_2_exp0_8293 | shard_2_exp0_8292,closed | open,GotoLocation(Safe); OpenObject(Safe) | GotoLocation(Safe),<unparseable> | <unparseable>,0 | 0,0,1,GotoLocation(Safe); OpenObject(Safe) | GotoLocation(Safe),1 | 1,1,0,candidate_fixed
shard_2_cf_1057,Safe,shard_2_exp0_8296 | shard_2_exp0_8295,closed | open,GotoLocation(Safe); OpenObject(Safe) | GotoLocation(Safe),<unparseable> | <unparseable>,0 | 0,0,1,GotoLocation(Safe); OpenObject(Safe) | GotoLocation(Safe),1 | 1,1,0,candidate_fixed
shard_2_cf_1058,Drawer,shard_2_exp0_8298 | shard_2_exp0_8297,closed | open,"GotoLocation(Dresser); PickupObject(CellPhone); GotoLocation(Drawer); OpenObject(Drawer); PutObject(CellPhone,Drawer); CloseObject(Drawer) | GotoLocation(Dresser); PickupObject(CellPhone); GotoLocation(Drawer); PutObject(CellPhone,Drawer)",<unparseable> | <unparseable>,0 | 0,0,1,"GotoLocation(Dresser); PickupObject(CellPhone); GotoLocation(Drawer); OpenObject(Drawer); PutObject(CellPhone,Drawer); CloseObject(Drawer) | GotoLocation(Dresser); PickupObject(CellPhone); GotoLocation(Drawer); PutObject(CellPhone,Drawer)",1 | 1,1,0,candidate_fixed
shard_2_cf_1075,Drawer,shard_2_exp0_8375 | shard_2_exp0_8374,closed | open,"GotoLocation(CounterTop); PickupObject(Spatula); GotoLocation(Drawer); OpenObject(Drawer); PutObject(Spatula,Drawer); CloseObject(Drawer) | GotoLocation(CounterTop); PickupObject(Spatula); GotoLocation(Drawer); PutObject(Spatula,Drawer)",<unparseable> | <unparseable>,0 | 0,0,1,"GotoLocation(CounterTop); PickupObject(Spatula); GotoLocation(Drawer); PutObject(Spatula,Drawer) | GotoLocation(CounterTop); PickupObject(Spatula); GotoLocation(Drawer); PutObject(Spatula,Drawer)",0 | 1,0,1,both_not_exact
shard_2_cf_1076,Drawer,shard_2_exp0_8382 | shard_2_exp0_8381,closed | open,"GotoLocation(DiningTable); PickupObject(RemoteControl); GotoLocation(Drawer); OpenObject(Drawer); PutObject(RemoteControl,Drawer); CloseObject(Drawer) | GotoLocation(DiningTable); PickupObject(RemoteControl); GotoLocation(Drawer); PutObject(RemoteControl,Drawer)",<unparseable> | <unparseable>,0 | 0,0,1,"GotoLocation(CounterTop); PickupObject(RemoteControl); GotoLocation(Drawer); OpenObject(Drawer); PutObject(RemoteControl,Drawer); CloseObject(Drawer) | GotoLocation(CounterTop); PickupObject(RemoteControl); GotoLocation(Drawer); PutObject(RemoteControl,Drawer)",0 | 0,0,0,both_not_exact
shard_2_cf_1125,Drawer,shard_2_exp0_8573 | shard_2_exp0_8572,closed | open,GotoLocation(Drawer); OpenObject(Drawer) | GotoLocation(Drawer),<unparseable> | <unparseable>,0 | 0,0,1,GotoLocation(Drawer); OpenObject(Drawer) | GotoLocation(Drawer),1 | 1,1,0,candidate_fixed
shard_2_cf_1126,Fridge,shard_2_exp0_8575 | shard_2_exp0_8574,closed | open,GotoLocation(Fridge); OpenObject(Fridge) | GotoLocation(Fridge),<unparseable> | <unparseable>,0 | 0,0,1,GotoLocation(Fridge); OpenObject(Fridge) | GotoLocation(Fridge),1 | 1,1,0,candidate_fixed
shard_2_cf_1127,Drawer,shard_2_exp0_8577 | shard_2_exp0_8576,closed | open,"GotoLocation(ToiletPaper); PickupObject(ToiletPaper); GotoLocation(Drawer); OpenObject(Drawer); PutObject(ToiletPaper,Drawer); CloseObject(Drawer) | GotoLocation(ToiletPaper); PickupObject(ToiletPaper); GotoLocation(Drawer); PutObject(ToiletPaper,Drawer)",<unparseable> | <unparseable>,0 | 0,0,1,"GotoLocation(ToiletPaper); PickupObject(ToiletPaper); GotoLocation(Drawer); OpenObject(Drawer); PutObject(ToiletPaper,Drawer); CloseObject(Drawer) | GotoLocation(ToiletPaper); PickupObject(ToiletPaper); GotoLocation(Drawer); PutObject(ToiletPaper,Drawer)",1 | 1,1,0,candidate_fixed
shard_2_cf_1128,Fridge,shard_2_exp0_8580 | shard_2_exp0_8579,closed | open,GotoLocation(Fridge); OpenObject(Fridge) | GotoLocation(Fridge),<unparseable> | <unparseable>,0 | 0,0,1,GotoLocation(Fridge); OpenObject(Fridge) | GotoLocation(Fridge); OpenObject(Fridge),1 | 0,0,1,both_not_exact
shard_2_cf_1171,Fridge,shard_2_exp0_8755 | shard_2_exp0_8754,closed | open,GotoLocation(Fridge); OpenObject(Fridge) | GotoLocation(Fridge),<unparseable> | <unparseable>,0 | 0,0,1,GotoLocation(Fridge); OpenObject(Fridge) | GotoLocation(Fridge),1 | 1,1,0,candidate_fixed
shard_2_cf_1172,Fridge,shard_2_exp0_8758 | shard_2_exp0_8757,closed | open,GotoLocation(Fridge); OpenObject(Fridge) | GotoLocation(Fridge),<unparseable> | <unparseable>,0 | 0,0,1,GotoLocation(Fridge); OpenObject(Fridge) | GotoLocation(Fridge),1 | 1,1,0,candidate_fixed
shard_2_cf_1210,Safe,shard_2_exp0_8894 | shard_2_exp0_8893,closed | open,GotoLocation(Safe); OpenObject(Safe) | GotoLocation(Safe),<unparseable> | <unparseable>,0 | 0,0,1,GotoLocation(Safe); OpenObject(Safe) | GotoLocation(Safe),1 | 1,1,0,candidate_fixed
shard_2_cf_1211,Drawer,shard_2_exp0_8898 | shard_2_exp0_8897,closed | open,GotoLocation(Drawer); OpenObject(Drawer) | GotoLocation(Drawer),<unparseable> | <unparseable>,0 | 0,0,1,GotoLocation(Drawer); OpenObject(Drawer) | GotoLocation(Drawer),1 | 1,1,0,candidate_fixed
shard_2_cf_1212,Safe,shard_2_exp0_8901 | shard_2_exp0_8900,closed | open,GotoLocation(Safe); OpenObject(Safe) | GotoLocation(Safe),<unparseable> | <unparseable>,0 | 0,0,1,GotoLocation(Safe); OpenObject(Safe) | GotoLocation(Safe),1 | 1,1,0,candidate_fixed
shard_2_cf_1228,Drawer,shard_2_exp0_8964 | shard_2_exp0_8963,closed | open,"GotoLocation(Bed); PickupObject(Book); GotoLocation(Drawer); OpenObject(Drawer); PutObject(Book,Drawer); CloseObject(Drawer) | GotoLocation(Bed); PickupObject(Book); GotoLocation(Drawer); PutObject(Book,Drawer)",<unparseable> | <unparseable>,0 | 0,0,1,"GotoLocation(Bed); PickupObject(Book); GotoLocation(Drawer); OpenObject(Drawer); PutObject(Book,Drawer); CloseObject(Drawer) | GotoLocation(Bed); PickupObject(Book); GotoLocation(Drawer); PutObject(Book,Drawer)",1 | 1,1,0,candidate_fixed
shard_2_cf_1229,Drawer,shard_2_exp0_8970 | shard_2_exp0_8969,closed | open,GotoLocation(Drawer); OpenObject(Drawer) | GotoLocation(Drawer),<unparseable> | <unparseable>,0 | 0,0,1,GotoLocation(Drawer); OpenObject(Drawer) | GotoLocation(Drawer),1 | 1,1,0,candidate_fixed
shard_2_cf_1282,Drawer,shard_2_exp0_9120 | shard_2_exp0_9119,closed | open,"GotoLocation(Bed); PickupObject(CellPhone); GotoLocation(Drawer); OpenObject(Drawer); PutObject(CellPhone,Drawer); CloseObject(Drawer) | GotoLocation(Bed); PickupObject(CellPhone); GotoLocation(Drawer); PutObject(CellPhone,Drawer)",<unparseable> | <unparseable>,0 | 0,0,1,"GotoLocation(Bed); PickupObject(CellPhone); GotoLocation(Drawer); OpenObject(Drawer); PutObject(CellPhone,Drawer); CloseObject(Drawer) | GotoLocation(Bed); PickupObject(CellPhone); GotoLocation(Drawer); PutObject(CellPhone,Drawer)",1 | 1,1,0,candidate_fixed
shard_2_cf_1283,Drawer,shard_2_exp0_9122 | shard_2_exp0_9121,closed | open,"GotoLocation(Bed); PickupObject(CellPhone); GotoLocation(Drawer); OpenObject(Drawer); PutObject(CellPhone,Drawer); CloseObject(Drawer) | GotoLocation(Bed); PickupObject(CellPhone); GotoLocation(Drawer); PutObject(CellPhone,Drawer)",<unparseable> | <unparseable>,0 | 0,0,1,"GotoLocation(Bed); PickupObject(CellPhone); GotoLocation(Drawer); OpenObject(Drawer); PutObject(CellPhone,Drawer); CloseObject(Drawer) | GotoLocation(Bed); PickupObject(CellPhone); GotoLocation(Drawer); PutObject(CellPhone,Drawer)",1 | 1,1,0,candidate_fixed
shard_2_cf_1284,Drawer,shard_2_exp0_9125 | shard_2_exp0_9124,closed | open,"GotoLocation(SideTable); PickupObject(Pencil); GotoLocation(Drawer); OpenObject(Drawer); PutObject(Pencil,Drawer); CloseObject(Drawer) | GotoLocation(SideTable); PickupObject(Pencil); GotoLocation(Drawer); PutObject(Pencil,Drawer)",<unparseable> | <unparseable>,0 | 0,0,1,"GotoLocation(Desk); PickupObject(Pencil); GotoLocation(Drawer); OpenObject(Drawer); PutObject(Pencil,Drawer); CloseObject(Drawer) | GotoLocation(Desk); PickupObject(Pencil); GotoLocation(Drawer); PutObject(Pencil,Drawer)",0 | 0,0,0,both_not_exact
shard_2_cf_1285,Drawer,shard_2_exp0_9127 | shard_2_exp0_9126,closed | open,GotoLocation(Drawer); OpenObject(Drawer) | GotoLocation(Drawer),<unparseable> | <unparseable>,0 | 0,0,1,GotoLocation(Drawer) | GotoLocation(Drawer),0 | 1,0,1,both_not_exact
shard_2_cf_1286,Drawer,shard_2_exp0_9129 | shard_2_exp0_9128,closed | open,"GotoLocation(Bed); PickupObject(CellPhone); GotoLocation(Drawer); OpenObject(Drawer); PutObject(CellPhone,Drawer); CloseObject(Drawer) | GotoLocation(Bed); PickupObject(CellPhone); GotoLocation(Drawer); PutObject(CellPhone,Drawer)",<unparseable> | <unparseable>,0 | 0,0,1,"GotoLocation(Desk); PickupObject(CellPhone); GotoLocation(Drawer); OpenObject(Drawer); PutObject(CellPhone,Drawer); CloseObject(Drawer) | GotoLocation(Desk); PickupObject(CellPhone); GotoLocation(Drawer); PutObject(CellPhone,Drawer)",0 | 0,0,0,both_not_exact
shard_2_cf_1300,Drawer,shard_2_exp0_9173 | shard_2_exp0_9172,closed | open,"GotoLocation(Dresser); PickupObject(Pen); GotoLocation(Drawer); OpenObject(Drawer); PutObject(Pen,Drawer); CloseObject(Drawer) | GotoLocation(Dresser); PickupObject(Pen); GotoLocation(Drawer); PutObject(Pen,Drawer)",<unparseable> | <unparseable>,0 | 0,0,1,"GotoLocation(Dresser); PickupObject(Pen); GotoLocation(Drawer); OpenObject(Drawer); PutObject(Pen,Drawer); CloseObject(Drawer) | GotoLocation(Dresser); PickupObject(Pen); GotoLocation(Drawer); PutObject(Pen,Drawer)",1 | 1,1,0,candidate_fixed
shard_2_cf_1301,Drawer,shard_2_exp0_9175 | shard_2_exp0_9174,closed | open,"GotoLocation(SideTable); PickupObject(TissueBox); GotoLocation(Drawer); OpenObject(Drawer); PutObject(TissueBox,Drawer); CloseObject(Drawer) | GotoLocation(SideTable); PickupObject(TissueBox); GotoLocation(Drawer); PutObject(TissueBox,Drawer)",<unparseable> | <unparseable>,0 | 0,0,1,"GotoLocation(SideTable); PickupObject(TissueBox); GotoLocation(Drawer); OpenObject(Drawer); PutObject(TissueBox,Drawer); CloseObject(Drawer) | GotoLocation(SideTable); PickupObject(TissueBox); GotoLocation(Drawer); PutObject(TissueBox,Drawer)",1 | 1,1,0,candidate_fixed
shard_2_cf_1302,Drawer,shard_2_exp0_9177 | shard_2_exp0_9176,closed | open,GotoLocation(Drawer); OpenObject(Drawer) | GotoLocation(Drawer),<unparseable> | <unparseable>,0 | 0,0,1,GotoLocation(Drawer); OpenObject(Drawer) | GotoLocation(Drawer),1 | 1,1,0,candidate_fixed
shard_2_cf_1303,Drawer,shard_2_exp0_9181 | shard_2_exp0_9180,closed | open,"GotoLocation(Bed); PickupObject(CellPhone); GotoLocation(Drawer); OpenObject(Drawer); PutObject(CellPhone,Drawer); CloseObject(Drawer) | GotoLocation(Bed); PickupObject(CellPhone); GotoLocation(Drawer); PutObject(CellPhone,Drawer)",<unparseable> | <unparseable>,0 | 0,0,1,"GotoLocation(SideTable); PickupObject(CellPhone); GotoLocation(Drawer); OpenObject(Drawer); PutObject(CellPhone,Drawer); CloseObject(Drawer) | GotoLocation(SideTable); PickupObject(CellPhone); GotoLocation(Drawer); PutObject(CellPhone,Drawer)",0 | 0,0,0,both_not_exact
shard_2_cf_1381,Fridge,shard_2_exp0_9471 | shard_2_exp0_9470,closed | open,GotoLocation(Fridge); OpenObject(Fridge) | GotoLocation(Fridge),<unparseable> | <unparseable>,0 | 0,0,1,GotoLocation(Fridge) | GotoLocation(Fridge),0 | 1,0,1,both_not_exact
shard_2_cf_1382,Fridge,shard_2_exp0_9475 | shard_2_exp0_9474,closed | open,GotoLocation(Fridge); OpenObject(Fridge) | GotoLocation(Fridge),<unparseable> | <unparseable>,0 | 0,0,1,GotoLocation(Fridge); OpenObject(Fridge) | GotoLocation(Fridge),1 | 1,1,0,candidate_fixed
shard_2_cf_1383,Drawer,shard_2_exp0_9477 | shard_2_exp0_9476,closed | open,GotoLocation(Drawer); OpenObject(Drawer) | GotoLocation(Drawer),<unparseable> | <unparseable>,0 | 0,0,1,GotoLocation(Drawer); OpenObject(Drawer) | GotoLocation(Drawer),1 | 1,1,0,candidate_fixed
shard_2_cf_1384,Drawer,shard_2_exp0_9482 | shard_2_exp0_9481,closed | open,GotoLocation(Drawer); OpenObject(Drawer) | GotoLocation(Drawer),<unparseable> | <unparseable>,0 | 0,0,1,GotoLocation(Drawer); OpenObject(Drawer) | GotoLocation(Drawer),1 | 1,1,0,candidate_fixed
shard_2_cf_1419,Drawer,shard_2_exp0_9592 | shard_2_exp0_9591,closed | open,"GotoLocation(DiningTable); PickupObject(CreditCard); GotoLocation(Drawer); OpenObject(Drawer); PutObject(CreditCard,Drawer); CloseObject(Drawer) | GotoLocation(DiningTable); PickupObject(CreditCard); GotoLocation(Drawer); PutObject(CreditCard,Drawer)",<unparseable> | <unparseable>,0 | 0,0,1,"GotoLocation(DiningTable); PickupObject(CreditCard); GotoLocation(Drawer); OpenObject(Drawer); PutObject(CreditCard,Drawer); CloseObject(Drawer) | GotoLocation(DiningTable); PickupObject(CreditCard); GotoLocation(Drawer); PutObject(CreditCard,Drawer)",1 | 1,1,0,candidate_fixed
shard_2_cf_1420,Drawer,shard_2_exp0_9595 | shard_2_exp0_9594,closed | open,GotoLocation(Drawer); OpenObject(Drawer) | GotoLocation(Drawer),<unparseable> | <unparseable>,0 | 0,0,1,GotoLocation(Drawer); OpenObject(Drawer) | GotoLocation(Drawer),1 | 1,1,0,candidate_fixed
shard_2_cf_1421,Cabinet,shard_2_exp0_9599 | shard_2_exp0_9598,closed | open,"GotoLocation(Shelf); PickupObject(Vase); GotoLocation(Cabinet); OpenObject(Cabinet); PutObject(Vase,Cabinet); CloseObject(Cabinet) | GotoLocation(Shelf); PickupObject(Vase); GotoLocation(Cabinet); PutObject(Vase,Cabinet)",<unparseable> | <unparseable>,0 | 0,0,1,"GotoLocation(Desk); PickupObject(Vase); GotoLocation(Cabinet); PutObject(Vase,Cabinet) | GotoLocation(Desk); PickupObject(Vase); GotoLocation(Cabinet); PutObject(Vase,Cabinet)",0 | 0,0,1,both_not_exact
shard_2_cf_1468,Fridge,shard_2_exp0_9780 | shard_2_exp0_9779,closed | open,GotoLocation(Fridge); OpenObject(Fridge) | GotoLocation(Fridge),<unparseable> | <unparseable>,0 | 0,0,1,GotoLocation(Fridge); OpenObject(Fridge) | GotoLocation(Fridge),1 | 1,1,0,candidate_fixed
shard_2_cf_1469,Drawer,shard_2_exp0_9782 | shard_2_exp0_9781,closed | open,GotoLocation(Drawer); OpenObject(Drawer) | GotoLocation(Drawer),<unparseable> | <unparseable>,0 | 0,0,1,GotoLocation(Drawer); OpenObject(Drawer) | GotoLocation(Drawer),1 | 1,1,0,candidate_fixed
shard_2_cf_1470,Fridge,shard_2_exp0_9787 | shard_2_exp0_9786,closed | open,"GotoLocation(Bowl); PickupObject(Bowl); GotoLocation(Fridge); OpenObject(Fridge); PutObject(Bowl,Fridge); CloseObject(Fridge) | GotoLocation(Bowl); PickupObject(Bowl); GotoLocation(Fridge); PutObject(Bowl,Fridge)",<unparseable> | <unparseable>,0 | 0,0,1,"GotoLocation(DiningTable); PickupObject(Bowl); GotoLocation(Fridge); OpenObject(Fridge); PutObject(Bowl,Fridge); CloseObject(Fridge) | GotoLocation(DiningTable); PickupObject(Bowl); GotoLocation(Fridge); PutObject(Bowl,Fridge)",0 | 0,0,0,both_not_exact
shard_2_cf_1471,Fridge,shard_2_exp0_9790 | shard_2_exp0_9789,closed | open,GotoLocation(Fridge); OpenObject(Fridge) | GotoLocation(Fridge),<unparseable> | <unparseable>,0 | 0,0,1,GotoLocation(Fridge); OpenObject(Fridge) | GotoLocation(Fridge); OpenObject(Fridge),1 | 0,0,1,both_not_exact
shard_2_cf_1472,Fridge,shard_2_exp0_9792 | shard_2_exp0_9791,closed | open,"GotoLocation(CounterTop); PickupObject(Lettuce); GotoLocation(Fridge); OpenObject(Fridge); PutObject(Lettuce,Fridge); CloseObject(Fridge) | GotoLocation(CounterTop); PickupObject(Lettuce); GotoLocation(Fridge); PutObject(Lettuce,Fridge)",<unparseable> | <unparseable>,0 | 0,0,1,"GotoLocation(CounterTop); PickupObject(Lettuce); GotoLocation(Fridge); OpenObject(Fridge); PutObject(Lettuce,Fridge); CloseObject(Fridge) | GotoLocation(CounterTop); PickupObject(Lettuce); GotoLocation(Fridge); OpenObject(Fridge); PutObject(Lettuce,Fridge); CloseObject(Fridge)",1 | 0,0,1,both_not_exact
shard_2_cf_1514,Drawer,shard_2_exp0_9894 | shard_2_exp0_9893,closed | open,"GotoLocation(SideTable); PickupObject(Pen); GotoLocation(Drawer); OpenObject(Drawer); PutObject(Pen,Drawer); CloseObject(Drawer) | GotoLocation(SideTable); PickupObject(Pen); GotoLocation(Drawer); PutObject(Pen,Drawer)",<unparseable> | <unparseable>,0 | 0,0,1,"GotoLocation(SideTable); PickupObject(Pen); GotoLocation(Drawer); OpenObject(Drawer); PutObject(Pen,Drawer); CloseObject(Drawer) | GotoLocation(SideTable); PickupObject(Pen); GotoLocation(Drawer); PutObject(Pen,Drawer)",1 | 1,1,0,candidate_fixed
shard_2_cf_1515,Fridge,shard_2_exp0_9898 | shard_2_exp0_9897,closed | open,GotoLocation(Fridge); OpenObject(Fridge) | GotoLocation(Fridge),<unparseable> | <unparseable>,0 | 0,0,1,GotoLocation(Fridge); OpenObject(Fridge) | GotoLocation(Fridge),1 | 1,1,0,candidate_fixed
shard_2_cf_1516,Fridge,shard_2_exp0_9900 | shard_2_exp0_9899,closed | open,GotoLocation(Fridge); OpenObject(Fridge) | GotoLocation(Fridge),<unparseable> | <unparseable>,0 | 0,0,1,GotoLocation(Fridge); OpenObject(Fridge) | GotoLocation(Fridge),1 | 1,1,0,candidate_fixed
shard_2_cf_1535,Fridge,shard_2_exp0_9953 | shard_2_exp0_9952,closed | open,GotoLocation(Fridge); OpenObject(Fridge) | GotoLocation(Fridge),<unparseable> | <unparseable>,0 | 0,0,1,GotoLocation(Fridge); OpenObject(Fridge) | GotoLocation(Fridge); OpenObject(Fridge),1 | 0,0,1,both_not_exact
shard_2_cf_1536,Drawer,shard_2_exp0_9955 | shard_2_exp0_9954,closed | open,"GotoLocation(Dresser); PickupObject(KeyChain); GotoLocation(Drawer); OpenObject(Drawer); PutObject(KeyChain,Drawer); CloseObject(Drawer) | GotoLocation(Dresser); PickupObject(KeyChain); GotoLocation(Drawer); PutObject(KeyChain,Drawer)",<unparseable> | <unparseable>,0 | 0,0,1,"GotoLocation(Dresser); PickupObject(KeyChain); GotoLocation(Drawer); OpenObject(Drawer); PutObject(KeyChain,Drawer); CloseObject(Drawer) | GotoLocation(Dresser); PickupObject(KeyChain); GotoLocation(Drawer); PutObject(KeyChain,Drawer)",1 | 1,1,0,candidate_fixed
shard_2_cf_1633,Fridge,shard_2_exp0_10268 | shard_2_exp0_10267,closed | open,"GotoLocation(CounterTop); PickupObject(Potato); GotoLocation(Fridge); OpenObject(Fridge); PutObject(Potato,Fridge); CloseObject(Fridge) | GotoLocation(CounterTop); PickupObject(Potato); GotoLocation(Fridge); PutObject(Potato,Fridge)",<unparseable> | <unparseable>,0 | 0,0,1,"GotoLocation(CounterTop); PickupObject(Potato); GotoLocation(Fridge); OpenObject(Fridge); PutObject(Potato,Fridge); CloseObject(Fridge) | GotoLocation(CounterTop); PickupObject(Potato); GotoLocation(Fridge); PutObject(Potato,Fridge)",1 | 1,1,0,candidate_fixed
shard_2_cf_1634,Fridge,shard_2_exp0_10271 | shard_2_exp0_10270,closed | open,GotoLocation(Fridge); OpenObject(Fridge) | GotoLocation(Fridge),<unparseable> | <unparseable>,0 | 0,0,1,GotoLocation(Fridge); OpenObject(Fridge) | GotoLocation(Fridge); OpenObject(Fridge),1 | 0,0,1,both_not_exact
shard_2_cf_1635,Fridge,shard_2_exp0_10274 | shard_2_exp0_10273,closed | open,GotoLocation(Fridge); OpenObject(Fridge) | GotoLocation(Fridge),<unparseable> | <unparseable>,0 | 0,0,1,GotoLocation(Fridge); OpenObject(Fridge) | GotoLocation(Fridge),1 | 1,1,0,candidate_fixed
shard_2_cf_1646,Fridge,shard_2_exp0_10318 | shard_2_exp0_10317,closed | open,GotoLocation(Fridge); OpenObject(Fridge) | GotoLocation(Fridge),<unparseable> | <unparseable>,0 | 0,0,1,GotoLocation(Fridge); OpenObject(Fridge) | GotoLocation(Fridge),1 | 1,1,0,candidate_fixed
shard_2_cf_1755,Fridge,shard_2_exp0_10694 | shard_2_exp0_10693,closed | open,"GotoLocation(DiningTable); PickupObject(WineBottle); GotoLocation(Fridge); OpenObject(Fridge); PutObject(WineBottle,Fridge); CloseObject(Fridge) | GotoLocation(DiningTable); PickupObject(WineBottle); GotoLocation(Fridge); PutObject(WineBottle,Fridge)",<unparseable> | <unparseable>,0 | 0,0,1,"GotoLocation(DiningTable); PickupObject(WineBottle); GotoLocation(Fridge); OpenObject(Fridge); PutObject(WineBottle,Fridge); CloseObject(Fridge) | GotoLocation(DiningTable); PickupObject(WineBottle); GotoLocation(Fridge); PutObject(WineBottle,Fridge)",1 | 1,1,0,candidate_fixed
shard_2_cf_1756,Fridge,shard_2_exp0_10698 | shard_2_exp0_10697,closed | open,GotoLocation(Fridge); OpenObject(Fridge) | GotoLocation(Fridge),<unparseable> | <unparseable>,0 | 0,0,1,GotoLocation(Fridge); OpenObject(Fridge) | GotoLocation(Fridge),1 | 1,1,0,candidate_fixed
shard_2_cf_1757,Fridge,shard_2_exp0_10700 | shard_2_exp0_10699,closed | open,GotoLocation(Fridge); OpenObject(Fridge) | GotoLocation(Fridge),<unparseable> | <unparseable>,0 | 0,0,1,GotoLocation(Fridge); OpenObject(Fridge) | GotoLocation(Fridge),1 | 1,1,0,candidate_fixed
shard_2_cf_1758,Fridge,shard_2_exp0_10708 | shard_2_exp0_10707,closed | open,GotoLocation(Fridge); OpenObject(Fridge) | GotoLocation(Fridge),<unparseable> | <unparseable>,0 | 0,0,1,GotoLocation(Fridge); OpenObject(Fridge) | GotoLocation(Fridge); OpenObject(Fridge),1 | 0,0,1,both_not_exact
shard_2_cf_1759,Drawer,shard_2_exp0_10710 | shard_2_exp0_10709,closed | open,GotoLocation(Drawer); OpenObject(Drawer) | GotoLocation(Drawer),<unparseable> | <unparseable>,0 | 0,0,1,GotoLocation(Drawer); OpenObject(Drawer) | GotoLocation(Drawer),1 | 1,1,0,candidate_fixed
shard_2_cf_1760,Drawer,shard_2_exp0_10712 | shard_2_exp0_10711,closed | open,GotoLocation(Drawer); OpenObject(Drawer) | GotoLocation(Drawer),<unparseable> | <unparseable>,0 | 0,0,1,GotoLocation(Drawer); OpenObject(Drawer) | GotoLocation(Drawer),1 | 1,1,0,candidate_fixed
shard_2_cf_1761,Drawer,shard_2_exp0_10714 | shard_2_exp0_10713,closed | open,GotoLocation(Drawer); OpenObject(Drawer) | GotoLocation(Drawer),<unparseable> | <unparseable>,0 | 0,0,1,GotoLocation(Drawer); OpenObject(Drawer) | GotoLocation(Drawer),1 | 1,1,0,candidate_fixed
shard_2_cf_1853,Drawer,shard_2_exp0_11025 | shard_2_exp0_11024,closed | open,"GotoLocation(Dresser); PickupObject(RemoteControl); GotoLocation(Drawer); OpenObject(Drawer); PutObject(RemoteControl,Drawer); CloseObject(Drawer) | GotoLocation(Dresser); PickupObject(RemoteControl); GotoLocation(Drawer); PutObject(RemoteControl,Drawer)",<unparseable> | <unparseable>,0 | 0,0,1,"GotoLocation(DiningTable); PickupObject(RemoteControl); GotoLocation(Drawer); OpenObject(Drawer); PutObject(RemoteControl,Drawer); CloseObject(Drawer) | GotoLocation(DiningTable); PickupObject(RemoteControl); GotoLocation(Drawer); OpenObject(Drawer); PutObject(RemoteControl,Drawer); CloseObject(Drawer)",0 | 0,0,1,both_not_exact
shard_2_cf_1854,Drawer,shard_2_exp0_11027 | shard_2_exp0_11026,closed | open,"GotoLocation(Dresser); PickupObject(RemoteControl); GotoLocation(Drawer); OpenObject(Drawer); PutObject(RemoteControl,Drawer); CloseObject(Drawer) | GotoLocation(Dresser); PickupObject(RemoteControl); GotoLocation(Drawer); PutObject(RemoteControl,Drawer)",<unparseable> | <unparseable>,0 | 0,0,1,"GotoLocation(Dresser); PickupObject(RemoteControl); GotoLocation(Drawer); OpenObject(Drawer); PutObject(RemoteControl,Drawer); CloseObject(Drawer) | GotoLocation(Dresser); PickupObject(RemoteControl); GotoLocation(Drawer); PutObject(RemoteControl,Drawer)",1 | 1,1,0,candidate_fixed
shard_2_cf_1907,Drawer,shard_2_exp0_11192 | shard_2_exp0_11191,closed | open,GotoLocation(Drawer); OpenObject(Drawer) | GotoLocation(Drawer),<unparseable> | <unparseable>,0 | 0,0,1,GotoLocation(Drawer); OpenObject(Drawer) | GotoLocation(Drawer); OpenObject(Drawer),1 | 0,0,1,both_not_exact
shard_2_cf_1908,Drawer,shard_2_exp0_11194 | shard_2_exp0_11193,closed | open,"GotoLocation(Dresser); PickupObject(CD); GotoLocation(Drawer); OpenObject(Drawer); PutObject(CD,Drawer); CloseObject(Drawer) | GotoLocation(Dresser); PickupObject(CD); GotoLocation(Drawer); PutObject(CD,Drawer)",<unparseable> | <unparseable>,0 | 0,0,1,"GotoLocation(Dresser); PickupObject(CD); GotoLocation(Drawer); OpenObject(Drawer); PutObject(CD,Drawer); CloseObject(Drawer) | GotoLocation(Dresser); PickupObject(CD); GotoLocation(Drawer); PutObject(CD,Drawer)",1 | 1,1,0,candidate_fixed
shard_2_cf_1912,Fridge,shard_2_exp0_11212 | shard_2_exp0_11211,closed | open,"GotoLocation(CounterTop); PickupObject(WineBottle); GotoLocation(Fridge); OpenObject(Fridge); PutObject(WineBottle,Fridge); CloseObject(Fridge) | GotoLocation(CounterTop); PickupObject(WineBottle); GotoLocation(Fridge); PutObject(WineBottle,Fridge)",<unparseable> | <unparseable>,0 | 0,0,1,"GotoLocation(CounterTop); PickupObject(WineBottle); GotoLocation(Fridge); OpenObject(Fridge); PutObject(WineBottle,Fridge); CloseObject(Fridge) | GotoLocation(CounterTop); PickupObject(WineBottle); GotoLocation(Fridge); PutObject(WineBottle,Fridge)",1 | 1,1,0,candidate_fixed
shard_2_cf_1913,Fridge,shard_2_exp0_11214 | shard_2_exp0_11213,closed | open,GotoLocation(Fridge); OpenObject(Fridge) | GotoLocation(Fridge),<unparseable> | <unparseable>,0 | 0,0,1,GotoLocation(Fridge); OpenObject(Fridge) | GotoLocation(Fridge),1 | 1,1,0,candidate_fixed
shard_2_cf_1918,Microwave,shard_2_exp0_11228 | shard_2_exp0_11227,closed | open,GotoLocation(Microwave); OpenObject(Microwave) | GotoLocation(Microwave),<unparseable> | <unparseable>,0 | 0,0,1,GotoLocation(Microwave); OpenObject(Microwave) | GotoLocation(Microwave),1 | 1,1,0,candidate_fixed
shard_2_cf_1919,Fridge,shard_2_exp0_11230 | shard_2_exp0_11229,closed | open,GotoLocation(Fridge); OpenObject(Fridge) | GotoLocation(Fridge),<unparseable> | <unparseable>,0 | 0,0,1,GotoLocation(Fridge); OpenObject(Fridge) | GotoLocation(Fridge); OpenObject(Fridge),1 | 0,0,1,both_not_exact
shard_2_cf_1920,Drawer,shard_2_exp0_11233 | shard_2_exp0_11232,closed | open,GotoLocation(Drawer); OpenObject(Drawer) | GotoLocation(Drawer),<unparseable> | <unparseable>,0 | 0,0,1,GotoLocation(Drawer); OpenObject(Drawer) | GotoLocation(Drawer),1 | 1,1,0,candidate_fixed
shard_2_cf_1921,Drawer,shard_2_exp0_11235 | shard_2_exp0_11234,closed | open,"GotoLocation(Dresser); PickupObject(Pencil); GotoLocation(Drawer); OpenObject(Drawer); PutObject(Pencil,Drawer); CloseObject(Drawer) | GotoLocation(Dresser); PickupObject(Pencil); GotoLocation(Drawer); PutObject(Pencil,Drawer)",<unparseable> | <unparseable>,0 | 0,0,1,"GotoLocation(Dresser); PickupObject(Pencil); GotoLocation(Drawer); OpenObject(Drawer); PutObject(Pencil,Drawer); CloseObject(Drawer) | GotoLocation(Dresser); PickupObject(Pencil); GotoLocation(Drawer); PutObject(Pencil,Drawer)",1 | 1,1,0,candidate_fixed
shard_2_cf_1950,Fridge,shard_2_exp0_11313 | shard_2_exp0_11312,closed | open,GotoLocation(Fridge); OpenObject(Fridge) | GotoLocation(Fridge),<unparseable> | <unparseable>,0 | 0,0,1,GotoLocation(Fridge); OpenObject(Fridge) | GotoLocation(Fridge),1 | 1,1,0,candidate_fixed
shard_2_cf_1968,Drawer,shard_2_exp0_11389 | shard_2_exp0_11388,closed | open,GotoLocation(Drawer); OpenObject(Drawer) | GotoLocation(Drawer),<unparseable> | <unparseable>,0 | 0,0,1,GotoLocation(Drawer); OpenObject(Drawer) | GotoLocation(Drawer),1 | 1,1,0,candidate_fixed
shard_2_cf_1969,Drawer,shard_2_exp0_11391 | shard_2_exp0_11390,closed | open,GotoLocation(Drawer); OpenObject(Drawer) | GotoLocation(Drawer),<unparseable> | <unparseable>,0 | 0,0,1,GotoLocation(Drawer); OpenObject(Drawer) | GotoLocation(Drawer),1 | 1,1,0,candidate_fixed
shard_2_cf_1970,Microwave,shard_2_exp0_11393 | shard_2_exp0_11392,closed | open,GotoLocation(Microwave); OpenObject(Microwave) | GotoLocation(Microwave),<unparseable> | <unparseable>,0 | 0,0,1,GotoLocation(Microwave); OpenObject(Microwave) | GotoLocation(Microwave),1 | 1,1,0,candidate_fixed
shard_2_cf_1975,Drawer,shard_2_exp0_11408 | shard_2_exp0_11407,closed | open,"GotoLocation(Dresser); PickupObject(CD); GotoLocation(Drawer); OpenObject(Drawer); PutObject(CD,Drawer); CloseObject(Drawer) | GotoLocation(Dresser); PickupObject(CD); GotoLocation(Drawer); PutObject(CD,Drawer)",<unparseable> | <unparseable>,0 | 0,0,1,"GotoLocation(Dresser); PickupObject(CD); GotoLocation(Drawer); OpenObject(Drawer); PutObject(CD,Drawer); CloseObject(Drawer) | GotoLocation(DiningTable); PickupObject(CD); GotoLocation(Drawer); PutObject(CD,Drawer)",1 | 0,0,0,both_not_exact
shard_2_cf_1976,Drawer,shard_2_exp0_11410 | shard_2_exp0_11409,closed | open,"GotoLocation(DiningTable); PickupObject(CreditCard); GotoLocation(Drawer); OpenObject(Drawer); PutObject(CreditCard,Drawer); CloseObject(Drawer) | GotoLocation(DiningTable); PickupObject(CreditCard); GotoLocation(Drawer); PutObject(CreditCard,Drawer)",<unparseable> | <unparseable>,0 | 0,0,1,"GotoLocation(DiningTable); PickupObject(CreditCard); GotoLocation(Drawer); OpenObject(Drawer); PutObject(CreditCard,Drawer); CloseObject(Drawer) | GotoLocation(DiningTable); PickupObject(CreditCard); GotoLocation(Drawer); OpenObject(Drawer); PutObject(CreditCard,Drawer); CloseObject(Drawer)",1 | 0,0,1,both_not_exact
shard_2_cf_1977,Drawer,shard_2_exp0_11412 | shard_2_exp0_11411,closed | open,GotoLocation(Drawer); OpenObject(Drawer) | GotoLocation(Drawer),<unparseable> | <unparseable>,0 | 0,0,1,GotoLocation(Drawer); OpenObject(Drawer) | GotoLocation(Drawer),1 | 1,1,0,candidate_fixed
shard_2_cf_1978,Drawer,shard_2_exp0_11414 | shard_2_exp0_11413,closed | open,GotoLocation(Drawer); OpenObject(Drawer) | GotoLocation(Drawer),<unparseable> | <unparseable>,0 | 0,0,1,GotoLocation(Drawer); OpenObject(Drawer) | GotoLocation(Drawer),1 | 1,1,0,candidate_fixed
shard_2_cf_1979,Drawer,shard_2_exp0_11416 | shard_2_exp0_11415,closed | open,"GotoLocation(DiningTable); PickupObject(CreditCard); GotoLocation(Drawer); OpenObject(Drawer); PutObject(CreditCard,Drawer); CloseObject(Drawer) | GotoLocation(DiningTable); PickupObject(CreditCard); GotoLocation(Drawer); PutObject(CreditCard,Drawer)",<unparseable> | <unparseable>,0 | 0,0,1,"GotoLocation(Dresser); PickupObject(CreditCard); GotoLocation(Drawer); OpenObject(Drawer); PutObject(CreditCard,Drawer); CloseObject(Drawer) | GotoLocation(Dresser); PickupObject(CreditCard); GotoLocation(Drawer); PutObject(CreditCard,Drawer)",0 | 0,0,0,both_not_exact
shard_2_cf_2020,Drawer,shard_2_exp0_11553 | shard_2_exp0_11552,closed | open,GotoLocation(Drawer); OpenObject(Drawer) | GotoLocation(Drawer),<unparseable> | <unparseable>,0 | 0,0,1,GotoLocation(Drawer); OpenObject(Drawer) | GotoLocation(Drawer); OpenObject(Drawer),1 | 0,0,1,both_not_exact
shard_2_cf_2021,Drawer,shard_2_exp0_11557 | shard_2_exp0_11556,closed | open,"GotoLocation(Bed); PickupObject(Book); GotoLocation(Drawer); OpenObject(Drawer); PutObject(Book,Drawer); CloseObject(Drawer) | GotoLocation(Bed); PickupObject(Book); GotoLocation(Drawer); PutObject(Book,Drawer)",<unparseable> | <unparseable>,0 | 0,0,1,"GotoLocation(Bed); PickupObject(Book); GotoLocation(Drawer); OpenObject(Drawer); PutObject(Book,Drawer); CloseObject(Drawer) | GotoLocation(Bed); PickupObject(Book); GotoLocation(Drawer); PutObject(Book,Drawer)",1 | 1,1,0,candidate_fixed
shard_2_cf_2022,Drawer,shard_2_exp0_11560 | shard_2_exp0_11559,closed | open,GotoLocation(Drawer); OpenObject(Drawer) | GotoLocation(Drawer),<unparseable> | <unparseable>,0 | 0,0,1,GotoLocation(Drawer); OpenObject(Drawer) | GotoLocation(Drawer),1 | 1,1,0,candidate_fixed
shard_2_cf_2030,Drawer,shard_2_exp0_11594 | shard_2_exp0_11593,closed | open,GotoLocation(Drawer); OpenObject(Drawer) | GotoLocation(Drawer),<unparseable> | <unparseable>,0 | 0,0,1,GotoLocation(Drawer); OpenObject(Drawer) | GotoLocation(Drawer),1 | 1,1,0,candidate_fixed
shard_2_cf_2031,Fridge,shard_2_exp0_11598 | shard_2_exp0_11597,closed | open,GotoLocation(Fridge); OpenObject(Fridge) | GotoLocation(Fridge),<unparseable> | <unparseable>,0 | 0,0,1,GotoLocation(Fridge); OpenObject(Fridge) | GotoLocation(Fridge),1 | 1,1,0,candidate_fixed
shard_2_cf_2032,Fridge,shard_2_exp0_11600 | shard_2_exp0_11599,closed | open,GotoLocation(Fridge); OpenObject(Fridge) | GotoLocation(Fridge),<unparseable> | <unparseable>,0 | 0,0,1,GotoLocation(Fridge); OpenObject(Fridge) | GotoLocation(Fridge); OpenObject(Fridge),1 | 0,0,1,both_not_exact
shard_2_cf_2042,Drawer,shard_2_exp0_11633 | shard_2_exp0_11632,closed | open,GotoLocation(Drawer); OpenObject(Drawer) | GotoLocation(Drawer),<unparseable> | <unparseable>,0 | 0,0,1,GotoLocation(Drawer); OpenObject(Drawer) | GotoLocation(Drawer),1 | 1,1,0,candidate_fixed
shard_2_cf_2043,Drawer,shard_2_exp0_11636 | shard_2_exp0_11635,closed | open,"GotoLocation(DiningTable); PickupObject(RemoteControl); GotoLocation(Drawer); OpenObject(Drawer); PutObject(RemoteControl,Drawer); CloseObject(Drawer) | GotoLocation(DiningTable); PickupObject(RemoteControl); GotoLocation(Drawer); PutObject(RemoteControl,Drawer)",<unparseable> | <unparseable>,0 | 0,0,1,"GotoLocation(DiningTable); PickupObject(RemoteControl); GotoLocation(Drawer); OpenObject(Drawer); PutObject(RemoteControl,Drawer); CloseObject(Drawer) | GotoLocation(DiningTable); PickupObject(RemoteControl); GotoLocation(Drawer); PutObject(RemoteControl,Drawer)",1 | 1,1,0,candidate_fixed
shard_2_cf_2092,Drawer,shard_2_exp0_11815 | shard_2_exp0_11814,closed | open,GotoLocation(Drawer); OpenObject(Drawer) | GotoLocation(Drawer),<unparseable> | <unparseable>,0 | 0,0,1,GotoLocation(Drawer); OpenObject(Drawer) | GotoLocation(Drawer),1 | 1,1,0,candidate_fixed
shard_2_cf_2093,Drawer,shard_2_exp0_11817 | shard_2_exp0_11816,closed | open,GotoLocation(Drawer); OpenObject(Drawer) | GotoLocation(Drawer),<unparseable> | <unparseable>,0 | 0,0,1,GotoLocation(Drawer); OpenObject(Drawer) | GotoLocation(Drawer),1 | 1,1,0,candidate_fixed
shard_2_cf_2094,Drawer,shard_2_exp0_11819 | shard_2_exp0_11818,closed | open,GotoLocation(Drawer); OpenObject(Drawer) | GotoLocation(Drawer),<unparseable> | <unparseable>,0 | 0,0,1,GotoLocation(Drawer); OpenObject(Drawer) | GotoLocation(Drawer),1 | 1,1,0,candidate_fixed
shard_2_cf_2095,Drawer,shard_2_exp0_11821 | shard_2_exp0_11820,closed | open,"GotoLocation(SideTable); PickupObject(KeyChain); GotoLocation(Drawer); OpenObject(Drawer); PutObject(KeyChain,Drawer); CloseObject(Drawer) | GotoLocation(SideTable); PickupObject(KeyChain); GotoLocation(Drawer); PutObject(KeyChain,Drawer)",<unparseable> | <unparseable>,0 | 0,0,1,"GotoLocation(SideTable); PickupObject(KeyChain); GotoLocation(Drawer); OpenObject(Drawer); PutObject(KeyChain,Drawer); CloseObject(Drawer) | GotoLocation(SideTable); PickupObject(KeyChain); GotoLocation(Drawer); PutObject(KeyChain,Drawer)",1 | 1,1,0,candidate_fixed
shard_2_cf_2096,Drawer,shard_2_exp0_11823 | shard_2_exp0_11822,closed | open,GotoLocation(Drawer); OpenObject(Drawer) | GotoLocation(Drawer),<unparseable> | <unparseable>,0 | 0,0,1,GotoLocation(Drawer); OpenObject(Drawer) | GotoLocation(Drawer),1 | 1,1,0,candidate_fixed
shard_2_cf_2097,Drawer,shard_2_exp0_11825 | shard_2_exp0_11824,closed | open,GotoLocation(Drawer); OpenObject(Drawer) | GotoLocation(Drawer),<unparseable> | <unparseable>,0 | 0,0,1,GotoLocation(Drawer); OpenObject(Drawer) | GotoLocation(Drawer),1 | 1,1,0,candidate_fixed
shard_2_cf_2128,Drawer,shard_2_exp0_11966 | shard_2_exp0_11965,closed | open,"GotoLocation(Dresser); PickupObject(CellPhone); GotoLocation(Drawer); OpenObject(Drawer); PutObject(CellPhone,Drawer); CloseObject(Drawer) | GotoLocation(Dresser); PickupObject(CellPhone); GotoLocation(Drawer); PutObject(CellPhone,Drawer)",<unparseable> | <unparseable>,0 | 0,0,1,"GotoLocation(Bed); PickupObject(CellPhone); GotoLocation(Drawer); PutObject(CellPhone,Drawer) | GotoLocation(Bed); PickupObject(CellPhone); GotoLocation(Drawer); PutObject(CellPhone,Drawer)",0 | 0,0,1,both_not_exact
shard_2_cf_2129,Fridge,shard_2_exp0_11969 | shard_2_exp0_11968,closed | open,GotoLocation(Fridge); OpenObject(Fridge) | GotoLocation(Fridge),<unparseable> | <unparseable>,0 | 0,0,1,GotoLocation(Fridge); OpenObject(Fridge) | GotoLocation(Fridge),1 | 1,1,0,candidate_fixed
shard_2_cf_2130,Drawer,shard_2_exp0_11971 | shard_2_exp0_11970,closed | open,GotoLocation(Drawer); OpenObject(Drawer) | GotoLocation(Drawer),<unparseable> | <unparseable>,0 | 0,0,1,GotoLocation(Drawer); OpenObject(Drawer) | GotoLocation(Drawer),1 | 1,1,0,candidate_fixed
shard_2_cf_2131,Cabinet,shard_2_exp0_11973 | shard_2_exp0_11972,closed | open,GotoLocation(Cabinet); OpenObject(Cabinet) | GotoLocation(Cabinet),<unparseable> | <unparseable>,0 | 0,0,1,GotoLocation(Cabinet); OpenObject(Cabinet) | GotoLocation(Cabinet),1 | 1,1,0,candidate_fixed
shard_2_cf_2136,Drawer,shard_2_exp0_11989 | shard_2_exp0_11988,closed | open,"GotoLocation(Bed); PickupObject(RemoteControl); GotoLocation(Drawer); OpenObject(Drawer); PutObject(RemoteControl,Drawer); CloseObject(Drawer) | GotoLocation(Bed); PickupObject(RemoteControl); GotoLocation(Drawer); PutObject(RemoteControl,Drawer)",<unparseable> | <unparseable>,0 | 0,0,1,"GotoLocation(Bed); PickupObject(RemoteControl); GotoLocation(Drawer); OpenObject(Drawer); PutObject(RemoteControl,Drawer); CloseObject(Drawer) | GotoLocation(Bed); PickupObject(RemoteControl); GotoLocation(Drawer); PutObject(RemoteControl,Drawer)",1 | 1,1,0,candidate_fixed
shard_2_cf_2161,Microwave,shard_2_exp0_12076 | shard_2_exp0_12075,closed | open,GotoLocation(Microwave); OpenObject(Microwave) | GotoLocation(Microwave),<unparseable> | <unparseable>,0 | 0,0,1,GotoLocation(Microwave); OpenObject(Microwave) | GotoLocation(Microwave),1 | 1,1,0,candidate_fixed
shard_2_cf_2181,Drawer,shard_2_exp0_12157 | shard_2_exp0_12156,closed | open,GotoLocation(Drawer); OpenObject(Drawer) | GotoLocation(Drawer),<unparseable> | <unparseable>,0 | 0,0,1,GotoLocation(Drawer); OpenObject(Drawer) | GotoLocation(Drawer),1 | 1,1,0,candidate_fixed
shard_2_cf_2182,Drawer,shard_2_exp0_12159 | shard_2_exp0_12158,closed | open,GotoLocation(Drawer); OpenObject(Drawer) | GotoLocation(Drawer),<unparseable> | <unparseable>,0 | 0,0,1,GotoLocation(Drawer); OpenObject(Drawer) | GotoLocation(Drawer),1 | 1,1,0,candidate_fixed
shard_2_cf_2183,Drawer,shard_2_exp0_12161 | shard_2_exp0_12160,closed | open,GotoLocation(Drawer); OpenObject(Drawer) | GotoLocation(Drawer),<unparseable> | <unparseable>,0 | 0,0,1,GotoLocation(Drawer); OpenObject(Drawer) | GotoLocation(Drawer),1 | 1,1,0,candidate_fixed
shard_2_cf_2190,Drawer,shard_2_exp0_12178 | shard_2_exp0_12177,closed | open,GotoLocation(Drawer); OpenObject(Drawer) | GotoLocation(Drawer),<unparseable> | <unparseable>,0 | 0,0,1,GotoLocation(Drawer); OpenObject(Drawer) | GotoLocation(Drawer),1 | 1,1,0,candidate_fixed
shard_2_cf_2191,Drawer,shard_2_exp0_12180 | shard_2_exp0_12179,closed | open,GotoLocation(Drawer); OpenObject(Drawer) | GotoLocation(Drawer),<unparseable> | <unparseable>,0 | 0,0,1,GotoLocation(Drawer); OpenObject(Drawer) | GotoLocation(Drawer),1 | 1,1,0,candidate_fixed
shard_2_cf_2228,Drawer,shard_2_exp0_12290 | shard_2_exp0_12289,closed | open,GotoLocation(Drawer); OpenObject(Drawer) | GotoLocation(Drawer),<unparseable> | <unparseable>,0 | 0,0,1,GotoLocation(Drawer); OpenObject(Drawer) | GotoLocation(Drawer),1 | 1,1,0,candidate_fixed
shard_2_cf_2229,Drawer,shard_2_exp0_12295 | shard_2_exp0_12294,closed | open,GotoLocation(Drawer); OpenObject(Drawer) | GotoLocation(Drawer),<unparseable> | <unparseable>,0 | 0,0,1,GotoLocation(Drawer); OpenObject(Drawer) | GotoLocation(Drawer),1 | 1,1,0,candidate_fixed
shard_2_cf_2243,Fridge,shard_2_exp0_12338 | shard_2_exp0_12337,closed | open,GotoLocation(Fridge); OpenObject(Fridge) | GotoLocation(Fridge),<unparseable> | <unparseable>,0 | 0,0,1,GotoLocation(Fridge); OpenObject(Fridge) | GotoLocation(Fridge),1 | 1,1,0,candidate_fixed
shard_2_cf_2244,Fridge,shard_2_exp0_12341 | shard_2_exp0_12340,closed | open,GotoLocation(Fridge); OpenObject(Fridge) | GotoLocation(Fridge),<unparseable> | <unparseable>,0 | 0,0,1,GotoLocation(Fridge); OpenObject(Fridge) | GotoLocation(Fridge),1 | 1,1,0,candidate_fixed
shard_2_cf_2245,Safe,shard_2_exp0_12343 | shard_2_exp0_12342,closed | open,"GotoLocation(Watch); PickupObject(Watch); GotoLocation(Safe); OpenObject(Safe); PutObject(Watch,Safe); CloseObject(Safe) | GotoLocation(Watch); PickupObject(Watch); GotoLocation(Safe); PutObject(Watch,Safe)",<unparseable> | <unparseable>,0 | 0,0,1,"GotoLocation(DiningTable); PickupObject(Watch); GotoLocation(Safe); OpenObject(Safe); PutObject(Watch,Safe); CloseObject(Safe) | GotoLocation(DiningTable); PickupObject(Watch); GotoLocation(Safe); PutObject(Watch,Safe)",0 | 0,0,0,both_not_exact
shard_2_cf_2246,Fridge,shard_2_exp0_12345 | shard_2_exp0_12344,closed | open,"GotoLocation(CounterTop); PickupObject(Egg); GotoLocation(Fridge); OpenObject(Fridge); PutObject(Egg,Fridge); CloseObject(Fridge) | GotoLocation(CounterTop); PickupObject(Egg); GotoLocation(Fridge); PutObject(Egg,Fridge)",<unparseable> | <unparseable>,0 | 0,0,1,"GotoLocation(CounterTop); PickupObject(Egg); GotoLocation(Fridge); OpenObject(Fridge); PutObject(Egg,Fridge); CloseObject(Fridge) | GotoLocation(CounterTop); PickupObject(Egg); GotoLocation(Fridge); PutObject(Egg,Fridge)",1 | 1,1,0,candidate_fixed
shard_2_cf_2247,Microwave,shard_2_exp0_12347 | shard_2_exp0_12346,closed | open,GotoLocation(Microwave); OpenObject(Microwave) | GotoLocation(Microwave),<unparseable> | <unparseable>,0 | 0,0,1,GotoLocation(Microwave) | GotoLocation(Microwave),0 | 1,0,1,both_not_exact
shard_2_cf_2248,Fridge,shard_2_exp0_12350 | shard_2_exp0_12349,closed | open,GotoLocation(Fridge); OpenObject(Fridge) | GotoLocation(Fridge),<unparseable> | <unparseable>,0 | 0,0,1,GotoLocation(Fridge); OpenObject(Fridge) | GotoLocation(Fridge),1 | 1,1,0,candidate_fixed
shard_2_cf_2249,Fridge,shard_2_exp0_12352 | shard_2_exp0_12351,closed | open,GotoLocation(Fridge); OpenObject(Fridge) | GotoLocation(Fridge),<unparseable> | <unparseable>,0 | 0,0,1,GotoLocation(Fridge); OpenObject(Fridge) | GotoLocation(Fridge),1 | 1,1,0,candidate_fixed
shard_2_cf_2250,Microwave,shard_2_exp0_12354 | shard_2_exp0_12353,closed | open,GotoLocation(Microwave); OpenObject(Microwave) | GotoLocation(Microwave),<unparseable> | <unparseable>,0 | 0,0,1,GotoLocation(Microwave); OpenObject(Microwave) | GotoLocation(Microwave); OpenObject(Microwave),1 | 0,0,1,both_not_exact
shard_2_cf_2251,Drawer,shard_2_exp0_12356 | shard_2_exp0_12355,closed | open,GotoLocation(Drawer); OpenObject(Drawer) | GotoLocation(Drawer),<unparseable> | <unparseable>,0 | 0,0,1,GotoLocation(Drawer); OpenObject(Drawer) | GotoLocation(Drawer),1 | 1,1,0,candidate_fixed
shard_2_cf_2252,Drawer,shard_2_exp0_12358 | shard_2_exp0_12357,closed | open,"GotoLocation(CounterTop); PickupObject(CellPhone); GotoLocation(Drawer); OpenObject(Drawer); PutObject(CellPhone,Drawer); CloseObject(Drawer) | GotoLocation(CounterTop); PickupObject(CellPhone); GotoLocation(Drawer); PutObject(CellPhone,Drawer)",<unparseable> | <unparseable>,0 | 0,0,1,"GotoLocation(CounterTop); PickupObject(CellPhone); GotoLocation(Drawer); PutObject(CellPhone,Drawer) | GotoLocation(CounterTop); PickupObject(CellPhone); GotoLocation(Drawer); PutObject(CellPhone,Drawer)",0 | 1,0,1,both_not_exact
shard_2_cf_2253,Drawer,shard_2_exp0_12361 | shard_2_exp0_12360,closed | open,"GotoLocation(CounterTop); PickupObject(SprayBottle); GotoLocation(Drawer); OpenObject(Drawer); PutObject(SprayBottle,Drawer); CloseObject(Drawer) | GotoLocation(CounterTop); PickupObject(SprayBottle); GotoLocation(Drawer); PutObject(SprayBottle,Drawer)",<unparseable> | <unparseable>,0 | 0,0,1,"GotoLocation(CounterTop); PickupObject(SprayBottle); GotoLocation(Drawer); OpenObject(Drawer); PutObject(SprayBottle,Drawer); CloseObject(Drawer) | GotoLocation(CounterTop); PickupObject(SprayBottle); GotoLocation(Drawer); PutObject(SprayBottle,Drawer)",1 | 1,1,0,candidate_fixed
shard_2_cf_2265,Drawer,shard_2_exp0_12387 | shard_2_exp0_12386,closed | open,"GotoLocation(DiningTable); PickupObject(Pencil); GotoLocation(Drawer); OpenObject(Drawer); PutObject(Pencil,Drawer); CloseObject(Drawer) | GotoLocation(DiningTable); PickupObject(Pencil); GotoLocation(Drawer); PutObject(Pencil,Drawer)",<unparseable> | <unparseable>,0 | 0,0,1,"GotoLocation(DiningTable); PickupObject(Pencil); GotoLocation(Drawer); OpenObject(Drawer); PutObject(Pencil,Drawer); CloseObject(Drawer) | GotoLocation(DiningTable); PickupObject(Pencil); GotoLocation(Drawer); OpenObject(Drawer); PutObject(Pencil,Drawer); CloseObject(Drawer)",1 | 0,0,1,both_not_exact
shard_2_cf_2266,Drawer,shard_2_exp0_12389 | shard_2_exp0_12388,closed | open,"GotoLocation(Dresser); PickupObject(RemoteControl); GotoLocation(Drawer); OpenObject(Drawer); PutObject(RemoteControl,Drawer); CloseObject(Drawer) | GotoLocation(Dresser); PickupObject(RemoteControl); GotoLocation(Drawer); PutObject(RemoteControl,Drawer)",<unparseable> | <unparseable>,0 | 0,0,1,"GotoLocation(Dresser); PickupObject(RemoteControl); GotoLocation(Drawer); OpenObject(Drawer); PutObject(RemoteControl,Drawer); CloseObject(Drawer) | GotoLocation(Dresser); PickupObject(RemoteControl); GotoLocation(Drawer); OpenObject(Drawer); PutObject(RemoteControl,Drawer); CloseObject(Drawer)",1 | 0,0,1,both_not_exact
shard_3_cf_0060,Fridge,shard_3_exp0_0615 | shard_3_exp0_0614,closed | open,"GotoLocation(CounterTop); PickupObject(Cup); GotoLocation(Fridge); OpenObject(Fridge); PutObject(Cup,Fridge); CloseObject(Fridge) | GotoLocation(CounterTop); PickupObject(Cup); GotoLocation(Fridge); PutObject(Cup,Fridge)",<unparseable> | <unparseable>,0 | 0,0,1,"GotoLocation(CounterTop); PickupObject(Cup); GotoLocation(Fridge); OpenObject(Fridge); PutObject(Cup,Fridge); CloseObject(Fridge) | GotoLocation(CounterTop); PickupObject(Cup); GotoLocation(Fridge); PutObject(Cup,Fridge)",1 | 1,1,0,candidate_fixed
shard_3_cf_0085,Fridge,shard_3_exp0_0895 | shard_3_exp0_0894,closed | open,GotoLocation(Fridge); OpenObject(Fridge) | GotoLocation(Fridge),<unparseable> | <unparseable>,0 | 0,0,1,GotoLocation(Fridge); OpenObject(Fridge) | GotoLocation(Fridge); OpenObject(Fridge),1 | 0,0,1,both_not_exact
shard_3_cf_0086,Drawer,shard_3_exp0_0898 | shard_3_exp0_0897,closed | open,"GotoLocation(Dresser); PickupObject(TissueBox); GotoLocation(Drawer); OpenObject(Drawer); PutObject(TissueBox,Drawer); CloseObject(Drawer) | GotoLocation(Dresser); PickupObject(TissueBox); GotoLocation(Drawer); PutObject(TissueBox,Drawer)",<unparseable> | <unparseable>,0 | 0,0,1,"GotoLocation(Dresser); PickupObject(TissueBox); GotoLocation(Drawer); OpenObject(Drawer); PutObject(TissueBox,Drawer); CloseObject(Drawer) | GotoLocation(Dresser); PickupObject(TissueBox); GotoLocation(Drawer); PutObject(TissueBox,Drawer)",1 | 1,1,0,candidate_fixed
shard_3_cf_0108,Fridge,shard_3_exp0_1059 | shard_3_exp0_1058,closed | open,GotoLocation(Fridge); OpenObject(Fridge) | GotoLocation(Fridge),<unparseable> | <unparseable>,0 | 0,0,1,GotoLocation(Fridge); OpenObject(Fridge) | GotoLocation(Fridge),1 | 1,1,0,candidate_fixed
shard_3_cf_0109,Drawer,shard_3_exp0_1063 | shard_3_exp0_1062,closed | open,GotoLocation(Drawer); OpenObject(Drawer) | GotoLocation(Drawer),<unparseable> | <unparseable>,0 | 0,0,1,GotoLocation(Drawer); OpenObject(Drawer) | GotoLocation(Drawer),1 | 1,1,0,candidate_fixed
shard_3_cf_0110,Drawer,shard_3_exp0_1067 | shard_3_exp0_1066,closed | open,GotoLocation(Drawer); OpenObject(Drawer) | GotoLocation(Drawer),<unparseable> | <unparseable>,0 | 0,0,1,GotoLocation(Drawer); OpenObject(Drawer) | GotoLocation(Drawer),1 | 1,1,0,candidate_fixed
shard_3_cf_0130,Drawer,shard_3_exp0_1312 | shard_3_exp0_1311,closed | open,GotoLocation(Drawer); OpenObject(Drawer) | GotoLocation(Drawer),<unparseable> | <unparseable>,0 | 0,0,1,GotoLocation(Drawer); OpenObject(Drawer) | GotoLocation(Drawer),1 | 1,1,0,candidate_fixed
shard_3_cf_0131,Drawer,shard_3_exp0_1316 | shard_3_exp0_1315,closed | open,GotoLocation(Drawer); OpenObject(Drawer) | GotoLocation(Drawer),<unparseable> | <unparseable>,0 | 0,0,1,GotoLocation(Drawer); OpenObject(Drawer) | GotoLocation(Drawer),1 | 1,1,0,candidate_fixed
shard_3_cf_0149,Drawer,shard_3_exp0_1491 | shard_3_exp0_1490,closed | open,"GotoLocation(SideTable); PickupObject(Pen); GotoLocation(Drawer); OpenObject(Drawer); PutObject(Pen,Drawer); CloseObject(Drawer) | GotoLocation(SideTable); PickupObject(Pen); GotoLocation(Drawer); PutObject(Pen,Drawer)",<unparseable> | <unparseable>,0 | 0,0,1,"GotoLocation(SideTable); PickupObject(Pen); GotoLocation(Drawer); PutObject(Pen,Drawer) | GotoLocation(Dresser); PickupObject(Pen); GotoLocation(Drawer); PutObject(Pen,Drawer)",0 | 0,0,0,both_not_exact
shard_3_cf_0150,Drawer,shard_3_exp0_1498 | shard_3_exp0_1497,closed | open,"GotoLocation(SideTable); PickupObject(Watch); GotoLocation(Drawer); OpenObject(Drawer); PutObject(Watch,Drawer); CloseObject(Drawer) | GotoLocation(SideTable); PickupObject(Watch); GotoLocation(Drawer); PutObject(Watch,Drawer)",<unparseable> | <unparseable>,0 | 0,0,1,"GotoLocation(SideTable); PickupObject(Watch); GotoLocation(Drawer); OpenObject(Drawer); PutObject(Watch,Drawer); CloseObject(Drawer) | GotoLocation(SideTable); PickupObject(Watch); GotoLocation(Drawer); PutObject(Watch,Drawer)",1 | 1,1,0,candidate_fixed
shard_3_cf_0160,Drawer,shard_3_exp0_1625 | shard_3_exp0_1624,closed | open,GotoLocation(Drawer); OpenObject(Drawer) | GotoLocation(Drawer),<unparseable> | <unparseable>,0 | 0,0,1,GotoLocation(Drawer); OpenObject(Drawer) | GotoLocation(Drawer),1 | 1,1,0,candidate_fixed
shard_3_cf_0179,Fridge,shard_3_exp0_1811 | shard_3_exp0_1810,closed | open,GotoLocation(Fridge); OpenObject(Fridge) | GotoLocation(Fridge),<unparseable> | <unparseable>,0 | 0,0,1,GotoLocation(Fridge); OpenObject(Fridge) | GotoLocation(Fridge),1 | 1,1,0,candidate_fixed
shard_3_cf_0199,Drawer,shard_3_exp0_2064 | shard_3_exp0_2063,closed | open,"GotoLocation(Dresser); PickupObject(Book); GotoLocation(Drawer); OpenObject(Drawer); PutObject(Book,Drawer); CloseObject(Drawer) | GotoLocation(Dresser); PickupObject(Book); GotoLocation(Drawer); PutObject(Book,Drawer)",<unparseable> | <unparseable>,0 | 0,0,1,"GotoLocation(Dresser); PickupObject(Book); GotoLocation(Drawer); OpenObject(Drawer); PutObject(Book,Drawer); CloseObject(Drawer) | GotoLocation(Dresser); PickupObject(Book); GotoLocation(Drawer); PutObject(Book,Drawer)",1 | 1,1,0,candidate_fixed
shard_3_cf_0200,Fridge,shard_3_exp0_2074 | shard_3_exp0_2073,closed | open,GotoLocation(Fridge); OpenObject(Fridge) | GotoLocation(Fridge),<unparseable> | <unparseable>,0 | 0,0,1,GotoLocation(Fridge); OpenObject(Fridge) | GotoLocation(Fridge),1 | 1,1,0,candidate_fixed
shard_3_cf_0201,Drawer,shard_3_exp0_2076 | shard_3_exp0_2075,closed | open,GotoLocation(Drawer); OpenObject(Drawer) | GotoLocation(Drawer),<unparseable> | <unparseable>,0 | 0,0,1,GotoLocation(Drawer); OpenObject(Drawer) | GotoLocation(Drawer),1 | 1,1,0,candidate_fixed
shard_3_cf_0202,Drawer,shard_3_exp0_2079 | shard_3_exp0_2078,closed | open,"GotoLocation(DiningTable); PickupObject(Spoon); GotoLocation(Drawer); OpenObject(Drawer); PutObject(Spoon,Drawer); CloseObject(Drawer) | GotoLocation(DiningTable); PickupObject(Spoon); GotoLocation(Drawer); PutObject(Spoon,Drawer)",<unparseable> | <unparseable>,0 | 0,0,1,"GotoLocation(DiningTable); PickupObject(Spoon); GotoLocation(Drawer); OpenObject(Drawer); PutObject(Spoon,Drawer); CloseObject(Drawer) | GotoLocation(DiningTable); PickupObject(Spoon); GotoLocation(Drawer); OpenObject(Drawer); PutObject(Spoon,Drawer); CloseObject(Drawer)",1 | 0,0,1,both_not_exact
shard_3_cf_0203,Drawer,shard_3_exp0_2083 | shard_3_exp0_2082,closed | open,"GotoLocation(Shelf); PickupObject(Book); GotoLocation(Drawer); OpenObject(Drawer); PutObject(Book,Drawer); CloseObject(Drawer) | GotoLocation(Shelf); PickupObject(Book); GotoLocation(Drawer); PutObject(Book,Drawer)",<unparseable> | <unparseable>,0 | 0,0,1,"GotoLocation(Shelf); PickupObject(Book); GotoLocation(Drawer); OpenObject(Drawer); PutObject(Book,Drawer); CloseObject(Drawer) | GotoLocation(Dresser); PickupObject(Book); GotoLocation(Drawer); PutObject(Book,Drawer)",1 | 0,0,0,both_not_exact
shard_3_cf_0205,Cabinet,shard_3_exp0_2101 | shard_3_exp0_2100,closed | open,GotoLocation(Cabinet); OpenObject(Cabinet) | GotoLocation(Cabinet),<unparseable> | <unparseable>,0 | 0,0,1,GotoLocation(Cabinet); OpenObject(Cabinet) | GotoLocation(Cabinet),1 | 1,1,0,candidate_fixed
shard_3_cf_0206,Cabinet,shard_3_exp0_2103 | shard_3_exp0_2102,closed | open,GotoLocation(Cabinet); OpenObject(Cabinet) | GotoLocation(Cabinet),<unparseable> | <unparseable>,0 | 0,0,1,GotoLocation(Cabinet); OpenObject(Cabinet) | GotoLocation(Cabinet),1 | 1,1,0,candidate_fixed
shard_3_cf_0258,Fridge,shard_3_exp0_2518 | shard_3_exp0_2517,closed | open,GotoLocation(Fridge); OpenObject(Fridge) | GotoLocation(Fridge),<unparseable> | <unparseable>,0 | 0,0,1,GotoLocation(Fridge); OpenObject(Fridge) | GotoLocation(Fridge); OpenObject(Fridge),1 | 0,0,1,both_not_exact
shard_3_cf_0259,Fridge,shard_3_exp0_2528 | shard_3_exp0_2527,closed | open,GotoLocation(Fridge); OpenObject(Fridge) | GotoLocation(Fridge),<unparseable> | <unparseable>,0 | 0,0,1,GotoLocation(Fridge); OpenObject(Fridge) | GotoLocation(Fridge),1 | 1,1,0,candidate_fixed
shard_3_cf_0314,Drawer,shard_3_exp0_3106 | shard_3_exp0_3105,closed | open,"GotoLocation(Bed); PickupObject(Book); GotoLocation(Drawer); OpenObject(Drawer); PutObject(Book,Drawer); CloseObject(Drawer) | GotoLocation(Bed); PickupObject(Book); GotoLocation(Drawer); PutObject(Book,Drawer)",<unparseable> | <unparseable>,0 | 0,0,1,"GotoLocation(Bed); PickupObject(Book); GotoLocation(Drawer); OpenObject(Drawer); PutObject(Book,Drawer); CloseObject(Drawer) | GotoLocation(Bed); PickupObject(Book); GotoLocation(Drawer); PutObject(Book,Drawer)",1 | 1,1,0,candidate_fixed
shard_3_cf_0382,Drawer,shard_3_exp0_3637 | shard_3_exp0_3636,closed | open,"GotoLocation(CounterTop); PickupObject(PepperShaker); GotoLocation(Drawer); OpenObject(Drawer); PutObject(PepperShaker,Drawer); CloseObject(Drawer) | GotoLocation(CounterTop); PickupObject(PepperShaker); GotoLocation(Drawer); PutObject(PepperShaker,Drawer)",<unparseable> | <unparseable>,0 | 0,0,1,"GotoLocation(CounterTop); PickupObject(PepperShaker); GotoLocation(Drawer); OpenObject(Drawer); PutObject(PepperShaker,Drawer); CloseObject(Drawer) | GotoLocation(CounterTop); PickupObject(PepperShaker); GotoLocation(Drawer); PutObject(PepperShaker,Drawer)",1 | 1,1,0,candidate_fixed
shard_3_cf_0383,Drawer,shard_3_exp0_3640 | shard_3_exp0_3639,closed | open,"GotoLocation(CounterTop); PickupObject(Knife); GotoLocation(Drawer); OpenObject(Drawer); PutObject(Knife,Drawer); CloseObject(Drawer) | GotoLocation(CounterTop); PickupObject(Knife); GotoLocation(Drawer); PutObject(Knife,Drawer)",<unparseable> | <unparseable>,0 | 0,0,1,"GotoLocation(DiningTable); PickupObject(Knife); GotoLocation(Drawer); OpenObject(Drawer); PutObject(Knife,Drawer); CloseObject(Drawer) | GotoLocation(DiningTable); PickupObject(Knife); GotoLocation(Drawer); PutObject(Knife,Drawer)",0 | 0,0,0,both_not_exact
shard_3_cf_0384,Fridge,shard_3_exp0_3642 | shard_3_exp0_3641,closed | open,GotoLocation(Fridge); OpenObject(Fridge) | GotoLocation(Fridge),<unparseable> | <unparseable>,0 | 0,0,1,GotoLocation(Fridge); OpenObject(Fridge) | GotoLocation(Fridge),1 | 1,1,0,candidate_fixed
shard_3_cf_0431,Drawer,shard_3_exp0_4069 | shard_3_exp0_4068,closed | open,GotoLocation(Drawer); OpenObject(Drawer) | GotoLocation(Drawer),<unparseable> | <unparseable>,0 | 0,0,1,GotoLocation(Drawer); OpenObject(Drawer) | GotoLocation(Drawer); OpenObject(Drawer),1 | 0,0,1,both_not_exact
shard_3_cf_0432,Fridge,shard_3_exp0_4073 | shard_3_exp0_4072,closed | open,GotoLocation(Fridge); OpenObject(Fridge) | GotoLocation(Fridge),<unparseable> | <unparseable>,0 | 0,0,1,GotoLocation(Fridge); OpenObject(Fridge) | GotoLocation(Fridge),1 | 1,1,0,candidate_fixed
shard_3_cf_0441,Fridge,shard_3_exp0_4132 | shard_3_exp0_4131,closed | open,GotoLocation(Fridge); OpenObject(Fridge) | GotoLocation(Fridge),<unparseable> | <unparseable>,0 | 0,0,1,GotoLocation(Fridge); OpenObject(Fridge) | GotoLocation(Fridge),1 | 1,1,0,candidate_fixed
shard_3_cf_0442,Drawer,shard_3_exp0_4138 | shard_3_exp0_4137,closed | open,"GotoLocation(DiningTable); PickupObject(Book); GotoLocation(Drawer); OpenObject(Drawer); PutObject(Book,Drawer); CloseObject(Drawer) | GotoLocation(DiningTable); PickupObject(Book); GotoLocation(Drawer); PutObject(Book,Drawer)",<unparseable> | <unparseable>,0 | 0,0,1,"GotoLocation(DiningTable); PickupObject(Book); GotoLocation(Drawer); OpenObject(Drawer); PutObject(Book,Drawer); CloseObject(Drawer) | GotoLocation(DiningTable); PickupObject(Book); GotoLocation(Drawer); PutObject(Book,Drawer)",1 | 1,1,0,candidate_fixed
shard_3_cf_0446,Fridge,shard_3_exp0_4185 | shard_3_exp0_4184,closed | open,GotoLocation(Fridge); OpenObject(Fridge) | GotoLocation(Fridge),<unparseable> | <unparseable>,0 | 0,0,1,GotoLocation(Fridge); OpenObject(Fridge) | GotoLocation(Fridge),1 | 1,1,0,candidate_fixed
shard_3_cf_0451,Drawer,shard_3_exp0_4239 | shard_3_exp0_4238,closed | open,"GotoLocation(Dresser); PickupObject(KeyChain); GotoLocation(Drawer); OpenObject(Drawer); PutObject(KeyChain,Drawer); CloseObject(Drawer) | GotoLocation(Dresser); PickupObject(KeyChain); GotoLocation(Drawer); PutObject(KeyChain,Drawer)",<unparseable> | <unparseable>,0 | 0,0,1,"GotoLocation(Dresser); PickupObject(KeyChain); GotoLocation(Drawer); OpenObject(Drawer); PutObject(KeyChain,Drawer); CloseObject(Drawer) | GotoLocation(Dresser); PickupObject(KeyChain); GotoLocation(Drawer); PutObject(KeyChain,Drawer)",1 | 1,1,0,candidate_fixed
shard_3_cf_0452,Drawer,shard_3_exp0_4249 | shard_3_exp0_4248,closed | open,"GotoLocation(Desk); PickupObject(Pen); GotoLocation(Drawer); OpenObject(Drawer); PutObject(Pen,Drawer); CloseObject(Drawer) | GotoLocation(Desk); PickupObject(Pen); GotoLocation(Drawer); PutObject(Pen,Drawer)",<unparseable> | <unparseable>,0 | 0,0,1,"GotoLocation(Shelf); PickupObject(Pen); GotoLocation(Drawer); OpenObject(Drawer); PutObject(Pen,Drawer); CloseObject(Drawer) | GotoLocation(Desk); PickupObject(Pen); GotoLocation(Drawer); PutObject(Pen,Drawer)",0 | 1,0,0,both_not_exact
shard_3_cf_0453,Drawer,shard_3_exp0_4256 | shard_3_exp0_4255,closed | open,"GotoLocation(Dresser); PickupObject(RemoteControl); GotoLocation(Drawer); OpenObject(Drawer); PutObject(RemoteControl,Drawer); CloseObject(Drawer) | GotoLocation(Dresser); PickupObject(RemoteControl); GotoLocation(Drawer); PutObject(RemoteControl,Drawer)",<unparseable> | <unparseable>,0 | 0,0,1,"GotoLocation(Dresser); PickupObject(RemoteControl); GotoLocation(Drawer); OpenObject(Drawer); PutObject(RemoteControl,Drawer); CloseObject(Drawer) | GotoLocation(Dresser); PickupObject(RemoteControl); GotoLocation(Drawer); PutObject(RemoteControl,Drawer)",1 | 1,1,0,candidate_fixed
shard_3_cf_0454,Drawer,shard_3_exp0_4258 | shard_3_exp0_4257,closed | open,"GotoLocation(Shelf); PickupObject(Pencil); GotoLocation(Drawer); OpenObject(Drawer); PutObject(Pencil,Drawer); CloseObject(Drawer) | GotoLocation(Shelf); PickupObject(Pencil); GotoLocation(Drawer); PutObject(Pencil,Drawer)",<unparseable> | <unparseable>,0 | 0,0,1,"GotoLocation(Desk); PickupObject(Pencil); GotoLocation(Drawer); OpenObject(Drawer); PutObject(Pencil,Drawer); CloseObject(Drawer) | GotoLocation(Desk); PickupObject(Pencil); GotoLocation(Drawer); PutObject(Pencil,Drawer)",0 | 0,0,0,both_not_exact
shard_3_cf_0465,Drawer,shard_3_exp0_4410 | shard_3_exp0_4409,closed | open,GotoLocation(Drawer); OpenObject(Drawer) | GotoLocation(Drawer),<unparseable> | <unparseable>,0 | 0,0,1,GotoLocation(Drawer); OpenObject(Drawer) | GotoLocation(Drawer),1 | 1,1,0,candidate_fixed
shard_3_cf_0466,Drawer,shard_3_exp0_4413 | shard_3_exp0_4412,closed | open,"GotoLocation(Dresser); PickupObject(Pencil); GotoLocation(Drawer); OpenObject(Drawer); PutObject(Pencil,Drawer); CloseObject(Drawer) | GotoLocation(Dresser); PickupObject(Pencil); GotoLocation(Drawer); PutObject(Pencil,Drawer)",<unparseable> | <unparseable>,0 | 0,0,1,"GotoLocation(Dresser); PickupObject(Pencil); GotoLocation(Drawer); OpenObject(Drawer); PutObject(Pencil,Drawer); CloseObject(Drawer) | GotoLocation(Dresser); PickupObject(Pencil); GotoLocation(Drawer); PutObject(Pencil,Drawer)",1 | 1,1,0,candidate_fixed
shard_3_cf_0467,Drawer,shard_3_exp0_4415 | shard_3_exp0_4414,closed | open,GotoLocation(Drawer); OpenObject(Drawer) | GotoLocation(Drawer),<unparseable> | <unparseable>,0 | 0,0,1,GotoLocation(Drawer); OpenObject(Drawer) | GotoLocation(Drawer),1 | 1,1,0,candidate_fixed
shard_3_cf_0468,Drawer,shard_3_exp0_4417 | shard_3_exp0_4416,closed | open,"GotoLocation(DishSponge); PickupObject(DishSponge); GotoLocation(Drawer); OpenObject(Drawer); PutObject(DishSponge,Drawer); CloseObject(Drawer) | GotoLocation(DishSponge); PickupObject(DishSponge); GotoLocation(Drawer); PutObject(DishSponge,Drawer)",<unparseable> | <unparseable>,0 | 0,0,1,"GotoLocation(Dresser); PickupObject(DishSponge); GotoLocation(Drawer); OpenObject(Drawer); PutObject(DishSponge,Drawer); CloseObject(Drawer) | GotoLocation(Dresser); PickupObject(DishSponge); GotoLocation(Drawer); PutObject(DishSponge,Drawer)",0 | 0,0,0,both_not_exact
shard_3_cf_0484,Drawer,shard_3_exp0_4546 | shard_3_exp0_4545,closed | open,GotoLocation(Drawer); OpenObject(Drawer) | GotoLocation(Drawer),<unparseable> | <unparseable>,0 | 0,0,1,GotoLocation(Drawer); OpenObject(Drawer) | GotoLocation(Drawer),1 | 1,1,0,candidate_fixed
shard_3_cf_0485,Fridge,shard_3_exp0_4551 | shard_3_exp0_4550,closed | open,GotoLocation(Fridge); OpenObject(Fridge) | GotoLocation(Fridge),<unparseable> | <unparseable>,0 | 0,0,1,GotoLocation(Fridge); OpenObject(Fridge) | GotoLocation(Fridge),1 | 1,1,0,candidate_fixed
shard_3_cf_0537,Drawer,shard_3_exp0_5003 | shard_3_exp0_5002,closed | open,"GotoLocation(DiningTable); PickupObject(Pen); GotoLocation(Drawer); OpenObject(Drawer); PutObject(Pen,Drawer); CloseObject(Drawer) | GotoLocation(DiningTable); PickupObject(Pen); GotoLocation(Drawer); PutObject(Pen,Drawer)",<unparseable> | <unparseable>,0 | 0,0,1,"GotoLocation(DiningTable); PickupObject(Pen); GotoLocation(Drawer); OpenObject(Drawer); PutObject(Pen,Drawer); CloseObject(Drawer) | GotoLocation(DiningTable); PickupObject(Pen); GotoLocation(Drawer); PutObject(Pen,Drawer)",1 | 1,1,0,candidate_fixed
shard_3_cf_0538,Microwave,shard_3_exp0_5005 | shard_3_exp0_5004,closed | open,GotoLocation(Microwave); OpenObject(Microwave) | GotoLocation(Microwave),<unparseable> | <unparseable>,0 | 0,0,1,GotoLocation(Microwave); OpenObject(Microwave) | GotoLocation(Microwave); OpenObject(Microwave),1 | 0,0,1,both_not_exact
shard_3_cf_0539,Drawer,shard_3_exp0_5007 | shard_3_exp0_5006,closed | open,"GotoLocation(DiningTable); PickupObject(CellPhone); GotoLocation(Drawer); OpenObject(Drawer); PutObject(CellPhone,Drawer); CloseObject(Drawer) | GotoLocation(DiningTable); PickupObject(CellPhone); GotoLocation(Drawer); PutObject(CellPhone,Drawer)",<unparseable> | <unparseable>,0 | 0,0,1,"GotoLocation(DiningTable); PickupObject(CellPhone); GotoLocation(Drawer); OpenObject(Drawer); PutObject(CellPhone,Drawer); CloseObject(Drawer) | GotoLocation(DiningTable); PickupObject(CellPhone); GotoLocation(Drawer); OpenObject(Drawer); PutObject(CellPhone,Drawer); CloseObject(Drawer)",1 | 0,0,1,both_not_exact
shard_3_cf_0540,Drawer,shard_3_exp0_5009 | shard_3_exp0_5008,closed | open,GotoLocation(Drawer); OpenObject(Drawer) | GotoLocation(Drawer),<unparseable> | <unparseable>,0 | 0,0,1,GotoLocation(Drawer); OpenObject(Drawer) | GotoLocation(Drawer),1 | 1,1,0,candidate_fixed
shard_3_cf_0541,Drawer,shard_3_exp0_5011 | shard_3_exp0_5010,closed | open,GotoLocation(Drawer); OpenObject(Drawer) | GotoLocation(Drawer),<unparseable> | <unparseable>,0 | 0,0,1,GotoLocation(Drawer); OpenObject(Drawer) | GotoLocation(Drawer),1 | 1,1,0,candidate_fixed
shard_3_cf_0552,Fridge,shard_3_exp0_5114 | shard_3_exp0_5113,closed | open,GotoLocation(Fridge); OpenObject(Fridge) | GotoLocation(Fridge),<unparseable> | <unparseable>,0 | 0,0,1,GotoLocation(Fridge); OpenObject(Fridge) | GotoLocation(Fridge),1 | 1,1,0,candidate_fixed
shard_3_cf_0553,Drawer,shard_3_exp0_5116 | shard_3_exp0_5115,closed | open,"GotoLocation(Dresser); PickupObject(RemoteControl); GotoLocation(Drawer); OpenObject(Drawer); PutObject(RemoteControl,Drawer); CloseObject(Drawer) | GotoLocation(Dresser); PickupObject(RemoteControl); GotoLocation(Drawer); PutObject(RemoteControl,Drawer)",<unparseable> | <unparseable>,0 | 0,0,1,"GotoLocation(Dresser); PickupObject(RemoteControl); GotoLocation(Drawer); OpenObject(Drawer); PutObject(RemoteControl,Drawer); CloseObject(Drawer) | GotoLocation(Dresser); PickupObject(RemoteControl); GotoLocation(Drawer); OpenObject(Drawer); PutObject(RemoteControl,Drawer); CloseObject(Drawer)",1 | 0,0,1,both_not_exact
shard_3_cf_0555,Fridge,shard_3_exp0_5121 | shard_3_exp0_5120,closed | open,GotoLocation(Fridge); OpenObject(Fridge) | GotoLocation(Fridge),<unparseable> | <unparseable>,0 | 0,0,1,GotoLocation(Fridge); OpenObject(Fridge) | GotoLocation(Fridge),1 | 1,1,0,candidate_fixed
shard_3_cf_0557,Drawer,shard_3_exp0_5136 | shard_3_exp0_5135,closed | open,GotoLocation(Drawer); OpenObject(Drawer) | GotoLocation(Drawer),<unparseable> | <unparseable>,0 | 0,0,1,GotoLocation(Drawer); OpenObject(Drawer) | GotoLocation(Drawer),1 | 1,1,0,candidate_fixed
shard_3_cf_0558,Drawer,shard_3_exp0_5141 | shard_3_exp0_5140,closed | open,"GotoLocation(Dresser); PickupObject(CellPhone); GotoLocation(Drawer); OpenObject(Drawer); PutObject(CellPhone,Drawer); CloseObject(Drawer) | GotoLocation(Dresser); PickupObject(CellPhone); GotoLocation(Drawer); PutObject(CellPhone,Drawer)",<unparseable> | <unparseable>,0 | 0,0,1,"GotoLocation(Dresser); PickupObject(CellPhone); GotoLocation(Drawer); OpenObject(Drawer); PutObject(CellPhone,Drawer); CloseObject(Drawer) | GotoLocation(Dresser); PickupObject(CellPhone); GotoLocation(Drawer); PutObject(CellPhone,Drawer)",1 | 1,1,0,candidate_fixed
shard_3_cf_0564,Drawer,shard_3_exp0_5210 | shard_3_exp0_5209,closed | open,"GotoLocation(CounterTop); PickupObject(SaltShaker); GotoLocation(Drawer); OpenObject(Drawer); PutObject(SaltShaker,Drawer); CloseObject(Drawer) | GotoLocation(CounterTop); PickupObject(SaltShaker); GotoLocation(Drawer); PutObject(SaltShaker,Drawer)",<unparseable> | <unparseable>,0 | 0,0,1,"GotoLocation(CounterTop); PickupObject(SaltShaker); GotoLocation(Drawer); OpenObject(Drawer); PutObject(SaltShaker,Drawer); CloseObject(Drawer) | GotoLocation(CounterTop); PickupObject(SaltShaker); GotoLocation(Drawer); PutObject(SaltShaker,Drawer)",1 | 1,1,0,candidate_fixed
shard_3_cf_0565,Drawer,shard_3_exp0_5213 | shard_3_exp0_5212,closed | open,"GotoLocation(DiningTable); PickupObject(CellPhone); GotoLocation(Drawer); OpenObject(Drawer); PutObject(CellPhone,Drawer); CloseObject(Drawer) | GotoLocation(DiningTable); PickupObject(CellPhone); GotoLocation(Drawer); PutObject(CellPhone,Drawer)",<unparseable> | <unparseable>,0 | 0,0,1,"GotoLocation(DiningTable); PickupObject(CellPhone); GotoLocation(Drawer); OpenObject(Drawer); PutObject(CellPhone,Drawer); CloseObject(Drawer) | GotoLocation(DiningTable); PickupObject(CellPhone); GotoLocation(Drawer); PutObject(CellPhone,Drawer)",1 | 1,1,0,candidate_fixed
shard_3_cf_0566,Drawer,shard_3_exp0_5215 | shard_3_exp0_5214,closed | open,"GotoLocation(CounterTop); PickupObject(SaltShaker); GotoLocation(Drawer); OpenObject(Drawer); PutObject(SaltShaker,Drawer); CloseObject(Drawer) | GotoLocation(CounterTop); PickupObject(SaltShaker); GotoLocation(Drawer); PutObject(SaltShaker,Drawer)",<unparseable> | <unparseable>,0 | 0,0,1,"GotoLocation(CounterTop); PickupObject(SaltShaker); GotoLocation(Drawer); OpenObject(Drawer); PutObject(SaltShaker,Drawer); CloseObject(Drawer) | GotoLocation(CounterTop); PickupObject(SaltShaker); GotoLocation(Drawer); OpenObject(Drawer); PutObject(SaltShaker,Drawer); CloseObject(Drawer)",1 | 0,0,1,both_not_exact
shard_3_cf_0567,Drawer,shard_3_exp0_5220 | shard_3_exp0_5219,closed | open,"GotoLocation(SideTable); PickupObject(CellPhone); GotoLocation(Drawer); OpenObject(Drawer); PutObject(CellPhone,Drawer); CloseObject(Drawer) | GotoLocation(SideTable); PickupObject(CellPhone); GotoLocation(Drawer); PutObject(CellPhone,Drawer)",<unparseable> | <unparseable>,0 | 0,0,1,"GotoLocation(SideTable); PickupObject(CellPhone); GotoLocation(Drawer); OpenObject(Drawer); PutObject(CellPhone,Drawer); CloseObject(Drawer) | GotoLocation(Dresser); PickupObject(CellPhone); GotoLocation(Drawer); PutObject(CellPhone,Drawer)",1 | 0,0,0,both_not_exact
shard_3_cf_0588,Fridge,shard_3_exp0_5382 | shard_3_exp0_5381,closed | open,GotoLocation(Fridge); OpenObject(Fridge) | GotoLocation(Fridge),<unparseable> | <unparseable>,0 | 0,0,1,GotoLocation(Fridge); OpenObject(Fridge) | GotoLocation(Fridge),1 | 1,1,0,candidate_fixed
shard_3_cf_0589,Drawer,shard_3_exp0_5384 | shard_3_exp0_5383,closed | open,GotoLocation(Drawer); OpenObject(Drawer) | GotoLocation(Drawer),<unparseable> | <unparseable>,0 | 0,0,1,GotoLocation(Drawer); OpenObject(Drawer) | GotoLocation(Drawer),1 | 1,1,0,candidate_fixed
shard_3_cf_0590,Fridge,shard_3_exp0_5391 | shard_3_exp0_5390,closed | open,GotoLocation(Fridge); OpenObject(Fridge) | GotoLocation(Fridge),<unparseable> | <unparseable>,0 | 0,0,1,GotoLocation(Fridge); OpenObject(Fridge) | GotoLocation(Fridge),1 | 1,1,0,candidate_fixed
shard_3_cf_0650,Drawer,shard_3_exp0_5778 | shard_3_exp0_5777,closed | open,GotoLocation(Drawer); OpenObject(Drawer) | GotoLocation(Drawer),<unparseable> | <unparseable>,0 | 0,0,1,GotoLocation(Drawer); OpenObject(Drawer) | GotoLocation(Drawer),1 | 1,1,0,candidate_fixed
shard_3_cf_0657,Drawer,shard_3_exp0_5815 | shard_3_exp0_5814,closed | open,GotoLocation(Drawer); OpenObject(Drawer) | GotoLocation(Drawer),<unparseable> | <unparseable>,0 | 0,0,1,GotoLocation(Drawer); OpenObject(Drawer) | GotoLocation(Drawer),1 | 1,1,0,candidate_fixed
shard_3_cf_0672,Safe,shard_3_exp0_5903 | shard_3_exp0_5902,closed | open,GotoLocation(Safe); OpenObject(Safe) | GotoLocation(Safe),<unparseable> | <unparseable>,0 | 0,0,1,GotoLocation(Safe); OpenObject(Safe) | GotoLocation(Safe),1 | 1,1,0,candidate_fixed
shard_3_cf_0673,Safe,shard_3_exp0_5908 | shard_3_exp0_5907,closed | open,GotoLocation(Safe); OpenObject(Safe) | GotoLocation(Safe),<unparseable> | <unparseable>,0 | 0,0,1,GotoLocation(Safe); OpenObject(Safe) | GotoLocation(Safe),1 | 1,1,0,candidate_fixed
shard_3_cf_0674,Fridge,shard_3_exp0_5913 | shard_3_exp0_5912,closed | open,GotoLocation(Fridge); OpenObject(Fridge) | GotoLocation(Fridge),<unparseable> | <unparseable>,0 | 0,0,1,GotoLocation(Fridge); OpenObject(Fridge) | GotoLocation(Fridge); OpenObject(Fridge),1 | 0,0,1,both_not_exact
shard_3_cf_0680,Drawer,shard_3_exp0_5956 | shard_3_exp0_5955,closed | open,"GotoLocation(DiningTable); PickupObject(Newspaper); GotoLocation(Drawer); OpenObject(Drawer); PutObject(Newspaper,Drawer); CloseObject(Drawer) | GotoLocation(DiningTable); PickupObject(Newspaper); GotoLocation(Drawer); PutObject(Newspaper,Drawer)",<unparseable> | <unparseable>,0 | 0,0,1,"GotoLocation(DiningTable); PickupObject(Newspaper); GotoLocation(Drawer); OpenObject(Drawer); PutObject(Newspaper,Drawer); CloseObject(Drawer) | GotoLocation(DiningTable); PickupObject(Newspaper); GotoLocation(Drawer); PutObject(Newspaper,Drawer)",1 | 1,1,0,candidate_fixed
shard_3_cf_0681,Drawer,shard_3_exp0_5958 | shard_3_exp0_5957,closed | open,GotoLocation(Drawer); OpenObject(Drawer) | GotoLocation(Drawer),<unparseable> | <unparseable>,0 | 0,0,1,GotoLocation(Drawer); OpenObject(Drawer) | GotoLocation(Drawer),1 | 1,1,0,candidate_fixed
shard_3_cf_0693,Cabinet,shard_3_exp0_6013 | shard_3_exp0_6012,closed | open,"GotoLocation(Dresser); PickupObject(Book); GotoLocation(Cabinet); OpenObject(Cabinet); PutObject(Book,Cabinet); CloseObject(Cabinet) | GotoLocation(Dresser); PickupObject(Book); GotoLocation(Cabinet); PutObject(Book,Cabinet)",<unparseable> | <unparseable>,0 | 0,0,1,"GotoLocation(Dresser); PickupObject(Book); GotoLocation(Cabinet); OpenObject(Cabinet); PutObject(Book,Cabinet); CloseObject(Cabinet) | GotoLocation(Dresser); PickupObject(Book); GotoLocation(Cabinet); PutObject(Book,Cabinet)",1 | 1,1,0,candidate_fixed
shard_3_cf_0694,Drawer,shard_3_exp0_6016 | shard_3_exp0_6015,closed | open,GotoLocation(Drawer); OpenObject(Drawer) | GotoLocation(Drawer),<unparseable> | <unparseable>,0 | 0,0,1,GotoLocation(Drawer); OpenObject(Drawer) | GotoLocation(Drawer),1 | 1,1,0,candidate_fixed
shard_3_cf_0695,Drawer,shard_3_exp0_6019 | shard_3_exp0_6018,closed | open,GotoLocation(Drawer); OpenObject(Drawer) | GotoLocation(Drawer),<unparseable> | <unparseable>,0 | 0,0,1,GotoLocation(Drawer); OpenObject(Drawer) | GotoLocation(Drawer); OpenObject(Drawer),1 | 0,0,1,both_not_exact
shard_3_cf_0736,Drawer,shard_3_exp0_6270 | shard_3_exp0_6269,closed | open,"GotoLocation(Desk); PickupObject(CD); GotoLocation(Drawer); OpenObject(Drawer); PutObject(CD,Drawer); CloseObject(Drawer) | GotoLocation(Desk); PickupObject(CD); GotoLocation(Drawer); PutObject(CD,Drawer)",<unparseable> | <unparseable>,0 | 0,0,1,"GotoLocation(Desk); PickupObject(CD); GotoLocation(Drawer); OpenObject(Drawer); PutObject(CD,Drawer); CloseObject(Drawer) | GotoLocation(Desk); PickupObject(CD); GotoLocation(Drawer); PutObject(CD,Drawer)",1 | 1,1,0,candidate_fixed
shard_3_cf_0737,Fridge,shard_3_exp0_6274 | shard_3_exp0_6273,closed | open,GotoLocation(Fridge); OpenObject(Fridge) | GotoLocation(Fridge),<unparseable> | <unparseable>,0 | 0,0,1,GotoLocation(Fridge) | GotoLocation(Fridge),0 | 1,0,1,both_not_exact
shard_3_cf_0757,Drawer,shard_3_exp0_6402 | shard_3_exp0_6401,closed | open,"GotoLocation(CounterTop); PickupObject(CellPhone); GotoLocation(Drawer); OpenObject(Drawer); PutObject(CellPhone,Drawer); CloseObject(Drawer) | GotoLocation(CounterTop); PickupObject(CellPhone); GotoLocation(Drawer); PutObject(CellPhone,Drawer)",<unparseable> | <unparseable>,0 | 0,0,1,"GotoLocation(DiningTable); PickupObject(CellPhone); GotoLocation(Drawer); OpenObject(Drawer); PutObject(CellPhone,Drawer); CloseObject(Drawer) | GotoLocation(DiningTable); PickupObject(CellPhone); GotoLocation(Drawer); PutObject(CellPhone,Drawer)",0 | 0,0,0,both_not_exact
shard_3_cf_0758,Microwave,shard_3_exp0_6404 | shard_3_exp0_6403,closed | open,GotoLocation(Microwave); OpenObject(Microwave) | GotoLocation(Microwave),<unparseable> | <unparseable>,0 | 0,0,1,GotoLocation(Microwave); OpenObject(Microwave) | GotoLocation(Microwave); OpenObject(Microwave),1 | 0,0,1,both_not_exact
shard_3_cf_0759,Drawer,shard_3_exp0_6407 | shard_3_exp0_6406,closed | open,GotoLocation(Drawer); OpenObject(Drawer) | GotoLocation(Drawer),<unparseable> | <unparseable>,0 | 0,0,1,GotoLocation(Drawer); OpenObject(Drawer) | GotoLocation(Drawer),1 | 1,1,0,candidate_fixed
shard_3_cf_0760,Drawer,shard_3_exp0_6409 | shard_3_exp0_6408,closed | open,GotoLocation(Drawer); OpenObject(Drawer) | GotoLocation(Drawer),<unparseable> | <unparseable>,0 | 0,0,1,GotoLocation(Drawer); OpenObject(Drawer) | GotoLocation(Drawer),1 | 1,1,0,candidate_fixed
shard_3_cf_0777,Drawer,shard_3_exp0_6524 | shard_3_exp0_6523,closed | open,"GotoLocation(Dresser); PickupObject(CD); GotoLocation(Drawer); OpenObject(Drawer); PutObject(CD,Drawer); CloseObject(Drawer) | GotoLocation(Dresser); PickupObject(CD); GotoLocation(Drawer); PutObject(CD,Drawer)",<unparseable> | <unparseable>,0 | 0,0,1,"GotoLocation(Dresser); PickupObject(CD); GotoLocation(Drawer); OpenObject(Drawer); PutObject(CD,Drawer); CloseObject(Drawer) | GotoLocation(Dresser); PickupObject(CD); GotoLocation(Drawer); PutObject(CD,Drawer)",1 | 1,1,0,candidate_fixed
shard_3_cf_0778,Drawer,shard_3_exp0_6528 | shard_3_exp0_6527,closed | open,GotoLocation(Drawer); OpenObject(Drawer) | GotoLocation(Drawer),<unparseable> | <unparseable>,0 | 0,0,1,GotoLocation(Drawer); OpenObject(Drawer) | GotoLocation(Drawer),1 | 1,1,0,candidate_fixed
shard_3_cf_0789,Drawer,shard_3_exp0_6591 | shard_3_exp0_6590,closed | open,GotoLocation(Drawer); OpenObject(Drawer) | GotoLocation(Drawer),<unparseable> | <unparseable>,0 | 0,0,1,GotoLocation(Drawer); OpenObject(Drawer) | GotoLocation(Drawer),1 | 1,1,0,candidate_fixed
shard_3_cf_0850,Drawer,shard_3_exp0_6902 | shard_3_exp0_6901,closed | open,"GotoLocation(Dresser); PickupObject(Watch); GotoLocation(Drawer); OpenObject(Drawer); PutObject(Watch,Drawer); CloseObject(Drawer) | GotoLocation(Dresser); PickupObject(Watch); GotoLocation(Drawer); PutObject(Watch,Drawer)",<unparseable> | <unparseable>,0 | 0,0,1,"GotoLocation(Dresser); PickupObject(Watch); GotoLocation(Drawer); OpenObject(Drawer); PutObject(Watch,Drawer); CloseObject(Drawer) | GotoLocation(DiningTable); PickupObject(Watch); GotoLocation(Drawer); PutObject(Watch,Drawer)",1 | 0,0,0,both_not_exact
shard_3_cf_0851,Drawer,shard_3_exp0_6907 | shard_3_exp0_6906,closed | open,"GotoLocation(Desk); PickupObject(Book); GotoLocation(Drawer); OpenObject(Drawer); PutObject(Book,Drawer); CloseObject(Drawer) | GotoLocation(Desk); PickupObject(Book); GotoLocation(Drawer); PutObject(Book,Drawer)",<unparseable> | <unparseable>,0 | 0,0,1,"GotoLocation(Desk); PickupObject(Book); GotoLocation(Drawer); OpenObject(Drawer); PutObject(Book,Drawer); CloseObject(Drawer) | GotoLocation(Desk); PickupObject(Book); GotoLocation(Drawer); PutObject(Book,Drawer)",1 | 1,1,0,candidate_fixed
shard_3_cf_0867,Drawer,shard_3_exp0_6991 | shard_3_exp0_6990,closed | open,"GotoLocation(Dresser); PickupObject(Pen); GotoLocation(Drawer); OpenObject(Drawer); PutObject(Pen,Drawer); CloseObject(Drawer) | GotoLocation(Dresser); PickupObject(Pen); GotoLocation(Drawer); PutObject(Pen,Drawer)",<unparseable> | <unparseable>,0 | 0,0,1,"GotoLocation(Dresser); PickupObject(Pen); GotoLocation(Drawer); OpenObject(Drawer); PutObject(Pen,Drawer); CloseObject(Drawer) | GotoLocation(Dresser); PickupObject(Pen); GotoLocation(Drawer); PutObject(Pen,Drawer)",1 | 1,1,0,candidate_fixed
shard_3_cf_0868,Drawer,shard_3_exp0_6997 | shard_3_exp0_6996,closed | open,"GotoLocation(DiningTable); PickupObject(Book); GotoLocation(Drawer); OpenObject(Drawer); PutObject(Book,Drawer); CloseObject(Drawer) | GotoLocation(DiningTable); PickupObject(Book); GotoLocation(Drawer); PutObject(Book,Drawer)",<unparseable> | <unparseable>,0 | 0,0,1,"GotoLocation(DiningTable); PickupObject(Book); GotoLocation(Drawer); OpenObject(Drawer); PutObject(Book,Drawer); CloseObject(Drawer) | GotoLocation(DiningTable); PickupObject(Book); GotoLocation(Drawer); PutObject(Book,Drawer)",1 | 1,1,0,candidate_fixed
shard_3_cf_0871,Drawer,shard_3_exp0_7019 | shard_3_exp0_7018,closed | open,"GotoLocation(Dresser); PickupObject(CreditCard); GotoLocation(Drawer); OpenObject(Drawer); PutObject(CreditCard,Drawer); CloseObject(Drawer) | GotoLocation(Dresser); PickupObject(CreditCard); GotoLocation(Drawer); PutObject(CreditCard,Drawer)",<unparseable> | <unparseable>,0 | 0,0,1,"GotoLocation(Dresser); PickupObject(CreditCard); GotoLocation(Drawer); OpenObject(Drawer); PutObject(CreditCard,Drawer); CloseObject(Drawer) | GotoLocation(Dresser); PickupObject(CreditCard); GotoLocation(Drawer); PutObject(CreditCard,Drawer)",1 | 1,1,0,candidate_fixed
shard_3_cf_0872,Drawer,shard_3_exp0_7022 | shard_3_exp0_7021,closed | open,GotoLocation(Drawer); OpenObject(Drawer) | GotoLocation(Drawer),<unparseable> | <unparseable>,0 | 0,0,1,GotoLocation(Drawer); OpenObject(Drawer) | GotoLocation(Drawer),1 | 1,1,0,candidate_fixed
shard_3_cf_0873,Drawer,shard_3_exp0_7026 | shard_3_exp0_7025,closed | open,"GotoLocation(Dresser); PickupObject(RemoteControl); GotoLocation(Drawer); OpenObject(Drawer); PutObject(RemoteControl,Drawer); CloseObject(Drawer) | GotoLocation(Dresser); PickupObject(RemoteControl); GotoLocation(Drawer); PutObject(RemoteControl,Drawer)",<unparseable> | <unparseable>,0 | 0,0,1,"GotoLocation(Dresser); PickupObject(RemoteControl); GotoLocation(Drawer); OpenObject(Drawer); PutObject(RemoteControl,Drawer); CloseObject(Drawer) | GotoLocation(Dresser); PickupObject(RemoteControl); GotoLocation(Drawer); PutObject(RemoteControl,Drawer)",1 | 1,1,0,candidate_fixed
shard_3_cf_0875,Drawer,shard_3_exp0_7041 | shard_3_exp0_7040,closed | open,GotoLocation(Drawer); OpenObject(Drawer) | GotoLocation(Drawer),<unparseable> | <unparseable>,0 | 0,0,1,GotoLocation(Drawer); OpenObject(Drawer) | GotoLocation(Drawer),1 | 1,1,0,candidate_fixed
shard_3_cf_0876,Drawer,shard_3_exp0_7043 | shard_3_exp0_7042,closed | open,GotoLocation(Drawer); OpenObject(Drawer) | GotoLocation(Drawer),<unparseable> | <unparseable>,0 | 0,0,1,GotoLocation(Drawer); OpenObject(Drawer) | GotoLocation(Drawer),1 | 1,1,0,candidate_fixed
shard_3_cf_0877,Drawer,shard_3_exp0_7046 | shard_3_exp0_7045,closed | open,GotoLocation(Drawer); OpenObject(Drawer) | GotoLocation(Drawer),<unparseable> | <unparseable>,0 | 0,0,1,GotoLocation(Drawer); OpenObject(Drawer) | GotoLocation(Drawer),1 | 1,1,0,candidate_fixed
shard_3_cf_0878,Drawer,shard_3_exp0_7049 | shard_3_exp0_7048,closed | open,GotoLocation(Drawer); OpenObject(Drawer) | GotoLocation(Drawer),<unparseable> | <unparseable>,0 | 0,0,1,GotoLocation(Drawer); OpenObject(Drawer) | GotoLocation(Drawer),1 | 1,1,0,candidate_fixed
shard_3_cf_0915,Drawer,shard_3_exp0_7254 | shard_3_exp0_7253,closed | open,GotoLocation(Drawer); OpenObject(Drawer) | GotoLocation(Drawer),<unparseable> | <unparseable>,0 | 0,0,1,GotoLocation(Drawer); OpenObject(Drawer) | GotoLocation(Drawer),1 | 1,1,0,candidate_fixed
shard_3_cf_0916,Drawer,shard_3_exp0_7256 | shard_3_exp0_7255,closed | open,GotoLocation(Drawer); OpenObject(Drawer) | GotoLocation(Drawer),<unparseable> | <unparseable>,0 | 0,0,1,GotoLocation(Drawer); OpenObject(Drawer) | GotoLocation(Drawer),1 | 1,1,0,candidate_fixed
shard_3_cf_0917,Drawer,shard_3_exp0_7260 | shard_3_exp0_7259,closed | open,GotoLocation(Drawer); OpenObject(Drawer) | GotoLocation(Drawer),<unparseable> | <unparseable>,0 | 0,0,1,GotoLocation(Drawer); OpenObject(Drawer) | GotoLocation(Drawer); OpenObject(Drawer),1 | 0,0,1,both_not_exact
shard_3_cf_0921,Drawer,shard_3_exp0_7306 | shard_3_exp0_7305,closed | open,"GotoLocation(ArmChair); PickupObject(RemoteControl); GotoLocation(Drawer); OpenObject(Drawer); PutObject(RemoteControl,Drawer); CloseObject(Drawer) | GotoLocation(ArmChair); PickupObject(RemoteControl); GotoLocation(Drawer); PutObject(RemoteControl,Drawer)",<unparseable> | <unparseable>,0 | 0,0,1,"GotoLocation(Dresser); PickupObject(RemoteControl); GotoLocation(Drawer); OpenObject(Drawer); PutObject(RemoteControl,Drawer); CloseObject(Drawer) | GotoLocation(Dresser); PickupObject(RemoteControl); GotoLocation(Drawer); PutObject(RemoteControl,Drawer)",0 | 0,0,0,both_not_exact
shard_3_cf_0922,Drawer,shard_3_exp0_7313 | shard_3_exp0_7312,closed | open,"GotoLocation(DiningTable); PickupObject(Book); GotoLocation(Drawer); OpenObject(Drawer); PutObject(Book,Drawer); CloseObject(Drawer) | GotoLocation(DiningTable); PickupObject(Book); GotoLocation(Drawer); PutObject(Book,Drawer)",<unparseable> | <unparseable>,0 | 0,0,1,"GotoLocation(DiningTable); PickupObject(Book); GotoLocation(Drawer); OpenObject(Drawer); PutObject(Book,Drawer); CloseObject(Drawer) | GotoLocation(DiningTable); PickupObject(Book); GotoLocation(Drawer); PutObject(Book,Drawer)",1 | 1,1,0,candidate_fixed
shard_3_cf_0994,Drawer,shard_3_exp0_7614 | shard_3_exp0_7613,closed | open,GotoLocation(Drawer); OpenObject(Drawer) | GotoLocation(Drawer),<unparseable> | <unparseable>,0 | 0,0,1,GotoLocation(Drawer); OpenObject(Drawer) | GotoLocation(Drawer),1 | 1,1,0,candidate_fixed
shard_3_cf_0995,Drawer,shard_3_exp0_7616 | shard_3_exp0_7615,closed | open,GotoLocation(Drawer); OpenObject(Drawer) | GotoLocation(Drawer),<unparseable> | <unparseable>,0 | 0,0,1,GotoLocation(Drawer); OpenObject(Drawer) | GotoLocation(Drawer),1 | 1,1,0,candidate_fixed
shard_3_cf_0996,Drawer,shard_3_exp0_7618 | shard_3_exp0_7617,closed | open,GotoLocation(Drawer); OpenObject(Drawer) | GotoLocation(Drawer),<unparseable> | <unparseable>,0 | 0,0,1,GotoLocation(Drawer); OpenObject(Drawer) | GotoLocation(Drawer),1 | 1,1,0,candidate_fixed
shard_3_cf_0997,Drawer,shard_3_exp0_7620 | shard_3_exp0_7619,closed | open,GotoLocation(Drawer); OpenObject(Drawer) | GotoLocation(Drawer),<unparseable> | <unparseable>,0 | 0,0,1,GotoLocation(Drawer); OpenObject(Drawer) | GotoLocation(Drawer),1 | 1,1,0,candidate_fixed
shard_3_cf_0998,Drawer,shard_3_exp0_7622 | shard_3_exp0_7621,closed | open,GotoLocation(Drawer); OpenObject(Drawer) | GotoLocation(Drawer),<unparseable> | <unparseable>,0 | 0,0,1,GotoLocation(Drawer); OpenObject(Drawer) | GotoLocation(Drawer),1 | 1,1,0,candidate_fixed
shard_3_cf_0999,Drawer,shard_3_exp0_7624 | shard_3_exp0_7623,closed | open,"GotoLocation(Bed); PickupObject(CellPhone); GotoLocation(Drawer); OpenObject(Drawer); PutObject(CellPhone,Drawer); CloseObject(Drawer) | GotoLocation(Bed); PickupObject(CellPhone); GotoLocation(Drawer); PutObject(CellPhone,Drawer)",<unparseable> | <unparseable>,0 | 0,0,1,"GotoLocation(Dresser); PickupObject(CellPhone); GotoLocation(Drawer); OpenObject(Drawer); PutObject(CellPhone,Drawer); CloseObject(Drawer) | GotoLocation(Dresser); PickupObject(CellPhone); GotoLocation(Drawer); PutObject(CellPhone,Drawer)",0 | 0,0,0,both_not_exact
shard_3_cf_1000,Drawer,shard_3_exp0_7632 | shard_3_exp0_7631,closed | open,GotoLocation(Drawer); OpenObject(Drawer) | GotoLocation(Drawer),<unparseable> | <unparseable>,0 | 0,0,1,GotoLocation(Drawer); OpenObject(Drawer) | GotoLocation(Drawer),1 | 1,1,0,candidate_fixed
shard_3_cf_1037,Drawer,shard_3_exp0_7834 | shard_3_exp0_7833,closed | open,GotoLocation(Drawer); OpenObject(Drawer) | GotoLocation(Drawer),<unparseable> | <unparseable>,0 | 0,0,1,GotoLocation(Drawer); OpenObject(Drawer) | GotoLocation(Drawer),1 | 1,1,0,candidate_fixed
shard_3_cf_1038,Drawer,shard_3_exp0_7837 | shard_3_exp0_7836,closed | open,GotoLocation(Drawer); OpenObject(Drawer) | GotoLocation(Drawer),<unparseable> | <unparseable>,0 | 0,0,1,GotoLocation(Drawer); OpenObject(Drawer) | GotoLocation(Drawer),1 | 1,1,0,candidate_fixed
shard_3_cf_1039,Drawer,shard_3_exp0_7842 | shard_3_exp0_7841,closed | open,"GotoLocation(Dresser); PickupObject(Watch); GotoLocation(Drawer); OpenObject(Drawer); PutObject(Watch,Drawer); CloseObject(Drawer) | GotoLocation(Dresser); PickupObject(Watch); GotoLocation(Drawer); PutObject(Watch,Drawer)",<unparseable> | <unparseable>,0 | 0,0,1,"GotoLocation(Dresser); PickupObject(Watch); GotoLocation(Drawer); OpenObject(Drawer); PutObject(Watch,Drawer); CloseObject(Drawer) | GotoLocation(Dresser); PickupObject(Watch); GotoLocation(Drawer); PutObject(Watch,Drawer)",1 | 1,1,0,candidate_fixed
shard_3_cf_1050,Drawer,shard_3_exp0_7920 | shard_3_exp0_7919,closed | open,"GotoLocation(SideTable); PickupObject(TissueBox); GotoLocation(Drawer); OpenObject(Drawer); PutObject(TissueBox,Drawer); CloseObject(Drawer) | GotoLocation(SideTable); PickupObject(TissueBox); GotoLocation(Drawer); PutObject(TissueBox,Drawer)",<unparseable> | <unparseable>,0 | 0,0,1,"GotoLocation(SideTable); PickupObject(TissueBox); GotoLocation(Drawer); OpenObject(Drawer); PutObject(TissueBox,Drawer); CloseObject(Drawer) | GotoLocation(Dresser); PickupObject(TissueBox); GotoLocation(Drawer); PutObject(TissueBox,Drawer)",1 | 0,0,0,both_not_exact
shard_3_cf_1051,Drawer,shard_3_exp0_7923 | shard_3_exp0_7922,closed | open,"GotoLocation(SideTable); PickupObject(TissueBox); GotoLocation(Drawer); OpenObject(Drawer); PutObject(TissueBox,Drawer); CloseObject(Drawer) | GotoLocation(SideTable); PickupObject(TissueBox); GotoLocation(Drawer); PutObject(TissueBox,Drawer)",<unparseable> | <unparseable>,0 | 0,0,1,"GotoLocation(Dresser); PickupObject(TissueBox); GotoLocation(Drawer); OpenObject(Drawer); PutObject(TissueBox,Drawer); CloseObject(Drawer) | GotoLocation(SideTable); PickupObject(TissueBox); GotoLocation(Drawer); PutObject(TissueBox,Drawer)",0 | 1,0,0,both_not_exact
shard_3_cf_1052,Drawer,shard_3_exp0_7925 | shard_3_exp0_7924,closed | open,"GotoLocation(Desk); PickupObject(KeyChain); GotoLocation(Drawer); OpenObject(Drawer); PutObject(KeyChain,Drawer); CloseObject(Drawer) | GotoLocation(Desk); PickupObject(KeyChain); GotoLocation(Drawer); PutObject(KeyChain,Drawer)",<unparseable> | <unparseable>,0 | 0,0,1,"GotoLocation(Desk); PickupObject(KeyChain); GotoLocation(Drawer); OpenObject(Drawer); PutObject(KeyChain,Drawer); CloseObject(Drawer) | GotoLocation(Desk); PickupObject(KeyChain); GotoLocation(Drawer); PutObject(KeyChain,Drawer)",1 | 1,1,0,candidate_fixed
shard_3_cf_1053,Fridge,shard_3_exp0_7933 | shard_3_exp0_7932,closed | open,GotoLocation(Fridge); OpenObject(Fridge) | GotoLocation(Fridge),<unparseable> | <unparseable>,0 | 0,0,1,GotoLocation(Fridge); OpenObject(Fridge) | GotoLocation(Fridge),1 | 1,1,0,candidate_fixed
shard_3_cf_1057,Fridge,shard_3_exp0_7971 | shard_3_exp0_7970,closed | open,GotoLocation(Fridge); OpenObject(Fridge) | GotoLocation(Fridge),<unparseable> | <unparseable>,0 | 0,0,1,GotoLocation(Fridge); OpenObject(Fridge) | GotoLocation(Fridge); OpenObject(Fridge),1 | 0,0,1,both_not_exact
shard_3_cf_1064,Fridge,shard_3_exp0_8010 | shard_3_exp0_8009,closed | open,GotoLocation(Fridge); OpenObject(Fridge) | GotoLocation(Fridge),<unparseable> | <unparseable>,0 | 0,0,1,GotoLocation(Fridge); OpenObject(Fridge) | GotoLocation(Fridge),1 | 1,1,0,candidate_fixed
shard_3_cf_1065,Drawer,shard_3_exp0_8017 | shard_3_exp0_8016,closed | open,"GotoLocation(Dresser); PickupObject(CD); GotoLocation(Drawer); OpenObject(Drawer); PutObject(CD,Drawer); CloseObject(Drawer) | GotoLocation(Dresser); PickupObject(CD); GotoLocation(Drawer); PutObject(CD,Drawer)",<unparseable> | <unparseable>,0 | 0,0,1,"GotoLocation(Dresser); PickupObject(CD); GotoLocation(Drawer); OpenObject(Drawer); PutObject(CD,Drawer); CloseObject(Drawer) | GotoLocation(Dresser); PickupObject(CD); GotoLocation(Drawer); PutObject(CD,Drawer)",1 | 1,1,0,candidate_fixed
shard_3_cf_1066,Drawer,shard_3_exp0_8020 | shard_3_exp0_8019,closed | open,"GotoLocation(Dresser); PickupObject(KeyChain); GotoLocation(Drawer); OpenObject(Drawer); PutObject(KeyChain,Drawer); CloseObject(Drawer) | GotoLocation(Dresser); PickupObject(KeyChain); GotoLocation(Drawer); PutObject(KeyChain,Drawer)",<unparseable> | <unparseable>,0 | 0,0,1,"GotoLocation(Dresser); PickupObject(KeyChain); GotoLocation(Drawer); OpenObject(Drawer); PutObject(KeyChain,Drawer); CloseObject(Drawer) | GotoLocation(Dresser); PickupObject(KeyChain); GotoLocation(Drawer); PutObject(KeyChain,Drawer)",1 | 1,1,0,candidate_fixed
shard_3_cf_1103,Drawer,shard_3_exp0_8213 | shard_3_exp0_8212,closed | open,"GotoLocation(Dresser); PickupObject(TissueBox); GotoLocation(Drawer); OpenObject(Drawer); PutObject(TissueBox,Drawer); CloseObject(Drawer) | GotoLocation(Dresser); PickupObject(TissueBox); GotoLocation(Drawer); PutObject(TissueBox,Drawer)",<unparseable> | <unparseable>,0 | 0,0,1,"GotoLocation(Dresser); PickupObject(TissueBox); GotoLocation(Drawer); OpenObject(Drawer); PutObject(TissueBox,Drawer); CloseObject(Drawer) | GotoLocation(Dresser); PickupObject(TissueBox); GotoLocation(Drawer); PutObject(TissueBox,Drawer)",1 | 1,1,0,candidate_fixed
shard_3_cf_1104,Drawer,shard_3_exp0_8216 | shard_3_exp0_8215,closed | open,"GotoLocation(DiningTable); PickupObject(SprayBottle); GotoLocation(Drawer); OpenObject(Drawer); PutObject(SprayBottle,Drawer); CloseObject(Drawer) | GotoLocation(DiningTable); PickupObject(SprayBottle); GotoLocation(Drawer); PutObject(SprayBottle,Drawer)",<unparseable> | <unparseable>,0 | 0,0,1,"GotoLocation(DiningTable); PickupObject(SprayBottle); GotoLocation(Drawer); OpenObject(Drawer); PutObject(SprayBottle,Drawer); CloseObject(Drawer) | GotoLocation(DiningTable); PickupObject(SprayBottle); GotoLocation(Drawer); PutObject(SprayBottle,Drawer)",1 | 1,1,0,candidate_fixed
shard_3_cf_1119,Drawer,shard_3_exp0_8285 | shard_3_exp0_8284,closed | open,GotoLocation(Drawer); OpenObject(Drawer) | GotoLocation(Drawer),<unparseable> | <unparseable>,0 | 0,0,1,GotoLocation(Drawer); OpenObject(Drawer) | GotoLocation(Drawer),1 | 1,1,0,candidate_fixed
shard_3_cf_1128,Drawer,shard_3_exp0_8346 | shard_3_exp0_8345,closed | open,GotoLocation(Drawer); OpenObject(Drawer) | GotoLocation(Drawer),<unparseable> | <unparseable>,0 | 0,0,1,GotoLocation(Drawer); OpenObject(Drawer) | GotoLocation(Drawer); OpenObject(Drawer),1 | 0,0,1,both_not_exact
shard_3_cf_1129,Drawer,shard_3_exp0_8353 | shard_3_exp0_8352,closed | open,GotoLocation(Drawer); OpenObject(Drawer) | GotoLocation(Drawer),<unparseable> | <unparseable>,0 | 0,0,1,GotoLocation(Drawer); OpenObject(Drawer) | GotoLocation(Drawer); OpenObject(Drawer),1 | 0,0,1,both_not_exact
shard_3_cf_1136,Drawer,shard_3_exp0_8409 | shard_3_exp0_8408,closed | open,"GotoLocation(SideTable); PickupObject(TissueBox); GotoLocation(Drawer); OpenObject(Drawer); PutObject(TissueBox,Drawer); CloseObject(Drawer) | GotoLocation(SideTable); PickupObject(TissueBox); GotoLocation(Drawer); PutObject(TissueBox,Drawer)",<unparseable> | <unparseable>,0 | 0,0,1,"GotoLocation(SideTable); PickupObject(TissueBox); GotoLocation(Drawer); OpenObject(Drawer); PutObject(TissueBox,Drawer); CloseObject(Drawer) | GotoLocation(SideTable); PickupObject(TissueBox); GotoLocation(Drawer); PutObject(TissueBox,Drawer)",1 | 1,1,0,candidate_fixed
shard_3_cf_1141,Drawer,shard_3_exp0_8464 | shard_3_exp0_8463,closed | open,"GotoLocation(DiningTable); PickupObject(Pen); GotoLocation(Drawer); OpenObject(Drawer); PutObject(Pen,Drawer); CloseObject(Drawer) | GotoLocation(DiningTable); PickupObject(Pen); GotoLocation(Drawer); PutObject(Pen,Drawer)",<unparseable> | <unparseable>,0 | 0,0,1,"GotoLocation(DiningTable); PickupObject(Pen); GotoLocation(Drawer); OpenObject(Drawer); PutObject(Pen,Drawer); CloseObject(Drawer) | GotoLocation(Desk); PickupObject(Pen); GotoLocation(Drawer); PutObject(Pen,Drawer)",1 | 0,0,0,both_not_exact
shard_3_cf_1142,Drawer,shard_3_exp0_8466 | shard_3_exp0_8465,closed | open,GotoLocation(Drawer); OpenObject(Drawer) | GotoLocation(Drawer),<unparseable> | <unparseable>,0 | 0,0,1,GotoLocation(Drawer); OpenObject(Drawer) | GotoLocation(Drawer),1 | 1,1,0,candidate_fixed
shard_3_cf_1143,Drawer,shard_3_exp0_8470 | shard_3_exp0_8469,closed | open,"GotoLocation(DiningTable); PickupObject(CreditCard); GotoLocation(Drawer); OpenObject(Drawer); PutObject(CreditCard,Drawer); CloseObject(Drawer) | GotoLocation(DiningTable); PickupObject(CreditCard); GotoLocation(Drawer); PutObject(CreditCard,Drawer)",<unparseable> | <unparseable>,0 | 0,0,1,"GotoLocation(DiningTable); PickupObject(CreditCard); GotoLocation(Drawer); OpenObject(Drawer); PutObject(CreditCard,Drawer); CloseObject(Drawer) | GotoLocation(DiningTable); PickupObject(CreditCard); GotoLocation(Drawer); PutObject(CreditCard,Drawer)",1 | 1,1,0,candidate_fixed
shard_3_cf_1144,Drawer,shard_3_exp0_8473 | shard_3_exp0_8472,closed | open,"GotoLocation(Shelf); PickupObject(CellPhone); GotoLocation(Drawer); OpenObject(Drawer); PutObject(CellPhone,Drawer); CloseObject(Drawer) | GotoLocation(Shelf); PickupObject(CellPhone); GotoLocation(Drawer); PutObject(CellPhone,Drawer)",<unparseable> | <unparseable>,0 | 0,0,1,"GotoLocation(Bed); PickupObject(CellPhone); GotoLocation(Drawer); OpenObject(Drawer); PutObject(CellPhone,Drawer); CloseObject(Drawer) | GotoLocation(Bed); PickupObject(CellPhone); GotoLocation(Drawer); PutObject(CellPhone,Drawer)",0 | 0,0,0,both_not_exact
shard_3_cf_1172,Fridge,shard_3_exp0_8670 | shard_3_exp0_8669,closed | open,GotoLocation(Fridge); OpenObject(Fridge) | GotoLocation(Fridge),<unparseable> | <unparseable>,0 | 0,0,1,GotoLocation(Fridge); OpenObject(Fridge) | GotoLocation(Fridge); OpenObject(Fridge),1 | 0,0,1,both_not_exact
shard_3_cf_1173,Fridge,shard_3_exp0_8673 | shard_3_exp0_8672,closed | open,GotoLocation(Fridge); OpenObject(Fridge) | GotoLocation(Fridge),<unparseable> | <unparseable>,0 | 0,0,1,GotoLocation(Fridge); OpenObject(Fridge) | GotoLocation(Fridge),1 | 1,1,0,candidate_fixed
shard_3_cf_1174,Fridge,shard_3_exp0_8675 | shard_3_exp0_8674,closed | open,GotoLocation(Fridge); OpenObject(Fridge) | GotoLocation(Fridge),<unparseable> | <unparseable>,0 | 0,0,1,GotoLocation(Fridge); OpenObject(Fridge) | GotoLocation(Fridge); OpenObject(Fridge),1 | 0,0,1,both_not_exact
shard_3_cf_1189,Drawer,shard_3_exp0_8742 | shard_3_exp0_8741,closed | open,GotoLocation(Drawer); OpenObject(Drawer) | GotoLocation(Drawer),<unparseable> | <unparseable>,0 | 0,0,1,GotoLocation(Drawer); OpenObject(Drawer) | GotoLocation(Drawer),1 | 1,1,0,candidate_fixed
shard_3_cf_1190,Drawer,shard_3_exp0_8744 | shard_3_exp0_8743,closed | open,"GotoLocation(Dresser); PickupObject(Book); GotoLocation(Drawer); OpenObject(Drawer); PutObject(Book,Drawer); CloseObject(Drawer) | GotoLocation(Dresser); PickupObject(Book); GotoLocation(Drawer); PutObject(Book,Drawer)",<unparseable> | <unparseable>,0 | 0,0,1,"GotoLocation(Dresser); PickupObject(Book); GotoLocation(Drawer); OpenObject(Drawer); PutObject(Book,Drawer); CloseObject(Drawer) | GotoLocation(Dresser); PickupObject(Book); GotoLocation(Drawer); PutObject(Book,Drawer)",1 | 1,1,0,candidate_fixed
shard_3_cf_1202,Drawer,shard_3_exp0_8782 | shard_3_exp0_8781,closed | open,GotoLocation(Drawer); OpenObject(Drawer) | GotoLocation(Drawer),<unparseable> | <unparseable>,0 | 0,0,1,GotoLocation(Drawer); OpenObject(Drawer) | GotoLocation(Drawer),1 | 1,1,0,candidate_fixed
shard_3_cf_1203,Drawer,shard_3_exp0_8786 | shard_3_exp0_8785,closed | open,"GotoLocation(DiningTable); PickupObject(CellPhone); GotoLocation(Drawer); OpenObject(Drawer); PutObject(CellPhone,Drawer); CloseObject(Drawer) | GotoLocation(DiningTable); PickupObject(CellPhone); GotoLocation(Drawer); PutObject(CellPhone,Drawer)",<unparseable> | <unparseable>,0 | 0,0,1,"GotoLocation(DiningTable); PickupObject(CellPhone); GotoLocation(Drawer); OpenObject(Drawer); PutObject(CellPhone,Drawer); CloseObject(Drawer) | GotoLocation(DiningTable); PickupObject(CellPhone); GotoLocation(Drawer); PutObject(CellPhone,Drawer)",1 | 1,1,0,candidate_fixed
shard_3_cf_1204,Drawer,shard_3_exp0_8788 | shard_3_exp0_8787,closed | open,GotoLocation(Drawer); OpenObject(Drawer) | GotoLocation(Drawer),<unparseable> | <unparseable>,0 | 0,0,1,GotoLocation(Drawer); OpenObject(Drawer) | GotoLocation(Drawer),1 | 1,1,0,candidate_fixed
shard_3_cf_1205,Drawer,shard_3_exp0_8791 | shard_3_exp0_8790,closed | open,"GotoLocation(Dresser); PickupObject(Pencil); GotoLocation(Drawer); OpenObject(Drawer); PutObject(Pencil,Drawer); CloseObject(Drawer) | GotoLocation(Dresser); PickupObject(Pencil); GotoLocation(Drawer); PutObject(Pencil,Drawer)",<unparseable> | <unparseable>,0 | 0,0,1,"GotoLocation(Dresser); PickupObject(Pencil); GotoLocation(Drawer); OpenObject(Drawer); PutObject(Pencil,Drawer); CloseObject(Drawer) | GotoLocation(Dresser); PickupObject(Pencil); GotoLocation(Drawer); PutObject(Pencil,Drawer)",1 | 1,1,0,candidate_fixed
shard_3_cf_1232,Microwave,shard_3_exp0_8879 | shard_3_exp0_8878,closed | open,GotoLocation(Microwave); OpenObject(Microwave) | GotoLocation(Microwave),<unparseable> | <unparseable>,0 | 0,0,1,GotoLocation(Microwave); OpenObject(Microwave) | GotoLocation(Microwave),1 | 1,1,0,candidate_fixed
shard_3_cf_1233,Safe,shard_3_exp0_8881 | shard_3_exp0_8880,closed | open,GotoLocation(Safe); OpenObject(Safe) | GotoLocation(Safe),<unparseable> | <unparseable>,0 | 0,0,1,GotoLocation(Safe); OpenObject(Safe) | GotoLocation(Safe); OpenObject(Safe),1 | 0,0,1,both_not_exact
shard_3_cf_1234,Drawer,shard_3_exp0_8884 | shard_3_exp0_8883,closed | open,GotoLocation(Drawer); OpenObject(Drawer) | GotoLocation(Drawer),<unparseable> | <unparseable>,0 | 0,0,1,GotoLocation(Drawer); OpenObject(Drawer) | GotoLocation(Drawer),1 | 1,1,0,candidate_fixed
shard_3_cf_1235,Drawer,shard_3_exp0_8886 | shard_3_exp0_8885,closed | open,GotoLocation(Drawer); OpenObject(Drawer) | GotoLocation(Drawer),<unparseable> | <unparseable>,0 | 0,0,1,GotoLocation(Drawer); OpenObject(Drawer) | GotoLocation(Drawer),1 | 1,1,0,candidate_fixed
shard_3_cf_1281,Drawer,shard_3_exp0_9030 | shard_3_exp0_9029,closed | open,"GotoLocation(Dresser); PickupObject(TissueBox); GotoLocation(Drawer); OpenObject(Drawer); PutObject(TissueBox,Drawer); CloseObject(Drawer) | GotoLocation(Dresser); PickupObject(TissueBox); GotoLocation(Drawer); PutObject(TissueBox,Drawer)",<unparseable> | <unparseable>,0 | 0,0,1,"GotoLocation(Dresser); PickupObject(TissueBox); GotoLocation(Drawer); OpenObject(Drawer); PutObject(TissueBox,Drawer); CloseObject(Drawer) | GotoLocation(Dresser); PickupObject(TissueBox); GotoLocation(Drawer); PutObject(TissueBox,Drawer)",1 | 1,1,0,candidate_fixed
shard_3_cf_1282,Drawer,shard_3_exp0_9034 | shard_3_exp0_9033,closed | open,"GotoLocation(Dresser); PickupObject(TissueBox); GotoLocation(Drawer); OpenObject(Drawer); PutObject(TissueBox,Drawer); CloseObject(Drawer) | GotoLocation(Dresser); PickupObject(TissueBox); GotoLocation(Drawer); PutObject(TissueBox,Drawer)",<unparseable> | <unparseable>,0 | 0,0,1,"GotoLocation(Dresser); PickupObject(TissueBox); GotoLocation(Drawer); OpenObject(Drawer); PutObject(TissueBox,Drawer); CloseObject(Drawer) | GotoLocation(Dresser); PickupObject(TissueBox); GotoLocation(Drawer); PutObject(TissueBox,Drawer)",1 | 1,1,0,candidate_fixed
shard_3_cf_1302,Drawer,shard_3_exp0_9085 | shard_3_exp0_9084,closed | open,"GotoLocation(Dresser); PickupObject(Book); GotoLocation(Drawer); OpenObject(Drawer); PutObject(Book,Drawer); CloseObject(Drawer) | GotoLocation(Dresser); PickupObject(Book); GotoLocation(Drawer); PutObject(Book,Drawer)",<unparseable> | <unparseable>,0 | 0,0,1,"GotoLocation(Dresser); PickupObject(Book); GotoLocation(Drawer); OpenObject(Drawer); PutObject(Book,Drawer); CloseObject(Drawer) | GotoLocation(Dresser); PickupObject(Book); GotoLocation(Drawer); PutObject(Book,Drawer)",1 | 1,1,0,candidate_fixed
shard_3_cf_1303,Drawer,shard_3_exp0_9088 | shard_3_exp0_9087,closed | open,GotoLocation(Drawer); OpenObject(Drawer) | GotoLocation(Drawer),<unparseable> | <unparseable>,0 | 0,0,1,GotoLocation(Drawer); OpenObject(Drawer) | GotoLocation(Drawer),1 | 1,1,0,candidate_fixed
shard_3_cf_1304,Drawer,shard_3_exp0_9090 | shard_3_exp0_9089,closed | open,"GotoLocation(Dresser); PickupObject(Book); GotoLocation(Drawer); OpenObject(Drawer); PutObject(Book,Drawer); CloseObject(Drawer) | GotoLocation(Dresser); PickupObject(Book); GotoLocation(Drawer); PutObject(Book,Drawer)",<unparseable> | <unparseable>,0 | 0,0,1,"GotoLocation(Bed); PickupObject(Book); GotoLocation(Drawer); OpenObject(Drawer); PutObject(Book,Drawer); CloseObject(Drawer) | GotoLocation(Bed); PickupObject(Book); GotoLocation(Drawer); PutObject(Book,Drawer)",0 | 0,0,0,both_not_exact
shard_3_cf_1305,Drawer,shard_3_exp0_9092 | shard_3_exp0_9091,closed | open,GotoLocation(Drawer); OpenObject(Drawer) | GotoLocation(Drawer),<unparseable> | <unparseable>,0 | 0,0,1,GotoLocation(Drawer); OpenObject(Drawer) | GotoLocation(Drawer),1 | 1,1,0,candidate_fixed
shard_3_cf_1317,Drawer,shard_3_exp0_9127 | shard_3_exp0_9126,closed | open,GotoLocation(Drawer); OpenObject(Drawer) | GotoLocation(Drawer),<unparseable> | <unparseable>,0 | 0,0,1,GotoLocation(Drawer); OpenObject(Drawer) | GotoLocation(Drawer); OpenObject(Drawer),1 | 0,0,1,both_not_exact
shard_3_cf_1318,Drawer,shard_3_exp0_9129 | shard_3_exp0_9128,closed | open,GotoLocation(Drawer); OpenObject(Drawer) | GotoLocation(Drawer),<unparseable> | <unparseable>,0 | 0,0,1,GotoLocation(Drawer); OpenObject(Drawer) | GotoLocation(Drawer); OpenObject(Drawer),1 | 0,0,1,both_not_exact
shard_3_cf_1319,Drawer,shard_3_exp0_9132 | shard_3_exp0_9131,closed | open,"GotoLocation(SideTable); PickupObject(CreditCard); GotoLocation(Drawer); OpenObject(Drawer); PutObject(CreditCard,Drawer); CloseObject(Drawer) | GotoLocation(SideTable); PickupObject(CreditCard); GotoLocation(Drawer); PutObject(CreditCard,Drawer)",<unparseable> | <unparseable>,0 | 0,0,1,"GotoLocation(SideTable); PickupObject(CreditCard); GotoLocation(Drawer); OpenObject(Drawer); PutObject(CreditCard,Drawer); CloseObject(Drawer) | GotoLocation(Dresser); PickupObject(CreditCard); GotoLocation(Drawer); PutObject(CreditCard,Drawer)",1 | 0,0,0,both_not_exact
shard_3_cf_1349,Drawer,shard_3_exp0_9228 | shard_3_exp0_9227,closed | open,"GotoLocation(SideTable); PickupObject(RemoteControl); GotoLocation(Drawer); OpenObject(Drawer); PutObject(RemoteControl,Drawer); CloseObject(Drawer) | GotoLocation(SideTable); PickupObject(RemoteControl); GotoLocation(Drawer); PutObject(RemoteControl,Drawer)",<unparseable> | <unparseable>,0 | 0,0,1,"GotoLocation(SideTable); PickupObject(RemoteControl); GotoLocation(Drawer); OpenObject(Drawer); PutObject(RemoteControl,Drawer); CloseObject(Drawer) | GotoLocation(SideTable); PickupObject(RemoteControl); GotoLocation(Drawer); PutObject(RemoteControl,Drawer)",1 | 1,1,0,candidate_fixed
shard_3_cf_1350,Drawer,shard_3_exp0_9230 | shard_3_exp0_9229,closed | open,"GotoLocation(SideTable); PickupObject(RemoteControl); GotoLocation(Drawer); OpenObject(Drawer); PutObject(RemoteControl,Drawer); CloseObject(Drawer) | GotoLocation(SideTable); PickupObject(RemoteControl); GotoLocation(Drawer); PutObject(RemoteControl,Drawer)",<unparseable> | <unparseable>,0 | 0,0,1,"GotoLocation(SideTable); PickupObject(RemoteControl); GotoLocation(Drawer); OpenObject(Drawer); PutObject(RemoteControl,Drawer); CloseObject(Drawer) | GotoLocation(SideTable); PickupObject(RemoteControl); GotoLocation(Drawer); PutObject(RemoteControl,Drawer)",1 | 1,1,0,candidate_fixed
shard_3_cf_1351,Drawer,shard_3_exp0_9236 | shard_3_exp0_9235,closed | open,GotoLocation(Drawer); OpenObject(Drawer) | GotoLocation(Drawer),<unparseable> | <unparseable>,0 | 0,0,1,GotoLocation(Drawer); OpenObject(Drawer) | GotoLocation(Drawer),1 | 1,1,0,candidate_fixed
shard_3_cf_1390,Drawer,shard_3_exp0_9403 | shard_3_exp0_9402,closed | open,"GotoLocation(Shelf); PickupObject(Watch); GotoLocation(Drawer); OpenObject(Drawer); PutObject(Watch,Drawer); CloseObject(Drawer) | GotoLocation(Shelf); PickupObject(Watch); GotoLocation(Drawer); PutObject(Watch,Drawer)",<unparseable> | <unparseable>,0 | 0,0,1,"GotoLocation(Shelf); PickupObject(Watch); GotoLocation(Drawer); OpenObject(Drawer); PutObject(Watch,Drawer); CloseObject(Drawer) | GotoLocation(Shelf); PickupObject(Watch); GotoLocation(Drawer); PutObject(Watch,Drawer)",1 | 1,1,0,candidate_fixed
shard_3_cf_1391,Fridge,shard_3_exp0_9405 | shard_3_exp0_9404,closed | open,GotoLocation(Fridge); OpenObject(Fridge) | GotoLocation(Fridge),<unparseable> | <unparseable>,0 | 0,0,1,GotoLocation(Fridge); OpenObject(Fridge) | GotoLocation(Fridge); OpenObject(Fridge),1 | 0,0,1,both_not_exact
shard_3_cf_1392,Drawer,shard_3_exp0_9408 | shard_3_exp0_9407,closed | open,"GotoLocation(Shelf); PickupObject(Watch); GotoLocation(Drawer); OpenObject(Drawer); PutObject(Watch,Drawer); CloseObject(Drawer) | GotoLocation(Shelf); PickupObject(Watch); GotoLocation(Drawer); PutObject(Watch,Drawer)",<unparseable> | <unparseable>,0 | 0,0,1,"GotoLocation(Dresser); PickupObject(Watch); GotoLocation(Drawer); OpenObject(Drawer); PutObject(Watch,Drawer); CloseObject(Drawer) | GotoLocation(Dresser); PickupObject(Watch); GotoLocation(Drawer); OpenObject(Drawer); PutObject(Watch,Drawer); CloseObject(Drawer)",0 | 0,0,1,both_not_exact
shard_3_cf_1403,Drawer,shard_3_exp0_9451 | shard_3_exp0_9450,closed | open,GotoLocation(Drawer); OpenObject(Drawer) | GotoLocation(Drawer),<unparseable> | <unparseable>,0 | 0,0,1,GotoLocation(Drawer); OpenObject(Drawer) | GotoLocation(Drawer),1 | 1,1,0,candidate_fixed
shard_3_cf_1441,Fridge,shard_3_exp0_9593 | shard_3_exp0_9592,closed | open,GotoLocation(Fridge); OpenObject(Fridge) | GotoLocation(Fridge),<unparseable> | <unparseable>,0 | 0,0,1,GotoLocation(Fridge); OpenObject(Fridge) | GotoLocation(Fridge); OpenObject(Fridge),1 | 0,0,1,both_not_exact
shard_3_cf_1442,Safe,shard_3_exp0_9595 | shard_3_exp0_9594,closed | open,GotoLocation(Safe); OpenObject(Safe) | GotoLocation(Safe),<unparseable> | <unparseable>,0 | 0,0,1,GotoLocation(Safe); OpenObject(Safe) | GotoLocation(Safe),1 | 1,1,0,candidate_fixed
shard_3_cf_1443,Fridge,shard_3_exp0_9597 | shard_3_exp0_9596,closed | open,GotoLocation(Fridge); OpenObject(Fridge) | GotoLocation(Fridge),<unparseable> | <unparseable>,0 | 0,0,1,GotoLocation(Fridge); OpenObject(Fridge) | GotoLocation(Fridge),1 | 1,1,0,candidate_fixed
shard_3_cf_1463,Fridge,shard_3_exp0_9655 | shard_3_exp0_9654,closed | open,GotoLocation(Fridge); OpenObject(Fridge) | GotoLocation(Fridge),<unparseable> | <unparseable>,0 | 0,0,1,GotoLocation(Fridge) | GotoLocation(Fridge),0 | 1,0,1,both_not_exact
shard_3_cf_1464,Drawer,shard_3_exp0_9657 | shard_3_exp0_9656,closed | open,"GotoLocation(Dresser); PickupObject(RemoteControl); GotoLocation(Drawer); OpenObject(Drawer); PutObject(RemoteControl,Drawer); CloseObject(Drawer) | GotoLocation(Dresser); PickupObject(RemoteControl); GotoLocation(Drawer); PutObject(RemoteControl,Drawer)",<unparseable> | <unparseable>,0 | 0,0,1,"GotoLocation(Dresser); PickupObject(RemoteControl); GotoLocation(Drawer); OpenObject(Drawer); PutObject(RemoteControl,Drawer); CloseObject(Drawer) | GotoLocation(Dresser); PickupObject(RemoteControl); GotoLocation(Drawer); PutObject(RemoteControl,Drawer)",1 | 1,1,0,candidate_fixed
shard_3_cf_1465,Drawer,shard_3_exp0_9659 | shard_3_exp0_9658,closed | open,"GotoLocation(Dresser); PickupObject(Pen); GotoLocation(Drawer); OpenObject(Drawer); PutObject(Pen,Drawer); CloseObject(Drawer) | GotoLocation(Dresser); PickupObject(Pen); GotoLocation(Drawer); PutObject(Pen,Drawer)",<unparseable> | <unparseable>,0 | 0,0,1,"GotoLocation(Dresser); PickupObject(Pen); GotoLocation(Drawer); OpenObject(Drawer); PutObject(Pen,Drawer); CloseObject(Drawer) | GotoLocation(Dresser); PickupObject(Pen); GotoLocation(Drawer); PutObject(Pen,Drawer)",1 | 1,1,0,candidate_fixed
shard_3_cf_1466,Drawer,shard_3_exp0_9662 | shard_3_exp0_9661,closed | open,"GotoLocation(Dresser); PickupObject(RemoteControl); GotoLocation(Drawer); OpenObject(Drawer); PutObject(RemoteControl,Drawer); CloseObject(Drawer) | GotoLocation(Dresser); PickupObject(RemoteControl); GotoLocation(Drawer); PutObject(RemoteControl,Drawer)",<unparseable> | <unparseable>,0 | 0,0,1,"GotoLocation(Dresser); PickupObject(RemoteControl); GotoLocation(Drawer); OpenObject(Drawer); PutObject(RemoteControl,Drawer); CloseObject(Drawer) | GotoLocation(Dresser); PickupObject(RemoteControl); GotoLocation(Drawer); PutObject(RemoteControl,Drawer)",1 | 1,1,0,candidate_fixed
shard_3_cf_1467,Drawer,shard_3_exp0_9664 | shard_3_exp0_9663,closed | open,"GotoLocation(Dresser); PickupObject(CellPhone); GotoLocation(Drawer); OpenObject(Drawer); PutObject(CellPhone,Drawer); CloseObject(Drawer) | GotoLocation(Dresser); PickupObject(CellPhone); GotoLocation(Drawer); PutObject(CellPhone,Drawer)",<unparseable> | <unparseable>,0 | 0,0,1,"GotoLocation(Dresser); PickupObject(CellPhone); GotoLocation(Drawer); PutObject(CellPhone,Drawer) | GotoLocation(Dresser); PickupObject(CellPhone); GotoLocation(Drawer); PutObject(CellPhone,Drawer)",0 | 1,0,1,both_not_exact
shard_3_cf_1468,Fridge,shard_3_exp0_9669 | shard_3_exp0_9668,closed | open,GotoLocation(Fridge); OpenObject(Fridge) | GotoLocation(Fridge),<unparseable> | <unparseable>,0 | 0,0,1,GotoLocation(Fridge); OpenObject(Fridge) | GotoLocation(Fridge); OpenObject(Fridge),1 | 0,0,1,both_not_exact
shard_3_cf_1469,Fridge,shard_3_exp0_9677 | shard_3_exp0_9676,closed | open,GotoLocation(Fridge); OpenObject(Fridge) | GotoLocation(Fridge),<unparseable> | <unparseable>,0 | 0,0,1,GotoLocation(Fridge); OpenObject(Fridge) | GotoLocation(Fridge),1 | 1,1,0,candidate_fixed
shard_3_cf_1501,Drawer,shard_3_exp0_9774 | shard_3_exp0_9773,closed | open,GotoLocation(Drawer); OpenObject(Drawer) | GotoLocation(Drawer),<unparseable> | <unparseable>,0 | 0,0,1,GotoLocation(Drawer); OpenObject(Drawer) | GotoLocation(Drawer),1 | 1,1,0,candidate_fixed
shard_3_cf_1502,Drawer,shard_3_exp0_9776 | shard_3_exp0_9775,closed | open,"GotoLocation(Dresser); PickupObject(Pencil); GotoLocation(Drawer); OpenObject(Drawer); PutObject(Pencil,Drawer); CloseObject(Drawer) | GotoLocation(Dresser); PickupObject(Pencil); GotoLocation(Drawer); PutObject(Pencil,Drawer)",<unparseable> | <unparseable>,0 | 0,0,1,"GotoLocation(Dresser); PickupObject(Pencil); GotoLocation(Drawer); OpenObject(Drawer); PutObject(Pencil,Drawer); CloseObject(Drawer) | GotoLocation(Dresser); PickupObject(Pencil); GotoLocation(Drawer); PutObject(Pencil,Drawer)",1 | 1,1,0,candidate_fixed
shard_3_cf_1503,Drawer,shard_3_exp0_9778 | shard_3_exp0_9777,closed | open,"GotoLocation(Dresser); PickupObject(Pencil); GotoLocation(Drawer); OpenObject(Drawer); PutObject(Pencil,Drawer); CloseObject(Drawer) | GotoLocation(Dresser); PickupObject(Pencil); GotoLocation(Drawer); PutObject(Pencil,Drawer)",<unparseable> | <unparseable>,0 | 0,0,1,"GotoLocation(Dresser); PickupObject(Pencil); GotoLocation(Drawer); OpenObject(Drawer); PutObject(Pencil,Drawer); CloseObject(Drawer) | GotoLocation(Dresser); PickupObject(Pencil); GotoLocation(Drawer); PutObject(Pencil,Drawer)",1 | 1,1,0,candidate_fixed
shard_3_cf_1504,Drawer,shard_3_exp0_9780 | shard_3_exp0_9779,closed | open,GotoLocation(Drawer); OpenObject(Drawer) | GotoLocation(Drawer),<unparseable> | <unparseable>,0 | 0,0,1,GotoLocation(Drawer) | GotoLocation(Drawer),0 | 1,0,1,both_not_exact
shard_3_cf_1505,Drawer,shard_3_exp0_9782 | shard_3_exp0_9781,closed | open,GotoLocation(Drawer); OpenObject(Drawer) | GotoLocation(Drawer),<unparseable> | <unparseable>,0 | 0,0,1,GotoLocation(Drawer); OpenObject(Drawer) | GotoLocation(Drawer),1 | 1,1,0,candidate_fixed
shard_3_cf_1511,Drawer,shard_3_exp0_9798 | shard_3_exp0_9797,closed | open,GotoLocation(Drawer); OpenObject(Drawer) | GotoLocation(Drawer),<unparseable> | <unparseable>,0 | 0,0,1,GotoLocation(Drawer); OpenObject(Drawer) | GotoLocation(Drawer),1 | 1,1,0,candidate_fixed
shard_3_cf_1512,Drawer,shard_3_exp0_9800 | shard_3_exp0_9799,closed | open,"GotoLocation(Dresser); PickupObject(Book); GotoLocation(Drawer); OpenObject(Drawer); PutObject(Book,Drawer); CloseObject(Drawer) | GotoLocation(Dresser); PickupObject(Book); GotoLocation(Drawer); PutObject(Book,Drawer)",<unparseable> | <unparseable>,0 | 0,0,1,"GotoLocation(Dresser); PickupObject(Book); GotoLocation(Drawer); OpenObject(Drawer); PutObject(Book,Drawer); CloseObject(Drawer) | GotoLocation(Dresser); PickupObject(Book); GotoLocation(Drawer); PutObject(Book,Drawer)",1 | 1,1,0,candidate_fixed
shard_3_cf_1533,Drawer,shard_3_exp0_9870 | shard_3_exp0_9869,closed | open,"GotoLocation(CounterTop); PickupObject(PepperShaker); GotoLocation(Drawer); OpenObject(Drawer); PutObject(PepperShaker,Drawer); CloseObject(Drawer) | GotoLocation(CounterTop); PickupObject(PepperShaker); GotoLocation(Drawer); PutObject(PepperShaker,Drawer)",<unparseable> | <unparseable>,0 | 0,0,1,"GotoLocation(CounterTop); PickupObject(PepperShaker); GotoLocation(Drawer); PutObject(PepperShaker,Drawer) | GotoLocation(CounterTop); PickupObject(PepperShaker); GotoLocation(Drawer); PutObject(PepperShaker,Drawer)",0 | 1,0,1,both_not_exact
shard_3_cf_1534,Drawer,shard_3_exp0_9872 | shard_3_exp0_9871,closed | open,GotoLocation(Drawer); OpenObject(Drawer) | GotoLocation(Drawer),<unparseable> | <unparseable>,0 | 0,0,1,GotoLocation(Drawer); OpenObject(Drawer) | GotoLocation(Drawer),1 | 1,1,0,candidate_fixed
shard_3_cf_1535,Drawer,shard_3_exp0_9875 | shard_3_exp0_9874,closed | open,GotoLocation(Drawer); OpenObject(Drawer) | GotoLocation(Drawer),<unparseable> | <unparseable>,0 | 0,0,1,GotoLocation(Drawer); OpenObject(Drawer) | GotoLocation(Drawer),1 | 1,1,0,candidate_fixed
shard_3_cf_1536,Drawer,shard_3_exp0_9877 | shard_3_exp0_9876,closed | open,GotoLocation(Drawer); OpenObject(Drawer) | GotoLocation(Drawer),<unparseable> | <unparseable>,0 | 0,0,1,GotoLocation(Drawer); OpenObject(Drawer) | GotoLocation(Drawer),1 | 1,1,0,candidate_fixed
shard_3_cf_1537,Drawer,shard_3_exp0_9879 | shard_3_exp0_9878,closed | open,GotoLocation(Drawer); OpenObject(Drawer) | GotoLocation(Drawer),<unparseable> | <unparseable>,0 | 0,0,1,GotoLocation(Drawer); OpenObject(Drawer) | GotoLocation(Drawer),1 | 1,1,0,candidate_fixed
shard_3_cf_1545,Drawer,shard_3_exp0_9910 | shard_3_exp0_9909,closed | open,GotoLocation(Drawer); OpenObject(Drawer) | GotoLocation(Drawer),<unparseable> | <unparseable>,0 | 0,0,1,GotoLocation(Drawer); OpenObject(Drawer) | GotoLocation(Drawer),1 | 1,1,0,candidate_fixed
shard_3_cf_1546,Fridge,shard_3_exp0_9912 | shard_3_exp0_9911,closed | open,GotoLocation(Fridge); OpenObject(Fridge) | GotoLocation(Fridge),<unparseable> | <unparseable>,0 | 0,0,1,GotoLocation(Fridge); OpenObject(Fridge) | GotoLocation(Fridge); OpenObject(Fridge),1 | 0,0,1,both_not_exact
shard_3_cf_1548,Drawer,shard_3_exp0_9916 | shard_3_exp0_9915,closed | open,"GotoLocation(Dresser); PickupObject(KeyChain); GotoLocation(Drawer); OpenObject(Drawer); PutObject(KeyChain,Drawer); CloseObject(Drawer) | GotoLocation(Dresser); PickupObject(KeyChain); GotoLocation(Drawer); PutObject(KeyChain,Drawer)",<unparseable> | <unparseable>,0 | 0,0,1,"GotoLocation(Dresser); PickupObject(KeyChain); GotoLocation(Drawer); OpenObject(Drawer); PutObject(KeyChain,Drawer); CloseObject(Drawer) | GotoLocation(Dresser); PickupObject(KeyChain); GotoLocation(Drawer); PutObject(KeyChain,Drawer)",1 | 1,1,0,candidate_fixed
shard_3_cf_1549,Fridge,shard_3_exp0_9918 | shard_3_exp0_9917,closed | open,GotoLocation(Fridge); OpenObject(Fridge) | GotoLocation(Fridge),<unparseable> | <unparseable>,0 | 0,0,1,GotoLocation(Fridge) | GotoLocation(Fridge),0 | 1,0,1,both_not_exact
shard_3_cf_1550,Fridge,shard_3_exp0_9920 | shard_3_exp0_9919,closed | open,GotoLocation(Fridge); OpenObject(Fridge) | GotoLocation(Fridge),<unparseable> | <unparseable>,0 | 0,0,1,GotoLocation(Fridge); OpenObject(Fridge) | GotoLocation(Fridge); OpenObject(Fridge),1 | 0,0,1,both_not_exact
shard_3_cf_1551,Drawer,shard_3_exp0_9922 | shard_3_exp0_9921,closed | open,GotoLocation(Drawer); OpenObject(Drawer) | GotoLocation(Drawer),<unparseable> | <unparseable>,0 | 0,0,1,GotoLocation(Drawer); OpenObject(Drawer) | GotoLocation(Drawer),1 | 1,1,0,candidate_fixed
shard_3_cf_1552,Drawer,shard_3_exp0_9924 | shard_3_exp0_9923,closed | open,GotoLocation(Drawer); OpenObject(Drawer) | GotoLocation(Drawer),<unparseable> | <unparseable>,0 | 0,0,1,GotoLocation(Drawer); OpenObject(Drawer) | GotoLocation(Drawer),1 | 1,1,0,candidate_fixed
shard_3_cf_1571,Safe,shard_3_exp0_9987 | shard_3_exp0_9986,closed | open,GotoLocation(Safe); OpenObject(Safe) | GotoLocation(Safe),<unparseable> | <unparseable>,0 | 0,0,1,GotoLocation(Safe); OpenObject(Safe) | GotoLocation(Safe),1 | 1,1,0,candidate_fixed
shard_3_cf_1572,Safe,shard_3_exp0_9990 | shard_3_exp0_9989,closed | open,GotoLocation(Safe); OpenObject(Safe) | GotoLocation(Safe),<unparseable> | <unparseable>,0 | 0,0,1,GotoLocation(Safe); OpenObject(Safe) | GotoLocation(Safe),1 | 1,1,0,candidate_fixed
shard_3_cf_1573,Drawer,shard_3_exp0_9992 | shard_3_exp0_9991,closed | open,GotoLocation(Drawer); OpenObject(Drawer) | GotoLocation(Drawer),<unparseable> | <unparseable>,0 | 0,0,1,GotoLocation(Drawer); OpenObject(Drawer) | GotoLocation(Drawer),1 | 1,1,0,candidate_fixed
shard_3_cf_1574,Drawer,shard_3_exp0_9994 | shard_3_exp0_9993,closed | open,"GotoLocation(Book); PickupObject(Book); GotoLocation(Drawer); OpenObject(Drawer); PutObject(Book,Drawer); CloseObject(Drawer) | GotoLocation(Book); PickupObject(Book); GotoLocation(Drawer); PutObject(Book,Drawer)",<unparseable> | <unparseable>,0 | 0,0,1,"GotoLocation(Book); PickupObject(Book); GotoLocation(Drawer); PutObject(Book,Drawer) | GotoLocation(Book); PickupObject(Book); GotoLocation(Drawer); PutObject(Book,Drawer)",0 | 1,0,1,both_not_exact
shard_3_cf_1604,Drawer,shard_3_exp0_10102 | shard_3_exp0_10101,closed | open,GotoLocation(Drawer); OpenObject(Drawer) | GotoLocation(Drawer),<unparseable> | <unparseable>,0 | 0,0,1,GotoLocation(Drawer); OpenObject(Drawer) | GotoLocation(Drawer); OpenObject(Drawer),1 | 0,0,1,both_not_exact
shard_3_cf_1611,Drawer,shard_3_exp0_10128 | shard_3_exp0_10127,closed | open,GotoLocation(Drawer); OpenObject(Drawer) | GotoLocation(Drawer),<unparseable> | <unparseable>,0 | 0,0,1,GotoLocation(Drawer); OpenObject(Drawer) | GotoLocation(Drawer),1 | 1,1,0,candidate_fixed
shard_3_cf_1612,Fridge,shard_3_exp0_10130 | shard_3_exp0_10129,closed | open,GotoLocation(Fridge); OpenObject(Fridge) | GotoLocation(Fridge),<unparseable> | <unparseable>,0 | 0,0,1,GotoLocation(Fridge); OpenObject(Fridge) | GotoLocation(Fridge),1 | 1,1,0,candidate_fixed
shard_3_cf_1613,Drawer,shard_3_exp0_10132 | shard_3_exp0_10131,closed | open,GotoLocation(Drawer); OpenObject(Drawer) | GotoLocation(Drawer),<unparseable> | <unparseable>,0 | 0,0,1,GotoLocation(Drawer); OpenObject(Drawer) | GotoLocation(Drawer),1 | 1,1,0,candidate_fixed
shard_3_cf_1614,Drawer,shard_3_exp0_10134 | shard_3_exp0_10133,closed | open,GotoLocation(Drawer); OpenObject(Drawer) | GotoLocation(Drawer),<unparseable> | <unparseable>,0 | 0,0,1,GotoLocation(Drawer); OpenObject(Drawer) | GotoLocation(Drawer); OpenObject(Drawer),1 | 0,0,1,both_not_exact
shard_3_cf_1685,Drawer,shard_3_exp0_10366 | shard_3_exp0_10365,closed | open,"GotoLocation(DiningTable); PickupObject(CreditCard); GotoLocation(Drawer); OpenObject(Drawer); PutObject(CreditCard,Drawer); CloseObject(Drawer) | GotoLocation(DiningTable); PickupObject(CreditCard); GotoLocation(Drawer); PutObject(CreditCard,Drawer)",<unparseable> | <unparseable>,0 | 0,0,1,"GotoLocation(DiningTable); PickupObject(CreditCard); GotoLocation(Drawer); OpenObject(Drawer); PutObject(CreditCard,Drawer); CloseObject(Drawer) | GotoLocation(DiningTable); PickupObject(CreditCard); GotoLocation(Drawer); PutObject(CreditCard,Drawer)",1 | 1,1,0,candidate_fixed
shard_3_cf_1689,Cabinet,shard_3_exp0_10385 | shard_3_exp0_10384,closed | open,GotoLocation(Cabinet); OpenObject(Cabinet) | GotoLocation(Cabinet),<unparseable> | <unparseable>,0 | 0,0,1,GotoLocation(Cabinet); OpenObject(Cabinet) | GotoLocation(Cabinet),1 | 1,1,0,candidate_fixed
shard_3_cf_1690,Drawer,shard_3_exp0_10388 | shard_3_exp0_10387,closed | open,GotoLocation(Drawer); OpenObject(Drawer) | GotoLocation(Drawer),<unparseable> | <unparseable>,0 | 0,0,1,GotoLocation(Drawer); OpenObject(Drawer) | GotoLocation(Drawer); OpenObject(Drawer),1 | 0,0,1,both_not_exact
shard_3_cf_1691,Drawer,shard_3_exp0_10390 | shard_3_exp0_10389,closed | open,GotoLocation(Drawer); OpenObject(Drawer) | GotoLocation(Drawer),<unparseable> | <unparseable>,0 | 0,0,1,GotoLocation(Drawer); OpenObject(Drawer) | GotoLocation(Drawer),1 | 1,1,0,candidate_fixed
shard_3_cf_1720,Drawer,shard_3_exp0_10491 | shard_3_exp0_10490,closed | open,"GotoLocation(SideTable); PickupObject(KeyChain); GotoLocation(Drawer); OpenObject(Drawer); PutObject(KeyChain,Drawer); CloseObject(Drawer) | GotoLocation(SideTable); PickupObject(KeyChain); GotoLocation(Drawer); PutObject(KeyChain,Drawer)",<unparseable> | <unparseable>,0 | 0,0,1,"GotoLocation(SideTable); PickupObject(KeyChain); GotoLocation(Drawer); OpenObject(Drawer); PutObject(KeyChain,Drawer); CloseObject(Drawer) | GotoLocation(SideTable); PickupObject(KeyChain); GotoLocation(Drawer); PutObject(KeyChain,Drawer)",1 | 1,1,0,candidate_fixed
shard_3_cf_1721,Drawer,shard_3_exp0_10494 | shard_3_exp0_10493,closed | open,GotoLocation(Drawer); OpenObject(Drawer) | GotoLocation(Drawer),<unparseable> | <unparseable>,0 | 0,0,1,GotoLocation(Drawer); OpenObject(Drawer) | GotoLocation(Drawer),1 | 1,1,0,candidate_fixed
shard_3_cf_1749,Drawer,shard_3_exp0_10602 | shard_3_exp0_10601,closed | open,"GotoLocation(SideTable); PickupObject(CellPhone); GotoLocation(Drawer); OpenObject(Drawer); PutObject(CellPhone,Drawer); CloseObject(Drawer) | GotoLocation(SideTable); PickupObject(CellPhone); GotoLocation(Drawer); PutObject(CellPhone,Drawer)",<unparseable> | <unparseable>,0 | 0,0,1,"GotoLocation(SideTable); PickupObject(CellPhone); GotoLocation(Drawer); OpenObject(Drawer); PutObject(CellPhone,Drawer); CloseObject(Drawer) | GotoLocation(SideTable); PickupObject(CellPhone); GotoLocation(Drawer); PutObject(CellPhone,Drawer)",1 | 1,1,0,candidate_fixed
shard_3_cf_1750,Fridge,shard_3_exp0_10607 | shard_3_exp0_10606,closed | open,GotoLocation(Fridge); OpenObject(Fridge) | GotoLocation(Fridge),<unparseable> | <unparseable>,0 | 0,0,1,GotoLocation(Fridge); OpenObject(Fridge) | GotoLocation(Fridge); OpenObject(Fridge),1 | 0,0,1,both_not_exact
shard_3_cf_1787,Drawer,shard_3_exp0_10715 | shard_3_exp0_10714,closed | open,GotoLocation(Drawer); OpenObject(Drawer) | GotoLocation(Drawer),<unparseable> | <unparseable>,0 | 0,0,1,GotoLocation(Drawer); OpenObject(Drawer) | GotoLocation(Drawer),1 | 1,1,0,candidate_fixed
shard_3_cf_1788,Fridge,shard_3_exp0_10717 | shard_3_exp0_10716,closed | open,GotoLocation(Fridge); OpenObject(Fridge) | GotoLocation(Fridge),<unparseable> | <unparseable>,0 | 0,0,1,GotoLocation(Fridge); OpenObject(Fridge) | GotoLocation(Fridge); OpenObject(Fridge),1 | 0,0,1,both_not_exact
shard_3_cf_1789,Fridge,shard_3_exp0_10719 | shard_3_exp0_10718,closed | open,GotoLocation(Fridge); OpenObject(Fridge) | GotoLocation(Fridge),<unparseable> | <unparseable>,0 | 0,0,1,GotoLocation(Fridge); OpenObject(Fridge) | GotoLocation(Fridge),1 | 1,1,0,candidate_fixed
shard_3_cf_1888,Fridge,shard_3_exp0_11043 | shard_3_exp0_11042,closed | open,GotoLocation(Fridge); OpenObject(Fridge) | GotoLocation(Fridge),<unparseable> | <unparseable>,0 | 0,0,1,GotoLocation(Fridge); OpenObject(Fridge) | GotoLocation(Fridge),1 | 1,1,0,candidate_fixed
shard_3_cf_1907,Fridge,shard_3_exp0_11157 | shard_3_exp0_11156,closed | open,GotoLocation(Fridge); OpenObject(Fridge) | GotoLocation(Fridge),<unparseable> | <unparseable>,0 | 0,0,1,GotoLocation(Fridge); OpenObject(Fridge) | GotoLocation(Fridge),1 | 1,1,0,candidate_fixed
shard_3_cf_1922,Drawer,shard_3_exp0_11215 | shard_3_exp0_11214,closed | open,GotoLocation(Drawer); OpenObject(Drawer) | GotoLocation(Drawer),<unparseable> | <unparseable>,0 | 0,0,1,GotoLocation(Drawer); OpenObject(Drawer) | GotoLocation(Drawer),1 | 1,1,0,candidate_fixed
shard_3_cf_1923,Drawer,shard_3_exp0_11218 | shard_3_exp0_11217,closed | open,GotoLocation(Drawer); OpenObject(Drawer) | GotoLocation(Drawer),<unparseable> | <unparseable>,0 | 0,0,1,GotoLocation(Drawer); OpenObject(Drawer) | GotoLocation(Drawer),1 | 1,1,0,candidate_fixed
shard_3_cf_1924,Drawer,shard_3_exp0_11220 | shard_3_exp0_11219,closed | open,"GotoLocation(Bed); PickupObject(RemoteControl); GotoLocation(Drawer); OpenObject(Drawer); PutObject(RemoteControl,Drawer); CloseObject(Drawer) | GotoLocation(Bed); PickupObject(RemoteControl); GotoLocation(Drawer); PutObject(RemoteControl,Drawer)",<unparseable> | <unparseable>,0 | 0,0,1,"GotoLocation(Bed); PickupObject(RemoteControl); GotoLocation(Drawer); OpenObject(Drawer); PutObject(RemoteControl,Drawer); CloseObject(Drawer) | GotoLocation(Bed); PickupObject(RemoteControl); GotoLocation(Drawer); PutObject(RemoteControl,Drawer)",1 | 1,1,0,candidate_fixed
shard_3_cf_1936,Fridge,shard_3_exp0_11265 | shard_3_exp0_11264,closed | open,GotoLocation(Fridge); OpenObject(Fridge) | GotoLocation(Fridge),<unparseable> | <unparseable>,0 | 0,0,1,GotoLocation(Fridge); OpenObject(Fridge) | GotoLocation(Fridge),1 | 1,1,0,candidate_fixed
shard_3_cf_1977,Drawer,shard_3_exp0_11398 | shard_3_exp0_11397,closed | open,GotoLocation(Drawer); OpenObject(Drawer) | GotoLocation(Drawer),<unparseable> | <unparseable>,0 | 0,0,1,GotoLocation(Drawer); OpenObject(Drawer) | GotoLocation(Drawer),1 | 1,1,0,candidate_fixed
shard_3_cf_1978,Drawer,shard_3_exp0_11400 | shard_3_exp0_11399,closed | open,GotoLocation(Drawer); OpenObject(Drawer) | GotoLocation(Drawer),<unparseable> | <unparseable>,0 | 0,0,1,GotoLocation(Drawer); OpenObject(Drawer) | GotoLocation(Drawer),1 | 1,1,0,candidate_fixed
shard_3_cf_1979,Drawer,shard_3_exp0_11402 | shard_3_exp0_11401,closed | open,GotoLocation(Drawer); OpenObject(Drawer) | GotoLocation(Drawer),<unparseable> | <unparseable>,0 | 0,0,1,GotoLocation(Drawer); OpenObject(Drawer) | GotoLocation(Drawer),1 | 1,1,0,candidate_fixed
shard_3_cf_1988,Fridge,shard_3_exp0_11444 | shard_3_exp0_11443,closed | open,"GotoLocation(DiningTable); PickupObject(Plate); GotoLocation(Fridge); OpenObject(Fridge); PutObject(Plate,Fridge); CloseObject(Fridge) | GotoLocation(DiningTable); PickupObject(Plate); GotoLocation(Fridge); PutObject(Plate,Fridge)",<unparseable> | <unparseable>,0 | 0,0,1,"GotoLocation(DiningTable); PickupObject(Plate); GotoLocation(Fridge); OpenObject(Fridge); PutObject(Plate,Fridge); CloseObject(Fridge) | GotoLocation(DiningTable); PickupObject(Plate); GotoLocation(Fridge); PutObject(Plate,Fridge)",1 | 1,1,0,candidate_fixed
shard_3_cf_1989,Drawer,shard_3_exp0_11446 | shard_3_exp0_11445,closed | open,"GotoLocation(DiningTable); PickupObject(Pen); GotoLocation(Drawer); OpenObject(Drawer); PutObject(Pen,Drawer); CloseObject(Drawer) | GotoLocation(DiningTable); PickupObject(Pen); GotoLocation(Drawer); PutObject(Pen,Drawer)",<unparseable> | <unparseable>,0 | 0,0,1,"GotoLocation(DiningTable); PickupObject(Pen); GotoLocation(Drawer); OpenObject(Drawer); PutObject(Pen,Drawer); CloseObject(Drawer) | GotoLocation(Dresser); PickupObject(Pen); GotoLocation(Drawer); PutObject(Pen,Drawer)",1 | 0,0,0,both_not_exact
shard_3_cf_1990,Fridge,shard_3_exp0_11449 | shard_3_exp0_11448,closed | open,GotoLocation(Fridge); OpenObject(Fridge) | GotoLocation(Fridge),<unparseable> | <unparseable>,0 | 0,0,1,GotoLocation(Fridge); OpenObject(Fridge) | GotoLocation(Fridge),1 | 1,1,0,candidate_fixed
shard_3_cf_1998,Cabinet,shard_3_exp0_11474 | shard_3_exp0_11473,closed | open,GotoLocation(Cabinet); OpenObject(Cabinet) | GotoLocation(Cabinet),<unparseable> | <unparseable>,0 | 0,0,1,GotoLocation(Cabinet); OpenObject(Cabinet) | GotoLocation(Cabinet),1 | 1,1,0,candidate_fixed
shard_3_cf_1999,Drawer,shard_3_exp0_11478 | shard_3_exp0_11477,closed | open,GotoLocation(Drawer); OpenObject(Drawer) | GotoLocation(Drawer),<unparseable> | <unparseable>,0 | 0,0,1,GotoLocation(Drawer); OpenObject(Drawer) | GotoLocation(Drawer); OpenObject(Drawer),1 | 0,0,1,both_not_exact
shard_3_cf_2000,Cabinet,shard_3_exp0_11481 | shard_3_exp0_11480,closed | open,GotoLocation(Cabinet); OpenObject(Cabinet) | GotoLocation(Cabinet),<unparseable> | <unparseable>,0 | 0,0,1,GotoLocation(Cabinet); OpenObject(Cabinet) | GotoLocation(Cabinet),1 | 1,1,0,candidate_fixed
shard_3_cf_2053,Fridge,shard_3_exp0_11656 | shard_3_exp0_11655,closed | open,"GotoLocation(DiningTable); PickupObject(Mug); GotoLocation(Fridge); OpenObject(Fridge); PutObject(Mug,Fridge); CloseObject(Fridge) | GotoLocation(DiningTable); PickupObject(Mug); GotoLocation(Fridge); PutObject(Mug,Fridge)",<unparseable> | <unparseable>,0 | 0,0,1,"GotoLocation(DiningTable); PickupObject(Mug); GotoLocation(Fridge); OpenObject(Fridge); PutObject(Mug,Fridge); CloseObject(Fridge) | GotoLocation(DiningTable); PickupObject(Mug); GotoLocation(Fridge); PutObject(Mug,Fridge)",1 | 1,1,0,candidate_fixed
shard_3_cf_2054,Fridge,shard_3_exp0_11663 | shard_3_exp0_11662,closed | open,GotoLocation(Fridge); OpenObject(Fridge) | GotoLocation(Fridge),<unparseable> | <unparseable>,0 | 0,0,1,GotoLocation(Fridge); OpenObject(Fridge) | GotoLocation(Fridge); OpenObject(Fridge),1 | 0,0,1,both_not_exact
shard_3_cf_2105,Drawer,shard_3_exp0_11810 | shard_3_exp0_11809,closed | open,GotoLocation(Drawer); OpenObject(Drawer) | GotoLocation(Drawer),<unparseable> | <unparseable>,0 | 0,0,1,GotoLocation(Drawer); OpenObject(Drawer) | GotoLocation(Drawer),1 | 1,1,0,candidate_fixed
shard_3_cf_2154,Drawer,shard_3_exp0_11978 | shard_3_exp0_11977,closed | open,GotoLocation(Drawer); OpenObject(Drawer) | GotoLocation(Drawer),<unparseable> | <unparseable>,0 | 0,0,1,GotoLocation(Drawer); OpenObject(Drawer) | GotoLocation(Drawer),1 | 1,1,0,candidate_fixed
shard_3_cf_2166,Drawer,shard_3_exp0_12027 | shard_3_exp0_12026,closed | open,GotoLocation(Drawer); OpenObject(Drawer) | GotoLocation(Drawer),<unparseable> | <unparseable>,0 | 0,0,1,GotoLocation(Drawer); OpenObject(Drawer) | GotoLocation(Drawer),1 | 1,1,0,candidate_fixed
shard_3_cf_2167,Drawer,shard_3_exp0_12030 | shard_3_exp0_12029,closed | open,"GotoLocation(Dresser); PickupObject(KeyChain); GotoLocation(Drawer); OpenObject(Drawer); PutObject(KeyChain,Drawer); CloseObject(Drawer) | GotoLocation(Dresser); PickupObject(KeyChain); GotoLocation(Drawer); PutObject(KeyChain,Drawer)",<unparseable> | <unparseable>,0 | 0,0,1,"GotoLocation(Dresser); PickupObject(KeyChain); GotoLocation(Drawer); OpenObject(Drawer); PutObject(KeyChain,Drawer); CloseObject(Drawer) | GotoLocation(Dresser); PickupObject(KeyChain); GotoLocation(Drawer); PutObject(KeyChain,Drawer)",1 | 1,1,0,candidate_fixed
shard_3_cf_2189,Drawer,shard_3_exp0_12097 | shard_3_exp0_12096,closed | open,"GotoLocation(Dresser); PickupObject(Watch); GotoLocation(Drawer); OpenObject(Drawer); PutObject(Watch,Drawer); CloseObject(Drawer) | GotoLocation(Dresser); PickupObject(Watch); GotoLocation(Drawer); PutObject(Watch,Drawer)",<unparseable> | <unparseable>,0 | 0,0,1,"GotoLocation(Dresser); PickupObject(Watch); GotoLocation(Drawer); OpenObject(Drawer); PutObject(Watch,Drawer); CloseObject(Drawer) | GotoLocation(Dresser); PickupObject(Watch); GotoLocation(Drawer); PutObject(Watch,Drawer)",1 | 1,1,0,candidate_fixed
shard_3_cf_2190,Drawer,shard_3_exp0_12099 | shard_3_exp0_12098,closed | open,"GotoLocation(Desk); PickupObject(Pen); GotoLocation(Drawer); OpenObject(Drawer); PutObject(Pen,Drawer); CloseObject(Drawer) | GotoLocation(Desk); PickupObject(Pen); GotoLocation(Drawer); PutObject(Pen,Drawer)",<unparseable> | <unparseable>,0 | 0,0,1,"GotoLocation(Desk); PickupObject(Pen); GotoLocation(Drawer); OpenObject(Drawer); PutObject(Pen,Drawer); CloseObject(Drawer) | GotoLocation(Desk); PickupObject(Pen); GotoLocation(Drawer); PutObject(Pen,Drawer)",1 | 1,1,0,candidate_fixed
shard_3_cf_2203,Fridge,shard_3_exp0_12130 | shard_3_exp0_12129,closed | open,GotoLocation(Fridge); OpenObject(Fridge) | GotoLocation(Fridge),<unparseable> | <unparseable>,0 | 0,0,1,GotoLocation(Fridge); OpenObject(Fridge) | GotoLocation(Fridge),1 | 1,1,0,candidate_fixed
shard_3_cf_2204,Drawer,shard_3_exp0_12132 | shard_3_exp0_12131,closed | open,GotoLocation(Drawer); OpenObject(Drawer) | GotoLocation(Drawer),<unparseable> | <unparseable>,0 | 0,0,1,GotoLocation(Drawer); OpenObject(Drawer) | GotoLocation(Drawer),1 | 1,1,0,candidate_fixed
shard_3_cf_2205,Drawer,shard_3_exp0_12134 | shard_3_exp0_12133,closed | open,GotoLocation(Drawer); OpenObject(Drawer) | GotoLocation(Drawer),<unparseable> | <unparseable>,0 | 0,0,1,GotoLocation(Drawer); OpenObject(Drawer) | GotoLocation(Drawer),1 | 1,1,0,candidate_fixed
shard_3_cf_2206,Drawer,shard_3_exp0_12138 | shard_3_exp0_12137,closed | open,GotoLocation(Drawer); OpenObject(Drawer) | GotoLocation(Drawer),<unparseable> | <unparseable>,0 | 0,0,1,GotoLocation(Drawer); OpenObject(Drawer) | GotoLocation(Drawer),1 | 1,1,0,candidate_fixed
shard_3_cf_2207,Drawer,shard_3_exp0_12140 | shard_3_exp0_12139,closed | open,GotoLocation(Drawer); OpenObject(Drawer) | GotoLocation(Drawer),<unparseable> | <unparseable>,0 | 0,0,1,GotoLocation(Drawer); OpenObject(Drawer) | GotoLocation(Drawer),1 | 1,1,0,candidate_fixed
shard_3_cf_2275,Drawer,shard_3_exp0_12334 | shard_3_exp0_12333,closed | open,GotoLocation(Drawer); OpenObject(Drawer) | GotoLocation(Drawer),<unparseable> | <unparseable>,0 | 0,0,1,GotoLocation(Drawer); OpenObject(Drawer) | GotoLocation(Drawer),1 | 1,1,0,candidate_fixed
shard_3_cf_2276,Fridge,shard_3_exp0_12337 | shard_3_exp0_12336,closed | open,GotoLocation(Fridge); OpenObject(Fridge) | GotoLocation(Fridge),<unparseable> | <unparseable>,0 | 0,0,1,GotoLocation(Fridge); OpenObject(Fridge) | GotoLocation(Fridge),1 | 1,1,0,candidate_fixed
shard_3_cf_2277,Drawer,shard_3_exp0_12339 | shard_3_exp0_12338,closed | open,"GotoLocation(Dresser); PickupObject(Book); GotoLocation(Drawer); OpenObject(Drawer); PutObject(Book,Drawer); CloseObject(Drawer) | GotoLocation(Dresser); PickupObject(Book); GotoLocation(Drawer); PutObject(Book,Drawer)",<unparseable> | <unparseable>,0 | 0,0,1,"GotoLocation(Dresser); PickupObject(Book); GotoLocation(Drawer); OpenObject(Drawer); PutObject(Book,Drawer); CloseObject(Drawer) | GotoLocation(Dresser); PickupObject(Book); GotoLocation(Drawer); PutObject(Book,Drawer)",1 | 1,1,0,candidate_fixed
shard_3_cf_2292,Fridge,shard_3_exp0_12379 | shard_3_exp0_12378,closed | open,GotoLocation(Fridge); OpenObject(Fridge) | GotoLocation(Fridge),<unparseable> | <unparseable>,0 | 0,0,1,GotoLocation(Fridge); OpenObject(Fridge) | GotoLocation(Fridge),1 | 1,1,0,candidate_fixed
shard_3_cf_2293,Drawer,shard_3_exp0_12381 | shard_3_exp0_12380,closed | open,"GotoLocation(Dresser); PickupObject(Book); GotoLocation(Drawer); OpenObject(Drawer); PutObject(Book,Drawer); CloseObject(Drawer) | GotoLocation(Dresser); PickupObject(Book); GotoLocation(Drawer); PutObject(Book,Drawer)",<unparseable> | <unparseable>,0 | 0,0,1,"GotoLocation(Dresser); PickupObject(Book); GotoLocation(Drawer); OpenObject(Drawer); PutObject(Book,Drawer); CloseObject(Drawer) | GotoLocation(Dresser); PickupObject(Book); GotoLocation(Drawer); PutObject(Book,Drawer)",1 | 1,1,0,candidate_fixed
shard_4_cf_0005,Drawer,shard_4_exp0_0045 | shard_4_exp0_0044,closed | open,GotoLocation(Drawer); OpenObject(Drawer) | GotoLocation(Drawer),<unparseable> | <unparseable>,0 | 0,0,1,GotoLocation(Drawer); OpenObject(Drawer) | GotoLocation(Drawer),1 | 1,1,0,candidate_fixed
shard_4_cf_0014,Drawer,shard_4_exp0_0144 | shard_4_exp0_0143,closed | open,"GotoLocation(Dresser); PickupObject(CD); GotoLocation(Drawer); OpenObject(Drawer); PutObject(CD,Drawer); CloseObject(Drawer) | GotoLocation(Dresser); PickupObject(CD); GotoLocation(Drawer); PutObject(CD,Drawer)",<unparseable> | <unparseable>,0 | 0,0,1,"GotoLocation(Dresser); PickupObject(CD); GotoLocation(Drawer); OpenObject(Drawer); PutObject(CD,Drawer); CloseObject(Drawer) | GotoLocation(Dresser); PickupObject(CD); GotoLocation(Drawer); PutObject(CD,Drawer)",1 | 1,1,0,candidate_fixed
shard_4_cf_0025,Drawer,shard_4_exp0_0320 | shard_4_exp0_0319,closed | open,"GotoLocation(Dresser); PickupObject(CD); GotoLocation(Drawer); OpenObject(Drawer); PutObject(CD,Drawer); CloseObject(Drawer) | GotoLocation(Dresser); PickupObject(CD); GotoLocation(Drawer); PutObject(CD,Drawer)",<unparseable> | <unparseable>,0 | 0,0,1,"GotoLocation(Dresser); PickupObject(CD); GotoLocation(Drawer); OpenObject(Drawer); PutObject(CD,Drawer); CloseObject(Drawer) | GotoLocation(Dresser); PickupObject(CD); GotoLocation(Drawer); PutObject(CD,Drawer)",1 | 1,1,0,candidate_fixed
shard_4_cf_0026,Cabinet,shard_4_exp0_0323 | shard_4_exp0_0322,closed | open,GotoLocation(Cabinet); OpenObject(Cabinet) | GotoLocation(Cabinet),<unparseable> | <unparseable>,0 | 0,0,1,GotoLocation(Cabinet) | GotoLocation(Cabinet),0 | 1,0,1,both_not_exact
shard_4_cf_0039,Fridge,shard_4_exp0_0443 | shard_4_exp0_0442,closed | open,GotoLocation(Fridge); OpenObject(Fridge) | GotoLocation(Fridge),<unparseable> | <unparseable>,0 | 0,0,1,GotoLocation(Fridge); OpenObject(Fridge) | GotoLocation(Fridge),1 | 1,1,0,candidate_fixed
shard_4_cf_0072,Drawer,shard_4_exp0_0844 | shard_4_exp0_0843,closed | open,GotoLocation(Drawer); OpenObject(Drawer) | GotoLocation(Drawer),<unparseable> | <unparseable>,0 | 0,0,1,GotoLocation(Drawer); OpenObject(Drawer) | GotoLocation(Drawer),1 | 1,1,0,candidate_fixed
shard_4_cf_0073,Drawer,shard_4_exp0_0846 | shard_4_exp0_0845,closed | open,"GotoLocation(Dresser); PickupObject(RemoteControl); GotoLocation(Drawer); OpenObject(Drawer); PutObject(RemoteControl,Drawer); CloseObject(Drawer) | GotoLocation(Dresser); PickupObject(RemoteControl); GotoLocation(Drawer); PutObject(RemoteControl,Drawer)",<unparseable> | <unparseable>,0 | 0,0,1,"GotoLocation(Dresser); PickupObject(RemoteControl); GotoLocation(Drawer); OpenObject(Drawer); PutObject(RemoteControl,Drawer); CloseObject(Drawer) | GotoLocation(Dresser); PickupObject(RemoteControl); GotoLocation(Drawer); PutObject(RemoteControl,Drawer)",1 | 1,1,0,candidate_fixed
shard_4_cf_0104,Drawer,shard_4_exp0_1175 | shard_4_exp0_1174,closed | open,GotoLocation(Drawer); OpenObject(Drawer) | GotoLocation(Drawer),<unparseable> | <unparseable>,0 | 0,0,1,GotoLocation(Drawer); OpenObject(Drawer) | GotoLocation(Drawer),1 | 1,1,0,candidate_fixed
shard_4_cf_0119,Drawer,shard_4_exp0_1343 | shard_4_exp0_1342,closed | open,GotoLocation(Drawer); OpenObject(Drawer) | GotoLocation(Drawer),<unparseable> | <unparseable>,0 | 0,0,1,GotoLocation(Drawer); OpenObject(Drawer) | GotoLocation(Drawer),1 | 1,1,0,candidate_fixed
shard_4_cf_0120,Drawer,shard_4_exp0_1345 | shard_4_exp0_1344,closed | open,"GotoLocation(Dresser); PickupObject(TissueBox); GotoLocation(Drawer); OpenObject(Drawer); PutObject(TissueBox,Drawer); CloseObject(Drawer) | GotoLocation(Dresser); PickupObject(TissueBox); GotoLocation(Drawer); PutObject(TissueBox,Drawer)",<unparseable> | <unparseable>,0 | 0,0,1,"GotoLocation(Dresser); PickupObject(TissueBox); GotoLocation(Drawer); OpenObject(Drawer); PutObject(TissueBox,Drawer); CloseObject(Drawer) | GotoLocation(Dresser); PickupObject(TissueBox); GotoLocation(Drawer); PutObject(TissueBox,Drawer)",1 | 1,1,0,candidate_fixed
shard_4_cf_0128,Fridge,shard_4_exp0_1464 | shard_4_exp0_1463,closed | open,GotoLocation(Fridge); OpenObject(Fridge) | GotoLocation(Fridge),<unparseable> | <unparseable>,0 | 0,0,1,GotoLocation(Fridge); OpenObject(Fridge) | GotoLocation(Fridge); OpenObject(Fridge),1 | 0,0,1,both_not_exact
shard_4_cf_0158,Drawer,shard_4_exp0_1792 | shard_4_exp0_1791,closed | open,GotoLocation(Drawer); OpenObject(Drawer) | GotoLocation(Drawer),<unparseable> | <unparseable>,0 | 0,0,1,GotoLocation(Drawer); OpenObject(Drawer) | GotoLocation(Drawer),1 | 1,1,0,candidate_fixed
shard_4_cf_0197,Fridge,shard_4_exp0_2067 | shard_4_exp0_2066,closed | open,GotoLocation(Fridge); OpenObject(Fridge) | GotoLocation(Fridge),<unparseable> | <unparseable>,0 | 0,0,1,GotoLocation(Fridge); OpenObject(Fridge) | GotoLocation(Fridge),1 | 1,1,0,candidate_fixed
shard_4_cf_0201,Drawer,shard_4_exp0_2103 | shard_4_exp0_2102,closed | open,"GotoLocation(SideTable); PickupObject(DishSponge); GotoLocation(Drawer); OpenObject(Drawer); PutObject(DishSponge,Drawer); CloseObject(Drawer) | GotoLocation(SideTable); PickupObject(DishSponge); GotoLocation(Drawer); PutObject(DishSponge,Drawer)",<unparseable> | <unparseable>,0 | 0,0,1,"GotoLocation(SideTable); PickupObject(DishSponge); GotoLocation(Drawer); OpenObject(Drawer); PutObject(DishSponge,Drawer); CloseObject(Drawer) | GotoLocation(SideTable); PickupObject(DishSponge); GotoLocation(Drawer); PutObject(DishSponge,Drawer)",1 | 1,1,0,candidate_fixed
shard_4_cf_0202,Drawer,shard_4_exp0_2105 | shard_4_exp0_2104,closed | open,GotoLocation(Drawer); OpenObject(Drawer) | GotoLocation(Drawer),<unparseable> | <unparseable>,0 | 0,0,1,GotoLocation(Drawer); OpenObject(Drawer) | GotoLocation(Drawer),1 | 1,1,0,candidate_fixed
shard_4_cf_0203,Drawer,shard_4_exp0_2110 | shard_4_exp0_2109,closed | open,GotoLocation(Drawer); OpenObject(Drawer) | GotoLocation(Drawer),<unparseable> | <unparseable>,0 | 0,0,1,GotoLocation(Drawer); OpenObject(Drawer) | GotoLocation(Drawer),1 | 1,1,0,candidate_fixed
shard_4_cf_0204,Drawer,shard_4_exp0_2112 | shard_4_exp0_2111,closed | open,"GotoLocation(SideTable); PickupObject(DishSponge); GotoLocation(Drawer); OpenObject(Drawer); PutObject(DishSponge,Drawer); CloseObject(Drawer) | GotoLocation(SideTable); PickupObject(DishSponge); GotoLocation(Drawer); PutObject(DishSponge,Drawer)",<unparseable> | <unparseable>,0 | 0,0,1,"GotoLocation(Dresser); PickupObject(DishSponge); GotoLocation(Drawer); OpenObject(Drawer); PutObject(DishSponge,Drawer); CloseObject(Drawer) | GotoLocation(SideTable); PickupObject(DishSponge); GotoLocation(Drawer); PutObject(DishSponge,Drawer)",0 | 1,0,0,both_not_exact
shard_4_cf_0223,Drawer,shard_4_exp0_2337 | shard_4_exp0_2336,closed | open,GotoLocation(Drawer); OpenObject(Drawer) | GotoLocation(Drawer),<unparseable> | <unparseable>,0 | 0,0,1,GotoLocation(Drawer); OpenObject(Drawer) | GotoLocation(Drawer),1 | 1,1,0,candidate_fixed
shard_4_cf_0224,Drawer,shard_4_exp0_2340 | shard_4_exp0_2339,closed | open,GotoLocation(Drawer); OpenObject(Drawer) | GotoLocation(Drawer),<unparseable> | <unparseable>,0 | 0,0,1,GotoLocation(Drawer); OpenObject(Drawer) | GotoLocation(Drawer); OpenObject(Drawer),1 | 0,0,1,both_not_exact
shard_4_cf_0225,Drawer,shard_4_exp0_2344 | shard_4_exp0_2343,closed | open,"GotoLocation(CoffeeTable); PickupObject(Pen); GotoLocation(Drawer); OpenObject(Drawer); PutObject(Pen,Drawer); CloseObject(Drawer) | GotoLocation(CoffeeTable); PickupObject(Pen); GotoLocation(Drawer); PutObject(Pen,Drawer)",<unparseable> | <unparseable>,0 | 0,0,1,"GotoLocation(Dresser); PickupObject(Pen); GotoLocation(Drawer); OpenObject(Drawer); PutObject(Pen,Drawer); CloseObject(Drawer) | GotoLocation(SideTable); PickupObject(Pen); GotoLocation(Drawer); OpenObject(Drawer); PutObject(Pen,Drawer); CloseObject(Drawer)",0 | 0,0,0,both_not_exact
shard_4_cf_0229,Drawer,shard_4_exp0_2427 | shard_4_exp0_2426,closed | open,GotoLocation(Drawer); OpenObject(Drawer) | GotoLocation(Drawer),<unparseable> | <unparseable>,0 | 0,0,1,GotoLocation(Drawer); OpenObject(Drawer) | GotoLocation(Drawer),1 | 1,1,0,candidate_fixed
shard_4_cf_0230,Fridge,shard_4_exp0_2429 | shard_4_exp0_2428,closed | open,GotoLocation(Fridge); OpenObject(Fridge) | GotoLocation(Fridge),<unparseable> | <unparseable>,0 | 0,0,1,GotoLocation(Fridge); OpenObject(Fridge) | GotoLocation(Fridge),1 | 1,1,0,candidate_fixed
shard_4_cf_0231,Microwave,shard_4_exp0_2431 | shard_4_exp0_2430,closed | open,GotoLocation(Microwave); OpenObject(Microwave) | GotoLocation(Microwave),<unparseable> | <unparseable>,0 | 0,0,1,GotoLocation(Microwave); OpenObject(Microwave) | GotoLocation(Microwave); OpenObject(Microwave),1 | 0,0,1,both_not_exact
shard_4_cf_0232,Fridge,shard_4_exp0_2434 | shard_4_exp0_2433,closed | open,GotoLocation(Fridge); OpenObject(Fridge) | GotoLocation(Fridge),<unparseable> | <unparseable>,0 | 0,0,1,GotoLocation(Fridge); OpenObject(Fridge) | GotoLocation(Fridge),1 | 1,1,0,candidate_fixed
shard_4_cf_0295,Drawer,shard_4_exp0_2978 | shard_4_exp0_2977,closed | open,GotoLocation(Drawer); OpenObject(Drawer) | GotoLocation(Drawer),<unparseable> | <unparseable>,0 | 0,0,1,GotoLocation(Drawer); OpenObject(Drawer) | GotoLocation(Drawer),1 | 1,1,0,candidate_fixed
shard_4_cf_0299,Drawer,shard_4_exp0_3014 | shard_4_exp0_3013,closed | open,"GotoLocation(Dresser); PickupObject(CreditCard); GotoLocation(Drawer); OpenObject(Drawer); PutObject(CreditCard,Drawer); CloseObject(Drawer) | GotoLocation(Dresser); PickupObject(CreditCard); GotoLocation(Drawer); PutObject(CreditCard,Drawer)",<unparseable> | <unparseable>,0 | 0,0,1,"GotoLocation(Dresser); PickupObject(CreditCard); GotoLocation(Drawer); OpenObject(Drawer); PutObject(CreditCard,Drawer); CloseObject(Drawer) | GotoLocation(Dresser); PickupObject(CreditCard); GotoLocation(Drawer); PutObject(CreditCard,Drawer)",1 | 1,1,0,candidate_fixed
shard_4_cf_0318,Fridge,shard_4_exp0_3182 | shard_4_exp0_3181,closed | open,GotoLocation(Fridge); OpenObject(Fridge) | GotoLocation(Fridge),<unparseable> | <unparseable>,0 | 0,0,1,GotoLocation(Fridge); OpenObject(Fridge) | GotoLocation(Fridge),1 | 1,1,0,candidate_fixed
shard_4_cf_0319,Drawer,shard_4_exp0_3184 | shard_4_exp0_3183,closed | open,"GotoLocation(SideTable); PickupObject(Pencil); GotoLocation(Drawer); OpenObject(Drawer); PutObject(Pencil,Drawer); CloseObject(Drawer) | GotoLocation(SideTable); PickupObject(Pencil); GotoLocation(Drawer); PutObject(Pencil,Drawer)",<unparseable> | <unparseable>,0 | 0,0,1,"GotoLocation(Shelf); PickupObject(Pencil); GotoLocation(Drawer); PutObject(Pencil,Drawer) | GotoLocation(Shelf); PickupObject(Pencil); GotoLocation(Drawer); PutObject(Pencil,Drawer)",0 | 0,0,1,both_not_exact
shard_4_cf_0320,Fridge,shard_4_exp0_3188 | shard_4_exp0_3187,closed | open,GotoLocation(Fridge); OpenObject(Fridge) | GotoLocation(Fridge),<unparseable> | <unparseable>,0 | 0,0,1,GotoLocation(Fridge) | GotoLocation(Fridge),0 | 1,0,1,both_not_exact
shard_4_cf_0321,Fridge,shard_4_exp0_3191 | shard_4_exp0_3190,closed | open,GotoLocation(Fridge); OpenObject(Fridge) | GotoLocation(Fridge),<unparseable> | <unparseable>,0 | 0,0,1,GotoLocation(Fridge); OpenObject(Fridge) | GotoLocation(Fridge),1 | 1,1,0,candidate_fixed
shard_4_cf_0341,Drawer,shard_4_exp0_3382 | shard_4_exp0_3381,closed | open,GotoLocation(Drawer); OpenObject(Drawer) | GotoLocation(Drawer),<unparseable> | <unparseable>,0 | 0,0,1,GotoLocation(Drawer) | GotoLocation(Drawer),0 | 1,0,1,both_not_exact
shard_4_cf_0342,Drawer,shard_4_exp0_3384 | shard_4_exp0_3383,closed | open,"GotoLocation(Dresser); PickupObject(CellPhone); GotoLocation(Drawer); OpenObject(Drawer); PutObject(CellPhone,Drawer); CloseObject(Drawer) | GotoLocation(Dresser); PickupObject(CellPhone); GotoLocation(Drawer); PutObject(CellPhone,Drawer)",<unparseable> | <unparseable>,0 | 0,0,1,"GotoLocation(Dresser); PickupObject(CellPhone); GotoLocation(Drawer); OpenObject(Drawer); PutObject(CellPhone,Drawer); CloseObject(Drawer) | GotoLocation(Dresser); PickupObject(CellPhone); GotoLocation(Drawer); PutObject(CellPhone,Drawer)",1 | 1,1,0,candidate_fixed
shard_4_cf_0343,Drawer,shard_4_exp0_3389 | shard_4_exp0_3388,closed | open,GotoLocation(Drawer); OpenObject(Drawer) | GotoLocation(Drawer),<unparseable> | <unparseable>,0 | 0,0,1,GotoLocation(Drawer); OpenObject(Drawer) | GotoLocation(Drawer),1 | 1,1,0,candidate_fixed
shard_4_cf_0344,Drawer,shard_4_exp0_3395 | shard_4_exp0_3394,closed | open,"GotoLocation(DiningTable); PickupObject(Pencil); GotoLocation(Drawer); OpenObject(Drawer); PutObject(Pencil,Drawer); CloseObject(Drawer) | GotoLocation(DiningTable); PickupObject(Pencil); GotoLocation(Drawer); PutObject(Pencil,Drawer)",<unparseable> | <unparseable>,0 | 0,0,1,"GotoLocation(DiningTable); PickupObject(Pencil); GotoLocation(Drawer); OpenObject(Drawer); PutObject(Pencil,Drawer); CloseObject(Drawer) | GotoLocation(DiningTable); PickupObject(Pencil); GotoLocation(Drawer); PutObject(Pencil,Drawer)",1 | 1,1,0,candidate_fixed
shard_4_cf_0366,Drawer,shard_4_exp0_3598 | shard_4_exp0_3597,closed | open,GotoLocation(Drawer); OpenObject(Drawer) | GotoLocation(Drawer),<unparseable> | <unparseable>,0 | 0,0,1,GotoLocation(Drawer); OpenObject(Drawer) | GotoLocation(Drawer),1 | 1,1,0,candidate_fixed
shard_4_cf_0367,Safe,shard_4_exp0_3603 | shard_4_exp0_3602,closed | open,GotoLocation(Safe); OpenObject(Safe) | GotoLocation(Safe),<unparseable> | <unparseable>,0 | 0,0,1,GotoLocation(Safe); OpenObject(Safe) | GotoLocation(Safe),1 | 1,1,0,candidate_fixed
shard_4_cf_0369,Drawer,shard_4_exp0_3622 | shard_4_exp0_3621,closed | open,GotoLocation(Drawer); OpenObject(Drawer) | GotoLocation(Drawer),<unparseable> | <unparseable>,0 | 0,0,1,GotoLocation(Drawer); OpenObject(Drawer) | GotoLocation(Drawer),1 | 1,1,0,candidate_fixed
shard_4_cf_0370,Fridge,shard_4_exp0_3625 | shard_4_exp0_3624,closed | open,GotoLocation(Fridge); OpenObject(Fridge) | GotoLocation(Fridge),<unparseable> | <unparseable>,0 | 0,0,1,GotoLocation(Fridge); OpenObject(Fridge) | GotoLocation(Fridge),1 | 1,1,0,candidate_fixed
shard_4_cf_0371,Drawer,shard_4_exp0_3627 | shard_4_exp0_3626,closed | open,GotoLocation(Drawer); OpenObject(Drawer) | GotoLocation(Drawer),<unparseable> | <unparseable>,0 | 0,0,1,GotoLocation(Drawer); OpenObject(Drawer) | GotoLocation(Drawer),1 | 1,1,0,candidate_fixed
shard_4_cf_0372,Drawer,shard_4_exp0_3635 | shard_4_exp0_3634,closed | open,GotoLocation(Drawer); OpenObject(Drawer) | GotoLocation(Drawer),<unparseable> | <unparseable>,0 | 0,0,1,GotoLocation(Drawer); OpenObject(Drawer) | GotoLocation(Drawer),1 | 1,1,0,candidate_fixed
shard_4_cf_0374,Drawer,shard_4_exp0_3675 | shard_4_exp0_3674,closed | open,GotoLocation(Drawer); OpenObject(Drawer) | GotoLocation(Drawer),<unparseable> | <unparseable>,0 | 0,0,1,GotoLocation(Drawer); OpenObject(Drawer) | GotoLocation(Drawer),1 | 1,1,0,candidate_fixed
shard_4_cf_0375,Fridge,shard_4_exp0_3679 | shard_4_exp0_3678,closed | open,GotoLocation(Fridge); OpenObject(Fridge) | GotoLocation(Fridge),<unparseable> | <unparseable>,0 | 0,0,1,GotoLocation(Fridge); OpenObject(Fridge) | GotoLocation(Fridge); OpenObject(Fridge),1 | 0,0,1,both_not_exact
shard_4_cf_0399,Fridge,shard_4_exp0_3906 | shard_4_exp0_3905,closed | open,GotoLocation(Fridge); OpenObject(Fridge) | GotoLocation(Fridge),<unparseable> | <unparseable>,0 | 0,0,1,GotoLocation(Fridge); OpenObject(Fridge) | GotoLocation(Fridge),1 | 1,1,0,candidate_fixed
shard_4_cf_0400,Fridge,shard_4_exp0_3912 | shard_4_exp0_3911,closed | open,GotoLocation(Fridge); OpenObject(Fridge) | GotoLocation(Fridge),<unparseable> | <unparseable>,0 | 0,0,1,GotoLocation(Fridge); OpenObject(Fridge) | GotoLocation(Fridge),1 | 1,1,0,candidate_fixed
shard_4_cf_0401,Fridge,shard_4_exp0_3914 | shard_4_exp0_3913,closed | open,GotoLocation(Fridge); OpenObject(Fridge) | GotoLocation(Fridge),<unparseable> | <unparseable>,0 | 0,0,1,GotoLocation(Fridge); OpenObject(Fridge) | GotoLocation(Fridge),1 | 1,1,0,candidate_fixed
shard_4_cf_0413,Drawer,shard_4_exp0_4068 | shard_4_exp0_4067,closed | open,GotoLocation(Drawer); OpenObject(Drawer) | GotoLocation(Drawer),<unparseable> | <unparseable>,0 | 0,0,1,GotoLocation(Drawer) | GotoLocation(Drawer),0 | 1,0,1,both_not_exact
shard_4_cf_0414,Safe,shard_4_exp0_4070 | shard_4_exp0_4069,closed | open,GotoLocation(Safe); OpenObject(Safe) | GotoLocation(Safe),<unparseable> | <unparseable>,0 | 0,0,1,GotoLocation(Safe); OpenObject(Safe) | GotoLocation(Safe),1 | 1,1,0,candidate_fixed
shard_4_cf_0415,Safe,shard_4_exp0_4072 | shard_4_exp0_4071,closed | open,GotoLocation(Safe); OpenObject(Safe) | GotoLocation(Safe),<unparseable> | <unparseable>,0 | 0,0,1,GotoLocation(Safe); OpenObject(Safe) | GotoLocation(Safe),1 | 1,1,0,candidate_fixed
shard_4_cf_0416,Drawer,shard_4_exp0_4074 | shard_4_exp0_4073,closed | open,GotoLocation(Drawer); OpenObject(Drawer) | GotoLocation(Drawer),<unparseable> | <unparseable>,0 | 0,0,1,GotoLocation(Drawer); OpenObject(Drawer) | GotoLocation(Drawer),1 | 1,1,0,candidate_fixed
shard_4_cf_0417,Drawer,shard_4_exp0_4077 | shard_4_exp0_4076,closed | open,GotoLocation(Drawer); OpenObject(Drawer) | GotoLocation(Drawer),<unparseable> | <unparseable>,0 | 0,0,1,GotoLocation(Drawer) | GotoLocation(Drawer),0 | 1,0,1,both_not_exact
shard_4_cf_0435,Drawer,shard_4_exp0_4188 | shard_4_exp0_4187,closed | open,GotoLocation(Drawer); OpenObject(Drawer) | GotoLocation(Drawer),<unparseable> | <unparseable>,0 | 0,0,1,GotoLocation(Drawer); OpenObject(Drawer) | GotoLocation(Drawer),1 | 1,1,0,candidate_fixed
shard_4_cf_0436,Drawer,shard_4_exp0_4194 | shard_4_exp0_4193,closed | open,"GotoLocation(Dresser); PickupObject(CreditCard); GotoLocation(Drawer); OpenObject(Drawer); PutObject(CreditCard,Drawer); CloseObject(Drawer) | GotoLocation(Dresser); PickupObject(CreditCard); GotoLocation(Drawer); PutObject(CreditCard,Drawer)",<unparseable> | <unparseable>,0 | 0,0,1,"GotoLocation(Dresser); PickupObject(CreditCard); GotoLocation(Drawer); OpenObject(Drawer); PutObject(CreditCard,Drawer); CloseObject(Drawer) | GotoLocation(Dresser); PickupObject(CreditCard); GotoLocation(Drawer); PutObject(CreditCard,Drawer)",1 | 1,1,0,candidate_fixed
shard_4_cf_0437,Drawer,shard_4_exp0_4196 | shard_4_exp0_4195,closed | open,"GotoLocation(Dresser); PickupObject(CreditCard); GotoLocation(Drawer); OpenObject(Drawer); PutObject(CreditCard,Drawer); CloseObject(Drawer) | GotoLocation(Dresser); PickupObject(CreditCard); GotoLocation(Drawer); PutObject(CreditCard,Drawer)",<unparseable> | <unparseable>,0 | 0,0,1,"GotoLocation(Dresser); PickupObject(CreditCard); GotoLocation(Drawer); OpenObject(Drawer); PutObject(CreditCard,Drawer); CloseObject(Drawer) | GotoLocation(Dresser); PickupObject(CreditCard); GotoLocation(Drawer); PutObject(CreditCard,Drawer)",1 | 1,1,0,candidate_fixed
shard_4_cf_0439,Drawer,shard_4_exp0_4223 | shard_4_exp0_4222,closed | open,GotoLocation(Drawer); OpenObject(Drawer) | GotoLocation(Drawer),<unparseable> | <unparseable>,0 | 0,0,1,GotoLocation(Drawer); OpenObject(Drawer) | GotoLocation(Drawer),1 | 1,1,0,candidate_fixed
shard_4_cf_0440,Drawer,shard_4_exp0_4229 | shard_4_exp0_4228,closed | open,GotoLocation(Drawer); OpenObject(Drawer) | GotoLocation(Drawer),<unparseable> | <unparseable>,0 | 0,0,1,GotoLocation(Drawer); OpenObject(Drawer) | GotoLocation(Drawer),1 | 1,1,0,candidate_fixed
shard_4_cf_0441,Drawer,shard_4_exp0_4233 | shard_4_exp0_4232,closed | open,"GotoLocation(SideTable); PickupObject(Watch); GotoLocation(Drawer); OpenObject(Drawer); PutObject(Watch,Drawer); CloseObject(Drawer) | GotoLocation(SideTable); PickupObject(Watch); GotoLocation(Drawer); PutObject(Watch,Drawer)",<unparseable> | <unparseable>,0 | 0,0,1,"GotoLocation(SideTable); PickupObject(Watch); GotoLocation(Drawer); OpenObject(Drawer); PutObject(Watch,Drawer); CloseObject(Drawer) | GotoLocation(SideTable); PickupObject(Watch); GotoLocation(Drawer); PutObject(Watch,Drawer)",1 | 1,1,0,candidate_fixed
shard_4_cf_0461,Fridge,shard_4_exp0_4387 | shard_4_exp0_4386,closed | open,"GotoLocation(DiningTable); PickupObject(Cup); GotoLocation(Fridge); OpenObject(Fridge); PutObject(Cup,Fridge); CloseObject(Fridge) | GotoLocation(DiningTable); PickupObject(Cup); GotoLocation(Fridge); PutObject(Cup,Fridge)",<unparseable> | <unparseable>,0 | 0,0,1,"GotoLocation(DiningTable); PickupObject(Cup); GotoLocation(Fridge); OpenObject(Fridge); PutObject(Cup,Fridge); CloseObject(Fridge) | GotoLocation(DiningTable); PickupObject(Cup); GotoLocation(Fridge); PutObject(Cup,Fridge)",1 | 1,1,0,candidate_fixed
shard_4_cf_0467,Drawer,shard_4_exp0_4441 | shard_4_exp0_4440,closed | open,"GotoLocation(Dresser); PickupObject(KeyChain); GotoLocation(Drawer); OpenObject(Drawer); PutObject(KeyChain,Drawer); CloseObject(Drawer) | GotoLocation(Dresser); PickupObject(KeyChain); GotoLocation(Drawer); PutObject(KeyChain,Drawer)",<unparseable> | <unparseable>,0 | 0,0,1,"GotoLocation(Dresser); PickupObject(KeyChain); GotoLocation(Drawer); OpenObject(Drawer); PutObject(KeyChain,Drawer); CloseObject(Drawer) | GotoLocation(SideTable); PickupObject(KeyChain); GotoLocation(Drawer); PutObject(KeyChain,Drawer)",1 | 0,0,0,both_not_exact
shard_4_cf_0490,Drawer,shard_4_exp0_4652 | shard_4_exp0_4651,closed | open,"GotoLocation(Dresser); PickupObject(Pen); GotoLocation(Drawer); OpenObject(Drawer); PutObject(Pen,Drawer); CloseObject(Drawer) | GotoLocation(Dresser); PickupObject(Pen); GotoLocation(Drawer); PutObject(Pen,Drawer)",<unparseable> | <unparseable>,0 | 0,0,1,"GotoLocation(Dresser); PickupObject(Pen); GotoLocation(Drawer); OpenObject(Drawer); PutObject(Pen,Drawer); CloseObject(Drawer) | GotoLocation(Dresser); PickupObject(Pen); GotoLocation(Drawer); PutObject(Pen,Drawer)",1 | 1,1,0,candidate_fixed
shard_4_cf_0491,Drawer,shard_4_exp0_4661 | shard_4_exp0_4660,closed | open,GotoLocation(Drawer); OpenObject(Drawer) | GotoLocation(Drawer),<unparseable> | <unparseable>,0 | 0,0,1,GotoLocation(Drawer); OpenObject(Drawer) | GotoLocation(Drawer),1 | 1,1,0,candidate_fixed
shard_4_cf_0515,Drawer,shard_4_exp0_4866 | shard_4_exp0_4865,closed | open,"GotoLocation(DiningTable); PickupObject(CD); GotoLocation(Drawer); OpenObject(Drawer); PutObject(CD,Drawer); CloseObject(Drawer) | GotoLocation(DiningTable); PickupObject(CD); GotoLocation(Drawer); PutObject(CD,Drawer)",<unparseable> | <unparseable>,0 | 0,0,1,"GotoLocation(DiningTable); PickupObject(CD); GotoLocation(Drawer); OpenObject(Drawer); PutObject(CD,Drawer); CloseObject(Drawer) | GotoLocation(DiningTable); PickupObject(CD); GotoLocation(Drawer); PutObject(CD,Drawer)",1 | 1,1,0,candidate_fixed
shard_4_cf_0516,Drawer,shard_4_exp0_4869 | shard_4_exp0_4868,closed | open,GotoLocation(Drawer); OpenObject(Drawer) | GotoLocation(Drawer),<unparseable> | <unparseable>,0 | 0,0,1,GotoLocation(Drawer); OpenObject(Drawer) | GotoLocation(Drawer),1 | 1,1,0,candidate_fixed
shard_4_cf_0517,Drawer,shard_4_exp0_4872 | shard_4_exp0_4871,closed | open,"GotoLocation(Dresser); PickupObject(CD); GotoLocation(Drawer); OpenObject(Drawer); PutObject(CD,Drawer); CloseObject(Drawer) | GotoLocation(Dresser); PickupObject(CD); GotoLocation(Drawer); PutObject(CD,Drawer)",<unparseable> | <unparseable>,0 | 0,0,1,"GotoLocation(Dresser); PickupObject(CD); GotoLocation(Drawer); OpenObject(Drawer); PutObject(CD,Drawer); CloseObject(Drawer) | GotoLocation(Dresser); PickupObject(CD); GotoLocation(Drawer); PutObject(CD,Drawer)",1 | 1,1,0,candidate_fixed
shard_4_cf_0528,Drawer,shard_4_exp0_4987 | shard_4_exp0_4986,closed | open,GotoLocation(Drawer); OpenObject(Drawer) | GotoLocation(Drawer),<unparseable> | <unparseable>,0 | 0,0,1,GotoLocation(Drawer); OpenObject(Drawer) | GotoLocation(Drawer),1 | 1,1,0,candidate_fixed
shard_4_cf_0529,Fridge,shard_4_exp0_4994 | shard_4_exp0_4993,closed | open,GotoLocation(Fridge); OpenObject(Fridge) | GotoLocation(Fridge),<unparseable> | <unparseable>,0 | 0,0,1,GotoLocation(Fridge); OpenObject(Fridge) | GotoLocation(Fridge),1 | 1,1,0,candidate_fixed
shard_4_cf_0544,Drawer,shard_4_exp0_5096 | shard_4_exp0_5095,closed | open,GotoLocation(Drawer); OpenObject(Drawer) | GotoLocation(Drawer),<unparseable> | <unparseable>,0 | 0,0,1,GotoLocation(Drawer); OpenObject(Drawer) | GotoLocation(Drawer),1 | 1,1,0,candidate_fixed
shard_4_cf_0564,Drawer,shard_4_exp0_5273 | shard_4_exp0_5272,closed | open,"GotoLocation(DiningTable); PickupObject(CellPhone); GotoLocation(Drawer); OpenObject(Drawer); PutObject(CellPhone,Drawer); CloseObject(Drawer) | GotoLocation(DiningTable); PickupObject(CellPhone); GotoLocation(Drawer); PutObject(CellPhone,Drawer)",<unparseable> | <unparseable>,0 | 0,0,1,"GotoLocation(DiningTable); PickupObject(CellPhone); GotoLocation(Drawer); OpenObject(Drawer); PutObject(CellPhone,Drawer); CloseObject(Drawer) | GotoLocation(DiningTable); PickupObject(CellPhone); GotoLocation(Drawer); PutObject(CellPhone,Drawer)",1 | 1,1,0,candidate_fixed
shard_4_cf_0565,Drawer,shard_4_exp0_5275 | shard_4_exp0_5274,closed | open,GotoLocation(Drawer); OpenObject(Drawer) | GotoLocation(Drawer),<unparseable> | <unparseable>,0 | 0,0,1,GotoLocation(Drawer); OpenObject(Drawer) | GotoLocation(Drawer),1 | 1,1,0,candidate_fixed
shard_4_cf_0566,Drawer,shard_4_exp0_5285 | shard_4_exp0_5284,closed | open,GotoLocation(Drawer); OpenObject(Drawer) | GotoLocation(Drawer),<unparseable> | <unparseable>,0 | 0,0,1,GotoLocation(Drawer); OpenObject(Drawer) | GotoLocation(Drawer),1 | 1,1,0,candidate_fixed
shard_4_cf_0567,Drawer,shard_4_exp0_5301 | shard_4_exp0_5300,closed | open,"GotoLocation(Desk); PickupObject(Pen); GotoLocation(Drawer); OpenObject(Drawer); PutObject(Pen,Drawer); CloseObject(Drawer) | GotoLocation(Desk); PickupObject(Pen); GotoLocation(Drawer); PutObject(Pen,Drawer)",<unparseable> | <unparseable>,0 | 0,0,1,"GotoLocation(Desk); PickupObject(Pen); GotoLocation(Drawer); OpenObject(Drawer); PutObject(Pen,Drawer); CloseObject(Drawer) | GotoLocation(Desk); PickupObject(Pen); GotoLocation(Drawer); PutObject(Pen,Drawer)",1 | 1,1,0,candidate_fixed
shard_4_cf_0582,Drawer,shard_4_exp0_5435 | shard_4_exp0_5434,closed | open,"GotoLocation(Bed); PickupObject(Book); GotoLocation(Drawer); OpenObject(Drawer); PutObject(Book,Drawer); CloseObject(Drawer) | GotoLocation(Bed); PickupObject(Book); GotoLocation(Drawer); PutObject(Book,Drawer)",<unparseable> | <unparseable>,0 | 0,0,1,"GotoLocation(Bed); PickupObject(Book); GotoLocation(Drawer); PutObject(Book,Drawer) | GotoLocation(Bed); PickupObject(Book); GotoLocation(Drawer); PutObject(Book,Drawer)",0 | 1,0,1,both_not_exact
shard_4_cf_0587,Drawer,shard_4_exp0_5491 | shard_4_exp0_5490,closed | open,"GotoLocation(Dresser); PickupObject(RemoteControl); GotoLocation(Drawer); OpenObject(Drawer); PutObject(RemoteControl,Drawer); CloseObject(Drawer) | GotoLocation(Dresser); PickupObject(RemoteControl); GotoLocation(Drawer); PutObject(RemoteControl,Drawer)",<unparseable> | <unparseable>,0 | 0,0,1,"GotoLocation(Dresser); PickupObject(RemoteControl); GotoLocation(Drawer); OpenObject(Drawer); PutObject(RemoteControl,Drawer); CloseObject(Drawer) | GotoLocation(Dresser); PickupObject(RemoteControl); GotoLocation(Drawer); PutObject(RemoteControl,Drawer)",1 | 1,1,0,candidate_fixed
shard_4_cf_0588,Drawer,shard_4_exp0_5498 | shard_4_exp0_5497,closed | open,"GotoLocation(Dresser); PickupObject(TissueBox); GotoLocation(Drawer); OpenObject(Drawer); PutObject(TissueBox,Drawer); CloseObject(Drawer) | GotoLocation(Dresser); PickupObject(TissueBox); GotoLocation(Drawer); PutObject(TissueBox,Drawer)",<unparseable> | <unparseable>,0 | 0,0,1,"GotoLocation(Dresser); PickupObject(TissueBox); GotoLocation(Drawer); OpenObject(Drawer); PutObject(TissueBox,Drawer); CloseObject(Drawer) | GotoLocation(Dresser); PickupObject(TissueBox); GotoLocation(Drawer); PutObject(TissueBox,Drawer)",1 | 1,1,0,candidate_fixed
shard_4_cf_0594,Drawer,shard_4_exp0_5541 | shard_4_exp0_5540,closed | open,GotoLocation(Drawer); OpenObject(Drawer) | GotoLocation(Drawer),<unparseable> | <unparseable>,0 | 0,0,1,GotoLocation(Drawer); OpenObject(Drawer) | GotoLocation(Drawer),1 | 1,1,0,candidate_fixed
shard_4_cf_0595,Drawer,shard_4_exp0_5545 | shard_4_exp0_5544,closed | open,GotoLocation(Drawer); OpenObject(Drawer) | GotoLocation(Drawer),<unparseable> | <unparseable>,0 | 0,0,1,GotoLocation(Drawer); OpenObject(Drawer) | GotoLocation(Drawer),1 | 1,1,0,candidate_fixed
shard_4_cf_0596,Fridge,shard_4_exp0_5548 | shard_4_exp0_5547,closed | open,GotoLocation(Fridge); OpenObject(Fridge) | GotoLocation(Fridge),<unparseable> | <unparseable>,0 | 0,0,1,GotoLocation(Fridge); OpenObject(Fridge) | GotoLocation(Fridge),1 | 1,1,0,candidate_fixed
shard_4_cf_0628,Drawer,shard_4_exp0_5765 | shard_4_exp0_5764,closed | open,"GotoLocation(DiningTable); PickupObject(Book); GotoLocation(Drawer); OpenObject(Drawer); PutObject(Book,Drawer); CloseObject(Drawer) | GotoLocation(DiningTable); PickupObject(Book); GotoLocation(Drawer); PutObject(Book,Drawer)",<unparseable> | <unparseable>,0 | 0,0,1,"GotoLocation(DiningTable); PickupObject(Book); GotoLocation(Drawer); OpenObject(Drawer); PutObject(Book,Drawer); CloseObject(Drawer) | GotoLocation(DiningTable); PickupObject(Book); GotoLocation(Drawer); PutObject(Book,Drawer)",1 | 1,1,0,candidate_fixed
shard_4_cf_0629,Drawer,shard_4_exp0_5769 | shard_4_exp0_5768,closed | open,"GotoLocation(Dresser); PickupObject(CellPhone); GotoLocation(Drawer); OpenObject(Drawer); PutObject(CellPhone,Drawer); CloseObject(Drawer) | GotoLocation(Dresser); PickupObject(CellPhone); GotoLocation(Drawer); PutObject(CellPhone,Drawer)",<unparseable> | <unparseable>,0 | 0,0,1,"GotoLocation(Dresser); PickupObject(CellPhone); GotoLocation(Drawer); OpenObject(Drawer); PutObject(CellPhone,Drawer); CloseObject(Drawer) | GotoLocation(Dresser); PickupObject(CellPhone); GotoLocation(Drawer); PutObject(CellPhone,Drawer)",1 | 1,1,0,candidate_fixed
shard_4_cf_0630,Drawer,shard_4_exp0_5773 | shard_4_exp0_5772,closed | open,GotoLocation(Drawer); OpenObject(Drawer) | GotoLocation(Drawer),<unparseable> | <unparseable>,0 | 0,0,1,GotoLocation(Drawer); OpenObject(Drawer) | GotoLocation(Drawer),1 | 1,1,0,candidate_fixed
shard_4_cf_0637,Drawer,shard_4_exp0_5824 | shard_4_exp0_5823,closed | open,"GotoLocation(Desk); PickupObject(Pen); GotoLocation(Drawer); OpenObject(Drawer); PutObject(Pen,Drawer); CloseObject(Drawer) | GotoLocation(Desk); PickupObject(Pen); GotoLocation(Drawer); PutObject(Pen,Drawer)",<unparseable> | <unparseable>,0 | 0,0,1,"GotoLocation(Desk); PickupObject(Pen); GotoLocation(Drawer); OpenObject(Drawer); PutObject(Pen,Drawer); CloseObject(Drawer) | GotoLocation(Desk); PickupObject(Pen); GotoLocation(Drawer); PutObject(Pen,Drawer)",1 | 1,1,0,candidate_fixed
shard_4_cf_0638,Fridge,shard_4_exp0_5826 | shard_4_exp0_5825,closed | open,GotoLocation(Fridge); OpenObject(Fridge) | GotoLocation(Fridge),<unparseable> | <unparseable>,0 | 0,0,1,GotoLocation(Fridge); OpenObject(Fridge) | GotoLocation(Fridge),1 | 1,1,0,candidate_fixed
shard_4_cf_0639,Drawer,shard_4_exp0_5828 | shard_4_exp0_5827,closed | open,GotoLocation(Drawer); OpenObject(Drawer) | GotoLocation(Drawer),<unparseable> | <unparseable>,0 | 0,0,1,GotoLocation(Drawer); OpenObject(Drawer) | GotoLocation(Drawer),1 | 1,1,0,candidate_fixed
shard_4_cf_0640,Drawer,shard_4_exp0_5833 | shard_4_exp0_5832,closed | open,GotoLocation(Drawer); OpenObject(Drawer) | GotoLocation(Drawer),<unparseable> | <unparseable>,0 | 0,0,1,GotoLocation(Drawer); OpenObject(Drawer) | GotoLocation(Drawer); OpenObject(Drawer),1 | 0,0,1,both_not_exact
shard_4_cf_0644,Drawer,shard_4_exp0_5866 | shard_4_exp0_5865,closed | open,"GotoLocation(Dresser); PickupObject(Book); GotoLocation(Drawer); OpenObject(Drawer); PutObject(Book,Drawer); CloseObject(Drawer) | GotoLocation(Dresser); PickupObject(Book); GotoLocation(Drawer); PutObject(Book,Drawer)",<unparseable> | <unparseable>,0 | 0,0,1,"GotoLocation(Dresser); PickupObject(Book); GotoLocation(Drawer); OpenObject(Drawer); PutObject(Book,Drawer); CloseObject(Drawer) | GotoLocation(Dresser); PickupObject(Book); GotoLocation(Drawer); PutObject(Book,Drawer)",1 | 1,1,0,candidate_fixed
shard_4_cf_0685,Drawer,shard_4_exp0_6186 | shard_4_exp0_6185,closed | open,GotoLocation(Drawer); OpenObject(Drawer) | GotoLocation(Drawer),<unparseable> | <unparseable>,0 | 0,0,1,GotoLocation(Drawer); OpenObject(Drawer) | GotoLocation(Drawer),1 | 1,1,0,candidate_fixed
shard_4_cf_0686,Drawer,shard_4_exp0_6191 | shard_4_exp0_6190,closed | open,"GotoLocation(DiningTable); PickupObject(CellPhone); GotoLocation(Drawer); OpenObject(Drawer); PutObject(CellPhone,Drawer); CloseObject(Drawer) | GotoLocation(DiningTable); PickupObject(CellPhone); GotoLocation(Drawer); PutObject(CellPhone,Drawer)",<unparseable> | <unparseable>,0 | 0,0,1,"GotoLocation(DiningTable); PickupObject(CellPhone); GotoLocation(Drawer); OpenObject(Drawer); PutObject(CellPhone,Drawer); CloseObject(Drawer) | GotoLocation(DiningTable); PickupObject(CellPhone); GotoLocation(Drawer); PutObject(CellPhone,Drawer)",1 | 1,1,0,candidate_fixed
shard_4_cf_0687,Fridge,shard_4_exp0_6193 | shard_4_exp0_6192,closed | open,GotoLocation(Fridge); OpenObject(Fridge) | GotoLocation(Fridge),<unparseable> | <unparseable>,0 | 0,0,1,GotoLocation(Fridge); OpenObject(Fridge) | GotoLocation(Fridge),1 | 1,1,0,candidate_fixed
shard_4_cf_0688,Drawer,shard_4_exp0_6210 | shard_4_exp0_6209,closed | open,GotoLocation(Drawer); OpenObject(Drawer) | GotoLocation(Drawer),<unparseable> | <unparseable>,0 | 0,0,1,GotoLocation(Drawer) | GotoLocation(Drawer); OpenObject(Drawer),0 | 0,0,0,both_not_exact
shard_4_cf_0690,Fridge,shard_4_exp0_6234 | shard_4_exp0_6233,closed | open,GotoLocation(Fridge); OpenObject(Fridge) | GotoLocation(Fridge),<unparseable> | <unparseable>,0 | 0,0,1,GotoLocation(Fridge); OpenObject(Fridge) | GotoLocation(Fridge),1 | 1,1,0,candidate_fixed
shard_4_cf_0691,Microwave,shard_4_exp0_6241 | shard_4_exp0_6240,closed | open,GotoLocation(Microwave); OpenObject(Microwave) | GotoLocation(Microwave),<unparseable> | <unparseable>,0 | 0,0,1,GotoLocation(Microwave); OpenObject(Microwave) | GotoLocation(Microwave); OpenObject(Microwave),1 | 0,0,1,both_not_exact
shard_4_cf_0706,Drawer,shard_4_exp0_6354 | shard_4_exp0_6353,closed | open,"GotoLocation(Dresser); PickupObject(Pencil); GotoLocation(Drawer); OpenObject(Drawer); PutObject(Pencil,Drawer); CloseObject(Drawer) | GotoLocation(Dresser); PickupObject(Pencil); GotoLocation(Drawer); PutObject(Pencil,Drawer)",<unparseable> | <unparseable>,0 | 0,0,1,"GotoLocation(Dresser); PickupObject(Pencil); GotoLocation(Drawer); OpenObject(Drawer); PutObject(Pencil,Drawer); CloseObject(Drawer) | GotoLocation(Dresser); PickupObject(Pencil); GotoLocation(Drawer); PutObject(Pencil,Drawer)",1 | 1,1,0,candidate_fixed
shard_4_cf_0786,Drawer,shard_4_exp0_6792 | shard_4_exp0_6791,closed | open,GotoLocation(Drawer); OpenObject(Drawer) | GotoLocation(Drawer),<unparseable> | <unparseable>,0 | 0,0,1,GotoLocation(Drawer); OpenObject(Drawer) | GotoLocation(Drawer),1 | 1,1,0,candidate_fixed
shard_4_cf_0817,Drawer,shard_4_exp0_6930 | shard_4_exp0_6929,closed | open,GotoLocation(Drawer); OpenObject(Drawer) | GotoLocation(Drawer),<unparseable> | <unparseable>,0 | 0,0,1,GotoLocation(Drawer); OpenObject(Drawer) | GotoLocation(Drawer); OpenObject(Drawer),1 | 0,0,1,both_not_exact
shard_4_cf_0976,Drawer,shard_4_exp0_7803 | shard_4_exp0_7802,closed | open,GotoLocation(Drawer); OpenObject(Drawer) | GotoLocation(Drawer),<unparseable> | <unparseable>,0 | 0,0,1,GotoLocation(Drawer); OpenObject(Drawer) | GotoLocation(Drawer),1 | 1,1,0,candidate_fixed
shard_4_cf_0977,Drawer,shard_4_exp0_7805 | shard_4_exp0_7804,closed | open,GotoLocation(Drawer); OpenObject(Drawer) | GotoLocation(Drawer),<unparseable> | <unparseable>,0 | 0,0,1,GotoLocation(Drawer); OpenObject(Drawer) | GotoLocation(Drawer),1 | 1,1,0,candidate_fixed
shard_4_cf_0978,Drawer,shard_4_exp0_7807 | shard_4_exp0_7806,closed | open,"GotoLocation(Dresser); PickupObject(CellPhone); GotoLocation(Drawer); OpenObject(Drawer); PutObject(CellPhone,Drawer); CloseObject(Drawer) | GotoLocation(Dresser); PickupObject(CellPhone); GotoLocation(Drawer); PutObject(CellPhone,Drawer)",<unparseable> | <unparseable>,0 | 0,0,1,"GotoLocation(Dresser); PickupObject(CellPhone); GotoLocation(Drawer); OpenObject(Drawer); PutObject(CellPhone,Drawer); CloseObject(Drawer) | GotoLocation(Dresser); PickupObject(CellPhone); GotoLocation(Drawer); PutObject(CellPhone,Drawer)",1 | 1,1,0,candidate_fixed
shard_4_cf_0979,Drawer,shard_4_exp0_7811 | shard_4_exp0_7810,closed | open,GotoLocation(Drawer); OpenObject(Drawer) | GotoLocation(Drawer),<unparseable> | <unparseable>,0 | 0,0,1,GotoLocation(Drawer); OpenObject(Drawer) | GotoLocation(Drawer),1 | 1,1,0,candidate_fixed
shard_4_cf_0999,Drawer,shard_4_exp0_7956 | shard_4_exp0_7955,closed | open,GotoLocation(Drawer); OpenObject(Drawer) | GotoLocation(Drawer),<unparseable> | <unparseable>,0 | 0,0,1,GotoLocation(Drawer); OpenObject(Drawer) | GotoLocation(Drawer),1 | 1,1,0,candidate_fixed
shard_4_cf_1000,Drawer,shard_4_exp0_7958 | shard_4_exp0_7957,closed | open,"GotoLocation(Dresser); PickupObject(KeyChain); GotoLocation(Drawer); OpenObject(Drawer); PutObject(KeyChain,Drawer); CloseObject(Drawer) | GotoLocation(Dresser); PickupObject(KeyChain); GotoLocation(Drawer); PutObject(KeyChain,Drawer)",<unparseable> | <unparseable>,0 | 0,0,1,"GotoLocation(Dresser); PickupObject(KeyChain); GotoLocation(Drawer); OpenObject(Drawer); PutObject(KeyChain,Drawer); CloseObject(Drawer) | GotoLocation(Dresser); PickupObject(KeyChain); GotoLocation(Drawer); PutObject(KeyChain,Drawer)",1 | 1,1,0,candidate_fixed
shard_4_cf_1001,Cabinet,shard_4_exp0_7960 | shard_4_exp0_7959,closed | open,GotoLocation(Cabinet); OpenObject(Cabinet) | GotoLocation(Cabinet),<unparseable> | <unparseable>,0 | 0,0,1,GotoLocation(Cabinet); OpenObject(Cabinet) | GotoLocation(Cabinet),1 | 1,1,0,candidate_fixed
shard_4_cf_1002,Drawer,shard_4_exp0_7963 | shard_4_exp0_7962,closed | open,GotoLocation(Drawer); OpenObject(Drawer) | GotoLocation(Drawer),<unparseable> | <unparseable>,0 | 0,0,1,GotoLocation(Drawer); OpenObject(Drawer) | GotoLocation(Drawer),1 | 1,1,0,candidate_fixed
shard_4_cf_1070,Drawer,shard_4_exp0_8329 | shard_4_exp0_8328,closed | open,GotoLocation(Drawer); OpenObject(Drawer) | GotoLocation(Drawer),<unparseable> | <unparseable>,0 | 0,0,1,GotoLocation(Drawer); OpenObject(Drawer) | GotoLocation(Drawer),1 | 1,1,0,candidate_fixed
shard_4_cf_1071,Drawer,shard_4_exp0_8333 | shard_4_exp0_8332,closed | open,"GotoLocation(Dresser); PickupObject(KeyChain); GotoLocation(Drawer); OpenObject(Drawer); PutObject(KeyChain,Drawer); CloseObject(Drawer) | GotoLocation(Dresser); PickupObject(KeyChain); GotoLocation(Drawer); PutObject(KeyChain,Drawer)",<unparseable> | <unparseable>,0 | 0,0,1,"GotoLocation(Dresser); PickupObject(KeyChain); GotoLocation(Drawer); OpenObject(Drawer); PutObject(KeyChain,Drawer); CloseObject(Drawer) | GotoLocation(Dresser); PickupObject(KeyChain); GotoLocation(Drawer); PutObject(KeyChain,Drawer)",1 | 1,1,0,candidate_fixed
shard_4_cf_1072,Drawer,shard_4_exp0_8335 | shard_4_exp0_8334,closed | open,GotoLocation(Drawer); OpenObject(Drawer) | GotoLocation(Drawer),<unparseable> | <unparseable>,0 | 0,0,1,GotoLocation(Drawer); OpenObject(Drawer) | GotoLocation(Drawer),1 | 1,1,0,candidate_fixed
shard_4_cf_1093,Drawer,shard_4_exp0_8410 | shard_4_exp0_8409,closed | open,GotoLocation(Drawer); OpenObject(Drawer) | GotoLocation(Drawer),<unparseable> | <unparseable>,0 | 0,0,1,GotoLocation(Drawer); OpenObject(Drawer) | GotoLocation(Drawer),1 | 1,1,0,candidate_fixed
shard_4_cf_1094,Drawer,shard_4_exp0_8413 | shard_4_exp0_8412,closed | open,"GotoLocation(Bed); PickupObject(Book); GotoLocation(Drawer); OpenObject(Drawer); PutObject(Book,Drawer); CloseObject(Drawer) | GotoLocation(Bed); PickupObject(Book); GotoLocation(Drawer); PutObject(Book,Drawer)",<unparseable> | <unparseable>,0 | 0,0,1,"GotoLocation(Bed); PickupObject(Book); GotoLocation(Drawer); OpenObject(Drawer); PutObject(Book,Drawer); CloseObject(Drawer) | GotoLocation(Bed); PickupObject(Book); GotoLocation(Drawer); PutObject(Book,Drawer)",1 | 1,1,0,candidate_fixed
shard_4_cf_1095,Drawer,shard_4_exp0_8416 | shard_4_exp0_8415,closed | open,GotoLocation(Drawer); OpenObject(Drawer) | GotoLocation(Drawer),<unparseable> | <unparseable>,0 | 0,0,1,GotoLocation(Drawer); OpenObject(Drawer) | GotoLocation(Drawer); OpenObject(Drawer),1 | 0,0,1,both_not_exact
shard_4_cf_1096,Cabinet,shard_4_exp0_8418 | shard_4_exp0_8417,closed | open,GotoLocation(Cabinet); OpenObject(Cabinet) | GotoLocation(Cabinet),<unparseable> | <unparseable>,0 | 0,0,1,GotoLocation(Cabinet); OpenObject(Cabinet) | GotoLocation(Cabinet),1 | 1,1,0,candidate_fixed
shard_4_cf_1102,Drawer,shard_4_exp0_8450 | shard_4_exp0_8449,closed | open,GotoLocation(Drawer); OpenObject(Drawer) | GotoLocation(Drawer),<unparseable> | <unparseable>,0 | 0,0,1,GotoLocation(Drawer); OpenObject(Drawer) | GotoLocation(Drawer),1 | 1,1,0,candidate_fixed
shard_4_cf_1103,Drawer,shard_4_exp0_8452 | shard_4_exp0_8451,closed | open,GotoLocation(Drawer); OpenObject(Drawer) | GotoLocation(Drawer),<unparseable> | <unparseable>,0 | 0,0,1,GotoLocation(Drawer) | GotoLocation(Drawer),0 | 1,0,1,both_not_exact
shard_4_cf_1104,Drawer,shard_4_exp0_8455 | shard_4_exp0_8454,closed | open,GotoLocation(Drawer); OpenObject(Drawer) | GotoLocation(Drawer),<unparseable> | <unparseable>,0 | 0,0,1,GotoLocation(Drawer); OpenObject(Drawer) | GotoLocation(Drawer),1 | 1,1,0,candidate_fixed
shard_4_cf_1105,Fridge,shard_4_exp0_8457 | shard_4_exp0_8456,closed | open,GotoLocation(Fridge); OpenObject(Fridge) | GotoLocation(Fridge),<unparseable> | <unparseable>,0 | 0,0,1,GotoLocation(Fridge); OpenObject(Fridge) | GotoLocation(Fridge),1 | 1,1,0,candidate_fixed
shard_4_cf_1106,Fridge,shard_4_exp0_8459 | shard_4_exp0_8458,closed | open,GotoLocation(Fridge); OpenObject(Fridge) | GotoLocation(Fridge),<unparseable> | <unparseable>,0 | 0,0,1,GotoLocation(Fridge); OpenObject(Fridge) | GotoLocation(Fridge),1 | 1,1,0,candidate_fixed
shard_4_cf_1138,Drawer,shard_4_exp0_8630 | shard_4_exp0_8629,closed | open,GotoLocation(Drawer); OpenObject(Drawer) | GotoLocation(Drawer),<unparseable> | <unparseable>,0 | 0,0,1,GotoLocation(Drawer); OpenObject(Drawer) | GotoLocation(Drawer),1 | 1,1,0,candidate_fixed
shard_4_cf_1139,Fridge,shard_4_exp0_8634 | shard_4_exp0_8633,closed | open,GotoLocation(Fridge); OpenObject(Fridge) | GotoLocation(Fridge),<unparseable> | <unparseable>,0 | 0,0,1,GotoLocation(Fridge); OpenObject(Fridge) | GotoLocation(Fridge),1 | 1,1,0,candidate_fixed
shard_4_cf_1144,Fridge,shard_4_exp0_8665 | shard_4_exp0_8664,closed | open,"GotoLocation(DiningTable); PickupObject(Mug); GotoLocation(Fridge); OpenObject(Fridge); PutObject(Mug,Fridge); CloseObject(Fridge) | GotoLocation(DiningTable); PickupObject(Mug); GotoLocation(Fridge); PutObject(Mug,Fridge)",<unparseable> | <unparseable>,0 | 0,0,1,"GotoLocation(DiningTable); PickupObject(Mug); GotoLocation(Fridge); OpenObject(Fridge); PutObject(Mug,Fridge); CloseObject(Fridge) | GotoLocation(DiningTable); PickupObject(Mug); GotoLocation(Fridge); PutObject(Mug,Fridge)",1 | 1,1,0,candidate_fixed
shard_4_cf_1145,Drawer,shard_4_exp0_8669 | shard_4_exp0_8668,closed | open,GotoLocation(Drawer); OpenObject(Drawer) | GotoLocation(Drawer),<unparseable> | <unparseable>,0 | 0,0,1,GotoLocation(Drawer); OpenObject(Drawer) | GotoLocation(Drawer),1 | 1,1,0,candidate_fixed
shard_4_cf_1261,Drawer,shard_4_exp0_9067 | shard_4_exp0_9066,closed | open,"GotoLocation(Dresser); PickupObject(Pen); GotoLocation(Drawer); OpenObject(Drawer); PutObject(Pen,Drawer); CloseObject(Drawer) | GotoLocation(Dresser); PickupObject(Pen); GotoLocation(Drawer); PutObject(Pen,Drawer)",<unparseable> | <unparseable>,0 | 0,0,1,"GotoLocation(Dresser); PickupObject(Pen); GotoLocation(Drawer); OpenObject(Drawer); PutObject(Pen,Drawer); CloseObject(Drawer) | GotoLocation(Dresser); PickupObject(Pen); GotoLocation(Drawer); PutObject(Pen,Drawer)",1 | 1,1,0,candidate_fixed
shard_4_cf_1262,Drawer,shard_4_exp0_9069 | shard_4_exp0_9068,closed | open,GotoLocation(Drawer); OpenObject(Drawer) | GotoLocation(Drawer),<unparseable> | <unparseable>,0 | 0,0,1,GotoLocation(Drawer); OpenObject(Drawer) | GotoLocation(Drawer),1 | 1,1,0,candidate_fixed
shard_4_cf_1263,Drawer,shard_4_exp0_9071 | shard_4_exp0_9070,closed | open,"GotoLocation(Dresser); PickupObject(Book); GotoLocation(Drawer); OpenObject(Drawer); PutObject(Book,Drawer); CloseObject(Drawer) | GotoLocation(Dresser); PickupObject(Book); GotoLocation(Drawer); PutObject(Book,Drawer)",<unparseable> | <unparseable>,0 | 0,0,1,"GotoLocation(Dresser); PickupObject(Book); GotoLocation(Drawer); OpenObject(Drawer); PutObject(Book,Drawer); CloseObject(Drawer) | GotoLocation(Dresser); PickupObject(Book); GotoLocation(Drawer); PutObject(Book,Drawer)",1 | 1,1,0,candidate_fixed
shard_4_cf_1264,Drawer,shard_4_exp0_9073 | shard_4_exp0_9072,closed | open,GotoLocation(Drawer); OpenObject(Drawer) | GotoLocation(Drawer),<unparseable> | <unparseable>,0 | 0,0,1,GotoLocation(Drawer); OpenObject(Drawer) | GotoLocation(Drawer),1 | 1,1,0,candidate_fixed
shard_4_cf_1265,Drawer,shard_4_exp0_9075 | shard_4_exp0_9074,closed | open,GotoLocation(Drawer); OpenObject(Drawer) | GotoLocation(Drawer),<unparseable> | <unparseable>,0 | 0,0,1,GotoLocation(Drawer); OpenObject(Drawer) | GotoLocation(Drawer),1 | 1,1,0,candidate_fixed
shard_4_cf_1305,Drawer,shard_4_exp0_9220 | shard_4_exp0_9219,closed | open,GotoLocation(Drawer); OpenObject(Drawer) | GotoLocation(Drawer),<unparseable> | <unparseable>,0 | 0,0,1,GotoLocation(Drawer); OpenObject(Drawer) | GotoLocation(Drawer),1 | 1,1,0,candidate_fixed
shard_4_cf_1306,Drawer,shard_4_exp0_9222 | shard_4_exp0_9221,closed | open,GotoLocation(Drawer); OpenObject(Drawer) | GotoLocation(Drawer),<unparseable> | <unparseable>,0 | 0,0,1,GotoLocation(Drawer); OpenObject(Drawer) | GotoLocation(Drawer),1 | 1,1,0,candidate_fixed
shard_4_cf_1307,Drawer,shard_4_exp0_9224 | shard_4_exp0_9223,closed | open,GotoLocation(Drawer); OpenObject(Drawer) | GotoLocation(Drawer),<unparseable> | <unparseable>,0 | 0,0,1,GotoLocation(Drawer); OpenObject(Drawer) | GotoLocation(Drawer),1 | 1,1,0,candidate_fixed
shard_4_cf_1308,Drawer,shard_4_exp0_9226 | shard_4_exp0_9225,closed | open,"GotoLocation(CounterTop); PickupObject(Fork); GotoLocation(Drawer); OpenObject(Drawer); PutObject(Fork,Drawer); CloseObject(Drawer) | GotoLocation(CounterTop); PickupObject(Fork); GotoLocation(Drawer); PutObject(Fork,Drawer)",<unparseable> | <unparseable>,0 | 0,0,1,"GotoLocation(CounterTop); PickupObject(Fork); GotoLocation(Drawer); OpenObject(Drawer); PutObject(Fork,Drawer); CloseObject(Drawer) | GotoLocation(CounterTop); PickupObject(Fork); GotoLocation(Drawer); PutObject(Fork,Drawer)",1 | 1,1,0,candidate_fixed
shard_4_cf_1325,Drawer,shard_4_exp0_9274 | shard_4_exp0_9273,closed | open,"GotoLocation(RemoteControl); PickupObject(RemoteControl); GotoLocation(Drawer); OpenObject(Drawer); PutObject(RemoteControl,Drawer); CloseObject(Drawer) | GotoLocation(RemoteControl); PickupObject(RemoteControl); GotoLocation(Drawer); PutObject(RemoteControl,Drawer)",<unparseable> | <unparseable>,0 | 0,0,1,"GotoLocation(Dresser); PickupObject(RemoteControl); GotoLocation(Drawer); PutObject(RemoteControl,Drawer) | GotoLocation(Dresser); PickupObject(RemoteControl); GotoLocation(Drawer); PutObject(RemoteControl,Drawer)",0 | 0,0,1,both_not_exact
shard_4_cf_1326,Microwave,shard_4_exp0_9276 | shard_4_exp0_9275,closed | open,GotoLocation(Microwave); OpenObject(Microwave) | GotoLocation(Microwave),<unparseable> | <unparseable>,0 | 0,0,1,GotoLocation(Microwave); OpenObject(Microwave) | GotoLocation(Microwave); OpenObject(Microwave),1 | 0,0,1,both_not_exact
shard_4_cf_1374,Drawer,shard_4_exp0_9452 | shard_4_exp0_9451,closed | open,"GotoLocation(Bed); PickupObject(Book); GotoLocation(Drawer); OpenObject(Drawer); PutObject(Book,Drawer); CloseObject(Drawer) | GotoLocation(Bed); PickupObject(Book); GotoLocation(Drawer); PutObject(Book,Drawer)",<unparseable> | <unparseable>,0 | 0,0,1,"GotoLocation(Bed); PickupObject(Book); GotoLocation(Drawer); OpenObject(Drawer); PutObject(Book,Drawer); CloseObject(Drawer) | GotoLocation(Bed); PickupObject(Book); GotoLocation(Drawer); PutObject(Book,Drawer)",1 | 1,1,0,candidate_fixed
shard_4_cf_1375,Drawer,shard_4_exp0_9455 | shard_4_exp0_9454,closed | open,"GotoLocation(ToiletPaper); PickupObject(ToiletPaper); GotoLocation(Drawer); OpenObject(Drawer); PutObject(ToiletPaper,Drawer); CloseObject(Drawer) | GotoLocation(ToiletPaper); PickupObject(ToiletPaper); GotoLocation(Drawer); PutObject(ToiletPaper,Drawer)",<unparseable> | <unparseable>,0 | 0,0,1,"GotoLocation(ToiletPaper); PickupObject(ToiletPaper); GotoLocation(Drawer); OpenObject(Drawer); PutObject(ToiletPaper,Drawer); CloseObject(Drawer) | GotoLocation(ToiletPaper); PickupObject(ToiletPaper); GotoLocation(Drawer); PutObject(ToiletPaper,Drawer)",1 | 1,1,0,candidate_fixed
shard_4_cf_1376,Drawer,shard_4_exp0_9457 | shard_4_exp0_9456,closed | open,GotoLocation(Drawer); OpenObject(Drawer) | GotoLocation(Drawer),<unparseable> | <unparseable>,0 | 0,0,1,GotoLocation(Drawer); OpenObject(Drawer) | GotoLocation(Drawer); OpenObject(Drawer),1 | 0,0,1,both_not_exact
shard_4_cf_1377,Drawer,shard_4_exp0_9460 | shard_4_exp0_9459,closed | open,GotoLocation(Drawer); OpenObject(Drawer) | GotoLocation(Drawer),<unparseable> | <unparseable>,0 | 0,0,1,GotoLocation(Drawer); OpenObject(Drawer) | GotoLocation(Drawer),1 | 1,1,0,candidate_fixed
shard_4_cf_1397,Drawer,shard_4_exp0_9532 | shard_4_exp0_9531,closed | open,GotoLocation(Drawer); OpenObject(Drawer) | GotoLocation(Drawer),<unparseable> | <unparseable>,0 | 0,0,1,GotoLocation(Drawer); OpenObject(Drawer) | GotoLocation(Drawer),1 | 1,1,0,candidate_fixed
shard_4_cf_1398,Drawer,shard_4_exp0_9534 | shard_4_exp0_9533,closed | open,"GotoLocation(Dresser); PickupObject(Pencil); GotoLocation(Drawer); OpenObject(Drawer); PutObject(Pencil,Drawer); CloseObject(Drawer) | GotoLocation(Dresser); PickupObject(Pencil); GotoLocation(Drawer); PutObject(Pencil,Drawer)",<unparseable> | <unparseable>,0 | 0,0,1,"GotoLocation(Dresser); PickupObject(Pencil); GotoLocation(Drawer); OpenObject(Drawer); PutObject(Pencil,Drawer); CloseObject(Drawer) | GotoLocation(Dresser); PickupObject(Pencil); GotoLocation(Drawer); PutObject(Pencil,Drawer)",1 | 1,1,0,candidate_fixed
shard_4_cf_1399,Drawer,shard_4_exp0_9536 | shard_4_exp0_9535,closed | open,"GotoLocation(Dresser); PickupObject(Pencil); GotoLocation(Drawer); OpenObject(Drawer); PutObject(Pencil,Drawer); CloseObject(Drawer) | GotoLocation(Dresser); PickupObject(Pencil); GotoLocation(Drawer); PutObject(Pencil,Drawer)",<unparseable> | <unparseable>,0 | 0,0,1,"GotoLocation(Dresser); PickupObject(Pencil); GotoLocation(Drawer); OpenObject(Drawer); PutObject(Pencil,Drawer); CloseObject(Drawer) | GotoLocation(Dresser); PickupObject(Pencil); GotoLocation(Drawer); PutObject(Pencil,Drawer)",1 | 1,1,0,candidate_fixed
shard_4_cf_1403,Fridge,shard_4_exp0_9549 | shard_4_exp0_9548,closed | open,GotoLocation(Fridge); OpenObject(Fridge) | GotoLocation(Fridge),<unparseable> | <unparseable>,0 | 0,0,1,GotoLocation(Fridge); OpenObject(Fridge) | GotoLocation(Fridge),1 | 1,1,0,candidate_fixed
shard_4_cf_1404,Drawer,shard_4_exp0_9552 | shard_4_exp0_9551,closed | open,GotoLocation(Drawer); OpenObject(Drawer) | GotoLocation(Drawer),<unparseable> | <unparseable>,0 | 0,0,1,GotoLocation(Drawer); OpenObject(Drawer) | GotoLocation(Drawer),1 | 1,1,0,candidate_fixed
shard_4_cf_1449,Drawer,shard_4_exp0_9708 | shard_4_exp0_9707,closed | open,"GotoLocation(DiningTable); PickupObject(KeyChain); GotoLocation(Drawer); OpenObject(Drawer); PutObject(KeyChain,Drawer); CloseObject(Drawer) | GotoLocation(DiningTable); PickupObject(KeyChain); GotoLocation(Drawer); PutObject(KeyChain,Drawer)",<unparseable> | <unparseable>,0 | 0,0,1,"GotoLocation(DiningTable); PickupObject(KeyChain); GotoLocation(Drawer); OpenObject(Drawer); PutObject(KeyChain,Drawer); CloseObject(Drawer) | GotoLocation(DiningTable); PickupObject(KeyChain); GotoLocation(Drawer); PutObject(KeyChain,Drawer)",1 | 1,1,0,candidate_fixed
shard_4_cf_1450,Drawer,shard_4_exp0_9710 | shard_4_exp0_9709,closed | open,"GotoLocation(DiningTable); PickupObject(RemoteControl); GotoLocation(Drawer); OpenObject(Drawer); PutObject(RemoteControl,Drawer); CloseObject(Drawer) | GotoLocation(DiningTable); PickupObject(RemoteControl); GotoLocation(Drawer); PutObject(RemoteControl,Drawer)",<unparseable> | <unparseable>,0 | 0,0,1,"GotoLocation(DiningTable); PickupObject(RemoteControl); GotoLocation(Drawer); OpenObject(Drawer); PutObject(RemoteControl,Drawer); CloseObject(Drawer) | GotoLocation(DiningTable); PickupObject(RemoteControl); GotoLocation(Drawer); PutObject(RemoteControl,Drawer)",1 | 1,1,0,candidate_fixed
shard_4_cf_1547,Drawer,shard_4_exp0_9999 | shard_4_exp0_9998,closed | open,"GotoLocation(Dresser); PickupObject(Pen); GotoLocation(Drawer); OpenObject(Drawer); PutObject(Pen,Drawer); CloseObject(Drawer) | GotoLocation(Dresser); PickupObject(Pen); GotoLocation(Drawer); PutObject(Pen,Drawer)",<unparseable> | <unparseable>,0 | 0,0,1,"GotoLocation(Dresser); PickupObject(Pen); GotoLocation(Drawer); OpenObject(Drawer); PutObject(Pen,Drawer); CloseObject(Drawer) | GotoLocation(Dresser); PickupObject(Pen); GotoLocation(Drawer); PutObject(Pen,Drawer)",1 | 1,1,0,candidate_fixed
shard_4_cf_1548,Drawer,shard_4_exp0_10003 | shard_4_exp0_10002,closed | open,GotoLocation(Drawer); OpenObject(Drawer) | GotoLocation(Drawer),<unparseable> | <unparseable>,0 | 0,0,1,GotoLocation(Drawer); OpenObject(Drawer) | GotoLocation(Drawer),1 | 1,1,0,candidate_fixed
shard_4_cf_1549,Drawer,shard_4_exp0_10005 | shard_4_exp0_10004,closed | open,"GotoLocation(Dresser); PickupObject(Pen); GotoLocation(Drawer); OpenObject(Drawer); PutObject(Pen,Drawer); CloseObject(Drawer) | GotoLocation(Dresser); PickupObject(Pen); GotoLocation(Drawer); PutObject(Pen,Drawer)",<unparseable> | <unparseable>,0 | 0,0,1,"GotoLocation(Dresser); PickupObject(Pen); GotoLocation(Drawer); OpenObject(Drawer); PutObject(Pen,Drawer); CloseObject(Drawer) | GotoLocation(Dresser); PickupObject(Pen); GotoLocation(Drawer); PutObject(Pen,Drawer)",1 | 1,1,0,candidate_fixed
shard_4_cf_1583,Drawer,shard_4_exp0_10119 | shard_4_exp0_10118,closed | open,GotoLocation(Drawer); OpenObject(Drawer) | GotoLocation(Drawer),<unparseable> | <unparseable>,0 | 0,0,1,GotoLocation(Drawer); OpenObject(Drawer) | GotoLocation(Drawer),1 | 1,1,0,candidate_fixed
shard_4_cf_1584,Drawer,shard_4_exp0_10121 | shard_4_exp0_10120,closed | open,GotoLocation(Drawer); OpenObject(Drawer) | GotoLocation(Drawer),<unparseable> | <unparseable>,0 | 0,0,1,GotoLocation(Drawer); OpenObject(Drawer) | GotoLocation(Drawer),1 | 1,1,0,candidate_fixed
shard_4_cf_1585,Drawer,shard_4_exp0_10126 | shard_4_exp0_10125,closed | open,"GotoLocation(SideTable); PickupObject(KeyChain); GotoLocation(Drawer); OpenObject(Drawer); PutObject(KeyChain,Drawer); CloseObject(Drawer) | GotoLocation(SideTable); PickupObject(KeyChain); GotoLocation(Drawer); PutObject(KeyChain,Drawer)",<unparseable> | <unparseable>,0 | 0,0,1,"GotoLocation(SideTable); PickupObject(KeyChain); GotoLocation(Drawer); PutObject(KeyChain,Drawer) | GotoLocation(SideTable); PickupObject(KeyChain); GotoLocation(Drawer); PutObject(KeyChain,Drawer)",0 | 1,0,1,both_not_exact
shard_4_cf_1586,Drawer,shard_4_exp0_10128 | shard_4_exp0_10127,closed | open,GotoLocation(Drawer); OpenObject(Drawer) | GotoLocation(Drawer),<unparseable> | <unparseable>,0 | 0,0,1,GotoLocation(Drawer); OpenObject(Drawer) | GotoLocation(Drawer),1 | 1,1,0,candidate_fixed
shard_4_cf_1635,Drawer,shard_4_exp0_10293 | shard_4_exp0_10292,closed | open,GotoLocation(Drawer); OpenObject(Drawer) | GotoLocation(Drawer),<unparseable> | <unparseable>,0 | 0,0,1,GotoLocation(Drawer); OpenObject(Drawer) | GotoLocation(Drawer),1 | 1,1,0,candidate_fixed
shard_4_cf_1636,Drawer,shard_4_exp0_10296 | shard_4_exp0_10295,closed | open,GotoLocation(Drawer); OpenObject(Drawer) | GotoLocation(Drawer),<unparseable> | <unparseable>,0 | 0,0,1,GotoLocation(Drawer); OpenObject(Drawer) | GotoLocation(Drawer),1 | 1,1,0,candidate_fixed
shard_4_cf_1637,Drawer,shard_4_exp0_10298 | shard_4_exp0_10297,closed | open,GotoLocation(Drawer); OpenObject(Drawer) | GotoLocation(Drawer),<unparseable> | <unparseable>,0 | 0,0,1,GotoLocation(Drawer); OpenObject(Drawer) | GotoLocation(Drawer),1 | 1,1,0,candidate_fixed
shard_4_cf_1648,Fridge,shard_4_exp0_10326 | shard_4_exp0_10325,closed | open,GotoLocation(Fridge); OpenObject(Fridge) | GotoLocation(Fridge),<unparseable> | <unparseable>,0 | 0,0,1,GotoLocation(Fridge); OpenObject(Fridge) | GotoLocation(Fridge),1 | 1,1,0,candidate_fixed
shard_4_cf_1676,Drawer,shard_4_exp0_10430 | shard_4_exp0_10429,closed | open,"GotoLocation(DiningTable); PickupObject(CellPhone); GotoLocation(Drawer); OpenObject(Drawer); PutObject(CellPhone,Drawer); CloseObject(Drawer) | GotoLocation(DiningTable); PickupObject(CellPhone); GotoLocation(Drawer); PutObject(CellPhone,Drawer)",<unparseable> | <unparseable>,0 | 0,0,1,"GotoLocation(DiningTable); PickupObject(CellPhone); GotoLocation(Drawer); OpenObject(Drawer); PutObject(CellPhone,Drawer); CloseObject(Drawer) | GotoLocation(DiningTable); PickupObject(CellPhone); GotoLocation(Drawer); OpenObject(Drawer); PutObject(CellPhone,Drawer); CloseObject(Drawer)",1 | 0,0,1,both_not_exact
shard_4_cf_1677,Drawer,shard_4_exp0_10432 | shard_4_exp0_10431,closed | open,"GotoLocation(DiningTable); PickupObject(Pen); GotoLocation(Drawer); OpenObject(Drawer); PutObject(Pen,Drawer); CloseObject(Drawer) | GotoLocation(DiningTable); PickupObject(Pen); GotoLocation(Drawer); PutObject(Pen,Drawer)",<unparseable> | <unparseable>,0 | 0,0,1,"GotoLocation(DiningTable); PickupObject(Pen); GotoLocation(Drawer); OpenObject(Drawer); PutObject(Pen,Drawer); CloseObject(Drawer) | GotoLocation(DiningTable); PickupObject(Pen); GotoLocation(Drawer); OpenObject(Drawer); PutObject(Pen,Drawer); CloseObject(Drawer)",1 | 0,0,1,both_not_exact
shard_4_cf_1724,Fridge,shard_4_exp0_10585 | shard_4_exp0_10584,closed | open,GotoLocation(Fridge); OpenObject(Fridge) | GotoLocation(Fridge),<unparseable> | <unparseable>,0 | 0,0,1,GotoLocation(Fridge); OpenObject(Fridge) | GotoLocation(Fridge); OpenObject(Fridge),1 | 0,0,1,both_not_exact
shard_4_cf_1725,Drawer,shard_4_exp0_10587 | shard_4_exp0_10586,closed | open,GotoLocation(Drawer); OpenObject(Drawer) | GotoLocation(Drawer),<unparseable> | <unparseable>,0 | 0,0,1,GotoLocation(Drawer); OpenObject(Drawer) | GotoLocation(Drawer),1 | 1,1,0,candidate_fixed
shard_4_cf_1775,Fridge,shard_4_exp0_10766 | shard_4_exp0_10765,closed | open,GotoLocation(Fridge); OpenObject(Fridge) | GotoLocation(Fridge),<unparseable> | <unparseable>,0 | 0,0,1,GotoLocation(Fridge); OpenObject(Fridge) | GotoLocation(Fridge),1 | 1,1,0,candidate_fixed
shard_4_cf_1786,Drawer,shard_4_exp0_10820 | shard_4_exp0_10819,closed | open,"GotoLocation(Dresser); PickupObject(Candle); GotoLocation(Drawer); OpenObject(Drawer); PutObject(Candle,Drawer); CloseObject(Drawer) | GotoLocation(Dresser); PickupObject(Candle); GotoLocation(Drawer); PutObject(Candle,Drawer)",<unparseable> | <unparseable>,0 | 0,0,1,"GotoLocation(Dresser); PickupObject(Candle); GotoLocation(Drawer); OpenObject(Drawer); PutObject(Candle,Drawer); CloseObject(Drawer) | GotoLocation(Dresser); PickupObject(Candle); GotoLocation(Drawer); PutObject(Candle,Drawer)",1 | 1,1,0,candidate_fixed
shard_4_cf_1787,Drawer,shard_4_exp0_10823 | shard_4_exp0_10822,closed | open,"GotoLocation(Dresser); PickupObject(TissueBox); GotoLocation(Drawer); OpenObject(Drawer); PutObject(TissueBox,Drawer); CloseObject(Drawer) | GotoLocation(Dresser); PickupObject(TissueBox); GotoLocation(Drawer); PutObject(TissueBox,Drawer)",<unparseable> | <unparseable>,0 | 0,0,1,"GotoLocation(Dresser); PickupObject(TissueBox); GotoLocation(Drawer); OpenObject(Drawer); PutObject(TissueBox,Drawer); CloseObject(Drawer) | GotoLocation(Dresser); PickupObject(TissueBox); GotoLocation(Drawer); PutObject(TissueBox,Drawer)",1 | 1,1,0,candidate_fixed
shard_4_cf_1788,Drawer,shard_4_exp0_10825 | shard_4_exp0_10824,closed | open,GotoLocation(Drawer); OpenObject(Drawer) | GotoLocation(Drawer),<unparseable> | <unparseable>,0 | 0,0,1,GotoLocation(Drawer); OpenObject(Drawer) | GotoLocation(Drawer),1 | 1,1,0,candidate_fixed
shard_4_cf_1789,Drawer,shard_4_exp0_10827 | shard_4_exp0_10826,closed | open,"GotoLocation(Dresser); PickupObject(Pen); GotoLocation(Drawer); OpenObject(Drawer); PutObject(Pen,Drawer); CloseObject(Drawer) | GotoLocation(Dresser); PickupObject(Pen); GotoLocation(Drawer); PutObject(Pen,Drawer)",<unparseable> | <unparseable>,0 | 0,0,1,"GotoLocation(Dresser); PickupObject(Pen); GotoLocation(Drawer); OpenObject(Drawer); PutObject(Pen,Drawer); CloseObject(Drawer) | GotoLocation(Dresser); PickupObject(Pen); GotoLocation(Drawer); PutObject(Pen,Drawer)",1 | 1,1,0,candidate_fixed
shard_4_cf_1790,Fridge,shard_4_exp0_10830 | shard_4_exp0_10829,closed | open,GotoLocation(Fridge); OpenObject(Fridge) | GotoLocation(Fridge),<unparseable> | <unparseable>,0 | 0,0,1,GotoLocation(Fridge); OpenObject(Fridge) | GotoLocation(Fridge),1 | 1,1,0,candidate_fixed
shard_4_cf_1791,Drawer,shard_4_exp0_10834 | shard_4_exp0_10833,closed | open,GotoLocation(Drawer); OpenObject(Drawer) | GotoLocation(Drawer),<unparseable> | <unparseable>,0 | 0,0,1,GotoLocation(Drawer); OpenObject(Drawer) | GotoLocation(Drawer),1 | 1,1,0,candidate_fixed
shard_4_cf_1792,Drawer,shard_4_exp0_10838 | shard_4_exp0_10837,closed | open,GotoLocation(Drawer); OpenObject(Drawer) | GotoLocation(Drawer),<unparseable> | <unparseable>,0 | 0,0,1,GotoLocation(Drawer); OpenObject(Drawer) | GotoLocation(Drawer),1 | 1,1,0,candidate_fixed
shard_4_cf_1793,Drawer,shard_4_exp0_10840 | shard_4_exp0_10839,closed | open,"GotoLocation(Shelf); PickupObject(SprayBottle); GotoLocation(Drawer); OpenObject(Drawer); PutObject(SprayBottle,Drawer); CloseObject(Drawer) | GotoLocation(Shelf); PickupObject(SprayBottle); GotoLocation(Drawer); PutObject(SprayBottle,Drawer)",<unparseable> | <unparseable>,0 | 0,0,1,"GotoLocation(Shelf); PickupObject(SprayBottle); GotoLocation(Drawer); OpenObject(Drawer); PutObject(SprayBottle,Drawer); CloseObject(Drawer) | GotoLocation(Shelf); PickupObject(SprayBottle); GotoLocation(Drawer); PutObject(SprayBottle,Drawer)",1 | 1,1,0,candidate_fixed
shard_4_cf_1794,Drawer,shard_4_exp0_10842 | shard_4_exp0_10841,closed | open,GotoLocation(Drawer); OpenObject(Drawer) | GotoLocation(Drawer),<unparseable> | <unparseable>,0 | 0,0,1,GotoLocation(Drawer); OpenObject(Drawer) | GotoLocation(Drawer),1 | 1,1,0,candidate_fixed
shard_4_cf_1795,Fridge,shard_4_exp0_10844 | shard_4_exp0_10843,closed | open,GotoLocation(Fridge); OpenObject(Fridge) | GotoLocation(Fridge),<unparseable> | <unparseable>,0 | 0,0,1,GotoLocation(Fridge); OpenObject(Fridge) | GotoLocation(Fridge),1 | 1,1,0,candidate_fixed
shard_4_cf_1796,Drawer,shard_4_exp0_10846 | shard_4_exp0_10845,closed | open,"GotoLocation(Dresser); PickupObject(CellPhone); GotoLocation(Drawer); OpenObject(Drawer); PutObject(CellPhone,Drawer); CloseObject(Drawer) | GotoLocation(Dresser); PickupObject(CellPhone); GotoLocation(Drawer); PutObject(CellPhone,Drawer)",<unparseable> | <unparseable>,0 | 0,0,1,"GotoLocation(SideTable); PickupObject(CellPhone); GotoLocation(Drawer); OpenObject(Drawer); PutObject(CellPhone,Drawer); CloseObject(Drawer) | GotoLocation(SideTable); PickupObject(CellPhone); GotoLocation(Drawer); PutObject(CellPhone,Drawer)",0 | 0,0,0,both_not_exact
shard_4_cf_1797,Fridge,shard_4_exp0_10848 | shard_4_exp0_10847,closed | open,GotoLocation(Fridge); OpenObject(Fridge) | GotoLocation(Fridge),<unparseable> | <unparseable>,0 | 0,0,1,GotoLocation(Fridge); OpenObject(Fridge) | GotoLocation(Fridge),1 | 1,1,0,candidate_fixed
shard_4_cf_1798,Fridge,shard_4_exp0_10850 | shard_4_exp0_10849,closed | open,GotoLocation(Fridge); OpenObject(Fridge) | GotoLocation(Fridge),<unparseable> | <unparseable>,0 | 0,0,1,GotoLocation(Fridge); OpenObject(Fridge) | GotoLocation(Fridge),1 | 1,1,0,candidate_fixed
shard_4_cf_1884,Drawer,shard_4_exp0_11111 | shard_4_exp0_11110,closed | open,"GotoLocation(Candle); PickupObject(Candle); GotoLocation(Drawer); OpenObject(Drawer); PutObject(Candle,Drawer); CloseObject(Drawer) | GotoLocation(Candle); PickupObject(Candle); GotoLocation(Drawer); PutObject(Candle,Drawer)",<unparseable> | <unparseable>,0 | 0,0,1,"GotoLocation(SideTable); PickupObject(Candle); GotoLocation(Drawer); OpenObject(Drawer); PutObject(Candle,Drawer); CloseObject(Drawer) | GotoLocation(SideTable); PickupObject(Candle); GotoLocation(Drawer); PutObject(Candle,Drawer)",0 | 0,0,0,both_not_exact
shard_4_cf_1885,Drawer,shard_4_exp0_11113 | shard_4_exp0_11112,closed | open,"GotoLocation(Desk); PickupObject(CD); GotoLocation(Drawer); OpenObject(Drawer); PutObject(CD,Drawer); CloseObject(Drawer) | GotoLocation(Desk); PickupObject(CD); GotoLocation(Drawer); PutObject(CD,Drawer)",<unparseable> | <unparseable>,0 | 0,0,1,"GotoLocation(Desk); PickupObject(CD); GotoLocation(Drawer); OpenObject(Drawer); PutObject(CD,Drawer); CloseObject(Drawer) | GotoLocation(Desk); PickupObject(CD); GotoLocation(Drawer); OpenObject(Drawer); PutObject(CD,Drawer); CloseObject(Drawer)",1 | 0,0,1,both_not_exact
shard_4_cf_1916,Drawer,shard_4_exp0_11222 | shard_4_exp0_11221,closed | open,GotoLocation(Drawer); OpenObject(Drawer) | GotoLocation(Drawer),<unparseable> | <unparseable>,0 | 0,0,1,GotoLocation(Drawer); OpenObject(Drawer) | GotoLocation(Drawer),1 | 1,1,0,candidate_fixed
shard_4_cf_1917,Drawer,shard_4_exp0_11224 | shard_4_exp0_11223,closed | open,"GotoLocation(Dresser); PickupObject(CellPhone); GotoLocation(Drawer); OpenObject(Drawer); PutObject(CellPhone,Drawer); CloseObject(Drawer) | GotoLocation(Dresser); PickupObject(CellPhone); GotoLocation(Drawer); PutObject(CellPhone,Drawer)",<unparseable> | <unparseable>,0 | 0,0,1,"GotoLocation(Dresser); PickupObject(CellPhone); GotoLocation(Drawer); OpenObject(Drawer); PutObject(CellPhone,Drawer); CloseObject(Drawer) | GotoLocation(Dresser); PickupObject(CellPhone); GotoLocation(Drawer); PutObject(CellPhone,Drawer)",1 | 1,1,0,candidate_fixed
shard_4_cf_1918,Drawer,shard_4_exp0_11226 | shard_4_exp0_11225,closed | open,GotoLocation(Drawer); OpenObject(Drawer) | GotoLocation(Drawer),<unparseable> | <unparseable>,0 | 0,0,1,GotoLocation(Drawer); OpenObject(Drawer) | GotoLocation(Drawer),1 | 1,1,0,candidate_fixed
shard_4_cf_1919,Drawer,shard_4_exp0_11228 | shard_4_exp0_11227,closed | open,GotoLocation(Drawer); OpenObject(Drawer) | GotoLocation(Drawer),<unparseable> | <unparseable>,0 | 0,0,1,GotoLocation(Drawer); OpenObject(Drawer) | GotoLocation(Drawer),1 | 1,1,0,candidate_fixed
shard_4_cf_1930,Fridge,shard_4_exp0_11261 | shard_4_exp0_11260,closed | open,GotoLocation(Fridge); OpenObject(Fridge) | GotoLocation(Fridge),<unparseable> | <unparseable>,0 | 0,0,1,GotoLocation(Fridge); OpenObject(Fridge) | GotoLocation(Fridge),1 | 1,1,0,candidate_fixed
shard_4_cf_1932,Drawer,shard_4_exp0_11270 | shard_4_exp0_11269,closed | open,GotoLocation(Drawer); OpenObject(Drawer) | GotoLocation(Drawer),<unparseable> | <unparseable>,0 | 0,0,1,GotoLocation(Drawer); OpenObject(Drawer) | GotoLocation(Drawer),1 | 1,1,0,candidate_fixed
shard_4_cf_1933,Drawer,shard_4_exp0_11273 | shard_4_exp0_11272,closed | open,"GotoLocation(Bed); PickupObject(Book); GotoLocation(Drawer); OpenObject(Drawer); PutObject(Book,Drawer); CloseObject(Drawer) | GotoLocation(Bed); PickupObject(Book); GotoLocation(Drawer); PutObject(Book,Drawer)",<unparseable> | <unparseable>,0 | 0,0,1,"GotoLocation(Dresser); PickupObject(Book); GotoLocation(Drawer); OpenObject(Drawer); PutObject(Book,Drawer); CloseObject(Drawer) | GotoLocation(Bed); PickupObject(Book); GotoLocation(Drawer); PutObject(Book,Drawer)",0 | 1,0,0,both_not_exact
shard_4_cf_1934,Fridge,shard_4_exp0_11275 | shard_4_exp0_11274,closed | open,GotoLocation(Fridge); OpenObject(Fridge) | GotoLocation(Fridge),<unparseable> | <unparseable>,0 | 0,0,1,GotoLocation(Fridge); OpenObject(Fridge) | GotoLocation(Fridge),1 | 1,1,0,candidate_fixed
shard_4_cf_1948,Fridge,shard_4_exp0_11315 | shard_4_exp0_11314,closed | open,GotoLocation(Fridge); OpenObject(Fridge) | GotoLocation(Fridge),<unparseable> | <unparseable>,0 | 0,0,1,GotoLocation(Fridge); OpenObject(Fridge) | GotoLocation(Fridge),1 | 1,1,0,candidate_fixed
shard_4_cf_1949,Fridge,shard_4_exp0_11319 | shard_4_exp0_11318,closed | open,"GotoLocation(CounterTop); PickupObject(Potato); GotoLocation(Fridge); OpenObject(Fridge); PutObject(Potato,Fridge); CloseObject(Fridge) | GotoLocation(CounterTop); PickupObject(Potato); GotoLocation(Fridge); PutObject(Potato,Fridge)",<unparseable> | <unparseable>,0 | 0,0,1,"GotoLocation(CounterTop); PickupObject(Potato); GotoLocation(Fridge); OpenObject(Fridge); PutObject(Potato,Fridge); CloseObject(Fridge) | GotoLocation(CounterTop); PickupObject(Potato); GotoLocation(Fridge); PutObject(Potato,Fridge)",1 | 1,1,0,candidate_fixed
shard_4_cf_1957,Drawer,shard_4_exp0_11341 | shard_4_exp0_11340,closed | open,"GotoLocation(Dresser); PickupObject(TissueBox); GotoLocation(Drawer); OpenObject(Drawer); PutObject(TissueBox,Drawer); CloseObject(Drawer) | GotoLocation(Dresser); PickupObject(TissueBox); GotoLocation(Drawer); PutObject(TissueBox,Drawer)",<unparseable> | <unparseable>,0 | 0,0,1,"GotoLocation(Dresser); PickupObject(TissueBox); GotoLocation(Drawer); OpenObject(Drawer); PutObject(TissueBox,Drawer); CloseObject(Drawer) | GotoLocation(Dresser); PickupObject(TissueBox); GotoLocation(Drawer); PutObject(TissueBox,Drawer)",1 | 1,1,0,candidate_fixed
shard_4_cf_1958,Drawer,shard_4_exp0_11343 | shard_4_exp0_11342,closed | open,"GotoLocation(Dresser); PickupObject(TissueBox); GotoLocation(Drawer); OpenObject(Drawer); PutObject(TissueBox,Drawer); CloseObject(Drawer) | GotoLocation(Dresser); PickupObject(TissueBox); GotoLocation(Drawer); PutObject(TissueBox,Drawer)",<unparseable> | <unparseable>,0 | 0,0,1,"GotoLocation(Bed); PickupObject(TissueBox); GotoLocation(Drawer); OpenObject(Drawer); PutObject(TissueBox,Drawer); CloseObject(Drawer) | GotoLocation(Bed); PickupObject(TissueBox); GotoLocation(Drawer); PutObject(TissueBox,Drawer)",0 | 0,0,0,both_not_exact
shard_4_cf_1959,Drawer,shard_4_exp0_11345 | shard_4_exp0_11344,closed | open,"GotoLocation(Dresser); PickupObject(TissueBox); GotoLocation(Drawer); OpenObject(Drawer); PutObject(TissueBox,Drawer); CloseObject(Drawer) | GotoLocation(Dresser); PickupObject(TissueBox); GotoLocation(Drawer); PutObject(TissueBox,Drawer)",<unparseable> | <unparseable>,0 | 0,0,1,"GotoLocation(Dresser); PickupObject(TissueBox); GotoLocation(Drawer); OpenObject(Drawer); PutObject(TissueBox,Drawer); CloseObject(Drawer) | GotoLocation(Dresser); PickupObject(TissueBox); GotoLocation(Drawer); PutObject(TissueBox,Drawer)",1 | 1,1,0,candidate_fixed
shard_4_cf_1960,Drawer,shard_4_exp0_11347 | shard_4_exp0_11346,closed | open,"GotoLocation(Bed); PickupObject(CellPhone); GotoLocation(Drawer); OpenObject(Drawer); PutObject(CellPhone,Drawer); CloseObject(Drawer) | GotoLocation(Bed); PickupObject(CellPhone); GotoLocation(Drawer); PutObject(CellPhone,Drawer)",<unparseable> | <unparseable>,0 | 0,0,1,"GotoLocation(Bed); PickupObject(CellPhone); GotoLocation(Drawer); OpenObject(Drawer); PutObject(CellPhone,Drawer); CloseObject(Drawer) | GotoLocation(Bed); PickupObject(CellPhone); GotoLocation(Drawer); PutObject(CellPhone,Drawer)",1 | 1,1,0,candidate_fixed
shard_4_cf_1961,Drawer,shard_4_exp0_11349 | shard_4_exp0_11348,closed | open,"GotoLocation(Bed); PickupObject(CellPhone); GotoLocation(Drawer); OpenObject(Drawer); PutObject(CellPhone,Drawer); CloseObject(Drawer) | GotoLocation(Bed); PickupObject(CellPhone); GotoLocation(Drawer); PutObject(CellPhone,Drawer)",<unparseable> | <unparseable>,0 | 0,0,1,"GotoLocation(Bed); PickupObject(CellPhone); GotoLocation(Drawer); OpenObject(Drawer); PutObject(CellPhone,Drawer); CloseObject(Drawer) | GotoLocation(Bed); PickupObject(CellPhone); GotoLocation(Drawer); PutObject(CellPhone,Drawer)",1 | 1,1,0,candidate_fixed
shard_4_cf_1992,Drawer,shard_4_exp0_11483 | shard_4_exp0_11482,closed | open,GotoLocation(Drawer); OpenObject(Drawer) | GotoLocation(Drawer),<unparseable> | <unparseable>,0 | 0,0,1,GotoLocation(Drawer); OpenObject(Drawer) | GotoLocation(Drawer),1 | 1,1,0,candidate_fixed
shard_4_cf_1993,Drawer,shard_4_exp0_11485 | shard_4_exp0_11484,closed | open,GotoLocation(Drawer); OpenObject(Drawer) | GotoLocation(Drawer),<unparseable> | <unparseable>,0 | 0,0,1,GotoLocation(Drawer); OpenObject(Drawer) | GotoLocation(Drawer); OpenObject(Drawer),1 | 0,0,1,both_not_exact
shard_4_cf_1994,Drawer,shard_4_exp0_11487 | shard_4_exp0_11486,closed | open,GotoLocation(Drawer); OpenObject(Drawer) | GotoLocation(Drawer),<unparseable> | <unparseable>,0 | 0,0,1,GotoLocation(Drawer); OpenObject(Drawer) | GotoLocation(Drawer),1 | 1,1,0,candidate_fixed
shard_4_cf_2016,Drawer,shard_4_exp0_11548 | shard_4_exp0_11547,closed | open,GotoLocation(Drawer); OpenObject(Drawer) | GotoLocation(Drawer),<unparseable> | <unparseable>,0 | 0,0,1,GotoLocation(Drawer); OpenObject(Drawer) | GotoLocation(Drawer),1 | 1,1,0,candidate_fixed
shard_4_cf_2017,Fridge,shard_4_exp0_11551 | shard_4_exp0_11550,closed | open,GotoLocation(Fridge); OpenObject(Fridge) | GotoLocation(Fridge),<unparseable> | <unparseable>,0 | 0,0,1,GotoLocation(Fridge); OpenObject(Fridge) | GotoLocation(Fridge),1 | 1,1,0,candidate_fixed
shard_4_cf_2018,Drawer,shard_4_exp0_11553 | shard_4_exp0_11552,closed | open,"GotoLocation(KeyChain); PickupObject(KeyChain); GotoLocation(Drawer); OpenObject(Drawer); PutObject(KeyChain,Drawer); CloseObject(Drawer) | GotoLocation(KeyChain); PickupObject(KeyChain); GotoLocation(Drawer); PutObject(KeyChain,Drawer)",<unparseable> | <unparseable>,0 | 0,0,1,"GotoLocation(Dresser); PickupObject(KeyChain); GotoLocation(Drawer); OpenObject(Drawer); PutObject(KeyChain,Drawer); CloseObject(Drawer) | GotoLocation(Dresser); PickupObject(KeyChain); GotoLocation(Drawer); PutObject(KeyChain,Drawer)",0 | 0,0,0,both_not_exact
shard_4_cf_2107,Fridge,shard_4_exp0_11828 | shard_4_exp0_11827,closed | open,GotoLocation(Fridge); OpenObject(Fridge) | GotoLocation(Fridge),<unparseable> | <unparseable>,0 | 0,0,1,GotoLocation(Fridge); OpenObject(Fridge) | GotoLocation(Fridge),1 | 1,1,0,candidate_fixed
shard_4_cf_2108,Microwave,shard_4_exp0_11830 | shard_4_exp0_11829,closed | open,GotoLocation(Microwave); OpenObject(Microwave) | GotoLocation(Microwave),<unparseable> | <unparseable>,0 | 0,0,1,GotoLocation(Microwave); OpenObject(Microwave) | GotoLocation(Microwave),1 | 1,1,0,candidate_fixed
shard_4_cf_2109,Drawer,shard_4_exp0_11832 | shard_4_exp0_11831,closed | open,GotoLocation(Drawer); OpenObject(Drawer) | GotoLocation(Drawer),<unparseable> | <unparseable>,0 | 0,0,1,GotoLocation(Drawer); OpenObject(Drawer) | GotoLocation(Drawer),1 | 1,1,0,candidate_fixed
shard_4_cf_2110,Drawer,shard_4_exp0_11836 | shard_4_exp0_11835,closed | open,GotoLocation(Drawer); OpenObject(Drawer) | GotoLocation(Drawer),<unparseable> | <unparseable>,0 | 0,0,1,GotoLocation(Drawer); OpenObject(Drawer) | GotoLocation(Drawer),1 | 1,1,0,candidate_fixed
shard_4_cf_2139,Drawer,shard_4_exp0_11908 | shard_4_exp0_11907,closed | open,GotoLocation(Drawer); OpenObject(Drawer) | GotoLocation(Drawer),<unparseable> | <unparseable>,0 | 0,0,1,GotoLocation(Drawer); OpenObject(Drawer) | GotoLocation(Drawer),1 | 1,1,0,candidate_fixed
shard_4_cf_2210,Drawer,shard_4_exp0_12092 | shard_4_exp0_12091,closed | open,GotoLocation(Drawer); OpenObject(Drawer) | GotoLocation(Drawer),<unparseable> | <unparseable>,0 | 0,0,1,GotoLocation(Drawer); OpenObject(Drawer) | GotoLocation(Drawer); OpenObject(Drawer),1 | 0,0,1,both_not_exact
shard_4_cf_2211,Drawer,shard_4_exp0_12094 | shard_4_exp0_12093,closed | open,GotoLocation(Drawer); OpenObject(Drawer) | GotoLocation(Drawer),<unparseable> | <unparseable>,0 | 0,0,1,GotoLocation(Drawer) | GotoLocation(Drawer),0 | 1,0,1,both_not_exact
shard_4_cf_2212,Microwave,shard_4_exp0_12096 | shard_4_exp0_12095,closed | open,GotoLocation(Microwave); OpenObject(Microwave) | GotoLocation(Microwave),<unparseable> | <unparseable>,0 | 0,0,1,GotoLocation(Microwave); OpenObject(Microwave) | GotoLocation(Microwave),1 | 1,1,0,candidate_fixed
shard_4_cf_2221,Drawer,shard_4_exp0_12119 | shard_4_exp0_12118,closed | open,GotoLocation(Drawer); OpenObject(Drawer) | GotoLocation(Drawer),<unparseable> | <unparseable>,0 | 0,0,1,GotoLocation(Drawer); OpenObject(Drawer) | GotoLocation(Drawer),1 | 1,1,0,candidate_fixed
shard_4_cf_2222,Fridge,shard_4_exp0_12121 | shard_4_exp0_12120,closed | open,GotoLocation(Fridge); OpenObject(Fridge) | GotoLocation(Fridge),<unparseable> | <unparseable>,0 | 0,0,1,GotoLocation(Fridge); OpenObject(Fridge) | GotoLocation(Fridge),1 | 1,1,0,candidate_fixed
shard_4_cf_2223,Drawer,shard_4_exp0_12124 | shard_4_exp0_12123,closed | open,"GotoLocation(Desk); PickupObject(Pencil); GotoLocation(Drawer); OpenObject(Drawer); PutObject(Pencil,Drawer); CloseObject(Drawer) | GotoLocation(Desk); PickupObject(Pencil); GotoLocation(Drawer); PutObject(Pencil,Drawer)",<unparseable> | <unparseable>,0 | 0,0,1,"GotoLocation(Desk); PickupObject(Pencil); GotoLocation(Drawer); OpenObject(Drawer); PutObject(Pencil,Drawer); CloseObject(Drawer) | GotoLocation(Desk); PickupObject(Pencil); GotoLocation(Drawer); PutObject(Pencil,Drawer)",1 | 1,1,0,candidate_fixed
shard_4_cf_2224,Drawer,shard_4_exp0_12126 | shard_4_exp0_12125,closed | open,GotoLocation(Drawer); OpenObject(Drawer) | GotoLocation(Drawer),<unparseable> | <unparseable>,0 | 0,0,1,GotoLocation(Drawer); OpenObject(Drawer) | GotoLocation(Drawer),1 | 1,1,0,candidate_fixed
shard_4_cf_2225,Drawer,shard_4_exp0_12129 | shard_4_exp0_12128,closed | open,"GotoLocation(DiningTable); PickupObject(Pen); GotoLocation(Drawer); OpenObject(Drawer); PutObject(Pen,Drawer); CloseObject(Drawer) | GotoLocation(DiningTable); PickupObject(Pen); GotoLocation(Drawer); PutObject(Pen,Drawer)",<unparseable> | <unparseable>,0 | 0,0,1,"GotoLocation(DiningTable); PickupObject(Pen); GotoLocation(Drawer); OpenObject(Drawer); PutObject(Pen,Drawer); CloseObject(Drawer) | GotoLocation(DiningTable); PickupObject(Pen); GotoLocation(Drawer); PutObject(Pen,Drawer)",1 | 1,1,0,candidate_fixed
shard_4_cf_2235,Fridge,shard_4_exp0_12174 | shard_4_exp0_12173,closed | open,GotoLocation(Fridge); OpenObject(Fridge) | GotoLocation(Fridge),<unparseable> | <unparseable>,0 | 0,0,1,GotoLocation(Fridge); OpenObject(Fridge) | GotoLocation(Fridge),1 | 1,1,0,candidate_fixed
shard_4_cf_2240,Fridge,shard_4_exp0_12191 | shard_4_exp0_12190,closed | open,GotoLocation(Fridge); OpenObject(Fridge) | GotoLocation(Fridge),<unparseable> | <unparseable>,0 | 0,0,1,GotoLocation(Fridge); OpenObject(Fridge) | GotoLocation(Fridge),1 | 1,1,0,candidate_fixed
shard_4_cf_2250,Fridge,shard_4_exp0_12212 | shard_4_exp0_12211,closed | open,"GotoLocation(CounterTop); PickupObject(Cup); GotoLocation(Fridge); OpenObject(Fridge); PutObject(Cup,Fridge); CloseObject(Fridge) | GotoLocation(CounterTop); PickupObject(Cup); GotoLocation(Fridge); PutObject(Cup,Fridge)",<unparseable> | <unparseable>,0 | 0,0,1,"GotoLocation(CounterTop); PickupObject(Cup); GotoLocation(Fridge); OpenObject(Fridge); PutObject(Cup,Fridge); CloseObject(Fridge) | GotoLocation(CounterTop); PickupObject(Cup); GotoLocation(Fridge); OpenObject(Fridge); PutObject(Cup,Fridge); CloseObject(Fridge)",1 | 0,0,1,both_not_exact
shard_4_cf_2251,Drawer,shard_4_exp0_12214 | shard_4_exp0_12213,closed | open,GotoLocation(Drawer); OpenObject(Drawer) | GotoLocation(Drawer),<unparseable> | <unparseable>,0 | 0,0,1,GotoLocation(Drawer); OpenObject(Drawer) | GotoLocation(Drawer),1 | 1,1,0,candidate_fixed
shard_4_cf_2252,Drawer,shard_4_exp0_12218 | shard_4_exp0_12217,closed | open,GotoLocation(Drawer); OpenObject(Drawer) | GotoLocation(Drawer),<unparseable> | <unparseable>,0 | 0,0,1,GotoLocation(Drawer); OpenObject(Drawer) | GotoLocation(Drawer),1 | 1,1,0,candidate_fixed
shard_4_cf_2280,Fridge,shard_4_exp0_12305 | shard_4_exp0_12304,closed | open,GotoLocation(Fridge); OpenObject(Fridge) | GotoLocation(Fridge),<unparseable> | <unparseable>,0 | 0,0,1,GotoLocation(Fridge); OpenObject(Fridge) | GotoLocation(Fridge),1 | 1,1,0,candidate_fixed
shard_4_cf_2281,Fridge,shard_4_exp0_12307 | shard_4_exp0_12306,closed | open,GotoLocation(Fridge); OpenObject(Fridge) | GotoLocation(Fridge),<unparseable> | <unparseable>,0 | 0,0,1,GotoLocation(Fridge); OpenObject(Fridge) | GotoLocation(Fridge),1 | 1,1,0,candidate_fixed
shard_4_cf_2282,Fridge,shard_4_exp0_12310 | shard_4_exp0_12309,closed | open,"GotoLocation(Shelf); PickupObject(Apple); GotoLocation(Fridge); OpenObject(Fridge); PutObject(Apple,Fridge); CloseObject(Fridge) | GotoLocation(Shelf); PickupObject(Apple); GotoLocation(Fridge); PutObject(Apple,Fridge)",<unparseable> | <unparseable>,0 | 0,0,1,"GotoLocation(Shelf); PickupObject(Apple); GotoLocation(Fridge); OpenObject(Fridge); PutObject(Apple,Fridge); CloseObject(Fridge) | GotoLocation(Shelf); PickupObject(Apple); GotoLocation(Fridge); PutObject(Apple,Fridge)",1 | 1,1,0,candidate_fixed
shard_4_cf_2285,Drawer,shard_4_exp0_12318 | shard_4_exp0_12317,closed | open,"GotoLocation(Dresser); PickupObject(Book); GotoLocation(Drawer); OpenObject(Drawer); PutObject(Book,Drawer); CloseObject(Drawer) | GotoLocation(Dresser); PickupObject(Book); GotoLocation(Drawer); PutObject(Book,Drawer)",<unparseable> | <unparseable>,0 | 0,0,1,"GotoLocation(Dresser); PickupObject(Book); GotoLocation(Drawer); OpenObject(Drawer); PutObject(Book,Drawer); CloseObject(Drawer) | GotoLocation(Dresser); PickupObject(Book); GotoLocation(Drawer); PutObject(Book,Drawer)",1 | 1,1,0,candidate_fixed
shard_4_cf_2286,Safe,shard_4_exp0_12320 | shard_4_exp0_12319,closed | open,GotoLocation(Safe); OpenObject(Safe) | GotoLocation(Safe),<unparseable> | <unparseable>,0 | 0,0,1,GotoLocation(Safe); OpenObject(Safe) | GotoLocation(Safe); OpenObject(Safe),1 | 0,0,1,both_not_exact
shard_4_cf_2287,Fridge,shard_4_exp0_12322 | shard_4_exp0_12321,closed | open,GotoLocation(Fridge); OpenObject(Fridge) | GotoLocation(Fridge),<unparseable> | <unparseable>,0 | 0,0,1,GotoLocation(Fridge) | GotoLocation(Fridge),0 | 1,0,1,both_not_exact
shard_4_cf_2288,Fridge,shard_4_exp0_12324 | shard_4_exp0_12323,closed | open,GotoLocation(Fridge); OpenObject(Fridge) | GotoLocation(Fridge),<unparseable> | <unparseable>,0 | 0,0,1,GotoLocation(Fridge); OpenObject(Fridge) | GotoLocation(Fridge),1 | 1,1,0,candidate_fixed
shard_4_cf_2289,Fridge,shard_4_exp0_12326 | shard_4_exp0_12325,closed | open,GotoLocation(Fridge); OpenObject(Fridge) | GotoLocation(Fridge),<unparseable> | <unparseable>,0 | 0,0,1,GotoLocation(Fridge); OpenObject(Fridge) | GotoLocation(Fridge),1 | 1,1,0,candidate_fixed
shard_4_cf_2292,Drawer,shard_4_exp0_12333 | shard_4_exp0_12332,closed | open,"GotoLocation(Dresser); PickupObject(Pencil); GotoLocation(Drawer); OpenObject(Drawer); PutObject(Pencil,Drawer); CloseObject(Drawer) | GotoLocation(Dresser); PickupObject(Pencil); GotoLocation(Drawer); PutObject(Pencil,Drawer)",<unparseable> | <unparseable>,0 | 0,0,1,"GotoLocation(Dresser); PickupObject(Pencil); GotoLocation(Drawer); OpenObject(Drawer); PutObject(Pencil,Drawer); CloseObject(Drawer) | GotoLocation(Dresser); PickupObject(Pencil); GotoLocation(Drawer); PutObject(Pencil,Drawer)",1 | 1,1,0,candidate_fixed
shard_4_cf_2293,Drawer,shard_4_exp0_12335 | shard_4_exp0_12334,closed | open,GotoLocation(Drawer); OpenObject(Drawer) | GotoLocation(Drawer),<unparseable> | <unparseable>,0 | 0,0,1,GotoLocation(Drawer); OpenObject(Drawer) | GotoLocation(Drawer),1 | 1,1,0,candidate_fixed
shard_4_cf_2294,Drawer,shard_4_exp0_12337 | shard_4_exp0_12336,closed | open,"GotoLocation(Dresser); PickupObject(Watch); GotoLocation(Drawer); OpenObject(Drawer); PutObject(Watch,Drawer); CloseObject(Drawer) | GotoLocation(Dresser); PickupObject(Watch); GotoLocation(Drawer); PutObject(Watch,Drawer)",<unparseable> | <unparseable>,0 | 0,0,1,"GotoLocation(Dresser); PickupObject(Watch); GotoLocation(Drawer); OpenObject(Drawer); PutObject(Watch,Drawer); CloseObject(Drawer) | GotoLocation(Dresser); PickupObject(Watch); GotoLocation(Drawer); PutObject(Watch,Drawer)",1 | 1,1,0,candidate_fixed
shard_4_cf_2303,Drawer,shard_4_exp0_12360 | shard_4_exp0_12359,closed | open,GotoLocation(Drawer); OpenObject(Drawer) | GotoLocation(Drawer),<unparseable> | <unparseable>,0 | 0,0,1,GotoLocation(Drawer); OpenObject(Drawer) | GotoLocation(Drawer),1 | 1,1,0,candidate_fixed
shard_4_cf_2304,Fridge,shard_4_exp0_12364 | shard_4_exp0_12363,closed | open,GotoLocation(Fridge); OpenObject(Fridge) | GotoLocation(Fridge),<unparseable> | <unparseable>,0 | 0,0,1,GotoLocation(Fridge); OpenObject(Fridge) | GotoLocation(Fridge),1 | 1,1,0,candidate_fixed
shard_4_cf_2311,Drawer,shard_4_exp0_12391 | shard_4_exp0_12390,closed | open,GotoLocation(Drawer); OpenObject(Drawer) | GotoLocation(Drawer),<unparseable> | <unparseable>,0 | 0,0,1,GotoLocation(Drawer); OpenObject(Drawer) | GotoLocation(Drawer); OpenObject(Drawer),1 | 0,0,1,both_not_exact
shard_4_cf_2312,Fridge,shard_4_exp0_12393 | shard_4_exp0_12392,closed | open,GotoLocation(Fridge); OpenObject(Fridge) | GotoLocation(Fridge),<unparseable> | <unparseable>,0 | 0,0,1,GotoLocation(Fridge); OpenObject(Fridge) | GotoLocation(Fridge),1 | 1,1,0,candidate_fixed
shard_4_cf_2313,Drawer,shard_4_exp0_12395 | shard_4_exp0_12394,closed | open,"GotoLocation(SideTable); PickupObject(RemoteControl); GotoLocation(Drawer); OpenObject(Drawer); PutObject(RemoteControl,Drawer); CloseObject(Drawer) | GotoLocation(SideTable); PickupObject(RemoteControl); GotoLocation(Drawer); PutObject(RemoteControl,Drawer)",<unparseable> | <unparseable>,0 | 0,0,1,"GotoLocation(SideTable); PickupObject(RemoteControl); GotoLocation(Drawer); OpenObject(Drawer); PutObject(RemoteControl,Drawer); CloseObject(Drawer) | GotoLocation(SideTable); PickupObject(RemoteControl); GotoLocation(Drawer); PutObject(RemoteControl,Drawer)",1 | 1,1,0,candidate_fixed
shard_5_cf_0025,Drawer,shard_5_exp0_0224 | shard_5_exp0_0223,closed | open,GotoLocation(Drawer); OpenObject(Drawer) | GotoLocation(Drawer),<unparseable> | <unparseable>,0 | 0,0,1,GotoLocation(Drawer); OpenObject(Drawer) | GotoLocation(Drawer),1 | 1,1,0,candidate_fixed
shard_5_cf_0026,Drawer,shard_5_exp0_0226 | shard_5_exp0_0225,closed | open,GotoLocation(Drawer); OpenObject(Drawer) | GotoLocation(Drawer),<unparseable> | <unparseable>,0 | 0,0,1,GotoLocation(Drawer); OpenObject(Drawer) | GotoLocation(Drawer),1 | 1,1,0,candidate_fixed
shard_5_cf_0027,Fridge,shard_5_exp0_0238 | shard_5_exp0_0237,closed | open,GotoLocation(Fridge); OpenObject(Fridge) | GotoLocation(Fridge),<unparseable> | <unparseable>,0 | 0,0,1,GotoLocation(Fridge); OpenObject(Fridge) | GotoLocation(Fridge),1 | 1,1,0,candidate_fixed
shard_5_cf_0028,Drawer,shard_5_exp0_0243 | shard_5_exp0_0242,closed | open,GotoLocation(Drawer); OpenObject(Drawer) | GotoLocation(Drawer),<unparseable> | <unparseable>,0 | 0,0,1,GotoLocation(Drawer); OpenObject(Drawer) | GotoLocation(Drawer),1 | 1,1,0,candidate_fixed
shard_5_cf_0035,Drawer,shard_5_exp0_0312 | shard_5_exp0_0311,closed | open,GotoLocation(Drawer); OpenObject(Drawer) | GotoLocation(Drawer),<unparseable> | <unparseable>,0 | 0,0,1,GotoLocation(Drawer); OpenObject(Drawer) | GotoLocation(Drawer),1 | 1,1,0,candidate_fixed
shard_5_cf_0037,Fridge,shard_5_exp0_0340 | shard_5_exp0_0339,closed | open,GotoLocation(Fridge); OpenObject(Fridge) | GotoLocation(Fridge),<unparseable> | <unparseable>,0 | 0,0,1,GotoLocation(Fridge); OpenObject(Fridge) | GotoLocation(Fridge),1 | 1,1,0,candidate_fixed
shard_5_cf_0038,Drawer,shard_5_exp0_0342 | shard_5_exp0_0341,closed | open,"GotoLocation(Dresser); PickupObject(CellPhone); GotoLocation(Drawer); OpenObject(Drawer); PutObject(CellPhone,Drawer); CloseObject(Drawer) | GotoLocation(Dresser); PickupObject(CellPhone); GotoLocation(Drawer); PutObject(CellPhone,Drawer)",<unparseable> | <unparseable>,0 | 0,0,1,"GotoLocation(DiningTable); PickupObject(CellPhone); GotoLocation(Drawer); OpenObject(Drawer); PutObject(CellPhone,Drawer); CloseObject(Drawer) | GotoLocation(DiningTable); PickupObject(CellPhone); GotoLocation(Drawer); PutObject(CellPhone,Drawer)",0 | 0,0,0,both_not_exact
shard_5_cf_0043,Drawer,shard_5_exp0_0412 | shard_5_exp0_0411,closed | open,GotoLocation(Drawer); OpenObject(Drawer) | GotoLocation(Drawer),<unparseable> | <unparseable>,0 | 0,0,1,GotoLocation(Drawer); OpenObject(Drawer) | GotoLocation(Drawer),1 | 1,1,0,candidate_fixed
shard_5_cf_0044,Drawer,shard_5_exp0_0418 | shard_5_exp0_0417,closed | open,"GotoLocation(DiningTable); PickupObject(Pen); GotoLocation(Drawer); OpenObject(Drawer); PutObject(Pen,Drawer); CloseObject(Drawer) | GotoLocation(DiningTable); PickupObject(Pen); GotoLocation(Drawer); PutObject(Pen,Drawer)",<unparseable> | <unparseable>,0 | 0,0,1,"GotoLocation(DiningTable); PickupObject(Pen); GotoLocation(Drawer); OpenObject(Drawer); PutObject(Pen,Drawer); CloseObject(Drawer) | GotoLocation(DiningTable); PickupObject(Pen); GotoLocation(Drawer); PutObject(Pen,Drawer)",1 | 1,1,0,candidate_fixed
shard_5_cf_0088,Drawer,shard_5_exp0_0952 | shard_5_exp0_0951,closed | open,GotoLocation(Drawer); OpenObject(Drawer) | GotoLocation(Drawer),<unparseable> | <unparseable>,0 | 0,0,1,GotoLocation(Drawer); OpenObject(Drawer) | GotoLocation(Drawer); OpenObject(Drawer),1 | 0,0,1,both_not_exact
shard_5_cf_0102,Drawer,shard_5_exp0_1090 | shard_5_exp0_1089,closed | open,GotoLocation(Drawer); OpenObject(Drawer) | GotoLocation(Drawer),<unparseable> | <unparseable>,0 | 0,0,1,GotoLocation(Drawer); OpenObject(Drawer) | GotoLocation(Drawer),1 | 1,1,0,candidate_fixed
shard_5_cf_0103,Drawer,shard_5_exp0_1093 | shard_5_exp0_1092,closed | open,GotoLocation(Drawer); OpenObject(Drawer) | GotoLocation(Drawer),<unparseable> | <unparseable>,0 | 0,0,1,GotoLocation(Drawer); OpenObject(Drawer) | GotoLocation(Drawer),1 | 1,1,0,candidate_fixed
shard_5_cf_0104,Drawer,shard_5_exp0_1097 | shard_5_exp0_1096,closed | open,"GotoLocation(DiningTable); PickupObject(Pencil); GotoLocation(Drawer); OpenObject(Drawer); PutObject(Pencil,Drawer); CloseObject(Drawer) | GotoLocation(DiningTable); PickupObject(Pencil); GotoLocation(Drawer); PutObject(Pencil,Drawer)",<unparseable> | <unparseable>,0 | 0,0,1,"GotoLocation(DiningTable); PickupObject(Pencil); GotoLocation(Drawer); OpenObject(Drawer); PutObject(Pencil,Drawer); CloseObject(Drawer) | GotoLocation(DiningTable); PickupObject(Pencil); GotoLocation(Drawer); PutObject(Pencil,Drawer)",1 | 1,1,0,candidate_fixed
shard_5_cf_0106,Drawer,shard_5_exp0_1132 | shard_5_exp0_1131,closed | open,GotoLocation(Drawer); OpenObject(Drawer) | GotoLocation(Drawer),<unparseable> | <unparseable>,0 | 0,0,1,GotoLocation(Drawer); OpenObject(Drawer) | GotoLocation(Drawer),1 | 1,1,0,candidate_fixed
shard_5_cf_0109,Drawer,shard_5_exp0_1172 | shard_5_exp0_1171,closed | open,"GotoLocation(SideTable); PickupObject(RemoteControl); GotoLocation(Drawer); OpenObject(Drawer); PutObject(RemoteControl,Drawer); CloseObject(Drawer) | GotoLocation(SideTable); PickupObject(RemoteControl); GotoLocation(Drawer); PutObject(RemoteControl,Drawer)",<unparseable> | <unparseable>,0 | 0,0,1,"GotoLocation(Dresser); PickupObject(RemoteControl); GotoLocation(Drawer); OpenObject(Drawer); PutObject(RemoteControl,Drawer); CloseObject(Drawer) | GotoLocation(Dresser); PickupObject(RemoteControl); GotoLocation(Drawer); PutObject(RemoteControl,Drawer)",0 | 0,0,0,both_not_exact
shard_5_cf_0149,Fridge,shard_5_exp0_1641 | shard_5_exp0_1640,closed | open,"GotoLocation(DiningTable); PickupObject(Bowl); GotoLocation(Fridge); OpenObject(Fridge); PutObject(Bowl,Fridge); CloseObject(Fridge) | GotoLocation(DiningTable); PickupObject(Bowl); GotoLocation(Fridge); PutObject(Bowl,Fridge)",<unparseable> | <unparseable>,0 | 0,0,1,"GotoLocation(DiningTable); PickupObject(Bowl); GotoLocation(Fridge); OpenObject(Fridge); PutObject(Bowl,Fridge); CloseObject(Fridge) | GotoLocation(DiningTable); PickupObject(Bowl); GotoLocation(Fridge); PutObject(Bowl,Fridge)",1 | 1,1,0,candidate_fixed
shard_5_cf_0150,Drawer,shard_5_exp0_1650 | shard_5_exp0_1649,closed | open,GotoLocation(Drawer); OpenObject(Drawer) | GotoLocation(Drawer),<unparseable> | <unparseable>,0 | 0,0,1,GotoLocation(Drawer); OpenObject(Drawer) | GotoLocation(Drawer),1 | 1,1,0,candidate_fixed
shard_5_cf_0151,Drawer,shard_5_exp0_1658 | shard_5_exp0_1657,closed | open,GotoLocation(Drawer); OpenObject(Drawer) | GotoLocation(Drawer),<unparseable> | <unparseable>,0 | 0,0,1,GotoLocation(Drawer); OpenObject(Drawer) | GotoLocation(Drawer),1 | 1,1,0,candidate_fixed
shard_5_cf_0209,Drawer,shard_5_exp0_2153 | shard_5_exp0_2152,closed | open,GotoLocation(Drawer); OpenObject(Drawer) | GotoLocation(Drawer),<unparseable> | <unparseable>,0 | 0,0,1,GotoLocation(Drawer); OpenObject(Drawer) | GotoLocation(Drawer),1 | 1,1,0,candidate_fixed
shard_5_cf_0215,Microwave,shard_5_exp0_2225 | shard_5_exp0_2224,closed | open,"GotoLocation(DiningTable); PickupObject(Potato); GotoLocation(Microwave); OpenObject(Microwave); PutObject(Potato,Microwave); CloseObject(Microwave) | GotoLocation(DiningTable); PickupObject(Potato); GotoLocation(Microwave); PutObject(Potato,Microwave)",<unparseable> | <unparseable>,0 | 0,0,1,"GotoLocation(DiningTable); PickupObject(Potato); GotoLocation(Microwave); OpenObject(Microwave); PutObject(Potato,Microwave); CloseObject(Microwave) | GotoLocation(CounterTop); PickupObject(Potato); GotoLocation(Microwave); PutObject(Potato,Microwave)",1 | 0,0,0,both_not_exact
shard_5_cf_0248,Drawer,shard_5_exp0_2610 | shard_5_exp0_2609,closed | open,"GotoLocation(Dresser); PickupObject(CreditCard); GotoLocation(Drawer); OpenObject(Drawer); PutObject(CreditCard,Drawer); CloseObject(Drawer) | GotoLocation(Dresser); PickupObject(CreditCard); GotoLocation(Drawer); PutObject(CreditCard,Drawer)",<unparseable> | <unparseable>,0 | 0,0,1,"GotoLocation(Dresser); PickupObject(CreditCard); GotoLocation(Drawer); OpenObject(Drawer); PutObject(CreditCard,Drawer); CloseObject(Drawer) | GotoLocation(Dresser); PickupObject(CreditCard); GotoLocation(Drawer); PutObject(CreditCard,Drawer)",1 | 1,1,0,candidate_fixed
shard_5_cf_0249,Drawer,shard_5_exp0_2618 | shard_5_exp0_2617,closed | open,GotoLocation(Drawer); OpenObject(Drawer) | GotoLocation(Drawer),<unparseable> | <unparseable>,0 | 0,0,1,GotoLocation(Drawer); OpenObject(Drawer) | GotoLocation(Drawer),1 | 1,1,0,candidate_fixed
shard_5_cf_0261,Drawer,shard_5_exp0_2741 | shard_5_exp0_2740,closed | open,"GotoLocation(Dresser); PickupObject(CellPhone); GotoLocation(Drawer); OpenObject(Drawer); PutObject(CellPhone,Drawer); CloseObject(Drawer) | GotoLocation(Dresser); PickupObject(CellPhone); GotoLocation(Drawer); PutObject(CellPhone,Drawer)",<unparseable> | <unparseable>,0 | 0,0,1,"GotoLocation(Dresser); PickupObject(CellPhone); GotoLocation(Drawer); OpenObject(Drawer); PutObject(CellPhone,Drawer); CloseObject(Drawer) | GotoLocation(Dresser); PickupObject(CellPhone); GotoLocation(Drawer); PutObject(CellPhone,Drawer)",1 | 1,1,0,candidate_fixed
shard_5_cf_0262,Drawer,shard_5_exp0_2744 | shard_5_exp0_2743,closed | open,GotoLocation(Drawer); OpenObject(Drawer) | GotoLocation(Drawer),<unparseable> | <unparseable>,0 | 0,0,1,GotoLocation(Drawer); OpenObject(Drawer) | GotoLocation(Drawer),1 | 1,1,0,candidate_fixed
shard_5_cf_0263,Fridge,shard_5_exp0_2747 | shard_5_exp0_2746,closed | open,GotoLocation(Fridge); OpenObject(Fridge) | GotoLocation(Fridge),<unparseable> | <unparseable>,0 | 0,0,1,GotoLocation(Fridge); OpenObject(Fridge) | GotoLocation(Fridge),1 | 1,1,0,candidate_fixed
shard_5_cf_0267,Drawer,shard_5_exp0_2762 | shard_5_exp0_2761,closed | open,"GotoLocation(Dresser); PickupObject(CreditCard); GotoLocation(Drawer); OpenObject(Drawer); PutObject(CreditCard,Drawer); CloseObject(Drawer) | GotoLocation(Dresser); PickupObject(CreditCard); GotoLocation(Drawer); PutObject(CreditCard,Drawer)",<unparseable> | <unparseable>,0 | 0,0,1,"GotoLocation(Dresser); PickupObject(CreditCard); GotoLocation(Drawer); OpenObject(Drawer); PutObject(CreditCard,Drawer); CloseObject(Drawer) | GotoLocation(Dresser); PickupObject(CreditCard); GotoLocation(Drawer); PutObject(CreditCard,Drawer)",1 | 1,1,0,candidate_fixed
shard_5_cf_0268,Fridge,shard_5_exp0_2765 | shard_5_exp0_2764,closed | open,GotoLocation(Fridge); OpenObject(Fridge) | GotoLocation(Fridge),<unparseable> | <unparseable>,0 | 0,0,1,GotoLocation(Fridge); OpenObject(Fridge) | GotoLocation(Fridge),1 | 1,1,0,candidate_fixed
shard_5_cf_0270,Drawer,shard_5_exp0_2770 | shard_5_exp0_2769,closed | open,GotoLocation(Drawer); OpenObject(Drawer) | GotoLocation(Drawer),<unparseable> | <unparseable>,0 | 0,0,1,GotoLocation(Drawer); OpenObject(Drawer) | GotoLocation(Drawer),1 | 1,1,0,candidate_fixed
shard_5_cf_0278,Drawer,shard_5_exp0_2846 | shard_5_exp0_2845,closed | open,GotoLocation(Drawer); OpenObject(Drawer) | GotoLocation(Drawer),<unparseable> | <unparseable>,0 | 0,0,1,GotoLocation(Drawer); OpenObject(Drawer) | GotoLocation(Drawer),1 | 1,1,0,candidate_fixed
shard_5_cf_0281,Drawer,shard_5_exp0_2873 | shard_5_exp0_2872,closed | open,"GotoLocation(Dresser); PickupObject(TissueBox); GotoLocation(Drawer); OpenObject(Drawer); PutObject(TissueBox,Drawer); CloseObject(Drawer) | GotoLocation(Dresser); PickupObject(TissueBox); GotoLocation(Drawer); PutObject(TissueBox,Drawer)",<unparseable> | <unparseable>,0 | 0,0,1,"GotoLocation(Dresser); PickupObject(TissueBox); GotoLocation(Drawer); OpenObject(Drawer); PutObject(TissueBox,Drawer); CloseObject(Drawer) | GotoLocation(Dresser); PickupObject(TissueBox); GotoLocation(Drawer); PutObject(TissueBox,Drawer)",1 | 1,1,0,candidate_fixed
shard_5_cf_0334,Drawer,shard_5_exp0_3343 | shard_5_exp0_3342,closed | open,"GotoLocation(Dresser); PickupObject(KeyChain); GotoLocation(Drawer); OpenObject(Drawer); PutObject(KeyChain,Drawer); CloseObject(Drawer) | GotoLocation(Dresser); PickupObject(KeyChain); GotoLocation(Drawer); PutObject(KeyChain,Drawer)",<unparseable> | <unparseable>,0 | 0,0,1,"GotoLocation(Dresser); PickupObject(KeyChain); GotoLocation(Drawer); OpenObject(Drawer); PutObject(KeyChain,Drawer); CloseObject(Drawer) | GotoLocation(Dresser); PickupObject(KeyChain); GotoLocation(Drawer); PutObject(KeyChain,Drawer)",1 | 1,1,0,candidate_fixed
shard_5_cf_0390,Fridge,shard_5_exp0_3826 | shard_5_exp0_3825,closed | open,GotoLocation(Fridge); OpenObject(Fridge) | GotoLocation(Fridge),<unparseable> | <unparseable>,0 | 0,0,1,GotoLocation(Fridge); OpenObject(Fridge) | GotoLocation(Fridge),1 | 1,1,0,candidate_fixed
shard_5_cf_0391,Fridge,shard_5_exp0_3828 | shard_5_exp0_3827,closed | open,GotoLocation(Fridge); OpenObject(Fridge) | GotoLocation(Fridge),<unparseable> | <unparseable>,0 | 0,0,1,GotoLocation(Fridge); OpenObject(Fridge) | GotoLocation(Fridge),1 | 1,1,0,candidate_fixed
shard_5_cf_0392,Fridge,shard_5_exp0_3831 | shard_5_exp0_3830,closed | open,"GotoLocation(CounterTop); PickupObject(Bowl); GotoLocation(Fridge); OpenObject(Fridge); PutObject(Bowl,Fridge); CloseObject(Fridge) | GotoLocation(CounterTop); PickupObject(Bowl); GotoLocation(Fridge); PutObject(Bowl,Fridge)",<unparseable> | <unparseable>,0 | 0,0,1,"GotoLocation(CounterTop); PickupObject(Bowl); GotoLocation(Fridge); OpenObject(Fridge); PutObject(Bowl,Fridge); CloseObject(Fridge) | GotoLocation(CounterTop); PickupObject(Bowl); GotoLocation(Fridge); PutObject(Bowl,Fridge)",1 | 1,1,0,candidate_fixed
shard_5_cf_0397,Fridge,shard_5_exp0_3880 | shard_5_exp0_3879,closed | open,GotoLocation(Fridge); OpenObject(Fridge) | GotoLocation(Fridge),<unparseable> | <unparseable>,0 | 0,0,1,GotoLocation(Fridge); OpenObject(Fridge) | GotoLocation(Fridge),1 | 1,1,0,candidate_fixed
shard_5_cf_0424,Drawer,shard_5_exp0_4177 | shard_5_exp0_4176,closed | open,GotoLocation(Drawer); OpenObject(Drawer) | GotoLocation(Drawer),<unparseable> | <unparseable>,0 | 0,0,1,GotoLocation(Drawer); OpenObject(Drawer) | GotoLocation(Drawer),1 | 1,1,0,candidate_fixed
shard_5_cf_0425,Drawer,shard_5_exp0_4180 | shard_5_exp0_4179,closed | open,GotoLocation(Drawer); OpenObject(Drawer) | GotoLocation(Drawer),<unparseable> | <unparseable>,0 | 0,0,1,GotoLocation(Drawer); OpenObject(Drawer) | GotoLocation(Drawer),1 | 1,1,0,candidate_fixed
shard_5_cf_0426,Drawer,shard_5_exp0_4184 | shard_5_exp0_4183,closed | open,GotoLocation(Drawer); OpenObject(Drawer) | GotoLocation(Drawer),<unparseable> | <unparseable>,0 | 0,0,1,GotoLocation(Drawer); OpenObject(Drawer) | GotoLocation(Drawer),1 | 1,1,0,candidate_fixed
shard_5_cf_0427,Drawer,shard_5_exp0_4189 | shard_5_exp0_4188,closed | open,GotoLocation(Drawer); OpenObject(Drawer) | GotoLocation(Drawer),<unparseable> | <unparseable>,0 | 0,0,1,GotoLocation(Drawer) | GotoLocation(Drawer),0 | 1,0,1,both_not_exact
shard_5_cf_0443,Microwave,shard_5_exp0_4326 | shard_5_exp0_4325,closed | open,GotoLocation(Microwave); OpenObject(Microwave) | GotoLocation(Microwave),<unparseable> | <unparseable>,0 | 0,0,1,GotoLocation(Microwave); OpenObject(Microwave) | GotoLocation(Microwave); OpenObject(Microwave),1 | 0,0,1,both_not_exact
shard_5_cf_0444,Drawer,shard_5_exp0_4331 | shard_5_exp0_4330,closed | open,GotoLocation(Drawer); OpenObject(Drawer) | GotoLocation(Drawer),<unparseable> | <unparseable>,0 | 0,0,1,GotoLocation(Drawer); OpenObject(Drawer) | GotoLocation(Drawer); OpenObject(Drawer),1 | 0,0,1,both_not_exact
shard_5_cf_0445,Drawer,shard_5_exp0_4335 | shard_5_exp0_4334,closed | open,GotoLocation(Drawer); OpenObject(Drawer) | GotoLocation(Drawer),<unparseable> | <unparseable>,0 | 0,0,1,GotoLocation(Drawer); OpenObject(Drawer) | GotoLocation(Drawer),1 | 1,1,0,candidate_fixed
shard_5_cf_0481,Drawer,shard_5_exp0_4635 | shard_5_exp0_4634,closed | open,GotoLocation(Drawer); OpenObject(Drawer) | GotoLocation(Drawer),<unparseable> | <unparseable>,0 | 0,0,1,GotoLocation(Drawer); OpenObject(Drawer) | GotoLocation(Drawer); OpenObject(Drawer),1 | 0,0,1,both_not_exact
shard_5_cf_0544,Drawer,shard_5_exp0_5136 | shard_5_exp0_5135,closed | open,GotoLocation(Drawer); OpenObject(Drawer) | GotoLocation(Drawer),<unparseable> | <unparseable>,0 | 0,0,1,GotoLocation(Drawer); OpenObject(Drawer) | GotoLocation(Drawer),1 | 1,1,0,candidate_fixed
shard_5_cf_0545,Safe,shard_5_exp0_5138 | shard_5_exp0_5137,closed | open,GotoLocation(Safe); OpenObject(Safe) | GotoLocation(Safe),<unparseable> | <unparseable>,0 | 0,0,1,GotoLocation(Safe); OpenObject(Safe) | GotoLocation(Safe); OpenObject(Safe),1 | 0,0,1,both_not_exact
shard_5_cf_0546,Drawer,shard_5_exp0_5146 | shard_5_exp0_5145,closed | open,GotoLocation(Drawer); OpenObject(Drawer) | GotoLocation(Drawer),<unparseable> | <unparseable>,0 | 0,0,1,GotoLocation(Drawer); OpenObject(Drawer) | GotoLocation(Drawer),1 | 1,1,0,candidate_fixed
shard_5_cf_0547,Drawer,shard_5_exp0_5152 | shard_5_exp0_5151,closed | open,GotoLocation(Drawer); OpenObject(Drawer) | GotoLocation(Drawer),<unparseable> | <unparseable>,0 | 0,0,1,GotoLocation(Drawer); OpenObject(Drawer) | GotoLocation(Drawer),1 | 1,1,0,candidate_fixed
shard_5_cf_0564,Drawer,shard_5_exp0_5286 | shard_5_exp0_5285,closed | open,GotoLocation(Drawer); OpenObject(Drawer) | GotoLocation(Drawer),<unparseable> | <unparseable>,0 | 0,0,1,GotoLocation(Drawer); OpenObject(Drawer) | GotoLocation(Drawer),1 | 1,1,0,candidate_fixed
shard_5_cf_0565,Drawer,shard_5_exp0_5292 | shard_5_exp0_5291,closed | open,"GotoLocation(Dresser); PickupObject(RemoteControl); GotoLocation(Drawer); OpenObject(Drawer); PutObject(RemoteControl,Drawer); CloseObject(Drawer) | GotoLocation(Dresser); PickupObject(RemoteControl); GotoLocation(Drawer); PutObject(RemoteControl,Drawer)",<unparseable> | <unparseable>,0 | 0,0,1,"GotoLocation(Dresser); PickupObject(RemoteControl); GotoLocation(Drawer); OpenObject(Drawer); PutObject(RemoteControl,Drawer); CloseObject(Drawer) | GotoLocation(Desk); PickupObject(RemoteControl); GotoLocation(Drawer); PutObject(RemoteControl,Drawer)",1 | 0,0,0,both_not_exact
shard_5_cf_0586,Drawer,shard_5_exp0_5447 | shard_5_exp0_5446,closed | open,GotoLocation(Drawer); OpenObject(Drawer) | GotoLocation(Drawer),<unparseable> | <unparseable>,0 | 0,0,1,GotoLocation(Drawer); OpenObject(Drawer) | GotoLocation(Drawer),1 | 1,1,0,candidate_fixed
shard_5_cf_0587,Drawer,shard_5_exp0_5450 | shard_5_exp0_5449,closed | open,GotoLocation(Drawer); OpenObject(Drawer) | GotoLocation(Drawer),<unparseable> | <unparseable>,0 | 0,0,1,GotoLocation(Drawer); OpenObject(Drawer) | GotoLocation(Drawer),1 | 1,1,0,candidate_fixed
shard_5_cf_0699,Drawer,shard_5_exp0_6209 | shard_5_exp0_6208,closed | open,"GotoLocation(DiningTable); PickupObject(KeyChain); GotoLocation(Drawer); OpenObject(Drawer); PutObject(KeyChain,Drawer); CloseObject(Drawer) | GotoLocation(DiningTable); PickupObject(KeyChain); GotoLocation(Drawer); PutObject(KeyChain,Drawer)",<unparseable> | <unparseable>,0 | 0,0,1,"GotoLocation(DiningTable); PickupObject(KeyChain); GotoLocation(Drawer); OpenObject(Drawer); PutObject(KeyChain,Drawer); CloseObject(Drawer) | GotoLocation(DiningTable); PickupObject(KeyChain); GotoLocation(Drawer); PutObject(KeyChain,Drawer)",1 | 1,1,0,candidate_fixed
shard_5_cf_0703,Drawer,shard_5_exp0_6252 | shard_5_exp0_6251,closed | open,"GotoLocation(Dresser); PickupObject(CD); GotoLocation(Drawer); OpenObject(Drawer); PutObject(CD,Drawer); CloseObject(Drawer) | GotoLocation(Dresser); PickupObject(CD); GotoLocation(Drawer); PutObject(CD,Drawer)",<unparseable> | <unparseable>,0 | 0,0,1,"GotoLocation(Dresser); PickupObject(CD); GotoLocation(Drawer); OpenObject(Drawer); PutObject(CD,Drawer); CloseObject(Drawer) | GotoLocation(Dresser); PickupObject(CD); GotoLocation(Drawer); PutObject(CD,Drawer)",1 | 1,1,0,candidate_fixed
shard_5_cf_0704,Fridge,shard_5_exp0_6256 | shard_5_exp0_6255,closed | open,GotoLocation(Fridge); OpenObject(Fridge) | GotoLocation(Fridge),<unparseable> | <unparseable>,0 | 0,0,1,GotoLocation(Fridge); OpenObject(Fridge) | GotoLocation(Fridge),1 | 1,1,0,candidate_fixed
shard_5_cf_0705,Cabinet,shard_5_exp0_6259 | shard_5_exp0_6258,closed | open,GotoLocation(Cabinet); OpenObject(Cabinet) | GotoLocation(Cabinet),<unparseable> | <unparseable>,0 | 0,0,1,GotoLocation(Cabinet); OpenObject(Cabinet) | GotoLocation(Cabinet); OpenObject(Cabinet),1 | 0,0,1,both_not_exact
shard_5_cf_0706,Drawer,shard_5_exp0_6262 | shard_5_exp0_6261,closed | open,GotoLocation(Drawer); OpenObject(Drawer) | GotoLocation(Drawer),<unparseable> | <unparseable>,0 | 0,0,1,GotoLocation(Drawer); OpenObject(Drawer) | GotoLocation(Drawer),1 | 1,1,0,candidate_fixed
shard_5_cf_0714,Drawer,shard_5_exp0_6315 | shard_5_exp0_6314,closed | open,"GotoLocation(Dresser); PickupObject(CreditCard); GotoLocation(Drawer); OpenObject(Drawer); PutObject(CreditCard,Drawer); CloseObject(Drawer) | GotoLocation(Dresser); PickupObject(CreditCard); GotoLocation(Drawer); PutObject(CreditCard,Drawer)",<unparseable> | <unparseable>,0 | 0,0,1,"GotoLocation(Dresser); PickupObject(CreditCard); GotoLocation(Drawer); OpenObject(Drawer); PutObject(CreditCard,Drawer); CloseObject(Drawer) | GotoLocation(Dresser); PickupObject(CreditCard); GotoLocation(Drawer); PutObject(CreditCard,Drawer)",1 | 1,1,0,candidate_fixed
shard_5_cf_0726,Drawer,shard_5_exp0_6427 | shard_5_exp0_6426,closed | open,"GotoLocation(CreditCard); PickupObject(CreditCard); GotoLocation(Drawer); OpenObject(Drawer); PutObject(CreditCard,Drawer); CloseObject(Drawer) | GotoLocation(CreditCard); PickupObject(CreditCard); GotoLocation(Drawer); PutObject(CreditCard,Drawer)",<unparseable> | <unparseable>,0 | 0,0,1,"GotoLocation(CreditCard); PickupObject(CreditCard); GotoLocation(Drawer); OpenObject(Drawer); PutObject(CreditCard,Drawer); CloseObject(Drawer) | GotoLocation(CreditCard); PickupObject(CreditCard); GotoLocation(Drawer); OpenObject(Drawer); PutObject(CreditCard,Drawer); CloseObject(Drawer)",1 | 0,0,1,both_not_exact
shard_5_cf_0727,Drawer,shard_5_exp0_6430 | shard_5_exp0_6429,closed | open,"GotoLocation(Dresser); PickupObject(Pen); GotoLocation(Drawer); OpenObject(Drawer); PutObject(Pen,Drawer); CloseObject(Drawer) | GotoLocation(Dresser); PickupObject(Pen); GotoLocation(Drawer); PutObject(Pen,Drawer)",<unparseable> | <unparseable>,0 | 0,0,1,"GotoLocation(Dresser); PickupObject(Pen); GotoLocation(Drawer); OpenObject(Drawer); PutObject(Pen,Drawer); CloseObject(Drawer) | GotoLocation(Dresser); PickupObject(Pen); GotoLocation(Drawer); PutObject(Pen,Drawer)",1 | 1,1,0,candidate_fixed
shard_5_cf_0728,Drawer,shard_5_exp0_6432 | shard_5_exp0_6431,closed | open,"GotoLocation(SideTable); PickupObject(Pen); GotoLocation(Drawer); OpenObject(Drawer); PutObject(Pen,Drawer); CloseObject(Drawer) | GotoLocation(SideTable); PickupObject(Pen); GotoLocation(Drawer); PutObject(Pen,Drawer)",<unparseable> | <unparseable>,0 | 0,0,1,"GotoLocation(SideTable); PickupObject(Pen); GotoLocation(Drawer); OpenObject(Drawer); PutObject(Pen,Drawer); CloseObject(Drawer) | GotoLocation(Dresser); PickupObject(Pen); GotoLocation(Drawer); PutObject(Pen,Drawer)",1 | 0,0,0,both_not_exact
shard_5_cf_0729,Drawer,shard_5_exp0_6435 | shard_5_exp0_6434,closed | open,"GotoLocation(Dresser); PickupObject(Pen); GotoLocation(Drawer); OpenObject(Drawer); PutObject(Pen,Drawer); CloseObject(Drawer) | GotoLocation(Dresser); PickupObject(Pen); GotoLocation(Drawer); PutObject(Pen,Drawer)",<unparseable> | <unparseable>,0 | 0,0,1,"GotoLocation(Dresser); PickupObject(Pen); GotoLocation(Drawer); OpenObject(Drawer); PutObject(Pen,Drawer); CloseObject(Drawer) | GotoLocation(Dresser); PickupObject(Pen); GotoLocation(Drawer); PutObject(Pen,Drawer)",1 | 1,1,0,candidate_fixed
shard_5_cf_0766,Fridge,shard_5_exp0_6634 | shard_5_exp0_6633,closed | open,GotoLocation(Fridge); OpenObject(Fridge) | GotoLocation(Fridge),<unparseable> | <unparseable>,0 | 0,0,1,GotoLocation(Fridge); OpenObject(Fridge) | GotoLocation(Fridge),1 | 1,1,0,candidate_fixed
shard_5_cf_0767,Fridge,shard_5_exp0_6639 | shard_5_exp0_6638,closed | open,GotoLocation(Fridge); OpenObject(Fridge) | GotoLocation(Fridge),<unparseable> | <unparseable>,0 | 0,0,1,GotoLocation(Fridge); OpenObject(Fridge) | GotoLocation(Fridge),1 | 1,1,0,candidate_fixed
shard_5_cf_0772,Fridge,shard_5_exp0_6689 | shard_5_exp0_6688,closed | open,GotoLocation(Fridge); OpenObject(Fridge) | GotoLocation(Fridge),<unparseable> | <unparseable>,0 | 0,0,1,GotoLocation(Fridge); OpenObject(Fridge) | GotoLocation(Fridge),1 | 1,1,0,candidate_fixed
shard_5_cf_0773,Drawer,shard_5_exp0_6692 | shard_5_exp0_6691,closed | open,GotoLocation(Drawer); OpenObject(Drawer) | GotoLocation(Drawer),<unparseable> | <unparseable>,0 | 0,0,1,GotoLocation(Drawer); OpenObject(Drawer) | GotoLocation(Drawer),1 | 1,1,0,candidate_fixed
shard_5_cf_0788,Fridge,shard_5_exp0_6774 | shard_5_exp0_6773,closed | open,"GotoLocation(CounterTop); PickupObject(Cup); GotoLocation(Fridge); OpenObject(Fridge); PutObject(Cup,Fridge); CloseObject(Fridge) | GotoLocation(CounterTop); PickupObject(Cup); GotoLocation(Fridge); PutObject(Cup,Fridge)",<unparseable> | <unparseable>,0 | 0,0,1,"GotoLocation(CounterTop); PickupObject(Cup); GotoLocation(Fridge); OpenObject(Fridge); PutObject(Cup,Fridge); CloseObject(Fridge) | GotoLocation(CounterTop); PickupObject(Cup); GotoLocation(Fridge); OpenObject(Fridge); PutObject(Cup,Fridge); CloseObject(Fridge)",1 | 0,0,1,both_not_exact
shard_5_cf_0789,Drawer,shard_5_exp0_6776 | shard_5_exp0_6775,closed | open,"GotoLocation(Desk); PickupObject(CreditCard); GotoLocation(Drawer); OpenObject(Drawer); PutObject(CreditCard,Drawer); CloseObject(Drawer) | GotoLocation(Desk); PickupObject(CreditCard); GotoLocation(Drawer); PutObject(CreditCard,Drawer)",<unparseable> | <unparseable>,0 | 0,0,1,"GotoLocation(Desk); PickupObject(CreditCard); GotoLocation(Drawer); OpenObject(Drawer); PutObject(CreditCard,Drawer); CloseObject(Drawer) | GotoLocation(Desk); PickupObject(CreditCard); GotoLocation(Drawer); PutObject(CreditCard,Drawer)",1 | 1,1,0,candidate_fixed
shard_5_cf_0803,Fridge,shard_5_exp0_6882 | shard_5_exp0_6881,closed | open,GotoLocation(Fridge); OpenObject(Fridge) | GotoLocation(Fridge),<unparseable> | <unparseable>,0 | 0,0,1,GotoLocation(Fridge); OpenObject(Fridge) | GotoLocation(Fridge); OpenObject(Fridge),1 | 0,0,1,both_not_exact
shard_5_cf_0804,Fridge,shard_5_exp0_6887 | shard_5_exp0_6886,closed | open,GotoLocation(Fridge); OpenObject(Fridge) | GotoLocation(Fridge),<unparseable> | <unparseable>,0 | 0,0,1,GotoLocation(Fridge); OpenObject(Fridge) | GotoLocation(Fridge),1 | 1,1,0,candidate_fixed
shard_5_cf_0805,Drawer,shard_5_exp0_6889 | shard_5_exp0_6888,closed | open,GotoLocation(Drawer); OpenObject(Drawer) | GotoLocation(Drawer),<unparseable> | <unparseable>,0 | 0,0,1,GotoLocation(Drawer); OpenObject(Drawer) | GotoLocation(Drawer),1 | 1,1,0,candidate_fixed
shard_5_cf_0810,Drawer,shard_5_exp0_6915 | shard_5_exp0_6914,closed | open,GotoLocation(Drawer); OpenObject(Drawer) | GotoLocation(Drawer),<unparseable> | <unparseable>,0 | 0,0,1,GotoLocation(Drawer); OpenObject(Drawer) | GotoLocation(Drawer),1 | 1,1,0,candidate_fixed
shard_5_cf_0811,Drawer,shard_5_exp0_6920 | shard_5_exp0_6919,closed | open,"GotoLocation(SinkBasin); PickupObject(DishSponge); GotoLocation(Drawer); OpenObject(Drawer); PutObject(DishSponge,Drawer); CloseObject(Drawer) | GotoLocation(SinkBasin); PickupObject(DishSponge); GotoLocation(Drawer); PutObject(DishSponge,Drawer)",<unparseable> | <unparseable>,0 | 0,0,1,"GotoLocation(SinkBasin); PickupObject(DishSponge); GotoLocation(Drawer); OpenObject(Drawer); PutObject(DishSponge,Drawer); CloseObject(Drawer) | GotoLocation(SinkBasin); PickupObject(DishSponge); GotoLocation(Drawer); PutObject(DishSponge,Drawer)",1 | 1,1,0,candidate_fixed
shard_5_cf_0812,Fridge,shard_5_exp0_6922 | shard_5_exp0_6921,closed | open,GotoLocation(Fridge); OpenObject(Fridge) | GotoLocation(Fridge),<unparseable> | <unparseable>,0 | 0,0,1,GotoLocation(Fridge); OpenObject(Fridge) | GotoLocation(Fridge),1 | 1,1,0,candidate_fixed
shard_5_cf_0815,Drawer,shard_5_exp0_6940 | shard_5_exp0_6939,closed | open,"GotoLocation(Dresser); PickupObject(RemoteControl); GotoLocation(Drawer); OpenObject(Drawer); PutObject(RemoteControl,Drawer); CloseObject(Drawer) | GotoLocation(Dresser); PickupObject(RemoteControl); GotoLocation(Drawer); PutObject(RemoteControl,Drawer)",<unparseable> | <unparseable>,0 | 0,0,1,"GotoLocation(Dresser); PickupObject(RemoteControl); GotoLocation(Drawer); OpenObject(Drawer); PutObject(RemoteControl,Drawer); CloseObject(Drawer) | GotoLocation(Dresser); PickupObject(RemoteControl); GotoLocation(Drawer); PutObject(RemoteControl,Drawer)",1 | 1,1,0,candidate_fixed
shard_5_cf_0817,Drawer,shard_5_exp0_6963 | shard_5_exp0_6962,closed | open,GotoLocation(Drawer); OpenObject(Drawer) | GotoLocation(Drawer),<unparseable> | <unparseable>,0 | 0,0,1,GotoLocation(Drawer) | GotoLocation(Drawer),0 | 1,0,1,both_not_exact
shard_5_cf_0818,Drawer,shard_5_exp0_6966 | shard_5_exp0_6965,closed | open,GotoLocation(Drawer); OpenObject(Drawer) | GotoLocation(Drawer),<unparseable> | <unparseable>,0 | 0,0,1,GotoLocation(Drawer); OpenObject(Drawer) | GotoLocation(Drawer),1 | 1,1,0,candidate_fixed
shard_5_cf_0819,Fridge,shard_5_exp0_6968 | shard_5_exp0_6967,closed | open,GotoLocation(Fridge); OpenObject(Fridge) | GotoLocation(Fridge),<unparseable> | <unparseable>,0 | 0,0,1,GotoLocation(Fridge); OpenObject(Fridge) | GotoLocation(Fridge),1 | 1,1,0,candidate_fixed
shard_5_cf_0890,Drawer,shard_5_exp0_7376 | shard_5_exp0_7375,closed | open,"GotoLocation(Dresser); PickupObject(KeyChain); GotoLocation(Drawer); OpenObject(Drawer); PutObject(KeyChain,Drawer); CloseObject(Drawer) | GotoLocation(Dresser); PickupObject(KeyChain); GotoLocation(Drawer); PutObject(KeyChain,Drawer)",<unparseable> | <unparseable>,0 | 0,0,1,"GotoLocation(Dresser); PickupObject(KeyChain); GotoLocation(Drawer); OpenObject(Drawer); PutObject(KeyChain,Drawer); CloseObject(Drawer) | GotoLocation(Dresser); PickupObject(KeyChain); GotoLocation(Drawer); PutObject(KeyChain,Drawer)",1 | 1,1,0,candidate_fixed
shard_5_cf_0894,Fridge,shard_5_exp0_7390 | shard_5_exp0_7389,closed | open,GotoLocation(Fridge); OpenObject(Fridge) | GotoLocation(Fridge),<unparseable> | <unparseable>,0 | 0,0,1,GotoLocation(Fridge); OpenObject(Fridge) | GotoLocation(Fridge),1 | 1,1,0,candidate_fixed
shard_5_cf_0940,Drawer,shard_5_exp0_7686 | shard_5_exp0_7685,closed | open,GotoLocation(Drawer); OpenObject(Drawer) | GotoLocation(Drawer),<unparseable> | <unparseable>,0 | 0,0,1,GotoLocation(Drawer); OpenObject(Drawer) | GotoLocation(Drawer),1 | 1,1,0,candidate_fixed
shard_5_cf_0941,Drawer,shard_5_exp0_7688 | shard_5_exp0_7687,closed | open,GotoLocation(Drawer); OpenObject(Drawer) | GotoLocation(Drawer),<unparseable> | <unparseable>,0 | 0,0,1,GotoLocation(Drawer); OpenObject(Drawer) | GotoLocation(Drawer),1 | 1,1,0,candidate_fixed
shard_5_cf_0942,Drawer,shard_5_exp0_7690 | shard_5_exp0_7689,closed | open,GotoLocation(Drawer); OpenObject(Drawer) | GotoLocation(Drawer),<unparseable> | <unparseable>,0 | 0,0,1,GotoLocation(Drawer); OpenObject(Drawer) | GotoLocation(Drawer),1 | 1,1,0,candidate_fixed
shard_5_cf_0943,Drawer,shard_5_exp0_7694 | shard_5_exp0_7693,closed | open,GotoLocation(Drawer); OpenObject(Drawer) | GotoLocation(Drawer),<unparseable> | <unparseable>,0 | 0,0,1,GotoLocation(Drawer); OpenObject(Drawer) | GotoLocation(Drawer),1 | 1,1,0,candidate_fixed
shard_5_cf_0983,Drawer,shard_5_exp0_7872 | shard_5_exp0_7871,closed | open,GotoLocation(Drawer); OpenObject(Drawer) | GotoLocation(Drawer),<unparseable> | <unparseable>,0 | 0,0,1,GotoLocation(Drawer); OpenObject(Drawer) | GotoLocation(Drawer); OpenObject(Drawer),1 | 0,0,1,both_not_exact
shard_5_cf_0984,Drawer,shard_5_exp0_7874 | shard_5_exp0_7873,closed | open,GotoLocation(Drawer); OpenObject(Drawer) | GotoLocation(Drawer),<unparseable> | <unparseable>,0 | 0,0,1,GotoLocation(Drawer); OpenObject(Drawer) | GotoLocation(Drawer); OpenObject(Drawer),1 | 0,0,1,both_not_exact
shard_5_cf_0985,Drawer,shard_5_exp0_7876 | shard_5_exp0_7875,closed | open,GotoLocation(Drawer); OpenObject(Drawer) | GotoLocation(Drawer),<unparseable> | <unparseable>,0 | 0,0,1,GotoLocation(Drawer); OpenObject(Drawer) | GotoLocation(Drawer); OpenObject(Drawer),1 | 0,0,1,both_not_exact
shard_5_cf_1006,Drawer,shard_5_exp0_7971 | shard_5_exp0_7970,closed | open,"GotoLocation(SideTable); PickupObject(KeyChain); GotoLocation(Drawer); OpenObject(Drawer); PutObject(KeyChain,Drawer); CloseObject(Drawer) | GotoLocation(SideTable); PickupObject(KeyChain); GotoLocation(Drawer); PutObject(KeyChain,Drawer)",<unparseable> | <unparseable>,0 | 0,0,1,"GotoLocation(Dresser); PickupObject(KeyChain); GotoLocation(Drawer); OpenObject(Drawer); PutObject(KeyChain,Drawer); CloseObject(Drawer) | GotoLocation(Dresser); PickupObject(KeyChain); GotoLocation(Drawer); PutObject(KeyChain,Drawer)",0 | 0,0,0,both_not_exact
shard_5_cf_1007,Fridge,shard_5_exp0_7974 | shard_5_exp0_7973,closed | open,GotoLocation(Fridge); OpenObject(Fridge) | GotoLocation(Fridge),<unparseable> | <unparseable>,0 | 0,0,1,GotoLocation(Fridge); OpenObject(Fridge) | GotoLocation(Fridge),1 | 1,1,0,candidate_fixed
shard_5_cf_1008,Cabinet,shard_5_exp0_7976 | shard_5_exp0_7975,closed | open,GotoLocation(Cabinet); OpenObject(Cabinet) | GotoLocation(Cabinet),<unparseable> | <unparseable>,0 | 0,0,1,GotoLocation(Cabinet); OpenObject(Cabinet) | GotoLocation(Cabinet),1 | 1,1,0,candidate_fixed
shard_5_cf_1024,Drawer,shard_5_exp0_8044 | shard_5_exp0_8043,closed | open,GotoLocation(Drawer); OpenObject(Drawer) | GotoLocation(Drawer),<unparseable> | <unparseable>,0 | 0,0,1,GotoLocation(Drawer); OpenObject(Drawer) | GotoLocation(Drawer); OpenObject(Drawer),1 | 0,0,1,both_not_exact
shard_5_cf_1025,Fridge,shard_5_exp0_8046 | shard_5_exp0_8045,closed | open,GotoLocation(Fridge); OpenObject(Fridge) | GotoLocation(Fridge),<unparseable> | <unparseable>,0 | 0,0,1,GotoLocation(Fridge) | GotoLocation(Fridge),0 | 1,0,1,both_not_exact
shard_5_cf_1060,Drawer,shard_5_exp0_8229 | shard_5_exp0_8228,closed | open,"GotoLocation(SideTable); PickupObject(Pencil); GotoLocation(Drawer); OpenObject(Drawer); PutObject(Pencil,Drawer); CloseObject(Drawer) | GotoLocation(SideTable); PickupObject(Pencil); GotoLocation(Drawer); PutObject(Pencil,Drawer)",<unparseable> | <unparseable>,0 | 0,0,1,"GotoLocation(SideTable); PickupObject(Pencil); GotoLocation(Drawer); OpenObject(Drawer); PutObject(Pencil,Drawer); CloseObject(Drawer) | GotoLocation(SideTable); PickupObject(Pencil); GotoLocation(Drawer); PutObject(Pencil,Drawer)",1 | 1,1,0,candidate_fixed
shard_5_cf_1061,Drawer,shard_5_exp0_8234 | shard_5_exp0_8233,closed | open,GotoLocation(Drawer); OpenObject(Drawer) | GotoLocation(Drawer),<unparseable> | <unparseable>,0 | 0,0,1,GotoLocation(Drawer); OpenObject(Drawer) | GotoLocation(Drawer),1 | 1,1,0,candidate_fixed
shard_5_cf_1062,Drawer,shard_5_exp0_8238 | shard_5_exp0_8237,closed | open,GotoLocation(Drawer); OpenObject(Drawer) | GotoLocation(Drawer),<unparseable> | <unparseable>,0 | 0,0,1,GotoLocation(Drawer); OpenObject(Drawer) | GotoLocation(Drawer),1 | 1,1,0,candidate_fixed
shard_5_cf_1079,Drawer,shard_5_exp0_8305 | shard_5_exp0_8304,closed | open,GotoLocation(Drawer); OpenObject(Drawer) | GotoLocation(Drawer),<unparseable> | <unparseable>,0 | 0,0,1,GotoLocation(Drawer); OpenObject(Drawer) | GotoLocation(Drawer),1 | 1,1,0,candidate_fixed
shard_5_cf_1090,Drawer,shard_5_exp0_8369 | shard_5_exp0_8368,closed | open,GotoLocation(Drawer); OpenObject(Drawer) | GotoLocation(Drawer),<unparseable> | <unparseable>,0 | 0,0,1,GotoLocation(Drawer); OpenObject(Drawer) | GotoLocation(Drawer),1 | 1,1,0,candidate_fixed
shard_5_cf_1091,Drawer,shard_5_exp0_8374 | shard_5_exp0_8373,closed | open,GotoLocation(Drawer); OpenObject(Drawer) | GotoLocation(Drawer),<unparseable> | <unparseable>,0 | 0,0,1,GotoLocation(Drawer); OpenObject(Drawer) | GotoLocation(Drawer),1 | 1,1,0,candidate_fixed
shard_5_cf_1109,Drawer,shard_5_exp0_8445 | shard_5_exp0_8444,closed | open,"GotoLocation(SideTable); PickupObject(CellPhone); GotoLocation(Drawer); OpenObject(Drawer); PutObject(CellPhone,Drawer); CloseObject(Drawer) | GotoLocation(SideTable); PickupObject(CellPhone); GotoLocation(Drawer); PutObject(CellPhone,Drawer)",<unparseable> | <unparseable>,0 | 0,0,1,"GotoLocation(SideTable); PickupObject(CellPhone); GotoLocation(Drawer); PutObject(CellPhone,Drawer) | GotoLocation(SideTable); PickupObject(CellPhone); GotoLocation(Drawer); PutObject(CellPhone,Drawer)",0 | 1,0,1,both_not_exact
shard_5_cf_1110,Drawer,shard_5_exp0_8447 | shard_5_exp0_8446,closed | open,"GotoLocation(SideTable); PickupObject(CellPhone); GotoLocation(Drawer); OpenObject(Drawer); PutObject(CellPhone,Drawer); CloseObject(Drawer) | GotoLocation(SideTable); PickupObject(CellPhone); GotoLocation(Drawer); PutObject(CellPhone,Drawer)",<unparseable> | <unparseable>,0 | 0,0,1,"GotoLocation(SideTable); PickupObject(CellPhone); GotoLocation(Drawer); OpenObject(Drawer); PutObject(CellPhone,Drawer); CloseObject(Drawer) | GotoLocation(SideTable); PickupObject(CellPhone); GotoLocation(Drawer); PutObject(CellPhone,Drawer)",1 | 1,1,0,candidate_fixed
shard_5_cf_1142,Drawer,shard_5_exp0_8589 | shard_5_exp0_8588,closed | open,"GotoLocation(DiningTable); PickupObject(RemoteControl); GotoLocation(Drawer); OpenObject(Drawer); PutObject(RemoteControl,Drawer); CloseObject(Drawer) | GotoLocation(DiningTable); PickupObject(RemoteControl); GotoLocation(Drawer); PutObject(RemoteControl,Drawer)",<unparseable> | <unparseable>,0 | 0,0,1,"GotoLocation(DiningTable); PickupObject(RemoteControl); GotoLocation(Drawer); OpenObject(Drawer); PutObject(RemoteControl,Drawer); CloseObject(Drawer) | GotoLocation(DiningTable); PickupObject(RemoteControl); GotoLocation(Drawer); PutObject(RemoteControl,Drawer)",1 | 1,1,0,candidate_fixed
shard_5_cf_1143,Drawer,shard_5_exp0_8592 | shard_5_exp0_8591,closed | open,GotoLocation(Drawer); OpenObject(Drawer) | GotoLocation(Drawer),<unparseable> | <unparseable>,0 | 0,0,1,GotoLocation(Drawer); OpenObject(Drawer) | GotoLocation(Drawer),1 | 1,1,0,candidate_fixed
shard_5_cf_1164,Drawer,shard_5_exp0_8673 | shard_5_exp0_8672,closed | open,"GotoLocation(Dresser); PickupObject(TissueBox); GotoLocation(Drawer); OpenObject(Drawer); PutObject(TissueBox,Drawer); CloseObject(Drawer) | GotoLocation(Dresser); PickupObject(TissueBox); GotoLocation(Drawer); PutObject(TissueBox,Drawer)",<unparseable> | <unparseable>,0 | 0,0,1,"GotoLocation(Dresser); PickupObject(TissueBox); GotoLocation(Drawer); OpenObject(Drawer); PutObject(TissueBox,Drawer); CloseObject(Drawer) | GotoLocation(Dresser); PickupObject(TissueBox); GotoLocation(Drawer); PutObject(TissueBox,Drawer)",1 | 1,1,0,candidate_fixed
shard_5_cf_1165,Drawer,shard_5_exp0_8678 | shard_5_exp0_8677,closed | open,"GotoLocation(CounterTop); PickupObject(ButterKnife); GotoLocation(Drawer); OpenObject(Drawer); PutObject(ButterKnife,Drawer); CloseObject(Drawer) | GotoLocation(CounterTop); PickupObject(ButterKnife); GotoLocation(Drawer); PutObject(ButterKnife,Drawer)",<unparseable> | <unparseable>,0 | 0,0,1,"GotoLocation(CounterTop); PickupObject(ButterKnife); GotoLocation(Drawer); OpenObject(Drawer); PutObject(ButterKnife,Drawer); CloseObject(Drawer) | GotoLocation(CounterTop); PickupObject(ButterKnife); GotoLocation(Drawer); PutObject(ButterKnife,Drawer)",1 | 1,1,0,candidate_fixed
shard_5_cf_1173,Drawer,shard_5_exp0_8718 | shard_5_exp0_8717,closed | open,"GotoLocation(CD); PickupObject(CD); GotoLocation(Drawer); OpenObject(Drawer); PutObject(CD,Drawer); CloseObject(Drawer) | GotoLocation(CD); PickupObject(CD); GotoLocation(Drawer); PutObject(CD,Drawer)",<unparseable> | <unparseable>,0 | 0,0,1,"GotoLocation(SideTable); PickupObject(CD); GotoLocation(Drawer); OpenObject(Drawer); PutObject(CD,Drawer); CloseObject(Drawer) | GotoLocation(SideTable); PickupObject(CD); GotoLocation(Drawer); PutObject(CD,Drawer)",0 | 0,0,0,both_not_exact
shard_5_cf_1174,Drawer,shard_5_exp0_8723 | shard_5_exp0_8722,closed | open,GotoLocation(Drawer); OpenObject(Drawer) | GotoLocation(Drawer),<unparseable> | <unparseable>,0 | 0,0,1,GotoLocation(Drawer); OpenObject(Drawer) | GotoLocation(Drawer),1 | 1,1,0,candidate_fixed
shard_5_cf_1175,Drawer,shard_5_exp0_8725 | shard_5_exp0_8724,closed | open,"GotoLocation(CD); PickupObject(CD); GotoLocation(Drawer); OpenObject(Drawer); PutObject(CD,Drawer); CloseObject(Drawer) | GotoLocation(CD); PickupObject(CD); GotoLocation(Drawer); PutObject(CD,Drawer)",<unparseable> | <unparseable>,0 | 0,0,1,"GotoLocation(Dresser); PickupObject(CD); GotoLocation(Drawer); OpenObject(Drawer); PutObject(CD,Drawer); CloseObject(Drawer) | GotoLocation(Dresser); PickupObject(CD); GotoLocation(Drawer); PutObject(CD,Drawer)",0 | 0,0,0,both_not_exact
shard_5_cf_1176,Drawer,shard_5_exp0_8728 | shard_5_exp0_8727,closed | open,"GotoLocation(Dresser); PickupObject(Watch); GotoLocation(Drawer); OpenObject(Drawer); PutObject(Watch,Drawer); CloseObject(Drawer) | GotoLocation(Dresser); PickupObject(Watch); GotoLocation(Drawer); PutObject(Watch,Drawer)",<unparseable> | <unparseable>,0 | 0,0,1,"GotoLocation(Dresser); PickupObject(Watch); GotoLocation(Drawer); OpenObject(Drawer); PutObject(Watch,Drawer); CloseObject(Drawer) | GotoLocation(Dresser); PickupObject(Watch); GotoLocation(Drawer); PutObject(Watch,Drawer)",1 | 1,1,0,candidate_fixed
shard_5_cf_1185,Fridge,shard_5_exp0_8749 | shard_5_exp0_8748,closed | open,GotoLocation(Fridge); OpenObject(Fridge) | GotoLocation(Fridge),<unparseable> | <unparseable>,0 | 0,0,1,GotoLocation(Fridge); OpenObject(Fridge) | GotoLocation(Fridge),1 | 1,1,0,candidate_fixed
shard_5_cf_1206,Cabinet,shard_5_exp0_8822 | shard_5_exp0_8821,closed | open,GotoLocation(Cabinet); OpenObject(Cabinet) | GotoLocation(Cabinet),<unparseable> | <unparseable>,0 | 0,0,1,GotoLocation(Cabinet); OpenObject(Cabinet) | GotoLocation(Cabinet),1 | 1,1,0,candidate_fixed
shard_5_cf_1207,Drawer,shard_5_exp0_8824 | shard_5_exp0_8823,closed | open,"GotoLocation(Dresser); PickupObject(Pen); GotoLocation(Drawer); OpenObject(Drawer); PutObject(Pen,Drawer); CloseObject(Drawer) | GotoLocation(Dresser); PickupObject(Pen); GotoLocation(Drawer); PutObject(Pen,Drawer)",<unparseable> | <unparseable>,0 | 0,0,1,"GotoLocation(Dresser); PickupObject(Pen); GotoLocation(Drawer); OpenObject(Drawer); PutObject(Pen,Drawer); CloseObject(Drawer) | GotoLocation(Dresser); PickupObject(Pen); GotoLocation(Drawer); PutObject(Pen,Drawer)",1 | 1,1,0,candidate_fixed
shard_5_cf_1233,Drawer,shard_5_exp0_8911 | shard_5_exp0_8910,closed | open,GotoLocation(Drawer); OpenObject(Drawer) | GotoLocation(Drawer),<unparseable> | <unparseable>,0 | 0,0,1,GotoLocation(Drawer); OpenObject(Drawer) | GotoLocation(Drawer); OpenObject(Drawer),1 | 0,0,1,both_not_exact
shard_5_cf_1234,Drawer,shard_5_exp0_8913 | shard_5_exp0_8912,closed | open,GotoLocation(Drawer); OpenObject(Drawer) | GotoLocation(Drawer),<unparseable> | <unparseable>,0 | 0,0,1,GotoLocation(Drawer); OpenObject(Drawer) | GotoLocation(Drawer),1 | 1,1,0,candidate_fixed
shard_5_cf_1240,Drawer,shard_5_exp0_8926 | shard_5_exp0_8925,closed | open,GotoLocation(Drawer); OpenObject(Drawer) | GotoLocation(Drawer),<unparseable> | <unparseable>,0 | 0,0,1,GotoLocation(Drawer); OpenObject(Drawer) | GotoLocation(Drawer),1 | 1,1,0,candidate_fixed
shard_5_cf_1257,Drawer,shard_5_exp0_8981 | shard_5_exp0_8980,closed | open,GotoLocation(Drawer); OpenObject(Drawer) | GotoLocation(Drawer),<unparseable> | <unparseable>,0 | 0,0,1,GotoLocation(Drawer); OpenObject(Drawer) | GotoLocation(Drawer),1 | 1,1,0,candidate_fixed
shard_5_cf_1258,Drawer,shard_5_exp0_8985 | shard_5_exp0_8984,closed | open,GotoLocation(Drawer); OpenObject(Drawer) | GotoLocation(Drawer),<unparseable> | <unparseable>,0 | 0,0,1,GotoLocation(Drawer); OpenObject(Drawer) | GotoLocation(Drawer),1 | 1,1,0,candidate_fixed
shard_5_cf_1267,Drawer,shard_5_exp0_9013 | shard_5_exp0_9012,closed | open,"GotoLocation(Dresser); PickupObject(CreditCard); GotoLocation(Drawer); OpenObject(Drawer); PutObject(CreditCard,Drawer); CloseObject(Drawer) | GotoLocation(Dresser); PickupObject(CreditCard); GotoLocation(Drawer); PutObject(CreditCard,Drawer)",<unparseable> | <unparseable>,0 | 0,0,1,"GotoLocation(Dresser); PickupObject(CreditCard); GotoLocation(Drawer); OpenObject(Drawer); PutObject(CreditCard,Drawer); CloseObject(Drawer) | GotoLocation(Dresser); PickupObject(CreditCard); GotoLocation(Drawer); PutObject(CreditCard,Drawer)",1 | 1,1,0,candidate_fixed
shard_5_cf_1268,Drawer,shard_5_exp0_9015 | shard_5_exp0_9014,closed | open,"GotoLocation(Shelf); PickupObject(RemoteControl); GotoLocation(Drawer); OpenObject(Drawer); PutObject(RemoteControl,Drawer); CloseObject(Drawer) | GotoLocation(Shelf); PickupObject(RemoteControl); GotoLocation(Drawer); PutObject(RemoteControl,Drawer)",<unparseable> | <unparseable>,0 | 0,0,1,"GotoLocation(Dresser); PickupObject(RemoteControl); GotoLocation(Drawer); OpenObject(Drawer); PutObject(RemoteControl,Drawer); CloseObject(Drawer) | GotoLocation(Dresser); PickupObject(RemoteControl); GotoLocation(Drawer); PutObject(RemoteControl,Drawer)",0 | 0,0,0,both_not_exact
shard_5_cf_1269,Drawer,shard_5_exp0_9017 | shard_5_exp0_9016,closed | open,"GotoLocation(Desk); PickupObject(CellPhone); GotoLocation(Drawer); OpenObject(Drawer); PutObject(CellPhone,Drawer); CloseObject(Drawer) | GotoLocation(Desk); PickupObject(CellPhone); GotoLocation(Drawer); PutObject(CellPhone,Drawer)",<unparseable> | <unparseable>,0 | 0,0,1,"GotoLocation(Desk); PickupObject(CellPhone); GotoLocation(Drawer); OpenObject(Drawer); PutObject(CellPhone,Drawer); CloseObject(Drawer) | GotoLocation(Shelf); PickupObject(CellPhone); GotoLocation(Drawer); PutObject(CellPhone,Drawer)",1 | 0,0,0,both_not_exact
shard_5_cf_1270,Drawer,shard_5_exp0_9019 | shard_5_exp0_9018,closed | open,"GotoLocation(Bed); PickupObject(CellPhone); GotoLocation(Drawer); OpenObject(Drawer); PutObject(CellPhone,Drawer); CloseObject(Drawer) | GotoLocation(Bed); PickupObject(CellPhone); GotoLocation(Drawer); PutObject(CellPhone,Drawer)",<unparseable> | <unparseable>,0 | 0,0,1,"GotoLocation(Bed); PickupObject(CellPhone); GotoLocation(Drawer); OpenObject(Drawer); PutObject(CellPhone,Drawer); CloseObject(Drawer) | GotoLocation(Bed); PickupObject(CellPhone); GotoLocation(Drawer); PutObject(CellPhone,Drawer)",1 | 1,1,0,candidate_fixed
shard_5_cf_1271,Drawer,shard_5_exp0_9021 | shard_5_exp0_9020,closed | open,"GotoLocation(Shelf); PickupObject(Pencil); GotoLocation(Drawer); OpenObject(Drawer); PutObject(Pencil,Drawer); CloseObject(Drawer) | GotoLocation(Shelf); PickupObject(Pencil); GotoLocation(Drawer); PutObject(Pencil,Drawer)",<unparseable> | <unparseable>,0 | 0,0,1,"GotoLocation(Desk); PickupObject(Pencil); GotoLocation(Drawer); OpenObject(Drawer); PutObject(Pencil,Drawer); CloseObject(Drawer) | GotoLocation(Desk); PickupObject(Pencil); GotoLocation(Drawer); PutObject(Pencil,Drawer)",0 | 0,0,0,both_not_exact
shard_5_cf_1272,Drawer,shard_5_exp0_9023 | shard_5_exp0_9022,closed | open,"GotoLocation(Shelf); PickupObject(RemoteControl); GotoLocation(Drawer); OpenObject(Drawer); PutObject(RemoteControl,Drawer); CloseObject(Drawer) | GotoLocation(Shelf); PickupObject(RemoteControl); GotoLocation(Drawer); PutObject(RemoteControl,Drawer)",<unparseable> | <unparseable>,0 | 0,0,1,"GotoLocation(Shelf); PickupObject(RemoteControl); GotoLocation(Drawer); OpenObject(Drawer); PutObject(RemoteControl,Drawer); CloseObject(Drawer) | GotoLocation(Shelf); PickupObject(RemoteControl); GotoLocation(Drawer); PutObject(RemoteControl,Drawer)",1 | 1,1,0,candidate_fixed
shard_5_cf_1294,Drawer,shard_5_exp0_9112 | shard_5_exp0_9111,closed | open,"GotoLocation(Dresser); PickupObject(CD); GotoLocation(Drawer); OpenObject(Drawer); PutObject(CD,Drawer); CloseObject(Drawer) | GotoLocation(Dresser); PickupObject(CD); GotoLocation(Drawer); PutObject(CD,Drawer)",<unparseable> | <unparseable>,0 | 0,0,1,"GotoLocation(Dresser); PickupObject(CD); GotoLocation(Drawer); OpenObject(Drawer); PutObject(CD,Drawer); CloseObject(Drawer) | GotoLocation(Dresser); PickupObject(CD); GotoLocation(Drawer); PutObject(CD,Drawer)",1 | 1,1,0,candidate_fixed
shard_5_cf_1295,Drawer,shard_5_exp0_9115 | shard_5_exp0_9114,closed | open,GotoLocation(Drawer); OpenObject(Drawer) | GotoLocation(Drawer),<unparseable> | <unparseable>,0 | 0,0,1,GotoLocation(Drawer); OpenObject(Drawer) | GotoLocation(Drawer),1 | 1,1,0,candidate_fixed
shard_5_cf_1296,Drawer,shard_5_exp0_9118 | shard_5_exp0_9117,closed | open,GotoLocation(Drawer); OpenObject(Drawer) | GotoLocation(Drawer),<unparseable> | <unparseable>,0 | 0,0,1,GotoLocation(Drawer); OpenObject(Drawer) | GotoLocation(Drawer),1 | 1,1,0,candidate_fixed
shard_5_cf_1297,Fridge,shard_5_exp0_9122 | shard_5_exp0_9121,closed | open,GotoLocation(Fridge); OpenObject(Fridge) | GotoLocation(Fridge),<unparseable> | <unparseable>,0 | 0,0,1,GotoLocation(Fridge); OpenObject(Fridge) | GotoLocation(Fridge),1 | 1,1,0,candidate_fixed
shard_5_cf_1298,Drawer,shard_5_exp0_9124 | shard_5_exp0_9123,closed | open,"GotoLocation(DiningTable); PickupObject(Pencil); GotoLocation(Drawer); OpenObject(Drawer); PutObject(Pencil,Drawer); CloseObject(Drawer) | GotoLocation(DiningTable); PickupObject(Pencil); GotoLocation(Drawer); PutObject(Pencil,Drawer)",<unparseable> | <unparseable>,0 | 0,0,1,"GotoLocation(DiningTable); PickupObject(Pencil); GotoLocation(Drawer); OpenObject(Drawer); PutObject(Pencil,Drawer); CloseObject(Drawer) | GotoLocation(DiningTable); PickupObject(Pencil); GotoLocation(Drawer); PutObject(Pencil,Drawer)",1 | 1,1,0,candidate_fixed
shard_5_cf_1316,Drawer,shard_5_exp0_9185 | shard_5_exp0_9184,closed | open,GotoLocation(Drawer); OpenObject(Drawer) | GotoLocation(Drawer),<unparseable> | <unparseable>,0 | 0,0,1,GotoLocation(Drawer); OpenObject(Drawer) | GotoLocation(Drawer),1 | 1,1,0,candidate_fixed
shard_5_cf_1317,Drawer,shard_5_exp0_9187 | shard_5_exp0_9186,closed | open,"GotoLocation(Dresser); PickupObject(CellPhone); GotoLocation(Drawer); OpenObject(Drawer); PutObject(CellPhone,Drawer); CloseObject(Drawer) | GotoLocation(Dresser); PickupObject(CellPhone); GotoLocation(Drawer); PutObject(CellPhone,Drawer)",<unparseable> | <unparseable>,0 | 0,0,1,"GotoLocation(Dresser); PickupObject(CellPhone); GotoLocation(Drawer); OpenObject(Drawer); PutObject(CellPhone,Drawer); CloseObject(Drawer) | GotoLocation(Dresser); PickupObject(CellPhone); GotoLocation(Drawer); PutObject(CellPhone,Drawer)",1 | 1,1,0,candidate_fixed
shard_5_cf_1318,Drawer,shard_5_exp0_9190 | shard_5_exp0_9189,closed | open,GotoLocation(Drawer); OpenObject(Drawer) | GotoLocation(Drawer),<unparseable> | <unparseable>,0 | 0,0,1,GotoLocation(Drawer); OpenObject(Drawer) | GotoLocation(Drawer),1 | 1,1,0,candidate_fixed
shard_5_cf_1319,Drawer,shard_5_exp0_9192 | shard_5_exp0_9191,closed | open,"GotoLocation(Dresser); PickupObject(CellPhone); GotoLocation(Drawer); OpenObject(Drawer); PutObject(CellPhone,Drawer); CloseObject(Drawer) | GotoLocation(Dresser); PickupObject(CellPhone); GotoLocation(Drawer); PutObject(CellPhone,Drawer)",<unparseable> | <unparseable>,0 | 0,0,1,"GotoLocation(Dresser); PickupObject(CellPhone); GotoLocation(Drawer); OpenObject(Drawer); PutObject(CellPhone,Drawer); CloseObject(Drawer) | GotoLocation(Dresser); PickupObject(CellPhone); GotoLocation(Drawer); PutObject(CellPhone,Drawer)",1 | 1,1,0,candidate_fixed
shard_5_cf_1346,Drawer,shard_5_exp0_9295 | shard_5_exp0_9294,closed | open,"GotoLocation(DiningTable); PickupObject(CreditCard); GotoLocation(Drawer); OpenObject(Drawer); PutObject(CreditCard,Drawer); CloseObject(Drawer) | GotoLocation(DiningTable); PickupObject(CreditCard); GotoLocation(Drawer); PutObject(CreditCard,Drawer)",<unparseable> | <unparseable>,0 | 0,0,1,"GotoLocation(DiningTable); PickupObject(CreditCard); GotoLocation(Drawer); OpenObject(Drawer); PutObject(CreditCard,Drawer); CloseObject(Drawer) | GotoLocation(DiningTable); PickupObject(CreditCard); GotoLocation(Drawer); PutObject(CreditCard,Drawer)",1 | 1,1,0,candidate_fixed
shard_5_cf_1391,Fridge,shard_5_exp0_9460 | shard_5_exp0_9459,closed | open,GotoLocation(Fridge); OpenObject(Fridge) | GotoLocation(Fridge),<unparseable> | <unparseable>,0 | 0,0,1,GotoLocation(Fridge); OpenObject(Fridge) | GotoLocation(Fridge),1 | 1,1,0,candidate_fixed
shard_5_cf_1392,Drawer,shard_5_exp0_9462 | shard_5_exp0_9461,closed | open,GotoLocation(Drawer); OpenObject(Drawer) | GotoLocation(Drawer),<unparseable> | <unparseable>,0 | 0,0,1,GotoLocation(Drawer); OpenObject(Drawer) | GotoLocation(Drawer),1 | 1,1,0,candidate_fixed
shard_5_cf_1393,Drawer,shard_5_exp0_9464 | shard_5_exp0_9463,closed | open,GotoLocation(Drawer); OpenObject(Drawer) | GotoLocation(Drawer),<unparseable> | <unparseable>,0 | 0,0,1,GotoLocation(Drawer); OpenObject(Drawer) | GotoLocation(Drawer),1 | 1,1,0,candidate_fixed
shard_5_cf_1394,Safe,shard_5_exp0_9466 | shard_5_exp0_9465,closed | open,GotoLocation(Safe); OpenObject(Safe) | GotoLocation(Safe),<unparseable> | <unparseable>,0 | 0,0,1,GotoLocation(Safe); OpenObject(Safe) | GotoLocation(Safe),1 | 1,1,0,candidate_fixed
shard_5_cf_1395,Safe,shard_5_exp0_9469 | shard_5_exp0_9468,closed | open,GotoLocation(Safe); OpenObject(Safe) | GotoLocation(Safe),<unparseable> | <unparseable>,0 | 0,0,1,GotoLocation(Safe); OpenObject(Safe) | GotoLocation(Safe),1 | 1,1,0,candidate_fixed
shard_5_cf_1450,Fridge,shard_5_exp0_9690 | shard_5_exp0_9689,closed | open,GotoLocation(Fridge); OpenObject(Fridge) | GotoLocation(Fridge),<unparseable> | <unparseable>,0 | 0,0,1,GotoLocation(Fridge); OpenObject(Fridge) | GotoLocation(Fridge),1 | 1,1,0,candidate_fixed
shard_5_cf_1451,Fridge,shard_5_exp0_9694 | shard_5_exp0_9693,closed | open,GotoLocation(Fridge); OpenObject(Fridge) | GotoLocation(Fridge),<unparseable> | <unparseable>,0 | 0,0,1,GotoLocation(Fridge); OpenObject(Fridge) | GotoLocation(Fridge),1 | 1,1,0,candidate_fixed
shard_5_cf_1452,Drawer,shard_5_exp0_9696 | shard_5_exp0_9695,closed | open,GotoLocation(Drawer); OpenObject(Drawer) | GotoLocation(Drawer),<unparseable> | <unparseable>,0 | 0,0,1,GotoLocation(Drawer); OpenObject(Drawer) | GotoLocation(Drawer),1 | 1,1,0,candidate_fixed
shard_5_cf_1479,Drawer,shard_5_exp0_9803 | shard_5_exp0_9802,closed | open,"GotoLocation(Dresser); PickupObject(Pen); GotoLocation(Drawer); OpenObject(Drawer); PutObject(Pen,Drawer); CloseObject(Drawer) | GotoLocation(Dresser); PickupObject(Pen); GotoLocation(Drawer); PutObject(Pen,Drawer)",<unparseable> | <unparseable>,0 | 0,0,1,"GotoLocation(Dresser); PickupObject(Pen); GotoLocation(Drawer); OpenObject(Drawer); PutObject(Pen,Drawer); CloseObject(Drawer) | GotoLocation(Dresser); PickupObject(Pen); GotoLocation(Drawer); PutObject(Pen,Drawer)",1 | 1,1,0,candidate_fixed
shard_5_cf_1520,Drawer,shard_5_exp0_9961 | shard_5_exp0_9960,closed | open,"GotoLocation(Dresser); PickupObject(Pen); GotoLocation(Drawer); OpenObject(Drawer); PutObject(Pen,Drawer); CloseObject(Drawer) | GotoLocation(Dresser); PickupObject(Pen); GotoLocation(Drawer); PutObject(Pen,Drawer)",<unparseable> | <unparseable>,0 | 0,0,1,"GotoLocation(Dresser); PickupObject(Pen); GotoLocation(Drawer); OpenObject(Drawer); PutObject(Pen,Drawer); CloseObject(Drawer) | GotoLocation(Dresser); PickupObject(Pen); GotoLocation(Drawer); PutObject(Pen,Drawer)",1 | 1,1,0,candidate_fixed
shard_5_cf_1521,Drawer,shard_5_exp0_9963 | shard_5_exp0_9962,closed | open,GotoLocation(Drawer); OpenObject(Drawer) | GotoLocation(Drawer),<unparseable> | <unparseable>,0 | 0,0,1,GotoLocation(Drawer); OpenObject(Drawer) | GotoLocation(Drawer),1 | 1,1,0,candidate_fixed
shard_5_cf_1522,Drawer,shard_5_exp0_9965 | shard_5_exp0_9964,closed | open,"GotoLocation(DiningTable); PickupObject(Watch); GotoLocation(Drawer); OpenObject(Drawer); PutObject(Watch,Drawer); CloseObject(Drawer) | GotoLocation(DiningTable); PickupObject(Watch); GotoLocation(Drawer); PutObject(Watch,Drawer)",<unparseable> | <unparseable>,0 | 0,0,1,"GotoLocation(DiningTable); PickupObject(Watch); GotoLocation(Drawer); OpenObject(Drawer); PutObject(Watch,Drawer); CloseObject(Drawer) | GotoLocation(DiningTable); PickupObject(Watch); GotoLocation(Drawer); PutObject(Watch,Drawer)",1 | 1,1,0,candidate_fixed
shard_5_cf_1523,Drawer,shard_5_exp0_9968 | shard_5_exp0_9967,closed | open,"GotoLocation(Dresser); PickupObject(Pen); GotoLocation(Drawer); OpenObject(Drawer); PutObject(Pen,Drawer); CloseObject(Drawer) | GotoLocation(Dresser); PickupObject(Pen); GotoLocation(Drawer); PutObject(Pen,Drawer)",<unparseable> | <unparseable>,0 | 0,0,1,"GotoLocation(Dresser); PickupObject(Pen); GotoLocation(Drawer); OpenObject(Drawer); PutObject(Pen,Drawer); CloseObject(Drawer) | GotoLocation(Dresser); PickupObject(Pen); GotoLocation(Drawer); PutObject(Pen,Drawer)",1 | 1,1,0,candidate_fixed
shard_5_cf_1524,Drawer,shard_5_exp0_9970 | shard_5_exp0_9969,closed | open,GotoLocation(Drawer); OpenObject(Drawer) | GotoLocation(Drawer),<unparseable> | <unparseable>,0 | 0,0,1,GotoLocation(Drawer); OpenObject(Drawer) | GotoLocation(Drawer),1 | 1,1,0,candidate_fixed
shard_5_cf_1525,Drawer,shard_5_exp0_9972 | shard_5_exp0_9971,closed | open,GotoLocation(Drawer); OpenObject(Drawer) | GotoLocation(Drawer),<unparseable> | <unparseable>,0 | 0,0,1,GotoLocation(Drawer); OpenObject(Drawer) | GotoLocation(Drawer),1 | 1,1,0,candidate_fixed
shard_5_cf_1528,Drawer,shard_5_exp0_9986 | shard_5_exp0_9985,closed | open,"GotoLocation(SprayBottle); PickupObject(SprayBottle); GotoLocation(Drawer); OpenObject(Drawer); PutObject(SprayBottle,Drawer); CloseObject(Drawer) | GotoLocation(SprayBottle); PickupObject(SprayBottle); GotoLocation(Drawer); PutObject(SprayBottle,Drawer)",<unparseable> | <unparseable>,0 | 0,0,1,"GotoLocation(SprayBottle); PickupObject(SprayBottle); GotoLocation(Drawer); OpenObject(Drawer); PutObject(SprayBottle,Drawer); CloseObject(Drawer) | GotoLocation(SprayBottle); PickupObject(SprayBottle); GotoLocation(Drawer); PutObject(SprayBottle,Drawer)",1 | 1,1,0,candidate_fixed
shard_5_cf_1548,Drawer,shard_5_exp0_10056 | shard_5_exp0_10055,closed | open,GotoLocation(Drawer); OpenObject(Drawer) | GotoLocation(Drawer),<unparseable> | <unparseable>,0 | 0,0,1,GotoLocation(Drawer); OpenObject(Drawer) | GotoLocation(Drawer),1 | 1,1,0,candidate_fixed
shard_5_cf_1549,Drawer,shard_5_exp0_10059 | shard_5_exp0_10058,closed | open,GotoLocation(Drawer); OpenObject(Drawer) | GotoLocation(Drawer),<unparseable> | <unparseable>,0 | 0,0,1,GotoLocation(Drawer); OpenObject(Drawer) | GotoLocation(Drawer),1 | 1,1,0,candidate_fixed
shard_5_cf_1550,Drawer,shard_5_exp0_10061 | shard_5_exp0_10060,closed | open,"GotoLocation(Dresser); PickupObject(Book); GotoLocation(Drawer); OpenObject(Drawer); PutObject(Book,Drawer); CloseObject(Drawer) | GotoLocation(Dresser); PickupObject(Book); GotoLocation(Drawer); PutObject(Book,Drawer)",<unparseable> | <unparseable>,0 | 0,0,1,"GotoLocation(Dresser); PickupObject(Book); GotoLocation(Drawer); OpenObject(Drawer); PutObject(Book,Drawer); CloseObject(Drawer) | GotoLocation(Dresser); PickupObject(Book); GotoLocation(Drawer); PutObject(Book,Drawer)",1 | 1,1,0,candidate_fixed
shard_5_cf_1551,Drawer,shard_5_exp0_10063 | shard_5_exp0_10062,closed | open,"GotoLocation(Dresser); PickupObject(CellPhone); GotoLocation(Drawer); OpenObject(Drawer); PutObject(CellPhone,Drawer); CloseObject(Drawer) | GotoLocation(Dresser); PickupObject(CellPhone); GotoLocation(Drawer); PutObject(CellPhone,Drawer)",<unparseable> | <unparseable>,0 | 0,0,1,"GotoLocation(Dresser); PickupObject(CellPhone); GotoLocation(Drawer); OpenObject(Drawer); PutObject(CellPhone,Drawer); CloseObject(Drawer) | GotoLocation(Dresser); PickupObject(CellPhone); GotoLocation(Drawer); PutObject(CellPhone,Drawer)",1 | 1,1,0,candidate_fixed
shard_5_cf_1552,Drawer,shard_5_exp0_10065 | shard_5_exp0_10064,closed | open,"GotoLocation(Dresser); PickupObject(Book); GotoLocation(Drawer); OpenObject(Drawer); PutObject(Book,Drawer); CloseObject(Drawer) | GotoLocation(Dresser); PickupObject(Book); GotoLocation(Drawer); PutObject(Book,Drawer)",<unparseable> | <unparseable>,0 | 0,0,1,"GotoLocation(Dresser); PickupObject(Book); GotoLocation(Drawer); OpenObject(Drawer); PutObject(Book,Drawer); CloseObject(Drawer) | GotoLocation(Dresser); PickupObject(Book); GotoLocation(Drawer); PutObject(Book,Drawer)",1 | 1,1,0,candidate_fixed
shard_5_cf_1598,Drawer,shard_5_exp0_10247 | shard_5_exp0_10246,closed | open,"GotoLocation(DiningTable); PickupObject(Pencil); GotoLocation(Drawer); OpenObject(Drawer); PutObject(Pencil,Drawer); CloseObject(Drawer) | GotoLocation(DiningTable); PickupObject(Pencil); GotoLocation(Drawer); PutObject(Pencil,Drawer)",<unparseable> | <unparseable>,0 | 0,0,1,"GotoLocation(SideTable); PickupObject(Pencil); GotoLocation(Drawer); OpenObject(Drawer); PutObject(Pencil,Drawer); CloseObject(Drawer) | GotoLocation(SideTable); PickupObject(Pencil); GotoLocation(Drawer); PutObject(Pencil,Drawer)",0 | 0,0,0,both_not_exact
shard_5_cf_1599,Drawer,shard_5_exp0_10250 | shard_5_exp0_10249,closed | open,"GotoLocation(DiningTable); PickupObject(Pencil); GotoLocation(Drawer); OpenObject(Drawer); PutObject(Pencil,Drawer); CloseObject(Drawer) | GotoLocation(DiningTable); PickupObject(Pencil); GotoLocation(Drawer); PutObject(Pencil,Drawer)",<unparseable> | <unparseable>,0 | 0,0,1,"GotoLocation(Dresser); PickupObject(Pencil); GotoLocation(Drawer); OpenObject(Drawer); PutObject(Pencil,Drawer); CloseObject(Drawer) | GotoLocation(Dresser); PickupObject(Pencil); GotoLocation(Drawer); OpenObject(Drawer); PutObject(Pencil,Drawer); CloseObject(Drawer)",0 | 0,0,1,both_not_exact
shard_5_cf_1612,Drawer,shard_5_exp0_10300 | shard_5_exp0_10299,closed | open,GotoLocation(Drawer); OpenObject(Drawer) | GotoLocation(Drawer),<unparseable> | <unparseable>,0 | 0,0,1,GotoLocation(Drawer); OpenObject(Drawer) | GotoLocation(Drawer),1 | 1,1,0,candidate_fixed
shard_5_cf_1613,Drawer,shard_5_exp0_10302 | shard_5_exp0_10301,closed | open,GotoLocation(Drawer); OpenObject(Drawer) | GotoLocation(Drawer),<unparseable> | <unparseable>,0 | 0,0,1,GotoLocation(Drawer); OpenObject(Drawer) | GotoLocation(Drawer),1 | 1,1,0,candidate_fixed
shard_5_cf_1614,Drawer,shard_5_exp0_10308 | shard_5_exp0_10307,closed | open,"GotoLocation(Dresser); PickupObject(Pen); GotoLocation(Drawer); OpenObject(Drawer); PutObject(Pen,Drawer); CloseObject(Drawer) | GotoLocation(Dresser); PickupObject(Pen); GotoLocation(Drawer); PutObject(Pen,Drawer)",<unparseable> | <unparseable>,0 | 0,0,1,"GotoLocation(Dresser); PickupObject(Pen); GotoLocation(Drawer); OpenObject(Drawer); PutObject(Pen,Drawer); CloseObject(Drawer) | GotoLocation(Dresser); PickupObject(Pen); GotoLocation(Drawer); OpenObject(Drawer); PutObject(Pen,Drawer); CloseObject(Drawer)",1 | 0,0,1,both_not_exact
shard_5_cf_1615,Drawer,shard_5_exp0_10310 | shard_5_exp0_10309,closed | open,"GotoLocation(SideTable); PickupObject(RemoteControl); GotoLocation(Drawer); OpenObject(Drawer); PutObject(RemoteControl,Drawer); CloseObject(Drawer) | GotoLocation(SideTable); PickupObject(RemoteControl); GotoLocation(Drawer); PutObject(RemoteControl,Drawer)",<unparseable> | <unparseable>,0 | 0,0,1,"GotoLocation(SideTable); PickupObject(RemoteControl); GotoLocation(Drawer); OpenObject(Drawer); PutObject(RemoteControl,Drawer); CloseObject(Drawer) | GotoLocation(SideTable); PickupObject(RemoteControl); GotoLocation(Drawer); PutObject(RemoteControl,Drawer)",1 | 1,1,0,candidate_fixed
shard_5_cf_1616,Cabinet,shard_5_exp0_10313 | shard_5_exp0_10312,closed | open,GotoLocation(Cabinet); OpenObject(Cabinet) | GotoLocation(Cabinet),<unparseable> | <unparseable>,0 | 0,0,1,GotoLocation(Cabinet); OpenObject(Cabinet) | GotoLocation(Cabinet),1 | 1,1,0,candidate_fixed
shard_5_cf_1700,Drawer,shard_5_exp0_10620 | shard_5_exp0_10619,closed | open,"GotoLocation(Bed); PickupObject(Book); GotoLocation(Drawer); OpenObject(Drawer); PutObject(Book,Drawer); CloseObject(Drawer) | GotoLocation(Bed); PickupObject(Book); GotoLocation(Drawer); PutObject(Book,Drawer)",<unparseable> | <unparseable>,0 | 0,0,1,"GotoLocation(Bed); PickupObject(Book); GotoLocation(Drawer); OpenObject(Drawer); PutObject(Book,Drawer); CloseObject(Drawer) | GotoLocation(Bed); PickupObject(Book); GotoLocation(Drawer); PutObject(Book,Drawer)",1 | 1,1,0,candidate_fixed
shard_5_cf_1701,Drawer,shard_5_exp0_10622 | shard_5_exp0_10621,closed | open,"GotoLocation(DishSponge); PickupObject(DishSponge); GotoLocation(Drawer); OpenObject(Drawer); PutObject(DishSponge,Drawer); CloseObject(Drawer) | GotoLocation(DishSponge); PickupObject(DishSponge); GotoLocation(Drawer); PutObject(DishSponge,Drawer)",<unparseable> | <unparseable>,0 | 0,0,1,"GotoLocation(DishSponge); PickupObject(DishSponge); GotoLocation(Drawer); OpenObject(Drawer); PutObject(DishSponge,Drawer); CloseObject(Drawer) | GotoLocation(DishSponge); PickupObject(DishSponge); GotoLocation(Drawer); PutObject(DishSponge,Drawer)",1 | 1,1,0,candidate_fixed
shard_5_cf_1702,Drawer,shard_5_exp0_10624 | shard_5_exp0_10623,closed | open,"GotoLocation(Bed); PickupObject(Book); GotoLocation(Drawer); OpenObject(Drawer); PutObject(Book,Drawer); CloseObject(Drawer) | GotoLocation(Bed); PickupObject(Book); GotoLocation(Drawer); PutObject(Book,Drawer)",<unparseable> | <unparseable>,0 | 0,0,1,"GotoLocation(Bed); PickupObject(Book); GotoLocation(Drawer); OpenObject(Drawer); PutObject(Book,Drawer); CloseObject(Drawer) | GotoLocation(Bed); PickupObject(Book); GotoLocation(Drawer); PutObject(Book,Drawer)",1 | 1,1,0,candidate_fixed
shard_5_cf_1703,Drawer,shard_5_exp0_10626 | shard_5_exp0_10625,closed | open,GotoLocation(Drawer); OpenObject(Drawer) | GotoLocation(Drawer),<unparseable> | <unparseable>,0 | 0,0,1,GotoLocation(Drawer); OpenObject(Drawer) | GotoLocation(Drawer),1 | 1,1,0,candidate_fixed
shard_5_cf_1711,Drawer,shard_5_exp0_10649 | shard_5_exp0_10648,closed | open,"GotoLocation(Dresser); PickupObject(Book); GotoLocation(Drawer); OpenObject(Drawer); PutObject(Book,Drawer); CloseObject(Drawer) | GotoLocation(Dresser); PickupObject(Book); GotoLocation(Drawer); PutObject(Book,Drawer)",<unparseable> | <unparseable>,0 | 0,0,1,"GotoLocation(Dresser); PickupObject(Book); GotoLocation(Drawer); OpenObject(Drawer); PutObject(Book,Drawer); CloseObject(Drawer) | GotoLocation(Dresser); PickupObject(Book); GotoLocation(Drawer); PutObject(Book,Drawer)",1 | 1,1,0,candidate_fixed
shard_5_cf_1712,Drawer,shard_5_exp0_10651 | shard_5_exp0_10650,closed | open,"GotoLocation(CounterTop); PickupObject(SaltShaker); GotoLocation(Drawer); OpenObject(Drawer); PutObject(SaltShaker,Drawer); CloseObject(Drawer) | GotoLocation(CounterTop); PickupObject(SaltShaker); GotoLocation(Drawer); PutObject(SaltShaker,Drawer)",<unparseable> | <unparseable>,0 | 0,0,1,"GotoLocation(CounterTop); PickupObject(SaltShaker); GotoLocation(Drawer); OpenObject(Drawer); PutObject(SaltShaker,Drawer); CloseObject(Drawer) | GotoLocation(CounterTop); PickupObject(SaltShaker); GotoLocation(Drawer); PutObject(SaltShaker,Drawer)",1 | 1,1,0,candidate_fixed
shard_5_cf_1713,Drawer,shard_5_exp0_10654 | shard_5_exp0_10653,closed | open,GotoLocation(Drawer); OpenObject(Drawer) | GotoLocation(Drawer),<unparseable> | <unparseable>,0 | 0,0,1,GotoLocation(Drawer); OpenObject(Drawer) | GotoLocation(Drawer),1 | 1,1,0,candidate_fixed
shard_5_cf_1714,Fridge,shard_5_exp0_10658 | shard_5_exp0_10657,closed | open,"GotoLocation(DiningTable); PickupObject(Bowl); GotoLocation(Fridge); OpenObject(Fridge); PutObject(Bowl,Fridge); CloseObject(Fridge) | GotoLocation(DiningTable); PickupObject(Bowl); GotoLocation(Fridge); PutObject(Bowl,Fridge)",<unparseable> | <unparseable>,0 | 0,0,1,"GotoLocation(DiningTable); PickupObject(Bowl); GotoLocation(Fridge); OpenObject(Fridge); PutObject(Bowl,Fridge); CloseObject(Fridge) | GotoLocation(DiningTable); PickupObject(Bowl); GotoLocation(Fridge); PutObject(Bowl,Fridge)",1 | 1,1,0,candidate_fixed
shard_5_cf_1748,Drawer,shard_5_exp0_10764 | shard_5_exp0_10763,closed | open,GotoLocation(Drawer); OpenObject(Drawer) | GotoLocation(Drawer),<unparseable> | <unparseable>,0 | 0,0,1,GotoLocation(Drawer); OpenObject(Drawer) | GotoLocation(Drawer),1 | 1,1,0,candidate_fixed
shard_5_cf_1749,Drawer,shard_5_exp0_10766 | shard_5_exp0_10765,closed | open,GotoLocation(Drawer); OpenObject(Drawer) | GotoLocation(Drawer),<unparseable> | <unparseable>,0 | 0,0,1,GotoLocation(Drawer); OpenObject(Drawer) | GotoLocation(Drawer),1 | 1,1,0,candidate_fixed
shard_5_cf_1750,Drawer,shard_5_exp0_10768 | shard_5_exp0_10767,closed | open,GotoLocation(Drawer); OpenObject(Drawer) | GotoLocation(Drawer),<unparseable> | <unparseable>,0 | 0,0,1,GotoLocation(Drawer); OpenObject(Drawer) | GotoLocation(Drawer),1 | 1,1,0,candidate_fixed
shard_5_cf_1760,Drawer,shard_5_exp0_10794 | shard_5_exp0_10793,closed | open,"GotoLocation(Bed); PickupObject(Book); GotoLocation(Drawer); OpenObject(Drawer); PutObject(Book,Drawer); CloseObject(Drawer) | GotoLocation(Bed); PickupObject(Book); GotoLocation(Drawer); PutObject(Book,Drawer)",<unparseable> | <unparseable>,0 | 0,0,1,"GotoLocation(Bed); PickupObject(Book); GotoLocation(Drawer); OpenObject(Drawer); PutObject(Book,Drawer); CloseObject(Drawer) | GotoLocation(Bed); PickupObject(Book); GotoLocation(Drawer); PutObject(Book,Drawer)",1 | 1,1,0,candidate_fixed
shard_5_cf_1761,Drawer,shard_5_exp0_10796 | shard_5_exp0_10795,closed | open,GotoLocation(Drawer); OpenObject(Drawer) | GotoLocation(Drawer),<unparseable> | <unparseable>,0 | 0,0,1,GotoLocation(Drawer); OpenObject(Drawer) | GotoLocation(Drawer),1 | 1,1,0,candidate_fixed
shard_5_cf_1762,Drawer,shard_5_exp0_10798 | shard_5_exp0_10797,closed | open,"GotoLocation(Desk); PickupObject(TissueBox); GotoLocation(Drawer); OpenObject(Drawer); PutObject(TissueBox,Drawer); CloseObject(Drawer) | GotoLocation(Desk); PickupObject(TissueBox); GotoLocation(Drawer); PutObject(TissueBox,Drawer)",<unparseable> | <unparseable>,0 | 0,0,1,"GotoLocation(Desk); PickupObject(TissueBox); GotoLocation(Drawer); OpenObject(Drawer); PutObject(TissueBox,Drawer); CloseObject(Drawer) | GotoLocation(Dresser); PickupObject(TissueBox); GotoLocation(Drawer); PutObject(TissueBox,Drawer)",1 | 0,0,0,both_not_exact
shard_5_cf_1763,Drawer,shard_5_exp0_10801 | shard_5_exp0_10800,closed | open,"GotoLocation(Bed); PickupObject(Book); GotoLocation(Drawer); OpenObject(Drawer); PutObject(Book,Drawer); CloseObject(Drawer) | GotoLocation(Bed); PickupObject(Book); GotoLocation(Drawer); PutObject(Book,Drawer)",<unparseable> | <unparseable>,0 | 0,0,1,"GotoLocation(Bed); PickupObject(Book); GotoLocation(Drawer); OpenObject(Drawer); PutObject(Book,Drawer); CloseObject(Drawer) | GotoLocation(Bed); PickupObject(Book); GotoLocation(Drawer); PutObject(Book,Drawer)",1 | 1,1,0,candidate_fixed
shard_5_cf_1764,Drawer,shard_5_exp0_10803 | shard_5_exp0_10802,closed | open,GotoLocation(Drawer); OpenObject(Drawer) | GotoLocation(Drawer),<unparseable> | <unparseable>,0 | 0,0,1,GotoLocation(Drawer); OpenObject(Drawer) | GotoLocation(Drawer),1 | 1,1,0,candidate_fixed
shard_5_cf_1770,Drawer,shard_5_exp0_10825 | shard_5_exp0_10824,closed | open,"GotoLocation(Dresser); PickupObject(Pen); GotoLocation(Drawer); OpenObject(Drawer); PutObject(Pen,Drawer); CloseObject(Drawer) | GotoLocation(Dresser); PickupObject(Pen); GotoLocation(Drawer); PutObject(Pen,Drawer)",<unparseable> | <unparseable>,0 | 0,0,1,"GotoLocation(Dresser); PickupObject(Pen); GotoLocation(Drawer); OpenObject(Drawer); PutObject(Pen,Drawer); CloseObject(Drawer) | GotoLocation(Dresser); PickupObject(Pen); GotoLocation(Drawer); PutObject(Pen,Drawer)",1 | 1,1,0,candidate_fixed
shard_5_cf_1771,Drawer,shard_5_exp0_10827 | shard_5_exp0_10826,closed | open,"GotoLocation(Dresser); PickupObject(CellPhone); GotoLocation(Drawer); OpenObject(Drawer); PutObject(CellPhone,Drawer); CloseObject(Drawer) | GotoLocation(Dresser); PickupObject(CellPhone); GotoLocation(Drawer); PutObject(CellPhone,Drawer)",<unparseable> | <unparseable>,0 | 0,0,1,"GotoLocation(Dresser); PickupObject(CellPhone); GotoLocation(Drawer); OpenObject(Drawer); PutObject(CellPhone,Drawer); CloseObject(Drawer) | GotoLocation(Dresser); PickupObject(CellPhone); GotoLocation(Drawer); OpenObject(Drawer); PutObject(CellPhone,Drawer); CloseObject(Drawer)",1 | 0,0,1,both_not_exact
shard_5_cf_1772,Drawer,shard_5_exp0_10829 | shard_5_exp0_10828,closed | open,"GotoLocation(SideTable); PickupObject(SoapBottle); GotoLocation(Drawer); OpenObject(Drawer); PutObject(SoapBottle,Drawer); CloseObject(Drawer) | GotoLocation(SideTable); PickupObject(SoapBottle); GotoLocation(Drawer); PutObject(SoapBottle,Drawer)",<unparseable> | <unparseable>,0 | 0,0,1,"GotoLocation(SoapBottle); PickupObject(SoapBottle); GotoLocation(Drawer); OpenObject(Drawer); PutObject(SoapBottle,Drawer); CloseObject(Drawer) | GotoLocation(Dresser); PickupObject(SoapBottle); GotoLocation(Drawer); PutObject(SoapBottle,Drawer)",0 | 0,0,0,both_not_exact
shard_5_cf_1773,Drawer,shard_5_exp0_10831 | shard_5_exp0_10830,closed | open,GotoLocation(Drawer); OpenObject(Drawer) | GotoLocation(Drawer),<unparseable> | <unparseable>,0 | 0,0,1,GotoLocation(Drawer); OpenObject(Drawer) | GotoLocation(Drawer); OpenObject(Drawer),1 | 0,0,1,both_not_exact
shard_5_cf_1774,Drawer,shard_5_exp0_10833 | shard_5_exp0_10832,closed | open,"GotoLocation(ToiletPaper); PickupObject(ToiletPaper); GotoLocation(Drawer); OpenObject(Drawer); PutObject(ToiletPaper,Drawer); CloseObject(Drawer) | GotoLocation(ToiletPaper); PickupObject(ToiletPaper); GotoLocation(Drawer); PutObject(ToiletPaper,Drawer)",<unparseable> | <unparseable>,0 | 0,0,1,"GotoLocation(ToiletPaper); PickupObject(ToiletPaper); GotoLocation(Drawer); OpenObject(Drawer); PutObject(ToiletPaper,Drawer); CloseObject(Drawer) | GotoLocation(ToiletPaper); PickupObject(ToiletPaper); GotoLocation(Drawer); PutObject(ToiletPaper,Drawer)",1 | 1,1,0,candidate_fixed
shard_5_cf_1775,Drawer,shard_5_exp0_10835 | shard_5_exp0_10834,closed | open,GotoLocation(Drawer); OpenObject(Drawer) | GotoLocation(Drawer),<unparseable> | <unparseable>,0 | 0,0,1,GotoLocation(Drawer); OpenObject(Drawer) | GotoLocation(Drawer),1 | 1,1,0,candidate_fixed
shard_5_cf_1819,Drawer,shard_5_exp0_10992 | shard_5_exp0_10991,closed | open,"GotoLocation(DiningTable); PickupObject(Watch); GotoLocation(Drawer); OpenObject(Drawer); PutObject(Watch,Drawer); CloseObject(Drawer) | GotoLocation(DiningTable); PickupObject(Watch); GotoLocation(Drawer); PutObject(Watch,Drawer)",<unparseable> | <unparseable>,0 | 0,0,1,"GotoLocation(Desk); PickupObject(Watch); GotoLocation(Drawer); OpenObject(Drawer); PutObject(Watch,Drawer); CloseObject(Drawer) | GotoLocation(DiningTable); PickupObject(Watch); GotoLocation(Drawer); PutObject(Watch,Drawer)",0 | 1,0,0,both_not_exact
shard_5_cf_1835,Fridge,shard_5_exp0_11041 | shard_5_exp0_11040,closed | open,"GotoLocation(DiningTable); PickupObject(Tomato); GotoLocation(Fridge); OpenObject(Fridge); PutObject(Tomato,Fridge); CloseObject(Fridge) | GotoLocation(DiningTable); PickupObject(Tomato); GotoLocation(Fridge); PutObject(Tomato,Fridge)",<unparseable> | <unparseable>,0 | 0,0,1,"GotoLocation(DiningTable); PickupObject(Tomato); GotoLocation(Fridge); OpenObject(Fridge); PutObject(Tomato,Fridge); CloseObject(Fridge) | GotoLocation(DiningTable); PickupObject(Tomato); GotoLocation(Fridge); PutObject(Tomato,Fridge)",1 | 1,1,0,candidate_fixed
shard_5_cf_1836,Fridge,shard_5_exp0_11044 | shard_5_exp0_11043,closed | open,GotoLocation(Fridge); OpenObject(Fridge) | GotoLocation(Fridge),<unparseable> | <unparseable>,0 | 0,0,1,GotoLocation(Fridge); OpenObject(Fridge) | GotoLocation(Fridge),1 | 1,1,0,candidate_fixed
shard_5_cf_1907,Drawer,shard_5_exp0_11299 | shard_5_exp0_11298,closed | open,"GotoLocation(Dresser); PickupObject(Pencil); GotoLocation(Drawer); OpenObject(Drawer); PutObject(Pencil,Drawer); CloseObject(Drawer) | GotoLocation(Dresser); PickupObject(Pencil); GotoLocation(Drawer); PutObject(Pencil,Drawer)",<unparseable> | <unparseable>,0 | 0,0,1,"GotoLocation(Dresser); PickupObject(Pencil); GotoLocation(Drawer); OpenObject(Drawer); PutObject(Pencil,Drawer); CloseObject(Drawer) | GotoLocation(Dresser); PickupObject(Pencil); GotoLocation(Drawer); PutObject(Pencil,Drawer)",1 | 1,1,0,candidate_fixed
shard_5_cf_1908,Drawer,shard_5_exp0_11302 | shard_5_exp0_11301,closed | open,"GotoLocation(CounterTop); PickupObject(Fork); GotoLocation(Drawer); OpenObject(Drawer); PutObject(Fork,Drawer); CloseObject(Drawer) | GotoLocation(CounterTop); PickupObject(Fork); GotoLocation(Drawer); PutObject(Fork,Drawer)",<unparseable> | <unparseable>,0 | 0,0,1,"GotoLocation(CounterTop); PickupObject(Fork); GotoLocation(Drawer); OpenObject(Drawer); PutObject(Fork,Drawer); CloseObject(Drawer) | GotoLocation(CounterTop); PickupObject(Fork); GotoLocation(Drawer); OpenObject(Drawer); PutObject(Fork,Drawer); CloseObject(Drawer)",1 | 0,0,1,both_not_exact
shard_5_cf_1909,Drawer,shard_5_exp0_11306 | shard_5_exp0_11305,closed | open,GotoLocation(Drawer); OpenObject(Drawer) | GotoLocation(Drawer),<unparseable> | <unparseable>,0 | 0,0,1,GotoLocation(Drawer); OpenObject(Drawer) | GotoLocation(Drawer),1 | 1,1,0,candidate_fixed
shard_5_cf_1910,Fridge,shard_5_exp0_11309 | shard_5_exp0_11308,closed | open,GotoLocation(Fridge); OpenObject(Fridge) | GotoLocation(Fridge),<unparseable> | <unparseable>,0 | 0,0,1,GotoLocation(Fridge); OpenObject(Fridge) | GotoLocation(Fridge); OpenObject(Fridge),1 | 0,0,1,both_not_exact
shard_5_cf_1953,Drawer,shard_5_exp0_11443 | shard_5_exp0_11442,closed | open,GotoLocation(Drawer); OpenObject(Drawer) | GotoLocation(Drawer),<unparseable> | <unparseable>,0 | 0,0,1,GotoLocation(Drawer); OpenObject(Drawer) | GotoLocation(Drawer),1 | 1,1,0,candidate_fixed
shard_5_cf_1954,Fridge,shard_5_exp0_11445 | shard_5_exp0_11444,closed | open,GotoLocation(Fridge); OpenObject(Fridge) | GotoLocation(Fridge),<unparseable> | <unparseable>,0 | 0,0,1,GotoLocation(Fridge); OpenObject(Fridge) | GotoLocation(Fridge),1 | 1,1,0,candidate_fixed
shard_5_cf_1955,Drawer,shard_5_exp0_11447 | shard_5_exp0_11446,closed | open,"GotoLocation(Bed); PickupObject(Book); GotoLocation(Drawer); OpenObject(Drawer); PutObject(Book,Drawer); CloseObject(Drawer) | GotoLocation(Bed); PickupObject(Book); GotoLocation(Drawer); PutObject(Book,Drawer)",<unparseable> | <unparseable>,0 | 0,0,1,"GotoLocation(Bed); PickupObject(Book); GotoLocation(Drawer); OpenObject(Drawer); PutObject(Book,Drawer); CloseObject(Drawer) | GotoLocation(Bed); PickupObject(Book); GotoLocation(Drawer); PutObject(Book,Drawer)",1 | 1,1,0,candidate_fixed
shard_5_cf_1956,Drawer,shard_5_exp0_11449 | shard_5_exp0_11448,closed | open,"GotoLocation(Bed); PickupObject(Book); GotoLocation(Drawer); OpenObject(Drawer); PutObject(Book,Drawer); CloseObject(Drawer) | GotoLocation(Bed); PickupObject(Book); GotoLocation(Drawer); PutObject(Book,Drawer)",<unparseable> | <unparseable>,0 | 0,0,1,"GotoLocation(Bed); PickupObject(Book); GotoLocation(Drawer); OpenObject(Drawer); PutObject(Book,Drawer); CloseObject(Drawer) | GotoLocation(Bed); PickupObject(Book); GotoLocation(Drawer); PutObject(Book,Drawer)",1 | 1,1,0,candidate_fixed
shard_5_cf_1957,Drawer,shard_5_exp0_11451 | shard_5_exp0_11450,closed | open,"GotoLocation(Dresser); PickupObject(Watch); GotoLocation(Drawer); OpenObject(Drawer); PutObject(Watch,Drawer); CloseObject(Drawer) | GotoLocation(Dresser); PickupObject(Watch); GotoLocation(Drawer); PutObject(Watch,Drawer)",<unparseable> | <unparseable>,0 | 0,0,1,"GotoLocation(Dresser); PickupObject(Watch); GotoLocation(Drawer); OpenObject(Drawer); PutObject(Watch,Drawer); CloseObject(Drawer) | GotoLocation(Dresser); PickupObject(Watch); GotoLocation(Drawer); PutObject(Watch,Drawer)",1 | 1,1,0,candidate_fixed
shard_5_cf_1958,Microwave,shard_5_exp0_11453 | shard_5_exp0_11452,closed | open,GotoLocation(Microwave); OpenObject(Microwave) | GotoLocation(Microwave),<unparseable> | <unparseable>,0 | 0,0,1,GotoLocation(Microwave) | GotoLocation(Microwave),0 | 1,0,1,both_not_exact
shard_5_cf_1959,Drawer,shard_5_exp0_11455 | shard_5_exp0_11454,closed | open,GotoLocation(Drawer); OpenObject(Drawer) | GotoLocation(Drawer),<unparseable> | <unparseable>,0 | 0,0,1,GotoLocation(Drawer); OpenObject(Drawer) | GotoLocation(Drawer),1 | 1,1,0,candidate_fixed
shard_5_cf_1963,Drawer,shard_5_exp0_11468 | shard_5_exp0_11467,closed | open,GotoLocation(Drawer); OpenObject(Drawer) | GotoLocation(Drawer),<unparseable> | <unparseable>,0 | 0,0,1,GotoLocation(Drawer); OpenObject(Drawer) | GotoLocation(Drawer),1 | 1,1,0,candidate_fixed
shard_5_cf_1964,Drawer,shard_5_exp0_11471 | shard_5_exp0_11470,closed | open,"GotoLocation(Dresser); PickupObject(CellPhone); GotoLocation(Drawer); OpenObject(Drawer); PutObject(CellPhone,Drawer); CloseObject(Drawer) | GotoLocation(Dresser); PickupObject(CellPhone); GotoLocation(Drawer); PutObject(CellPhone,Drawer)",<unparseable> | <unparseable>,0 | 0,0,1,"GotoLocation(Dresser); PickupObject(CellPhone); GotoLocation(Drawer); OpenObject(Drawer); PutObject(CellPhone,Drawer); CloseObject(Drawer) | GotoLocation(Dresser); PickupObject(CellPhone); GotoLocation(Drawer); PutObject(CellPhone,Drawer)",1 | 1,1,0,candidate_fixed
shard_5_cf_1965,Drawer,shard_5_exp0_11473 | shard_5_exp0_11472,closed | open,GotoLocation(Drawer); OpenObject(Drawer) | GotoLocation(Drawer),<unparseable> | <unparseable>,0 | 0,0,1,GotoLocation(Drawer); OpenObject(Drawer) | GotoLocation(Drawer),1 | 1,1,0,candidate_fixed
shard_5_cf_2012,Drawer,shard_5_exp0_11597 | shard_5_exp0_11596,closed | open,"GotoLocation(ArmChair); PickupObject(RemoteControl); GotoLocation(Drawer); OpenObject(Drawer); PutObject(RemoteControl,Drawer); CloseObject(Drawer) | GotoLocation(ArmChair); PickupObject(RemoteControl); GotoLocation(Drawer); PutObject(RemoteControl,Drawer)",<unparseable> | <unparseable>,0 | 0,0,1,"GotoLocation(Dresser); PickupObject(RemoteControl); GotoLocation(Drawer); OpenObject(Drawer); PutObject(RemoteControl,Drawer); CloseObject(Drawer) | GotoLocation(Dresser); PickupObject(RemoteControl); GotoLocation(Drawer); PutObject(RemoteControl,Drawer)",0 | 0,0,0,both_not_exact
shard_5_cf_2021,Drawer,shard_5_exp0_11623 | shard_5_exp0_11622,closed | open,"GotoLocation(Dresser); PickupObject(RemoteControl); GotoLocation(Drawer); OpenObject(Drawer); PutObject(RemoteControl,Drawer); CloseObject(Drawer) | GotoLocation(Dresser); PickupObject(RemoteControl); GotoLocation(Drawer); PutObject(RemoteControl,Drawer)",<unparseable> | <unparseable>,0 | 0,0,1,"GotoLocation(Dresser); PickupObject(RemoteControl); GotoLocation(Drawer); OpenObject(Drawer); PutObject(RemoteControl,Drawer); CloseObject(Drawer) | GotoLocation(Dresser); PickupObject(RemoteControl); GotoLocation(Drawer); OpenObject(Drawer); PutObject(RemoteControl,Drawer); CloseObject(Drawer)",1 | 0,0,1,both_not_exact
shard_5_cf_2022,Drawer,shard_5_exp0_11625 | shard_5_exp0_11624,closed | open,"GotoLocation(Bed); PickupObject(RemoteControl); GotoLocation(Drawer); OpenObject(Drawer); PutObject(RemoteControl,Drawer); CloseObject(Drawer) | GotoLocation(Bed); PickupObject(RemoteControl); GotoLocation(Drawer); PutObject(RemoteControl,Drawer)",<unparseable> | <unparseable>,0 | 0,0,1,"GotoLocation(Bed); PickupObject(RemoteControl); GotoLocation(Drawer); OpenObject(Drawer); PutObject(RemoteControl,Drawer); CloseObject(Drawer) | GotoLocation(Bed); PickupObject(RemoteControl); GotoLocation(Drawer); PutObject(RemoteControl,Drawer)",1 | 1,1,0,candidate_fixed
shard_5_cf_2023,Drawer,shard_5_exp0_11627 | shard_5_exp0_11626,closed | open,GotoLocation(Drawer); OpenObject(Drawer) | GotoLocation(Drawer),<unparseable> | <unparseable>,0 | 0,0,1,GotoLocation(Drawer); OpenObject(Drawer) | GotoLocation(Drawer),1 | 1,1,0,candidate_fixed
shard_5_cf_2037,Drawer,shard_5_exp0_11670 | shard_5_exp0_11669,closed | open,GotoLocation(Drawer); OpenObject(Drawer) | GotoLocation(Drawer),<unparseable> | <unparseable>,0 | 0,0,1,GotoLocation(Drawer); OpenObject(Drawer) | GotoLocation(Drawer),1 | 1,1,0,candidate_fixed
shard_5_cf_2038,Fridge,shard_5_exp0_11675 | shard_5_exp0_11674,closed | open,GotoLocation(Fridge); OpenObject(Fridge) | GotoLocation(Fridge),<unparseable> | <unparseable>,0 | 0,0,1,GotoLocation(Fridge); OpenObject(Fridge) | GotoLocation(Fridge),1 | 1,1,0,candidate_fixed
shard_5_cf_2044,Drawer,shard_5_exp0_11689 | shard_5_exp0_11688,closed | open,"GotoLocation(Desk); PickupObject(CreditCard); GotoLocation(Drawer); OpenObject(Drawer); PutObject(CreditCard,Drawer); CloseObject(Drawer) | GotoLocation(Desk); PickupObject(CreditCard); GotoLocation(Drawer); PutObject(CreditCard,Drawer)",<unparseable> | <unparseable>,0 | 0,0,1,"GotoLocation(Desk); PickupObject(CreditCard); GotoLocation(Drawer); OpenObject(Drawer); PutObject(CreditCard,Drawer); CloseObject(Drawer) | GotoLocation(Desk); PickupObject(CreditCard); GotoLocation(Drawer); PutObject(CreditCard,Drawer)",1 | 1,1,0,candidate_fixed
shard_5_cf_2045,Drawer,shard_5_exp0_11692 | shard_5_exp0_11691,closed | open,GotoLocation(Drawer); OpenObject(Drawer) | GotoLocation(Drawer),<unparseable> | <unparseable>,0 | 0,0,1,GotoLocation(Drawer); OpenObject(Drawer) | GotoLocation(Drawer),1 | 1,1,0,candidate_fixed
shard_5_cf_2052,Drawer,shard_5_exp0_11715 | shard_5_exp0_11714,closed | open,"GotoLocation(Dresser); PickupObject(RemoteControl); GotoLocation(Drawer); OpenObject(Drawer); PutObject(RemoteControl,Drawer); CloseObject(Drawer) | GotoLocation(Dresser); PickupObject(RemoteControl); GotoLocation(Drawer); PutObject(RemoteControl,Drawer)",<unparseable> | <unparseable>,0 | 0,0,1,"GotoLocation(Dresser); PickupObject(RemoteControl); GotoLocation(Drawer); OpenObject(Drawer); PutObject(RemoteControl,Drawer); CloseObject(Drawer) | GotoLocation(Dresser); PickupObject(RemoteControl); GotoLocation(Drawer); PutObject(RemoteControl,Drawer)",1 | 1,1,0,candidate_fixed
shard_5_cf_2084,Drawer,shard_5_exp0_11797 | shard_5_exp0_11796,closed | open,GotoLocation(Drawer); OpenObject(Drawer) | GotoLocation(Drawer),<unparseable> | <unparseable>,0 | 0,0,1,GotoLocation(Drawer); OpenObject(Drawer) | GotoLocation(Drawer),1 | 1,1,0,candidate_fixed
shard_5_cf_2085,Drawer,shard_5_exp0_11799 | shard_5_exp0_11798,closed | open,"GotoLocation(Dresser); PickupObject(CD); GotoLocation(Drawer); OpenObject(Drawer); PutObject(CD,Drawer); CloseObject(Drawer) | GotoLocation(Dresser); PickupObject(CD); GotoLocation(Drawer); PutObject(CD,Drawer)",<unparseable> | <unparseable>,0 | 0,0,1,"GotoLocation(Dresser); PickupObject(CD); GotoLocation(Drawer); OpenObject(Drawer); PutObject(CD,Drawer); CloseObject(Drawer) | GotoLocation(Dresser); PickupObject(CD); GotoLocation(Drawer); PutObject(CD,Drawer)",1 | 1,1,0,candidate_fixed
shard_5_cf_2126,Drawer,shard_5_exp0_11903 | shard_5_exp0_11902,closed | open,"GotoLocation(Dresser); PickupObject(CellPhone); GotoLocation(Drawer); OpenObject(Drawer); PutObject(CellPhone,Drawer); CloseObject(Drawer) | GotoLocation(Dresser); PickupObject(CellPhone); GotoLocation(Drawer); PutObject(CellPhone,Drawer)",<unparseable> | <unparseable>,0 | 0,0,1,"GotoLocation(Bed); PickupObject(CellPhone); GotoLocation(Drawer); OpenObject(Drawer); PutObject(CellPhone,Drawer); CloseObject(Drawer) | GotoLocation(Bed); PickupObject(CellPhone); GotoLocation(Drawer); PutObject(CellPhone,Drawer)",0 | 0,0,0,both_not_exact
shard_5_cf_2127,Drawer,shard_5_exp0_11905 | shard_5_exp0_11904,closed | open,"GotoLocation(Shelf); PickupObject(Newspaper); GotoLocation(Drawer); OpenObject(Drawer); PutObject(Newspaper,Drawer); CloseObject(Drawer) | GotoLocation(Shelf); PickupObject(Newspaper); GotoLocation(Drawer); PutObject(Newspaper,Drawer)",<unparseable> | <unparseable>,0 | 0,0,1,"GotoLocation(Shelf); PickupObject(Newspaper); GotoLocation(Drawer); PutObject(Newspaper,Drawer) | GotoLocation(Shelf); PickupObject(Newspaper); GotoLocation(Drawer); PutObject(Newspaper,Drawer)",0 | 1,0,1,both_not_exact
shard_5_cf_2161,Fridge,shard_5_exp0_12002 | shard_5_exp0_12001,closed | open,GotoLocation(Fridge); OpenObject(Fridge) | GotoLocation(Fridge),<unparseable> | <unparseable>,0 | 0,0,1,GotoLocation(Fridge); OpenObject(Fridge) | GotoLocation(Fridge),1 | 1,1,0,candidate_fixed
shard_5_cf_2162,Fridge,shard_5_exp0_12006 | shard_5_exp0_12005,closed | open,GotoLocation(Fridge); OpenObject(Fridge) | GotoLocation(Fridge),<unparseable> | <unparseable>,0 | 0,0,1,GotoLocation(Fridge); OpenObject(Fridge) | GotoLocation(Fridge),1 | 1,1,0,candidate_fixed
shard_5_cf_2163,Drawer,shard_5_exp0_12008 | shard_5_exp0_12007,closed | open,GotoLocation(Drawer); OpenObject(Drawer) | GotoLocation(Drawer),<unparseable> | <unparseable>,0 | 0,0,1,GotoLocation(Drawer); OpenObject(Drawer) | GotoLocation(Drawer),1 | 1,1,0,candidate_fixed
shard_5_cf_2164,Drawer,shard_5_exp0_12011 | shard_5_exp0_12010,closed | open,GotoLocation(Drawer); OpenObject(Drawer) | GotoLocation(Drawer),<unparseable> | <unparseable>,0 | 0,0,1,GotoLocation(Drawer); OpenObject(Drawer) | GotoLocation(Drawer),1 | 1,1,0,candidate_fixed
shard_5_cf_2165,Drawer,shard_5_exp0_12013 | shard_5_exp0_12012,closed | open,GotoLocation(Drawer); OpenObject(Drawer) | GotoLocation(Drawer),<unparseable> | <unparseable>,0 | 0,0,1,GotoLocation(Drawer); OpenObject(Drawer) | GotoLocation(Drawer),1 | 1,1,0,candidate_fixed
shard_5_cf_2166,Drawer,shard_5_exp0_12015 | shard_5_exp0_12014,closed | open,GotoLocation(Drawer); OpenObject(Drawer) | GotoLocation(Drawer),<unparseable> | <unparseable>,0 | 0,0,1,GotoLocation(Drawer); OpenObject(Drawer) | GotoLocation(Drawer),1 | 1,1,0,candidate_fixed
shard_5_cf_2167,Drawer,shard_5_exp0_12017 | shard_5_exp0_12016,closed | open,GotoLocation(Drawer); OpenObject(Drawer) | GotoLocation(Drawer),<unparseable> | <unparseable>,0 | 0,0,1,GotoLocation(Drawer); OpenObject(Drawer) | GotoLocation(Drawer),1 | 1,1,0,candidate_fixed
shard_5_cf_2201,Drawer,shard_5_exp0_12105 | shard_5_exp0_12104,closed | open,"GotoLocation(Dresser); PickupObject(Book); GotoLocation(Drawer); OpenObject(Drawer); PutObject(Book,Drawer); CloseObject(Drawer) | GotoLocation(Dresser); PickupObject(Book); GotoLocation(Drawer); PutObject(Book,Drawer)",<unparseable> | <unparseable>,0 | 0,0,1,"GotoLocation(Dresser); PickupObject(Book); GotoLocation(Drawer); OpenObject(Drawer); PutObject(Book,Drawer); CloseObject(Drawer) | GotoLocation(Dresser); PickupObject(Book); GotoLocation(Drawer); PutObject(Book,Drawer)",1 | 1,1,0,candidate_fixed
shard_5_cf_2202,Drawer,shard_5_exp0_12107 | shard_5_exp0_12106,closed | open,GotoLocation(Drawer); OpenObject(Drawer) | GotoLocation(Drawer),<unparseable> | <unparseable>,0 | 0,0,1,GotoLocation(Drawer); OpenObject(Drawer) | GotoLocation(Drawer),1 | 1,1,0,candidate_fixed
shard_5_cf_2305,Drawer,shard_5_exp0_12412 | shard_5_exp0_12411,closed | open,GotoLocation(Drawer); OpenObject(Drawer) | GotoLocation(Drawer),<unparseable> | <unparseable>,0 | 0,0,1,GotoLocation(Drawer); OpenObject(Drawer) | GotoLocation(Drawer),1 | 1,1,0,candidate_fixed
shard_5_cf_2306,Fridge,shard_5_exp0_12414 | shard_5_exp0_12413,closed | open,GotoLocation(Fridge); OpenObject(Fridge) | GotoLocation(Fridge),<unparseable> | <unparseable>,0 | 0,0,1,GotoLocation(Fridge); OpenObject(Fridge) | GotoLocation(Fridge),1 | 1,1,0,candidate_fixed
shard_6_cf_0012,Drawer,shard_6_exp0_0150 | shard_6_exp0_0149,closed | open,GotoLocation(Drawer); OpenObject(Drawer) | GotoLocation(Drawer),<unparseable> | <unparseable>,0 | 0,0,1,GotoLocation(Drawer); OpenObject(Drawer) | GotoLocation(Drawer),1 | 1,1,0,candidate_fixed
shard_6_cf_0013,Fridge,shard_6_exp0_0152 | shard_6_exp0_0151,closed | open,GotoLocation(Fridge); OpenObject(Fridge) | GotoLocation(Fridge),<unparseable> | <unparseable>,0 | 0,0,1,GotoLocation(Fridge); OpenObject(Fridge) | GotoLocation(Fridge),1 | 1,1,0,candidate_fixed
shard_6_cf_0018,Drawer,shard_6_exp0_0257 | shard_6_exp0_0256,closed | open,"GotoLocation(Dresser); PickupObject(RemoteControl); GotoLocation(Drawer); OpenObject(Drawer); PutObject(RemoteControl,Drawer); CloseObject(Drawer) | GotoLocation(Dresser); PickupObject(RemoteControl); GotoLocation(Drawer); PutObject(RemoteControl,Drawer)",<unparseable> | <unparseable>,0 | 0,0,1,"GotoLocation(Dresser); PickupObject(RemoteControl); GotoLocation(Drawer); OpenObject(Drawer); PutObject(RemoteControl,Drawer); CloseObject(Drawer) | GotoLocation(Dresser); PickupObject(RemoteControl); GotoLocation(Drawer); PutObject(RemoteControl,Drawer)",1 | 1,1,0,candidate_fixed
shard_6_cf_0032,Fridge,shard_6_exp0_0568 | shard_6_exp0_0567,closed | open,GotoLocation(Fridge); OpenObject(Fridge) | GotoLocation(Fridge),<unparseable> | <unparseable>,0 | 0,0,1,GotoLocation(Fridge); OpenObject(Fridge) | GotoLocation(Fridge),1 | 1,1,0,candidate_fixed
shard_6_cf_0040,Drawer,shard_6_exp0_0654 | shard_6_exp0_0653,closed | open,GotoLocation(Drawer); OpenObject(Drawer) | GotoLocation(Drawer),<unparseable> | <unparseable>,0 | 0,0,1,GotoLocation(Drawer); OpenObject(Drawer) | GotoLocation(Drawer),1 | 1,1,0,candidate_fixed
shard_6_cf_0043,Drawer,shard_6_exp0_0679 | shard_6_exp0_0678,closed | open,GotoLocation(Drawer); OpenObject(Drawer) | GotoLocation(Drawer),<unparseable> | <unparseable>,0 | 0,0,1,GotoLocation(Drawer); OpenObject(Drawer) | GotoLocation(Drawer),1 | 1,1,0,candidate_fixed
shard_6_cf_0071,Drawer,shard_6_exp0_0971 | shard_6_exp0_0970,closed | open,GotoLocation(Drawer); OpenObject(Drawer) | GotoLocation(Drawer),<unparseable> | <unparseable>,0 | 0,0,1,GotoLocation(Drawer); OpenObject(Drawer) | GotoLocation(Drawer),1 | 1,1,0,candidate_fixed
shard_6_cf_0072,Drawer,shard_6_exp0_0973 | shard_6_exp0_0972,closed | open,GotoLocation(Drawer); OpenObject(Drawer) | GotoLocation(Drawer),<unparseable> | <unparseable>,0 | 0,0,1,GotoLocation(Drawer); OpenObject(Drawer) | GotoLocation(Drawer),1 | 1,1,0,candidate_fixed
shard_6_cf_0082,Fridge,shard_6_exp0_1053 | shard_6_exp0_1052,closed | open,GotoLocation(Fridge); OpenObject(Fridge) | GotoLocation(Fridge),<unparseable> | <unparseable>,0 | 0,0,1,GotoLocation(Fridge); OpenObject(Fridge) | GotoLocation(Fridge),1 | 1,1,0,candidate_fixed
shard_6_cf_0083,Fridge,shard_6_exp0_1058 | shard_6_exp0_1057,closed | open,GotoLocation(Fridge); OpenObject(Fridge) | GotoLocation(Fridge),<unparseable> | <unparseable>,0 | 0,0,1,GotoLocation(Fridge); OpenObject(Fridge) | GotoLocation(Fridge); OpenObject(Fridge),1 | 0,0,1,both_not_exact
shard_6_cf_0086,Fridge,shard_6_exp0_1096 | shard_6_exp0_1095,closed | open,"GotoLocation(CounterTop); PickupObject(Bread); GotoLocation(Fridge); OpenObject(Fridge); PutObject(Bread,Fridge); CloseObject(Fridge) | GotoLocation(CounterTop); PickupObject(Bread); GotoLocation(Fridge); PutObject(Bread,Fridge)",<unparseable> | <unparseable>,0 | 0,0,1,"GotoLocation(CounterTop); PickupObject(Bread); GotoLocation(Fridge); OpenObject(Fridge); PutObject(Bread,Fridge); CloseObject(Fridge) | GotoLocation(CounterTop); PickupObject(Bread); GotoLocation(Fridge); PutObject(Bread,Fridge)",1 | 1,1,0,candidate_fixed
shard_6_cf_0094,Drawer,shard_6_exp0_1181 | shard_6_exp0_1180,closed | open,"GotoLocation(ToiletPaper); PickupObject(ToiletPaper); GotoLocation(Drawer); OpenObject(Drawer); PutObject(ToiletPaper,Drawer); CloseObject(Drawer) | GotoLocation(ToiletPaper); PickupObject(ToiletPaper); GotoLocation(Drawer); PutObject(ToiletPaper,Drawer)",<unparseable> | <unparseable>,0 | 0,0,1,"GotoLocation(ToiletPaper); PickupObject(ToiletPaper); GotoLocation(Drawer); OpenObject(Drawer); PutObject(ToiletPaper,Drawer); CloseObject(Drawer) | GotoLocation(ToiletPaper); PickupObject(ToiletPaper); GotoLocation(Drawer); PutObject(ToiletPaper,Drawer)",1 | 1,1,0,candidate_fixed
shard_6_cf_0095,Drawer,shard_6_exp0_1186 | shard_6_exp0_1185,closed | open,GotoLocation(Drawer); OpenObject(Drawer) | GotoLocation(Drawer),<unparseable> | <unparseable>,0 | 0,0,1,GotoLocation(Drawer); OpenObject(Drawer) | GotoLocation(Drawer),1 | 1,1,0,candidate_fixed
shard_6_cf_0096,Drawer,shard_6_exp0_1205 | shard_6_exp0_1204,closed | open,GotoLocation(Drawer); OpenObject(Drawer) | GotoLocation(Drawer),<unparseable> | <unparseable>,0 | 0,0,1,GotoLocation(Drawer) | GotoLocation(Drawer),0 | 1,0,1,both_not_exact
shard_6_cf_0097,Drawer,shard_6_exp0_1210 | shard_6_exp0_1209,closed | open,"GotoLocation(Dresser); PickupObject(RemoteControl); GotoLocation(Drawer); OpenObject(Drawer); PutObject(RemoteControl,Drawer); CloseObject(Drawer) | GotoLocation(Dresser); PickupObject(RemoteControl); GotoLocation(Drawer); PutObject(RemoteControl,Drawer)",<unparseable> | <unparseable>,0 | 0,0,1,"GotoLocation(Dresser); PickupObject(RemoteControl); GotoLocation(Drawer); OpenObject(Drawer); PutObject(RemoteControl,Drawer); CloseObject(Drawer) | GotoLocation(Dresser); PickupObject(RemoteControl); GotoLocation(Drawer); PutObject(RemoteControl,Drawer)",1 | 1,1,0,candidate_fixed
shard_6_cf_0098,Drawer,shard_6_exp0_1213 | shard_6_exp0_1212,closed | open,GotoLocation(Drawer); OpenObject(Drawer) | GotoLocation(Drawer),<unparseable> | <unparseable>,0 | 0,0,1,GotoLocation(Drawer); OpenObject(Drawer) | GotoLocation(Drawer),1 | 1,1,0,candidate_fixed
shard_6_cf_0112,Drawer,shard_6_exp0_1409 | shard_6_exp0_1408,closed | open,GotoLocation(Drawer); OpenObject(Drawer) | GotoLocation(Drawer),<unparseable> | <unparseable>,0 | 0,0,1,GotoLocation(Drawer); OpenObject(Drawer) | GotoLocation(Drawer),1 | 1,1,0,candidate_fixed
shard_6_cf_0113,Drawer,shard_6_exp0_1415 | shard_6_exp0_1414,closed | open,GotoLocation(Drawer); OpenObject(Drawer) | GotoLocation(Drawer),<unparseable> | <unparseable>,0 | 0,0,1,GotoLocation(Drawer); OpenObject(Drawer) | GotoLocation(Drawer),1 | 1,1,0,candidate_fixed
shard_6_cf_0139,Fridge,shard_6_exp0_1706 | shard_6_exp0_1705,closed | open,GotoLocation(Fridge); OpenObject(Fridge) | GotoLocation(Fridge),<unparseable> | <unparseable>,0 | 0,0,1,GotoLocation(Fridge); OpenObject(Fridge) | GotoLocation(Fridge),1 | 1,1,0,candidate_fixed
shard_6_cf_0140,Drawer,shard_6_exp0_1708 | shard_6_exp0_1707,closed | open,GotoLocation(Drawer); OpenObject(Drawer) | GotoLocation(Drawer),<unparseable> | <unparseable>,0 | 0,0,1,GotoLocation(Drawer); OpenObject(Drawer) | GotoLocation(Drawer),1 | 1,1,0,candidate_fixed
shard_6_cf_0141,Drawer,shard_6_exp0_1711 | shard_6_exp0_1710,closed | open,GotoLocation(Drawer); OpenObject(Drawer) | GotoLocation(Drawer),<unparseable> | <unparseable>,0 | 0,0,1,GotoLocation(Drawer); OpenObject(Drawer) | GotoLocation(Drawer); OpenObject(Drawer),1 | 0,0,1,both_not_exact
shard_6_cf_0250,Drawer,shard_6_exp0_2664 | shard_6_exp0_2663,closed | open,"GotoLocation(Dresser); PickupObject(Book); GotoLocation(Drawer); OpenObject(Drawer); PutObject(Book,Drawer); CloseObject(Drawer) | GotoLocation(Dresser); PickupObject(Book); GotoLocation(Drawer); PutObject(Book,Drawer)",<unparseable> | <unparseable>,0 | 0,0,1,"GotoLocation(Dresser); PickupObject(Book); GotoLocation(Drawer); OpenObject(Drawer); PutObject(Book,Drawer); CloseObject(Drawer) | GotoLocation(Dresser); PickupObject(Book); GotoLocation(Drawer); PutObject(Book,Drawer)",1 | 1,1,0,candidate_fixed
shard_6_cf_0282,Fridge,shard_6_exp0_2964 | shard_6_exp0_2963,closed | open,GotoLocation(Fridge); OpenObject(Fridge) | GotoLocation(Fridge),<unparseable> | <unparseable>,0 | 0,0,1,GotoLocation(Fridge); OpenObject(Fridge) | GotoLocation(Fridge),1 | 1,1,0,candidate_fixed
shard_6_cf_0283,Drawer,shard_6_exp0_2980 | shard_6_exp0_2979,closed | open,GotoLocation(Drawer); OpenObject(Drawer) | GotoLocation(Drawer),<unparseable> | <unparseable>,0 | 0,0,1,GotoLocation(Drawer) | GotoLocation(Drawer),0 | 1,0,1,both_not_exact
shard_6_cf_0284,Fridge,shard_6_exp0_2985 | shard_6_exp0_2984,closed | open,GotoLocation(Fridge); OpenObject(Fridge) | GotoLocation(Fridge),<unparseable> | <unparseable>,0 | 0,0,1,GotoLocation(Fridge); OpenObject(Fridge) | GotoLocation(Fridge),1 | 1,1,0,candidate_fixed
shard_6_cf_0285,Microwave,shard_6_exp0_2988 | shard_6_exp0_2987,closed | open,GotoLocation(Microwave); OpenObject(Microwave) | GotoLocation(Microwave),<unparseable> | <unparseable>,0 | 0,0,1,GotoLocation(Microwave); OpenObject(Microwave) | GotoLocation(Microwave),1 | 1,1,0,candidate_fixed
shard_6_cf_0301,Drawer,shard_6_exp0_3135 | shard_6_exp0_3134,closed | open,GotoLocation(Drawer); OpenObject(Drawer) | GotoLocation(Drawer),<unparseable> | <unparseable>,0 | 0,0,1,GotoLocation(Drawer); OpenObject(Drawer) | GotoLocation(Drawer),1 | 1,1,0,candidate_fixed
shard_6_cf_0302,Drawer,shard_6_exp0_3137 | shard_6_exp0_3136,closed | open,GotoLocation(Drawer); OpenObject(Drawer) | GotoLocation(Drawer),<unparseable> | <unparseable>,0 | 0,0,1,GotoLocation(Drawer); OpenObject(Drawer) | GotoLocation(Drawer); OpenObject(Drawer),1 | 0,0,1,both_not_exact
shard_6_cf_0303,Drawer,shard_6_exp0_3139 | shard_6_exp0_3138,closed | open,GotoLocation(Drawer); OpenObject(Drawer) | GotoLocation(Drawer),<unparseable> | <unparseable>,0 | 0,0,1,GotoLocation(Drawer); OpenObject(Drawer) | GotoLocation(Drawer),1 | 1,1,0,candidate_fixed
shard_6_cf_0304,Safe,shard_6_exp0_3141 | shard_6_exp0_3140,closed | open,GotoLocation(Safe); OpenObject(Safe) | GotoLocation(Safe),<unparseable> | <unparseable>,0 | 0,0,1,GotoLocation(Safe); OpenObject(Safe) | GotoLocation(Safe),1 | 1,1,0,candidate_fixed
shard_6_cf_0305,Drawer,shard_6_exp0_3144 | shard_6_exp0_3143,closed | open,GotoLocation(Drawer); OpenObject(Drawer) | GotoLocation(Drawer),<unparseable> | <unparseable>,0 | 0,0,1,GotoLocation(Drawer); OpenObject(Drawer) | GotoLocation(Drawer),1 | 1,1,0,candidate_fixed
shard_6_cf_0314,Fridge,shard_6_exp0_3237 | shard_6_exp0_3236,closed | open,GotoLocation(Fridge); OpenObject(Fridge) | GotoLocation(Fridge),<unparseable> | <unparseable>,0 | 0,0,1,GotoLocation(Fridge); OpenObject(Fridge) | GotoLocation(Fridge),1 | 1,1,0,candidate_fixed
shard_6_cf_0315,Fridge,shard_6_exp0_3239 | shard_6_exp0_3238,closed | open,GotoLocation(Fridge); OpenObject(Fridge) | GotoLocation(Fridge),<unparseable> | <unparseable>,0 | 0,0,1,GotoLocation(Fridge); OpenObject(Fridge) | GotoLocation(Fridge),1 | 1,1,0,candidate_fixed
shard_6_cf_0316,Drawer,shard_6_exp0_3241 | shard_6_exp0_3240,closed | open,GotoLocation(Drawer); OpenObject(Drawer) | GotoLocation(Drawer),<unparseable> | <unparseable>,0 | 0,0,1,GotoLocation(Drawer); OpenObject(Drawer) | GotoLocation(Drawer),1 | 1,1,0,candidate_fixed
shard_6_cf_0351,Drawer,shard_6_exp0_3549 | shard_6_exp0_3548,closed | open,GotoLocation(Drawer); OpenObject(Drawer) | GotoLocation(Drawer),<unparseable> | <unparseable>,0 | 0,0,1,GotoLocation(Drawer); OpenObject(Drawer) | GotoLocation(Drawer),1 | 1,1,0,candidate_fixed
shard_6_cf_0405,Drawer,shard_6_exp0_4046 | shard_6_exp0_4045,closed | open,GotoLocation(Drawer); OpenObject(Drawer) | GotoLocation(Drawer),<unparseable> | <unparseable>,0 | 0,0,1,GotoLocation(Drawer); OpenObject(Drawer) | GotoLocation(Drawer),1 | 1,1,0,candidate_fixed
shard_6_cf_0406,Drawer,shard_6_exp0_4054 | shard_6_exp0_4053,closed | open,GotoLocation(Drawer); OpenObject(Drawer) | GotoLocation(Drawer),<unparseable> | <unparseable>,0 | 0,0,1,GotoLocation(Drawer); OpenObject(Drawer) | GotoLocation(Drawer),1 | 1,1,0,candidate_fixed
shard_6_cf_0423,Drawer,shard_6_exp0_4234 | shard_6_exp0_4233,closed | open,GotoLocation(Drawer); OpenObject(Drawer) | GotoLocation(Drawer),<unparseable> | <unparseable>,0 | 0,0,1,GotoLocation(Drawer); OpenObject(Drawer) | GotoLocation(Drawer),1 | 1,1,0,candidate_fixed
shard_6_cf_0436,Drawer,shard_6_exp0_4339 | shard_6_exp0_4338,closed | open,GotoLocation(Drawer); OpenObject(Drawer) | GotoLocation(Drawer),<unparseable> | <unparseable>,0 | 0,0,1,GotoLocation(Drawer); OpenObject(Drawer) | GotoLocation(Drawer),1 | 1,1,0,candidate_fixed
shard_6_cf_0437,Microwave,shard_6_exp0_4345 | shard_6_exp0_4344,closed | open,GotoLocation(Microwave); OpenObject(Microwave) | GotoLocation(Microwave),<unparseable> | <unparseable>,0 | 0,0,1,GotoLocation(Microwave); OpenObject(Microwave) | GotoLocation(Microwave); OpenObject(Microwave),1 | 0,0,1,both_not_exact
shard_6_cf_0438,Drawer,shard_6_exp0_4347 | shard_6_exp0_4346,closed | open,GotoLocation(Drawer); OpenObject(Drawer) | GotoLocation(Drawer),<unparseable> | <unparseable>,0 | 0,0,1,GotoLocation(Drawer) | GotoLocation(Drawer); OpenObject(Drawer),0 | 0,0,0,both_not_exact
shard_6_cf_0449,Drawer,shard_6_exp0_4480 | shard_6_exp0_4479,closed | open,GotoLocation(Drawer); OpenObject(Drawer) | GotoLocation(Drawer),<unparseable> | <unparseable>,0 | 0,0,1,GotoLocation(Drawer); OpenObject(Drawer) | GotoLocation(Drawer),1 | 1,1,0,candidate_fixed
shard_6_cf_0450,Drawer,shard_6_exp0_4482 | shard_6_exp0_4481,closed | open,"GotoLocation(CD); PickupObject(CD); GotoLocation(Drawer); OpenObject(Drawer); PutObject(CD,Drawer); CloseObject(Drawer) | GotoLocation(CD); PickupObject(CD); GotoLocation(Drawer); PutObject(CD,Drawer)",<unparseable> | <unparseable>,0 | 0,0,1,"GotoLocation(Dresser); PickupObject(CD); GotoLocation(Drawer); OpenObject(Drawer); PutObject(CD,Drawer); CloseObject(Drawer) | GotoLocation(Dresser); PickupObject(CD); GotoLocation(Drawer); PutObject(CD,Drawer)",0 | 0,0,0,both_not_exact
shard_6_cf_0451,Drawer,shard_6_exp0_4489 | shard_6_exp0_4488,closed | open,"GotoLocation(Dresser); PickupObject(Pen); GotoLocation(Drawer); OpenObject(Drawer); PutObject(Pen,Drawer); CloseObject(Drawer) | GotoLocation(Dresser); PickupObject(Pen); GotoLocation(Drawer); PutObject(Pen,Drawer)",<unparseable> | <unparseable>,0 | 0,0,1,"GotoLocation(Dresser); PickupObject(Pen); GotoLocation(Drawer); OpenObject(Drawer); PutObject(Pen,Drawer); CloseObject(Drawer) | GotoLocation(Dresser); PickupObject(Pen); GotoLocation(Drawer); PutObject(Pen,Drawer)",1 | 1,1,0,candidate_fixed
shard_6_cf_0453,Drawer,shard_6_exp0_4509 | shard_6_exp0_4508,closed | open,"GotoLocation(SideTable); PickupObject(Pen); GotoLocation(Drawer); OpenObject(Drawer); PutObject(Pen,Drawer); CloseObject(Drawer) | GotoLocation(SideTable); PickupObject(Pen); GotoLocation(Drawer); PutObject(Pen,Drawer)",<unparseable> | <unparseable>,0 | 0,0,1,"GotoLocation(SideTable); PickupObject(Pen); GotoLocation(Drawer); OpenObject(Drawer); PutObject(Pen,Drawer); CloseObject(Drawer) | GotoLocation(SideTable); PickupObject(Pen); GotoLocation(Drawer); PutObject(Pen,Drawer)",1 | 1,1,0,candidate_fixed
shard_6_cf_0459,Drawer,shard_6_exp0_4590 | shard_6_exp0_4589,closed | open,"GotoLocation(CoffeeTable); PickupObject(KeyChain); GotoLocation(Drawer); OpenObject(Drawer); PutObject(KeyChain,Drawer); CloseObject(Drawer) | GotoLocation(CoffeeTable); PickupObject(KeyChain); GotoLocation(Drawer); PutObject(KeyChain,Drawer)",<unparseable> | <unparseable>,0 | 0,0,1,"GotoLocation(SideTable); PickupObject(KeyChain); GotoLocation(Drawer); OpenObject(Drawer); PutObject(KeyChain,Drawer); CloseObject(Drawer) | GotoLocation(SideTable); PickupObject(KeyChain); GotoLocation(Drawer); PutObject(KeyChain,Drawer)",0 | 0,0,0,both_not_exact
shard_6_cf_0460,Drawer,shard_6_exp0_4593 | shard_6_exp0_4592,closed | open,GotoLocation(Drawer); OpenObject(Drawer) | GotoLocation(Drawer),<unparseable> | <unparseable>,0 | 0,0,1,GotoLocation(Drawer); OpenObject(Drawer) | GotoLocation(Drawer),1 | 1,1,0,candidate_fixed
shard_6_cf_0464,Drawer,shard_6_exp0_4662 | shard_6_exp0_4661,closed | open,"GotoLocation(Dresser); PickupObject(RemoteControl); GotoLocation(Drawer); OpenObject(Drawer); PutObject(RemoteControl,Drawer); CloseObject(Drawer) | GotoLocation(Dresser); PickupObject(RemoteControl); GotoLocation(Drawer); PutObject(RemoteControl,Drawer)",<unparseable> | <unparseable>,0 | 0,0,1,"GotoLocation(Dresser); PickupObject(RemoteControl); GotoLocation(Drawer); OpenObject(Drawer); PutObject(RemoteControl,Drawer); CloseObject(Drawer) | GotoLocation(Dresser); PickupObject(RemoteControl); GotoLocation(Drawer); PutObject(RemoteControl,Drawer)",1 | 1,1,0,candidate_fixed
shard_6_cf_0478,Fridge,shard_6_exp0_4810 | shard_6_exp0_4809,closed | open,"GotoLocation(CounterTop); PickupObject(Tomato); GotoLocation(Fridge); OpenObject(Fridge); PutObject(Tomato,Fridge); CloseObject(Fridge) | GotoLocation(CounterTop); PickupObject(Tomato); GotoLocation(Fridge); PutObject(Tomato,Fridge)",<unparseable> | <unparseable>,0 | 0,0,1,"GotoLocation(CounterTop); PickupObject(Tomato); GotoLocation(Fridge); OpenObject(Fridge); PutObject(Tomato,Fridge); CloseObject(Fridge) | GotoLocation(CounterTop); PickupObject(Tomato); GotoLocation(Fridge); PutObject(Tomato,Fridge)",1 | 1,1,0,candidate_fixed
shard_6_cf_0492,Fridge,shard_6_exp0_4976 | shard_6_exp0_4975,closed | open,GotoLocation(Fridge); OpenObject(Fridge) | GotoLocation(Fridge),<unparseable> | <unparseable>,0 | 0,0,1,GotoLocation(Fridge); OpenObject(Fridge) | GotoLocation(Fridge),1 | 1,1,0,candidate_fixed
shard_6_cf_0519,Drawer,shard_6_exp0_5151 | shard_6_exp0_5150,closed | open,"GotoLocation(DiningTable); PickupObject(CreditCard); GotoLocation(Drawer); OpenObject(Drawer); PutObject(CreditCard,Drawer); CloseObject(Drawer) | GotoLocation(DiningTable); PickupObject(CreditCard); GotoLocation(Drawer); PutObject(CreditCard,Drawer)",<unparseable> | <unparseable>,0 | 0,0,1,"GotoLocation(DiningTable); PickupObject(CreditCard); GotoLocation(Drawer); OpenObject(Drawer); PutObject(CreditCard,Drawer); CloseObject(Drawer) | GotoLocation(DiningTable); PickupObject(CreditCard); GotoLocation(Drawer); PutObject(CreditCard,Drawer)",1 | 1,1,0,candidate_fixed
shard_6_cf_0520,Drawer,shard_6_exp0_5153 | shard_6_exp0_5152,closed | open,GotoLocation(Drawer); OpenObject(Drawer) | GotoLocation(Drawer),<unparseable> | <unparseable>,0 | 0,0,1,GotoLocation(Drawer); OpenObject(Drawer) | GotoLocation(Drawer),1 | 1,1,0,candidate_fixed
shard_6_cf_0521,Drawer,shard_6_exp0_5155 | shard_6_exp0_5154,closed | open,"GotoLocation(Dresser); PickupObject(Book); GotoLocation(Drawer); OpenObject(Drawer); PutObject(Book,Drawer); CloseObject(Drawer) | GotoLocation(Dresser); PickupObject(Book); GotoLocation(Drawer); PutObject(Book,Drawer)",<unparseable> | <unparseable>,0 | 0,0,1,"GotoLocation(Dresser); PickupObject(Book); GotoLocation(Drawer); OpenObject(Drawer); PutObject(Book,Drawer); CloseObject(Drawer) | GotoLocation(Dresser); PickupObject(Book); GotoLocation(Drawer); PutObject(Book,Drawer)",1 | 1,1,0,candidate_fixed
shard_6_cf_0557,Drawer,shard_6_exp0_5379 | shard_6_exp0_5378,closed | open,"GotoLocation(ToiletPaper); PickupObject(ToiletPaper); GotoLocation(Drawer); OpenObject(Drawer); PutObject(ToiletPaper,Drawer); CloseObject(Drawer) | GotoLocation(ToiletPaper); PickupObject(ToiletPaper); GotoLocation(Drawer); PutObject(ToiletPaper,Drawer)",<unparseable> | <unparseable>,0 | 0,0,1,"GotoLocation(ToiletPaper); PickupObject(ToiletPaper); GotoLocation(Drawer); OpenObject(Drawer); PutObject(ToiletPaper,Drawer); CloseObject(Drawer) | GotoLocation(ToiletPaper); PickupObject(ToiletPaper); GotoLocation(Drawer); PutObject(ToiletPaper,Drawer)",1 | 1,1,0,candidate_fixed
shard_6_cf_0558,Drawer,shard_6_exp0_5383 | shard_6_exp0_5382,closed | open,GotoLocation(Drawer); OpenObject(Drawer) | GotoLocation(Drawer),<unparseable> | <unparseable>,0 | 0,0,1,GotoLocation(Drawer); OpenObject(Drawer) | GotoLocation(Drawer),1 | 1,1,0,candidate_fixed
shard_6_cf_0562,Microwave,shard_6_exp0_5410 | shard_6_exp0_5409,closed | open,GotoLocation(Microwave); OpenObject(Microwave) | GotoLocation(Microwave),<unparseable> | <unparseable>,0 | 0,0,1,GotoLocation(Microwave); OpenObject(Microwave) | GotoLocation(Microwave),1 | 1,1,0,candidate_fixed
shard_6_cf_0629,Drawer,shard_6_exp0_5831 | shard_6_exp0_5830,closed | open,"GotoLocation(Bed); PickupObject(CellPhone); GotoLocation(Drawer); OpenObject(Drawer); PutObject(CellPhone,Drawer); CloseObject(Drawer) | GotoLocation(Bed); PickupObject(CellPhone); GotoLocation(Drawer); PutObject(CellPhone,Drawer)",<unparseable> | <unparseable>,0 | 0,0,1,"GotoLocation(CellPhone); PickupObject(CellPhone); GotoLocation(Drawer); OpenObject(Drawer); PutObject(CellPhone,Drawer); CloseObject(Drawer) | GotoLocation(CellPhone); PickupObject(CellPhone); GotoLocation(Drawer); PutObject(CellPhone,Drawer)",0 | 0,0,0,both_not_exact
shard_6_cf_0630,Fridge,shard_6_exp0_5833 | shard_6_exp0_5832,closed | open,GotoLocation(Fridge); OpenObject(Fridge) | GotoLocation(Fridge),<unparseable> | <unparseable>,0 | 0,0,1,GotoLocation(Fridge) | GotoLocation(Fridge),0 | 1,0,1,both_not_exact
shard_6_cf_0631,Drawer,shard_6_exp0_5839 | shard_6_exp0_5838,closed | open,"GotoLocation(Bed); PickupObject(Book); GotoLocation(Drawer); OpenObject(Drawer); PutObject(Book,Drawer); CloseObject(Drawer) | GotoLocation(Bed); PickupObject(Book); GotoLocation(Drawer); PutObject(Book,Drawer)",<unparseable> | <unparseable>,0 | 0,0,1,"GotoLocation(Bed); PickupObject(Book); GotoLocation(Drawer); OpenObject(Drawer); PutObject(Book,Drawer); CloseObject(Drawer) | GotoLocation(Bed); PickupObject(Book); GotoLocation(Drawer); PutObject(Book,Drawer)",1 | 1,1,0,candidate_fixed
shard_6_cf_0640,Fridge,shard_6_exp0_5905 | shard_6_exp0_5904,closed | open,"GotoLocation(CounterTop); PickupObject(Bread); GotoLocation(Fridge); OpenObject(Fridge); PutObject(Bread,Fridge); CloseObject(Fridge) | GotoLocation(CounterTop); PickupObject(Bread); GotoLocation(Fridge); PutObject(Bread,Fridge)",<unparseable> | <unparseable>,0 | 0,0,1,"GotoLocation(CounterTop); PickupObject(Bread); GotoLocation(Fridge); OpenObject(Fridge); PutObject(Bread,Fridge); CloseObject(Fridge) | GotoLocation(CounterTop); PickupObject(Bread); GotoLocation(Fridge); OpenObject(Fridge); PutObject(Bread,Fridge); CloseObject(Fridge)",1 | 0,0,1,both_not_exact
shard_6_cf_0652,Drawer,shard_6_exp0_5965 | shard_6_exp0_5964,closed | open,GotoLocation(Drawer); OpenObject(Drawer) | GotoLocation(Drawer),<unparseable> | <unparseable>,0 | 0,0,1,GotoLocation(Drawer) | GotoLocation(Drawer),0 | 1,0,1,both_not_exact
shard_6_cf_0696,Drawer,shard_6_exp0_6277 | shard_6_exp0_6276,closed | open,GotoLocation(Drawer); OpenObject(Drawer) | GotoLocation(Drawer),<unparseable> | <unparseable>,0 | 0,0,1,GotoLocation(Drawer) | GotoLocation(Drawer),0 | 1,0,1,both_not_exact
shard_6_cf_0723,Fridge,shard_6_exp0_6433 | shard_6_exp0_6432,closed | open,GotoLocation(Fridge); OpenObject(Fridge) | GotoLocation(Fridge),<unparseable> | <unparseable>,0 | 0,0,1,GotoLocation(Fridge); OpenObject(Fridge) | GotoLocation(Fridge),1 | 1,1,0,candidate_fixed
shard_6_cf_0724,Fridge,shard_6_exp0_6438 | shard_6_exp0_6437,closed | open,GotoLocation(Fridge); OpenObject(Fridge) | GotoLocation(Fridge),<unparseable> | <unparseable>,0 | 0,0,1,GotoLocation(Fridge); OpenObject(Fridge) | GotoLocation(Fridge),1 | 1,1,0,candidate_fixed
shard_6_cf_0725,Fridge,shard_6_exp0_6440 | shard_6_exp0_6439,closed | open,GotoLocation(Fridge); OpenObject(Fridge) | GotoLocation(Fridge),<unparseable> | <unparseable>,0 | 0,0,1,GotoLocation(Fridge); OpenObject(Fridge) | GotoLocation(Fridge),1 | 1,1,0,candidate_fixed
shard_6_cf_0738,Microwave,shard_6_exp0_6548 | shard_6_exp0_6547,closed | open,GotoLocation(Microwave); OpenObject(Microwave) | GotoLocation(Microwave),<unparseable> | <unparseable>,0 | 0,0,1,GotoLocation(Microwave) | GotoLocation(Microwave),0 | 1,0,1,both_not_exact
shard_6_cf_0759,Drawer,shard_6_exp0_6664 | shard_6_exp0_6663,closed | open,"GotoLocation(Dresser); PickupObject(CD); GotoLocation(Drawer); OpenObject(Drawer); PutObject(CD,Drawer); CloseObject(Drawer) | GotoLocation(Dresser); PickupObject(CD); GotoLocation(Drawer); PutObject(CD,Drawer)",<unparseable> | <unparseable>,0 | 0,0,1,"GotoLocation(Dresser); PickupObject(CD); GotoLocation(Drawer); OpenObject(Drawer); PutObject(CD,Drawer); CloseObject(Drawer) | GotoLocation(Dresser); PickupObject(CD); GotoLocation(Drawer); PutObject(CD,Drawer)",1 | 1,1,0,candidate_fixed
shard_6_cf_0805,Drawer,shard_6_exp0_6939 | shard_6_exp0_6938,closed | open,"GotoLocation(SideTable); PickupObject(SoapBottle); GotoLocation(Drawer); OpenObject(Drawer); PutObject(SoapBottle,Drawer); CloseObject(Drawer) | GotoLocation(SideTable); PickupObject(SoapBottle); GotoLocation(Drawer); PutObject(SoapBottle,Drawer)",<unparseable> | <unparseable>,0 | 0,0,1,"GotoLocation(SideTable); PickupObject(SoapBottle); GotoLocation(Drawer); OpenObject(Drawer); PutObject(SoapBottle,Drawer); CloseObject(Drawer) | GotoLocation(SideTable); PickupObject(SoapBottle); GotoLocation(Drawer); PutObject(SoapBottle,Drawer)",1 | 1,1,0,candidate_fixed
shard_6_cf_0806,Drawer,shard_6_exp0_6941 | shard_6_exp0_6940,closed | open,"GotoLocation(SideTable); PickupObject(SoapBottle); GotoLocation(Drawer); OpenObject(Drawer); PutObject(SoapBottle,Drawer); CloseObject(Drawer) | GotoLocation(SideTable); PickupObject(SoapBottle); GotoLocation(Drawer); PutObject(SoapBottle,Drawer)",<unparseable> | <unparseable>,0 | 0,0,1,"GotoLocation(SideTable); PickupObject(SoapBottle); GotoLocation(Drawer); OpenObject(Drawer); PutObject(SoapBottle,Drawer); CloseObject(Drawer) | GotoLocation(SideTable); PickupObject(SoapBottle); GotoLocation(Drawer); PutObject(SoapBottle,Drawer)",1 | 1,1,0,candidate_fixed
shard_6_cf_0807,Drawer,shard_6_exp0_6943 | shard_6_exp0_6942,closed | open,GotoLocation(Drawer); OpenObject(Drawer) | GotoLocation(Drawer),<unparseable> | <unparseable>,0 | 0,0,1,GotoLocation(Drawer); OpenObject(Drawer) | GotoLocation(Drawer),1 | 1,1,0,candidate_fixed
shard_6_cf_0812,Drawer,shard_6_exp0_6993 | shard_6_exp0_6992,closed | open,GotoLocation(Drawer); OpenObject(Drawer) | GotoLocation(Drawer),<unparseable> | <unparseable>,0 | 0,0,1,GotoLocation(Drawer); OpenObject(Drawer) | GotoLocation(Drawer),1 | 1,1,0,candidate_fixed
shard_6_cf_0813,Drawer,shard_6_exp0_7000 | shard_6_exp0_6999,closed | open,GotoLocation(Drawer); OpenObject(Drawer) | GotoLocation(Drawer),<unparseable> | <unparseable>,0 | 0,0,1,GotoLocation(Drawer); OpenObject(Drawer) | GotoLocation(Drawer),1 | 1,1,0,candidate_fixed
shard_6_cf_0823,Fridge,shard_6_exp0_7046 | shard_6_exp0_7045,closed | open,GotoLocation(Fridge); OpenObject(Fridge) | GotoLocation(Fridge),<unparseable> | <unparseable>,0 | 0,0,1,GotoLocation(Fridge); OpenObject(Fridge) | GotoLocation(Fridge),1 | 1,1,0,candidate_fixed
shard_6_cf_0830,Drawer,shard_6_exp0_7079 | shard_6_exp0_7078,closed | open,"GotoLocation(Dresser); PickupObject(TissueBox); GotoLocation(Drawer); OpenObject(Drawer); PutObject(TissueBox,Drawer); CloseObject(Drawer) | GotoLocation(Dresser); PickupObject(TissueBox); GotoLocation(Drawer); PutObject(TissueBox,Drawer)",<unparseable> | <unparseable>,0 | 0,0,1,"GotoLocation(Dresser); PickupObject(TissueBox); GotoLocation(Drawer); OpenObject(Drawer); PutObject(TissueBox,Drawer); CloseObject(Drawer) | GotoLocation(Dresser); PickupObject(TissueBox); GotoLocation(Drawer); PutObject(TissueBox,Drawer)",1 | 1,1,0,candidate_fixed
shard_6_cf_0831,Drawer,shard_6_exp0_7082 | shard_6_exp0_7081,closed | open,"GotoLocation(Dresser); PickupObject(Pen); GotoLocation(Drawer); OpenObject(Drawer); PutObject(Pen,Drawer); CloseObject(Drawer) | GotoLocation(Dresser); PickupObject(Pen); GotoLocation(Drawer); PutObject(Pen,Drawer)",<unparseable> | <unparseable>,0 | 0,0,1,"GotoLocation(Dresser); PickupObject(Pen); GotoLocation(Drawer); OpenObject(Drawer); PutObject(Pen,Drawer); CloseObject(Drawer) | GotoLocation(Dresser); PickupObject(Pen); GotoLocation(Drawer); PutObject(Pen,Drawer)",1 | 1,1,0,candidate_fixed
shard_6_cf_0832,Drawer,shard_6_exp0_7086 | shard_6_exp0_7085,closed | open,GotoLocation(Drawer); OpenObject(Drawer) | GotoLocation(Drawer),<unparseable> | <unparseable>,0 | 0,0,1,GotoLocation(Drawer); OpenObject(Drawer) | GotoLocation(Drawer),1 | 1,1,0,candidate_fixed
shard_6_cf_0855,Fridge,shard_6_exp0_7227 | shard_6_exp0_7226,closed | open,"GotoLocation(CounterTop); PickupObject(Plate); GotoLocation(Fridge); OpenObject(Fridge); PutObject(Plate,Fridge); CloseObject(Fridge) | GotoLocation(CounterTop); PickupObject(Plate); GotoLocation(Fridge); PutObject(Plate,Fridge)",<unparseable> | <unparseable>,0 | 0,0,1,"GotoLocation(CounterTop); PickupObject(Plate); GotoLocation(Fridge); OpenObject(Fridge); PutObject(Plate,Fridge); CloseObject(Fridge) | GotoLocation(CounterTop); PickupObject(Plate); GotoLocation(Fridge); PutObject(Plate,Fridge)",1 | 1,1,0,candidate_fixed
shard_6_cf_0856,Fridge,shard_6_exp0_7229 | shard_6_exp0_7228,closed | open,GotoLocation(Fridge); OpenObject(Fridge) | GotoLocation(Fridge),<unparseable> | <unparseable>,0 | 0,0,1,GotoLocation(Fridge); OpenObject(Fridge) | GotoLocation(Fridge),1 | 1,1,0,candidate_fixed
shard_6_cf_0857,Fridge,shard_6_exp0_7231 | shard_6_exp0_7230,closed | open,GotoLocation(Fridge); OpenObject(Fridge) | GotoLocation(Fridge),<unparseable> | <unparseable>,0 | 0,0,1,GotoLocation(Fridge); OpenObject(Fridge) | GotoLocation(Fridge),1 | 1,1,0,candidate_fixed
shard_6_cf_0858,Fridge,shard_6_exp0_7235 | shard_6_exp0_7234,closed | open,GotoLocation(Fridge); OpenObject(Fridge) | GotoLocation(Fridge),<unparseable> | <unparseable>,0 | 0,0,1,GotoLocation(Fridge); OpenObject(Fridge) | GotoLocation(Fridge),1 | 1,1,0,candidate_fixed
shard_6_cf_0859,Drawer,shard_6_exp0_7237 | shard_6_exp0_7236,closed | open,GotoLocation(Drawer); OpenObject(Drawer) | GotoLocation(Drawer),<unparseable> | <unparseable>,0 | 0,0,1,GotoLocation(Drawer); OpenObject(Drawer) | GotoLocation(Drawer),1 | 1,1,0,candidate_fixed
shard_6_cf_0880,Drawer,shard_6_exp0_7339 | shard_6_exp0_7338,closed | open,GotoLocation(Drawer); OpenObject(Drawer) | GotoLocation(Drawer),<unparseable> | <unparseable>,0 | 0,0,1,GotoLocation(Drawer); OpenObject(Drawer) | GotoLocation(Drawer),1 | 1,1,0,candidate_fixed
shard_6_cf_0881,Drawer,shard_6_exp0_7342 | shard_6_exp0_7341,closed | open,GotoLocation(Drawer); OpenObject(Drawer) | GotoLocation(Drawer),<unparseable> | <unparseable>,0 | 0,0,1,GotoLocation(Drawer); OpenObject(Drawer) | GotoLocation(Drawer),1 | 1,1,0,candidate_fixed
shard_6_cf_0882,Drawer,shard_6_exp0_7344 | shard_6_exp0_7343,closed | open,GotoLocation(Drawer); OpenObject(Drawer) | GotoLocation(Drawer),<unparseable> | <unparseable>,0 | 0,0,1,GotoLocation(Drawer); OpenObject(Drawer) | GotoLocation(Drawer),1 | 1,1,0,candidate_fixed
shard_6_cf_0908,Drawer,shard_6_exp0_7463 | shard_6_exp0_7462,closed | open,"GotoLocation(Dresser); PickupObject(Book); GotoLocation(Drawer); OpenObject(Drawer); PutObject(Book,Drawer); CloseObject(Drawer) | GotoLocation(Dresser); PickupObject(Book); GotoLocation(Drawer); PutObject(Book,Drawer)",<unparseable> | <unparseable>,0 | 0,0,1,"GotoLocation(Dresser); PickupObject(Book); GotoLocation(Drawer); OpenObject(Drawer); PutObject(Book,Drawer); CloseObject(Drawer) | GotoLocation(Dresser); PickupObject(Book); GotoLocation(Drawer); PutObject(Book,Drawer)",1 | 1,1,0,candidate_fixed
shard_6_cf_0909,Drawer,shard_6_exp0_7465 | shard_6_exp0_7464,closed | open,"GotoLocation(Dresser); PickupObject(CreditCard); GotoLocation(Drawer); OpenObject(Drawer); PutObject(CreditCard,Drawer); CloseObject(Drawer) | GotoLocation(Dresser); PickupObject(CreditCard); GotoLocation(Drawer); PutObject(CreditCard,Drawer)",<unparseable> | <unparseable>,0 | 0,0,1,"GotoLocation(Dresser); PickupObject(CreditCard); GotoLocation(Drawer); OpenObject(Drawer); PutObject(CreditCard,Drawer); CloseObject(Drawer) | GotoLocation(Dresser); PickupObject(CreditCard); GotoLocation(Drawer); PutObject(CreditCard,Drawer)",1 | 1,1,0,candidate_fixed
shard_6_cf_0934,Drawer,shard_6_exp0_7597 | shard_6_exp0_7596,closed | open,GotoLocation(Drawer); OpenObject(Drawer) | GotoLocation(Drawer),<unparseable> | <unparseable>,0 | 0,0,1,GotoLocation(Drawer); OpenObject(Drawer) | GotoLocation(Drawer),1 | 1,1,0,candidate_fixed
shard_6_cf_0985,Drawer,shard_6_exp0_7876 | shard_6_exp0_7875,closed | open,GotoLocation(Drawer); OpenObject(Drawer) | GotoLocation(Drawer),<unparseable> | <unparseable>,0 | 0,0,1,GotoLocation(Drawer); OpenObject(Drawer) | GotoLocation(Drawer),1 | 1,1,0,candidate_fixed
shard_6_cf_0986,Drawer,shard_6_exp0_7879 | shard_6_exp0_7878,closed | open,"GotoLocation(SideTable); PickupObject(Pen); GotoLocation(Drawer); OpenObject(Drawer); PutObject(Pen,Drawer); CloseObject(Drawer) | GotoLocation(SideTable); PickupObject(Pen); GotoLocation(Drawer); PutObject(Pen,Drawer)",<unparseable> | <unparseable>,0 | 0,0,1,"GotoLocation(Dresser); PickupObject(Pen); GotoLocation(Drawer); OpenObject(Drawer); PutObject(Pen,Drawer); CloseObject(Drawer) | GotoLocation(Dresser); PickupObject(Pen); GotoLocation(Drawer); PutObject(Pen,Drawer)",0 | 0,0,0,both_not_exact
shard_6_cf_0987,Drawer,shard_6_exp0_7883 | shard_6_exp0_7882,closed | open,GotoLocation(Drawer); OpenObject(Drawer) | GotoLocation(Drawer),<unparseable> | <unparseable>,0 | 0,0,1,GotoLocation(Drawer); OpenObject(Drawer) | GotoLocation(Drawer),1 | 1,1,0,candidate_fixed
shard_6_cf_0988,Drawer,shard_6_exp0_7886 | shard_6_exp0_7885,closed | open,GotoLocation(Drawer); OpenObject(Drawer) | GotoLocation(Drawer),<unparseable> | <unparseable>,0 | 0,0,1,GotoLocation(Drawer); OpenObject(Drawer) | GotoLocation(Drawer),1 | 1,1,0,candidate_fixed
shard_6_cf_1013,Fridge,shard_6_exp0_8048 | shard_6_exp0_8047,closed | open,GotoLocation(Fridge); OpenObject(Fridge) | GotoLocation(Fridge),<unparseable> | <unparseable>,0 | 0,0,1,GotoLocation(Fridge); OpenObject(Fridge) | GotoLocation(Fridge),1 | 1,1,0,candidate_fixed
shard_6_cf_1014,Drawer,shard_6_exp0_8056 | shard_6_exp0_8055,closed | open,GotoLocation(Drawer); OpenObject(Drawer) | GotoLocation(Drawer),<unparseable> | <unparseable>,0 | 0,0,1,GotoLocation(Drawer); OpenObject(Drawer) | GotoLocation(Drawer); OpenObject(Drawer),1 | 0,0,1,both_not_exact
shard_6_cf_1026,Drawer,shard_6_exp0_8135 | shard_6_exp0_8134,closed | open,GotoLocation(Drawer); OpenObject(Drawer) | GotoLocation(Drawer),<unparseable> | <unparseable>,0 | 0,0,1,GotoLocation(Drawer); OpenObject(Drawer) | GotoLocation(Drawer),1 | 1,1,0,candidate_fixed
shard_6_cf_1060,Fridge,shard_6_exp0_8338 | shard_6_exp0_8337,closed | open,GotoLocation(Fridge); OpenObject(Fridge) | GotoLocation(Fridge),<unparseable> | <unparseable>,0 | 0,0,1,GotoLocation(Fridge); OpenObject(Fridge) | GotoLocation(Fridge),1 | 1,1,0,candidate_fixed
shard_6_cf_1072,Fridge,shard_6_exp0_8400 | shard_6_exp0_8399,closed | open,GotoLocation(Fridge); OpenObject(Fridge) | GotoLocation(Fridge),<unparseable> | <unparseable>,0 | 0,0,1,GotoLocation(Fridge); OpenObject(Fridge) | GotoLocation(Fridge),1 | 1,1,0,candidate_fixed
shard_6_cf_1073,Fridge,shard_6_exp0_8404 | shard_6_exp0_8403,closed | open,GotoLocation(Fridge); OpenObject(Fridge) | GotoLocation(Fridge),<unparseable> | <unparseable>,0 | 0,0,1,GotoLocation(Fridge); OpenObject(Fridge) | GotoLocation(Fridge),1 | 1,1,0,candidate_fixed
shard_6_cf_1091,Drawer,shard_6_exp0_8482 | shard_6_exp0_8481,closed | open,"GotoLocation(Dresser); PickupObject(CellPhone); GotoLocation(Drawer); OpenObject(Drawer); PutObject(CellPhone,Drawer); CloseObject(Drawer) | GotoLocation(Dresser); PickupObject(CellPhone); GotoLocation(Drawer); PutObject(CellPhone,Drawer)",<unparseable> | <unparseable>,0 | 0,0,1,"GotoLocation(Dresser); PickupObject(CellPhone); GotoLocation(Drawer); OpenObject(Drawer); PutObject(CellPhone,Drawer); CloseObject(Drawer) | GotoLocation(Dresser); PickupObject(CellPhone); GotoLocation(Drawer); PutObject(CellPhone,Drawer)",1 | 1,1,0,candidate_fixed
shard_6_cf_1092,Drawer,shard_6_exp0_8486 | shard_6_exp0_8485,closed | open,"GotoLocation(Dresser); PickupObject(CellPhone); GotoLocation(Drawer); OpenObject(Drawer); PutObject(CellPhone,Drawer); CloseObject(Drawer) | GotoLocation(Dresser); PickupObject(CellPhone); GotoLocation(Drawer); PutObject(CellPhone,Drawer)",<unparseable> | <unparseable>,0 | 0,0,1,"GotoLocation(Dresser); PickupObject(CellPhone); GotoLocation(Drawer); OpenObject(Drawer); PutObject(CellPhone,Drawer); CloseObject(Drawer) | GotoLocation(Dresser); PickupObject(CellPhone); GotoLocation(Drawer); PutObject(CellPhone,Drawer)",1 | 1,1,0,candidate_fixed
shard_6_cf_1093,Fridge,shard_6_exp0_8502 | shard_6_exp0_8501,closed | open,GotoLocation(Fridge); OpenObject(Fridge) | GotoLocation(Fridge),<unparseable> | <unparseable>,0 | 0,0,1,GotoLocation(Fridge); OpenObject(Fridge) | GotoLocation(Fridge),1 | 1,1,0,candidate_fixed
shard_6_cf_1108,Microwave,shard_6_exp0_8603 | shard_6_exp0_8602,closed | open,GotoLocation(Microwave); OpenObject(Microwave) | GotoLocation(Microwave),<unparseable> | <unparseable>,0 | 0,0,1,GotoLocation(Microwave); OpenObject(Microwave) | GotoLocation(Microwave),1 | 1,1,0,candidate_fixed
shard_6_cf_1109,Fridge,shard_6_exp0_8610 | shard_6_exp0_8609,closed | open,GotoLocation(Fridge); OpenObject(Fridge) | GotoLocation(Fridge),<unparseable> | <unparseable>,0 | 0,0,1,GotoLocation(Fridge); OpenObject(Fridge) | GotoLocation(Fridge),1 | 1,1,0,candidate_fixed
shard_6_cf_1154,Drawer,shard_6_exp0_8829 | shard_6_exp0_8828,closed | open,GotoLocation(Drawer); OpenObject(Drawer) | GotoLocation(Drawer),<unparseable> | <unparseable>,0 | 0,0,1,GotoLocation(Drawer); OpenObject(Drawer) | GotoLocation(Drawer),1 | 1,1,0,candidate_fixed
shard_6_cf_1192,Drawer,shard_6_exp0_8938 | shard_6_exp0_8937,closed | open,GotoLocation(Drawer); OpenObject(Drawer) | GotoLocation(Drawer),<unparseable> | <unparseable>,0 | 0,0,1,GotoLocation(Drawer); OpenObject(Drawer) | GotoLocation(Drawer),1 | 1,1,0,candidate_fixed
shard_6_cf_1193,Drawer,shard_6_exp0_8940 | shard_6_exp0_8939,closed | open,GotoLocation(Drawer); OpenObject(Drawer) | GotoLocation(Drawer),<unparseable> | <unparseable>,0 | 0,0,1,GotoLocation(Drawer); OpenObject(Drawer) | GotoLocation(Drawer),1 | 1,1,0,candidate_fixed
shard_6_cf_1194,Safe,shard_6_exp0_8942 | shard_6_exp0_8941,closed | open,GotoLocation(Safe); OpenObject(Safe) | GotoLocation(Safe),<unparseable> | <unparseable>,0 | 0,0,1,GotoLocation(Safe); OpenObject(Safe) | GotoLocation(Safe),1 | 1,1,0,candidate_fixed
shard_6_cf_1195,Drawer,shard_6_exp0_8944 | shard_6_exp0_8943,closed | open,GotoLocation(Drawer); OpenObject(Drawer) | GotoLocation(Drawer),<unparseable> | <unparseable>,0 | 0,0,1,GotoLocation(Drawer); OpenObject(Drawer) | GotoLocation(Drawer),1 | 1,1,0,candidate_fixed
shard_6_cf_1196,Drawer,shard_6_exp0_8946 | shard_6_exp0_8945,closed | open,GotoLocation(Drawer); OpenObject(Drawer) | GotoLocation(Drawer),<unparseable> | <unparseable>,0 | 0,0,1,GotoLocation(Drawer) | GotoLocation(Drawer),0 | 1,0,1,both_not_exact
shard_6_cf_1197,Drawer,shard_6_exp0_8948 | shard_6_exp0_8947,closed | open,GotoLocation(Drawer); OpenObject(Drawer) | GotoLocation(Drawer),<unparseable> | <unparseable>,0 | 0,0,1,GotoLocation(Drawer); OpenObject(Drawer) | GotoLocation(Drawer),1 | 1,1,0,candidate_fixed
shard_6_cf_1207,Drawer,shard_6_exp0_8975 | shard_6_exp0_8974,closed | open,GotoLocation(Drawer); OpenObject(Drawer) | GotoLocation(Drawer),<unparseable> | <unparseable>,0 | 0,0,1,GotoLocation(Drawer); OpenObject(Drawer) | GotoLocation(Drawer),1 | 1,1,0,candidate_fixed
shard_6_cf_1216,Fridge,shard_6_exp0_9003 | shard_6_exp0_9002,closed | open,"GotoLocation(CounterTop); PickupObject(Plate); GotoLocation(Fridge); OpenObject(Fridge); PutObject(Plate,Fridge); CloseObject(Fridge) | GotoLocation(CounterTop); PickupObject(Plate); GotoLocation(Fridge); PutObject(Plate,Fridge)",<unparseable> | <unparseable>,0 | 0,0,1,"GotoLocation(CounterTop); PickupObject(Plate); GotoLocation(Fridge); OpenObject(Plate); PutObject(Plate,Fridge); CloseObject(Plate) | GotoLocation(CounterTop); PickupObject(Plate); GotoLocation(Fridge); OpenObject(Fridge); PutObject(Plate,Fridge); CloseObject(Fridge)",0 | 0,0,0,both_not_exact
shard_6_cf_1217,Fridge,shard_6_exp0_9005 | shard_6_exp0_9004,closed | open,GotoLocation(Fridge); OpenObject(Fridge) | GotoLocation(Fridge),<unparseable> | <unparseable>,0 | 0,0,1,GotoLocation(Fridge); OpenObject(Fridge) | GotoLocation(Fridge),1 | 1,1,0,candidate_fixed
shard_6_cf_1248,Fridge,shard_6_exp0_9146 | shard_6_exp0_9145,closed | open,GotoLocation(Fridge); OpenObject(Fridge) | GotoLocation(Fridge),<unparseable> | <unparseable>,0 | 0,0,1,GotoLocation(Fridge); OpenObject(Fridge) | GotoLocation(Fridge),1 | 1,1,0,candidate_fixed
shard_6_cf_1249,Fridge,shard_6_exp0_9148 | shard_6_exp0_9147,closed | open,"GotoLocation(CounterTop); PickupObject(Apple); GotoLocation(Fridge); OpenObject(Fridge); PutObject(Apple,Fridge); CloseObject(Fridge) | GotoLocation(CounterTop); PickupObject(Apple); GotoLocation(Fridge); PutObject(Apple,Fridge)",<unparseable> | <unparseable>,0 | 0,0,1,"GotoLocation(CounterTop); PickupObject(Apple); GotoLocation(Fridge); OpenObject(Fridge); PutObject(Apple,Fridge); CloseObject(Fridge) | GotoLocation(CounterTop); PickupObject(Apple); GotoLocation(Fridge); PutObject(Apple,Fridge)",1 | 1,1,0,candidate_fixed
shard_6_cf_1250,Drawer,shard_6_exp0_9152 | shard_6_exp0_9151,closed | open,GotoLocation(Drawer); OpenObject(Drawer) | GotoLocation(Drawer),<unparseable> | <unparseable>,0 | 0,0,1,GotoLocation(Drawer); OpenObject(Drawer) | GotoLocation(Drawer),1 | 1,1,0,candidate_fixed
shard_6_cf_1268,Fridge,shard_6_exp0_9216 | shard_6_exp0_9215,closed | open,GotoLocation(Fridge); OpenObject(Fridge) | GotoLocation(Fridge),<unparseable> | <unparseable>,0 | 0,0,1,GotoLocation(Fridge); OpenObject(Fridge) | GotoLocation(Fridge),1 | 1,1,0,candidate_fixed
shard_6_cf_1269,Fridge,shard_6_exp0_9221 | shard_6_exp0_9220,closed | open,GotoLocation(Fridge); OpenObject(Fridge) | GotoLocation(Fridge),<unparseable> | <unparseable>,0 | 0,0,1,GotoLocation(Fridge); OpenObject(Fridge) | GotoLocation(Fridge),1 | 1,1,0,candidate_fixed
shard_6_cf_1277,Drawer,shard_6_exp0_9246 | shard_6_exp0_9245,closed | open,GotoLocation(Drawer); OpenObject(Drawer) | GotoLocation(Drawer),<unparseable> | <unparseable>,0 | 0,0,1,GotoLocation(Drawer); OpenObject(Drawer) | GotoLocation(Drawer),1 | 1,1,0,candidate_fixed
shard_6_cf_1278,Drawer,shard_6_exp0_9248 | shard_6_exp0_9247,closed | open,"GotoLocation(Dresser); PickupObject(TissueBox); GotoLocation(Drawer); OpenObject(Drawer); PutObject(TissueBox,Drawer); CloseObject(Drawer) | GotoLocation(Dresser); PickupObject(TissueBox); GotoLocation(Drawer); PutObject(TissueBox,Drawer)",<unparseable> | <unparseable>,0 | 0,0,1,"GotoLocation(Dresser); PickupObject(TissueBox); GotoLocation(Drawer); OpenObject(Drawer); PutObject(TissueBox,Drawer); CloseObject(Drawer) | GotoLocation(Dresser); PickupObject(TissueBox); GotoLocation(Drawer); PutObject(TissueBox,Drawer)",1 | 1,1,0,candidate_fixed
shard_6_cf_1279,Drawer,shard_6_exp0_9250 | shard_6_exp0_9249,closed | open,GotoLocation(Drawer); OpenObject(Drawer) | GotoLocation(Drawer),<unparseable> | <unparseable>,0 | 0,0,1,GotoLocation(Drawer); OpenObject(Drawer) | GotoLocation(Drawer),1 | 1,1,0,candidate_fixed
shard_6_cf_1280,Drawer,shard_6_exp0_9252 | shard_6_exp0_9251,closed | open,GotoLocation(Drawer); OpenObject(Drawer) | GotoLocation(Drawer),<unparseable> | <unparseable>,0 | 0,0,1,GotoLocation(Drawer); OpenObject(Drawer) | GotoLocation(Drawer),1 | 1,1,0,candidate_fixed
shard_6_cf_1281,Drawer,shard_6_exp0_9254 | shard_6_exp0_9253,closed | open,GotoLocation(Drawer); OpenObject(Drawer) | GotoLocation(Drawer),<unparseable> | <unparseable>,0 | 0,0,1,GotoLocation(Drawer); OpenObject(Drawer) | GotoLocation(Drawer),1 | 1,1,0,candidate_fixed
shard_6_cf_1287,Drawer,shard_6_exp0_9273 | shard_6_exp0_9272,closed | open,GotoLocation(Drawer); OpenObject(Drawer) | GotoLocation(Drawer),<unparseable> | <unparseable>,0 | 0,0,1,GotoLocation(Drawer); OpenObject(Drawer) | GotoLocation(Drawer),1 | 1,1,0,candidate_fixed
shard_6_cf_1288,Drawer,shard_6_exp0_9275 | shard_6_exp0_9274,closed | open,GotoLocation(Drawer); OpenObject(Drawer) | GotoLocation(Drawer),<unparseable> | <unparseable>,0 | 0,0,1,GotoLocation(Drawer); OpenObject(Drawer) | GotoLocation(Drawer),1 | 1,1,0,candidate_fixed
shard_6_cf_1302,Drawer,shard_6_exp0_9338 | shard_6_exp0_9337,closed | open,GotoLocation(Drawer); OpenObject(Drawer) | GotoLocation(Drawer),<unparseable> | <unparseable>,0 | 0,0,1,GotoLocation(Drawer); OpenObject(Drawer) | GotoLocation(Drawer),1 | 1,1,0,candidate_fixed
shard_6_cf_1303,Drawer,shard_6_exp0_9340 | shard_6_exp0_9339,closed | open,GotoLocation(Drawer); OpenObject(Drawer) | GotoLocation(Drawer),<unparseable> | <unparseable>,0 | 0,0,1,GotoLocation(Drawer); OpenObject(Drawer) | GotoLocation(Drawer),1 | 1,1,0,candidate_fixed
shard_6_cf_1304,Drawer,shard_6_exp0_9342 | shard_6_exp0_9341,closed | open,GotoLocation(Drawer); OpenObject(Drawer) | GotoLocation(Drawer),<unparseable> | <unparseable>,0 | 0,0,1,GotoLocation(Drawer); OpenObject(Drawer) | GotoLocation(Drawer),1 | 1,1,0,candidate_fixed
shard_6_cf_1305,Drawer,shard_6_exp0_9344 | shard_6_exp0_9343,closed | open,GotoLocation(Drawer); OpenObject(Drawer) | GotoLocation(Drawer),<unparseable> | <unparseable>,0 | 0,0,1,GotoLocation(Drawer); OpenObject(Drawer) | GotoLocation(Drawer),1 | 1,1,0,candidate_fixed
shard_6_cf_1306,Drawer,shard_6_exp0_9346 | shard_6_exp0_9345,closed | open,GotoLocation(Drawer); OpenObject(Drawer) | GotoLocation(Drawer),<unparseable> | <unparseable>,0 | 0,0,1,GotoLocation(Drawer); OpenObject(Drawer) | GotoLocation(Drawer),1 | 1,1,0,candidate_fixed
shard_6_cf_1386,Fridge,shard_6_exp0_9630 | shard_6_exp0_9629,closed | open,GotoLocation(Fridge); OpenObject(Fridge) | GotoLocation(Fridge),<unparseable> | <unparseable>,0 | 0,0,1,GotoLocation(Fridge); OpenObject(Fridge) | GotoLocation(Fridge); OpenObject(Fridge),1 | 0,0,1,both_not_exact
shard_6_cf_1392,Fridge,shard_6_exp0_9663 | shard_6_exp0_9662,closed | open,GotoLocation(Fridge); OpenObject(Fridge) | GotoLocation(Fridge),<unparseable> | <unparseable>,0 | 0,0,1,GotoLocation(Fridge); OpenObject(Fridge) | GotoLocation(Fridge),1 | 1,1,0,candidate_fixed
shard_6_cf_1393,Fridge,shard_6_exp0_9665 | shard_6_exp0_9664,closed | open,GotoLocation(Fridge); OpenObject(Fridge) | GotoLocation(Fridge),<unparseable> | <unparseable>,0 | 0,0,1,GotoLocation(Fridge); OpenObject(Fridge) | GotoLocation(Fridge),1 | 1,1,0,candidate_fixed
shard_6_cf_1398,Drawer,shard_6_exp0_9685 | shard_6_exp0_9684,closed | open,"GotoLocation(Dresser); PickupObject(RemoteControl); GotoLocation(Drawer); OpenObject(Drawer); PutObject(RemoteControl,Drawer); CloseObject(Drawer) | GotoLocation(Dresser); PickupObject(RemoteControl); GotoLocation(Drawer); PutObject(RemoteControl,Drawer)",<unparseable> | <unparseable>,0 | 0,0,1,"GotoLocation(Dresser); PickupObject(RemoteControl); GotoLocation(Drawer); OpenObject(Drawer); PutObject(RemoteControl,Drawer); CloseObject(Drawer) | GotoLocation(Dresser); PickupObject(RemoteControl); GotoLocation(Drawer); PutObject(RemoteControl,Drawer)",1 | 1,1,0,candidate_fixed
shard_6_cf_1399,Drawer,shard_6_exp0_9687 | shard_6_exp0_9686,closed | open,"GotoLocation(Bed); PickupObject(CellPhone); GotoLocation(Drawer); OpenObject(Drawer); PutObject(CellPhone,Drawer); CloseObject(Drawer) | GotoLocation(Bed); PickupObject(CellPhone); GotoLocation(Drawer); PutObject(CellPhone,Drawer)",<unparseable> | <unparseable>,0 | 0,0,1,"GotoLocation(Bed); PickupObject(CellPhone); GotoLocation(Drawer); OpenObject(Drawer); PutObject(CellPhone,Drawer); CloseObject(Drawer) | GotoLocation(Bed); PickupObject(CellPhone); GotoLocation(Drawer); PutObject(CellPhone,Drawer)",1 | 1,1,0,candidate_fixed
shard_6_cf_1400,Drawer,shard_6_exp0_9689 | shard_6_exp0_9688,closed | open,GotoLocation(Drawer); OpenObject(Drawer) | GotoLocation(Drawer),<unparseable> | <unparseable>,0 | 0,0,1,GotoLocation(Drawer); OpenObject(Drawer) | GotoLocation(Drawer),1 | 1,1,0,candidate_fixed
shard_6_cf_1401,Drawer,shard_6_exp0_9691 | shard_6_exp0_9690,closed | open,GotoLocation(Drawer); OpenObject(Drawer) | GotoLocation(Drawer),<unparseable> | <unparseable>,0 | 0,0,1,GotoLocation(Drawer); OpenObject(Drawer) | GotoLocation(Drawer),1 | 1,1,0,candidate_fixed
shard_6_cf_1435,Fridge,shard_6_exp0_9860 | shard_6_exp0_9859,closed | open,GotoLocation(Fridge); OpenObject(Fridge) | GotoLocation(Fridge),<unparseable> | <unparseable>,0 | 0,0,1,GotoLocation(Fridge); OpenObject(Fridge) | GotoLocation(Fridge),1 | 1,1,0,candidate_fixed
shard_6_cf_1480,Fridge,shard_6_exp0_10027 | shard_6_exp0_10026,closed | open,"GotoLocation(DiningTable); PickupObject(Bowl); GotoLocation(Fridge); OpenObject(Fridge); PutObject(Bowl,Fridge); CloseObject(Fridge) | GotoLocation(DiningTable); PickupObject(Bowl); GotoLocation(Fridge); PutObject(Bowl,Fridge)",<unparseable> | <unparseable>,0 | 0,0,1,"GotoLocation(DiningTable); PickupObject(Bowl); GotoLocation(Fridge); OpenObject(Fridge); PutObject(Bowl,Fridge); CloseObject(Fridge) | GotoLocation(DiningTable); PickupObject(Bowl); GotoLocation(Fridge); PutObject(Bowl,Fridge)",1 | 1,1,0,candidate_fixed
shard_6_cf_1481,Drawer,shard_6_exp0_10029 | shard_6_exp0_10028,closed | open,GotoLocation(Drawer); OpenObject(Drawer) | GotoLocation(Drawer),<unparseable> | <unparseable>,0 | 0,0,1,GotoLocation(Drawer) | GotoLocation(Drawer),0 | 1,0,1,both_not_exact
shard_6_cf_1482,Microwave,shard_6_exp0_10032 | shard_6_exp0_10031,closed | open,"GotoLocation(CounterTop); PickupObject(Potato); GotoLocation(Microwave); OpenObject(Microwave); PutObject(Potato,Microwave); CloseObject(Microwave) | GotoLocation(CounterTop); PickupObject(Potato); GotoLocation(Microwave); PutObject(Potato,Microwave)",<unparseable> | <unparseable>,0 | 0,0,1,"GotoLocation(CounterTop); PickupObject(Potato); GotoLocation(Microwave); OpenObject(Microwave); PutObject(Potato,Microwave); CloseObject(Microwave) | GotoLocation(CounterTop); PickupObject(Potato); GotoLocation(Microwave); PutObject(Potato,Microwave)",1 | 1,1,0,candidate_fixed
shard_6_cf_1483,Drawer,shard_6_exp0_10034 | shard_6_exp0_10033,closed | open,GotoLocation(Drawer); OpenObject(Drawer) | GotoLocation(Drawer),<unparseable> | <unparseable>,0 | 0,0,1,GotoLocation(Drawer); OpenObject(Drawer) | GotoLocation(Drawer),1 | 1,1,0,candidate_fixed
shard_6_cf_1484,Drawer,shard_6_exp0_10036 | shard_6_exp0_10035,closed | open,GotoLocation(Drawer); OpenObject(Drawer) | GotoLocation(Drawer),<unparseable> | <unparseable>,0 | 0,0,1,GotoLocation(Drawer); OpenObject(Drawer) | GotoLocation(Drawer),1 | 1,1,0,candidate_fixed
shard_6_cf_1534,Drawer,shard_6_exp0_10217 | shard_6_exp0_10216,closed | open,GotoLocation(Drawer); OpenObject(Drawer) | GotoLocation(Drawer),<unparseable> | <unparseable>,0 | 0,0,1,GotoLocation(Drawer); OpenObject(Drawer) | GotoLocation(Drawer),1 | 1,1,0,candidate_fixed
shard_6_cf_1535,Drawer,shard_6_exp0_10219 | shard_6_exp0_10218,closed | open,GotoLocation(Drawer); OpenObject(Drawer) | GotoLocation(Drawer),<unparseable> | <unparseable>,0 | 0,0,1,GotoLocation(Drawer); OpenObject(Drawer) | GotoLocation(Drawer),1 | 1,1,0,candidate_fixed
shard_6_cf_1536,Drawer,shard_6_exp0_10221 | shard_6_exp0_10220,closed | open,"GotoLocation(ToiletPaper); PickupObject(ToiletPaper); GotoLocation(Drawer); OpenObject(Drawer); PutObject(ToiletPaper,Drawer); CloseObject(Drawer) | GotoLocation(ToiletPaper); PickupObject(ToiletPaper); GotoLocation(Drawer); PutObject(ToiletPaper,Drawer)",<unparseable> | <unparseable>,0 | 0,0,1,"GotoLocation(ToiletPaper); PickupObject(ToiletPaper); GotoLocation(Drawer); OpenObject(Drawer); PutObject(ToiletPaper,Drawer); CloseObject(Drawer) | GotoLocation(ToiletPaper); PickupObject(ToiletPaper); GotoLocation(Drawer); PutObject(ToiletPaper,Drawer)",1 | 1,1,0,candidate_fixed
shard_6_cf_1541,Drawer,shard_6_exp0_10235 | shard_6_exp0_10234,closed | open,GotoLocation(Drawer); OpenObject(Drawer) | GotoLocation(Drawer),<unparseable> | <unparseable>,0 | 0,0,1,GotoLocation(Drawer); OpenObject(Drawer) | GotoLocation(Drawer),1 | 1,1,0,candidate_fixed
shard_6_cf_1542,Drawer,shard_6_exp0_10237 | shard_6_exp0_10236,closed | open,GotoLocation(Drawer); OpenObject(Drawer) | GotoLocation(Drawer),<unparseable> | <unparseable>,0 | 0,0,1,GotoLocation(Drawer); OpenObject(Drawer) | GotoLocation(Drawer),1 | 1,1,0,candidate_fixed
shard_6_cf_1563,Drawer,shard_6_exp0_10302 | shard_6_exp0_10301,closed | open,GotoLocation(Drawer); OpenObject(Drawer) | GotoLocation(Drawer),<unparseable> | <unparseable>,0 | 0,0,1,GotoLocation(Drawer); OpenObject(Drawer) | GotoLocation(Drawer),1 | 1,1,0,candidate_fixed
shard_6_cf_1599,Fridge,shard_6_exp0_10399 | shard_6_exp0_10398,closed | open,GotoLocation(Fridge); OpenObject(Fridge) | GotoLocation(Fridge),<unparseable> | <unparseable>,0 | 0,0,1,GotoLocation(Fridge); OpenObject(Fridge) | GotoLocation(Fridge),1 | 1,1,0,candidate_fixed
shard_6_cf_1600,Fridge,shard_6_exp0_10404 | shard_6_exp0_10403,closed | open,GotoLocation(Fridge); OpenObject(Fridge) | GotoLocation(Fridge),<unparseable> | <unparseable>,0 | 0,0,1,GotoLocation(Fridge); OpenObject(Fridge) | GotoLocation(Fridge),1 | 1,1,0,candidate_fixed
shard_6_cf_1632,Drawer,shard_6_exp0_10498 | shard_6_exp0_10497,closed | open,"GotoLocation(Dresser); PickupObject(CD); GotoLocation(Drawer); OpenObject(Drawer); PutObject(CD,Drawer); CloseObject(Drawer) | GotoLocation(Dresser); PickupObject(CD); GotoLocation(Drawer); PutObject(CD,Drawer)",<unparseable> | <unparseable>,0 | 0,0,1,"GotoLocation(Dresser); PickupObject(CD); GotoLocation(Drawer); OpenObject(Drawer); PutObject(CD,Drawer); CloseObject(Drawer) | GotoLocation(Dresser); PickupObject(CD); GotoLocation(Drawer); OpenObject(Drawer); PutObject(CD,Drawer); CloseObject(Drawer)",1 | 0,0,1,both_not_exact
shard_6_cf_1633,Drawer,shard_6_exp0_10500 | shard_6_exp0_10499,closed | open,GotoLocation(Drawer); OpenObject(Drawer) | GotoLocation(Drawer),<unparseable> | <unparseable>,0 | 0,0,1,GotoLocation(Drawer); OpenObject(Drawer) | GotoLocation(Drawer),1 | 1,1,0,candidate_fixed
shard_6_cf_1683,Drawer,shard_6_exp0_10661 | shard_6_exp0_10660,closed | open,GotoLocation(Drawer); OpenObject(Drawer) | GotoLocation(Drawer),<unparseable> | <unparseable>,0 | 0,0,1,GotoLocation(Drawer); OpenObject(Drawer) | GotoLocation(Drawer),1 | 1,1,0,candidate_fixed
shard_6_cf_1684,Drawer,shard_6_exp0_10663 | shard_6_exp0_10662,closed | open,"GotoLocation(DiningTable); PickupObject(CD); GotoLocation(Drawer); OpenObject(Drawer); PutObject(CD,Drawer); CloseObject(Drawer) | GotoLocation(DiningTable); PickupObject(CD); GotoLocation(Drawer); PutObject(CD,Drawer)",<unparseable> | <unparseable>,0 | 0,0,1,"GotoLocation(DiningTable); PickupObject(CD); GotoLocation(Drawer); OpenObject(Drawer); PutObject(CD,Drawer); CloseObject(Drawer) | GotoLocation(DiningTable); PickupObject(CD); GotoLocation(Drawer); PutObject(CD,Drawer)",1 | 1,1,0,candidate_fixed
shard_6_cf_1685,Drawer,shard_6_exp0_10665 | shard_6_exp0_10664,closed | open,"GotoLocation(Dresser); PickupObject(TissueBox); GotoLocation(Drawer); OpenObject(Drawer); PutObject(TissueBox,Drawer); CloseObject(Drawer) | GotoLocation(Dresser); PickupObject(TissueBox); GotoLocation(Drawer); PutObject(TissueBox,Drawer)",<unparseable> | <unparseable>,0 | 0,0,1,"GotoLocation(Dresser); PickupObject(TissueBox); GotoLocation(Drawer); OpenObject(Drawer); PutObject(TissueBox,Drawer); CloseObject(Drawer) | GotoLocation(Dresser); PickupObject(TissueBox); GotoLocation(Drawer); PutObject(TissueBox,Drawer)",1 | 1,1,0,candidate_fixed
shard_6_cf_1686,Drawer,shard_6_exp0_10667 | shard_6_exp0_10666,closed | open,"GotoLocation(Dresser); PickupObject(TissueBox); GotoLocation(Drawer); OpenObject(Drawer); PutObject(TissueBox,Drawer); CloseObject(Drawer) | GotoLocation(Dresser); PickupObject(TissueBox); GotoLocation(Drawer); PutObject(TissueBox,Drawer)",<unparseable> | <unparseable>,0 | 0,0,1,"GotoLocation(Dresser); PickupObject(TissueBox); GotoLocation(Drawer); OpenObject(Drawer); PutObject(TissueBox,Drawer); CloseObject(Drawer) | GotoLocation(Dresser); PickupObject(TissueBox); GotoLocation(Drawer); PutObject(TissueBox,Drawer)",1 | 1,1,0,candidate_fixed
shard_6_cf_1687,Drawer,shard_6_exp0_10669 | shard_6_exp0_10668,closed | open,GotoLocation(Drawer); OpenObject(Drawer) | GotoLocation(Drawer),<unparseable> | <unparseable>,0 | 0,0,1,GotoLocation(Drawer); OpenObject(Drawer) | GotoLocation(Drawer),1 | 1,1,0,candidate_fixed
shard_6_cf_1688,Drawer,shard_6_exp0_10671 | shard_6_exp0_10670,closed | open,GotoLocation(Drawer); OpenObject(Drawer) | GotoLocation(Drawer),<unparseable> | <unparseable>,0 | 0,0,1,GotoLocation(Drawer); OpenObject(Drawer) | GotoLocation(Drawer),1 | 1,1,0,candidate_fixed
shard_6_cf_1752,Cabinet,shard_6_exp0_10893 | shard_6_exp0_10892,closed | open,GotoLocation(Cabinet); OpenObject(Cabinet) | GotoLocation(Cabinet),<unparseable> | <unparseable>,0 | 0,0,1,GotoLocation(Cabinet); OpenObject(Cabinet) | GotoLocation(Cabinet),1 | 1,1,0,candidate_fixed
shard_6_cf_1753,Cabinet,shard_6_exp0_10895 | shard_6_exp0_10894,closed | open,"GotoLocation(Bed); PickupObject(Book); GotoLocation(Cabinet); OpenObject(Cabinet); PutObject(Book,Cabinet); CloseObject(Cabinet) | GotoLocation(Bed); PickupObject(Book); GotoLocation(Cabinet); PutObject(Book,Cabinet)",<unparseable> | <unparseable>,0 | 0,0,1,"GotoLocation(Bed); PickupObject(Book); GotoLocation(Cabinet); OpenObject(Cabinet); PutObject(Book,Cabinet); CloseObject(Cabinet) | GotoLocation(Bed); PickupObject(Book); GotoLocation(Cabinet); PutObject(Book,Cabinet)",1 | 1,1,0,candidate_fixed
shard_6_cf_1754,Drawer,shard_6_exp0_10898 | shard_6_exp0_10897,closed | open,"GotoLocation(Dresser); PickupObject(CellPhone); GotoLocation(Drawer); OpenObject(Drawer); PutObject(CellPhone,Drawer); CloseObject(Drawer) | GotoLocation(Dresser); PickupObject(CellPhone); GotoLocation(Drawer); PutObject(CellPhone,Drawer)",<unparseable> | <unparseable>,0 | 0,0,1,"GotoLocation(Dresser); PickupObject(CellPhone); GotoLocation(Drawer); OpenObject(Drawer); PutObject(CellPhone,Drawer); CloseObject(Drawer) | GotoLocation(Dresser); PickupObject(CellPhone); GotoLocation(Drawer); PutObject(CellPhone,Drawer)",1 | 1,1,0,candidate_fixed
shard_6_cf_1755,Drawer,shard_6_exp0_10900 | shard_6_exp0_10899,closed | open,GotoLocation(Drawer); OpenObject(Drawer) | GotoLocation(Drawer),<unparseable> | <unparseable>,0 | 0,0,1,GotoLocation(Drawer); OpenObject(Drawer) | GotoLocation(Drawer),1 | 1,1,0,candidate_fixed
shard_6_cf_1756,Drawer,shard_6_exp0_10902 | shard_6_exp0_10901,closed | open,"GotoLocation(Watch); PickupObject(Watch); GotoLocation(Drawer); OpenObject(Drawer); PutObject(Watch,Drawer); CloseObject(Drawer) | GotoLocation(Watch); PickupObject(Watch); GotoLocation(Drawer); PutObject(Watch,Drawer)",<unparseable> | <unparseable>,0 | 0,0,1,"GotoLocation(Dresser); PickupObject(Watch); GotoLocation(Drawer); OpenObject(Drawer); PutObject(Watch,Drawer); CloseObject(Drawer) | GotoLocation(Dresser); PickupObject(Watch); GotoLocation(Drawer); OpenObject(Drawer); PutObject(Watch,Drawer); CloseObject(Drawer)",0 | 0,0,1,both_not_exact
shard_6_cf_1757,Drawer,shard_6_exp0_10904 | shard_6_exp0_10903,closed | open,"GotoLocation(RemoteControl); PickupObject(RemoteControl); GotoLocation(Drawer); OpenObject(Drawer); PutObject(RemoteControl,Drawer); CloseObject(Drawer) | GotoLocation(RemoteControl); PickupObject(RemoteControl); GotoLocation(Drawer); PutObject(RemoteControl,Drawer)",<unparseable> | <unparseable>,0 | 0,0,1,"GotoLocation(Dresser); PickupObject(RemoteControl); GotoLocation(Drawer); OpenObject(Drawer); PutObject(RemoteControl,Drawer); CloseObject(Drawer) | GotoLocation(Dresser); PickupObject(RemoteControl); GotoLocation(Drawer); OpenObject(Drawer); PutObject(RemoteControl,Drawer); CloseObject(Drawer)",0 | 0,0,1,both_not_exact
shard_6_cf_1758,Drawer,shard_6_exp0_10906 | shard_6_exp0_10905,closed | open,"GotoLocation(SideTable); PickupObject(TissueBox); GotoLocation(Drawer); OpenObject(Drawer); PutObject(TissueBox,Drawer); CloseObject(Drawer) | GotoLocation(SideTable); PickupObject(TissueBox); GotoLocation(Drawer); PutObject(TissueBox,Drawer)",<unparseable> | <unparseable>,0 | 0,0,1,"GotoLocation(SideTable); PickupObject(TissueBox); GotoLocation(Drawer); OpenObject(Drawer); PutObject(TissueBox,Drawer); CloseObject(Drawer) | GotoLocation(Dresser); PickupObject(TissueBox); GotoLocation(Drawer); PutObject(TissueBox,Drawer)",1 | 0,0,0,both_not_exact
shard_6_cf_1759,Fridge,shard_6_exp0_10908 | shard_6_exp0_10907,closed | open,GotoLocation(Fridge); OpenObject(Fridge) | GotoLocation(Fridge),<unparseable> | <unparseable>,0 | 0,0,1,GotoLocation(Fridge); OpenObject(Fridge) | GotoLocation(Fridge),1 | 1,1,0,candidate_fixed
shard_6_cf_1760,Drawer,shard_6_exp0_10910 | shard_6_exp0_10909,closed | open,GotoLocation(Drawer); OpenObject(Drawer) | GotoLocation(Drawer),<unparseable> | <unparseable>,0 | 0,0,1,GotoLocation(Drawer); OpenObject(Drawer) | GotoLocation(Drawer),1 | 1,1,0,candidate_fixed
shard_6_cf_1761,Drawer,shard_6_exp0_10912 | shard_6_exp0_10911,closed | open,"GotoLocation(ToiletPaper); PickupObject(ToiletPaper); GotoLocation(Drawer); OpenObject(Drawer); PutObject(ToiletPaper,Drawer); CloseObject(Drawer) | GotoLocation(ToiletPaper); PickupObject(ToiletPaper); GotoLocation(Drawer); PutObject(ToiletPaper,Drawer)",<unparseable> | <unparseable>,0 | 0,0,1,"GotoLocation(ToiletPaper); PickupObject(ToiletPaper); GotoLocation(Drawer); OpenObject(Drawer); PutObject(ToiletPaper,Drawer); CloseObject(Drawer) | GotoLocation(ToiletPaper); PickupObject(ToiletPaper); GotoLocation(Drawer); PutObject(ToiletPaper,Drawer)",1 | 1,1,0,candidate_fixed
shard_6_cf_1786,Drawer,shard_6_exp0_10978 | shard_6_exp0_10977,closed | open,"GotoLocation(Bed); PickupObject(Book); GotoLocation(Drawer); OpenObject(Drawer); PutObject(Book,Drawer); CloseObject(Drawer) | GotoLocation(Bed); PickupObject(Book); GotoLocation(Drawer); PutObject(Book,Drawer)",<unparseable> | <unparseable>,0 | 0,0,1,"GotoLocation(Bed); PickupObject(Book); GotoLocation(Drawer); OpenObject(Drawer); PutObject(Book,Drawer); CloseObject(Drawer) | GotoLocation(Bed); PickupObject(Book); GotoLocation(Drawer); OpenObject(Drawer); PutObject(Book,Drawer); CloseObject(Drawer)",1 | 0,0,1,both_not_exact
shard_6_cf_1787,Drawer,shard_6_exp0_10980 | shard_6_exp0_10979,closed | open,"GotoLocation(DiningTable); PickupObject(CellPhone); GotoLocation(Drawer); OpenObject(Drawer); PutObject(CellPhone,Drawer); CloseObject(Drawer) | GotoLocation(DiningTable); PickupObject(CellPhone); GotoLocation(Drawer); PutObject(CellPhone,Drawer)",<unparseable> | <unparseable>,0 | 0,0,1,"GotoLocation(DiningTable); PickupObject(CellPhone); GotoLocation(Drawer); OpenObject(Drawer); PutObject(CellPhone,Drawer); CloseObject(Drawer) | GotoLocation(DiningTable); PickupObject(CellPhone); GotoLocation(Drawer); PutObject(CellPhone,Drawer)",1 | 1,1,0,candidate_fixed
shard_6_cf_1788,Drawer,shard_6_exp0_10982 | shard_6_exp0_10981,closed | open,GotoLocation(Drawer); OpenObject(Drawer) | GotoLocation(Drawer),<unparseable> | <unparseable>,0 | 0,0,1,GotoLocation(Drawer); OpenObject(Drawer) | GotoLocation(Drawer),1 | 1,1,0,candidate_fixed
shard_6_cf_1789,Drawer,shard_6_exp0_10985 | shard_6_exp0_10984,closed | open,GotoLocation(Drawer); OpenObject(Drawer) | GotoLocation(Drawer),<unparseable> | <unparseable>,0 | 0,0,1,GotoLocation(Drawer); OpenObject(Drawer) | GotoLocation(Drawer),1 | 1,1,0,candidate_fixed
shard_6_cf_1790,Drawer,shard_6_exp0_10989 | shard_6_exp0_10988,closed | open,"GotoLocation(Dresser); PickupObject(CellPhone); GotoLocation(Drawer); OpenObject(Drawer); PutObject(CellPhone,Drawer); CloseObject(Drawer) | GotoLocation(Dresser); PickupObject(CellPhone); GotoLocation(Drawer); PutObject(CellPhone,Drawer)",<unparseable> | <unparseable>,0 | 0,0,1,"GotoLocation(Dresser); PickupObject(CellPhone); GotoLocation(Drawer); OpenObject(Drawer); PutObject(CellPhone,Drawer); CloseObject(Drawer) | GotoLocation(Dresser); PickupObject(CellPhone); GotoLocation(Drawer); OpenObject(Drawer); PutObject(CellPhone,Drawer); CloseObject(Drawer)",1 | 0,0,1,both_not_exact
shard_6_cf_1791,Drawer,shard_6_exp0_10991 | shard_6_exp0_10990,closed | open,GotoLocation(Drawer); OpenObject(Drawer) | GotoLocation(Drawer),<unparseable> | <unparseable>,0 | 0,0,1,GotoLocation(Drawer); OpenObject(Drawer) | GotoLocation(Drawer),1 | 1,1,0,candidate_fixed
shard_6_cf_1792,Drawer,shard_6_exp0_10995 | shard_6_exp0_10994,closed | open,GotoLocation(Drawer); OpenObject(Drawer) | GotoLocation(Drawer),<unparseable> | <unparseable>,0 | 0,0,1,GotoLocation(Drawer); OpenObject(Drawer) | GotoLocation(Drawer),1 | 1,1,0,candidate_fixed
shard_6_cf_1793,Safe,shard_6_exp0_10999 | shard_6_exp0_10998,closed | open,GotoLocation(Safe); OpenObject(Safe) | GotoLocation(Safe),<unparseable> | <unparseable>,0 | 0,0,1,GotoLocation(Safe) | GotoLocation(Safe),0 | 1,0,1,both_not_exact
shard_6_cf_1794,Fridge,shard_6_exp0_11004 | shard_6_exp0_11003,closed | open,GotoLocation(Fridge); OpenObject(Fridge) | GotoLocation(Fridge),<unparseable> | <unparseable>,0 | 0,0,1,GotoLocation(Fridge); OpenObject(Fridge) | GotoLocation(Fridge),1 | 1,1,0,candidate_fixed
shard_6_cf_1795,Safe,shard_6_exp0_11006 | shard_6_exp0_11005,closed | open,GotoLocation(Safe); OpenObject(Safe) | GotoLocation(Safe),<unparseable> | <unparseable>,0 | 0,0,1,GotoLocation(Safe); OpenObject(Safe) | GotoLocation(Safe),1 | 1,1,0,candidate_fixed
shard_6_cf_1845,Drawer,shard_6_exp0_11128 | shard_6_exp0_11127,closed | open,"GotoLocation(Dresser); PickupObject(Pen); GotoLocation(Drawer); OpenObject(Drawer); PutObject(Pen,Drawer); CloseObject(Drawer) | GotoLocation(Dresser); PickupObject(Pen); GotoLocation(Drawer); PutObject(Pen,Drawer)",<unparseable> | <unparseable>,0 | 0,0,1,"GotoLocation(Dresser); PickupObject(Pen); GotoLocation(Drawer); OpenObject(Drawer); PutObject(Pen,Drawer); CloseObject(Drawer) | GotoLocation(Dresser); PickupObject(Pen); GotoLocation(Drawer); PutObject(Pen,Drawer)",1 | 1,1,0,candidate_fixed
shard_6_cf_1846,Drawer,shard_6_exp0_11134 | shard_6_exp0_11133,closed | open,"GotoLocation(Dresser); PickupObject(Pen); GotoLocation(Drawer); OpenObject(Drawer); PutObject(Pen,Drawer); CloseObject(Drawer) | GotoLocation(Dresser); PickupObject(Pen); GotoLocation(Drawer); PutObject(Pen,Drawer)",<unparseable> | <unparseable>,0 | 0,0,1,"GotoLocation(Dresser); PickupObject(Pen); GotoLocation(Drawer); OpenObject(Drawer); PutObject(Pen,Drawer); CloseObject(Drawer) | GotoLocation(Dresser); PickupObject(Pen); GotoLocation(Drawer); PutObject(Pen,Drawer)",1 | 1,1,0,candidate_fixed
shard_6_cf_1847,Drawer,shard_6_exp0_11136 | shard_6_exp0_11135,closed | open,GotoLocation(Drawer); OpenObject(Drawer) | GotoLocation(Drawer),<unparseable> | <unparseable>,0 | 0,0,1,GotoLocation(Drawer); OpenObject(Drawer) | GotoLocation(Drawer),1 | 1,1,0,candidate_fixed
shard_6_cf_1901,Drawer,shard_6_exp0_11310 | shard_6_exp0_11309,closed | open,"GotoLocation(SideTable); PickupObject(DishSponge); GotoLocation(Drawer); OpenObject(Drawer); PutObject(DishSponge,Drawer); CloseObject(Drawer) | GotoLocation(SideTable); PickupObject(DishSponge); GotoLocation(Drawer); PutObject(DishSponge,Drawer)",<unparseable> | <unparseable>,0 | 0,0,1,"GotoLocation(SideTable); PickupObject(DishSponge); GotoLocation(Drawer); OpenObject(Drawer); PutObject(DishSponge,Drawer); CloseObject(Drawer) | GotoLocation(SideTable); PickupObject(DishSponge); GotoLocation(Drawer); PutObject(DishSponge,Drawer)",1 | 1,1,0,candidate_fixed
shard_6_cf_1902,Drawer,shard_6_exp0_11312 | shard_6_exp0_11311,closed | open,GotoLocation(Drawer); OpenObject(Drawer) | GotoLocation(Drawer),<unparseable> | <unparseable>,0 | 0,0,1,GotoLocation(Drawer); OpenObject(Drawer) | GotoLocation(Drawer),1 | 1,1,0,candidate_fixed
shard_6_cf_1903,Drawer,shard_6_exp0_11314 | shard_6_exp0_11313,closed | open,"GotoLocation(DiningTable); PickupObject(RemoteControl); GotoLocation(Drawer); OpenObject(Drawer); PutObject(RemoteControl,Drawer); CloseObject(Drawer) | GotoLocation(DiningTable); PickupObject(RemoteControl); GotoLocation(Drawer); PutObject(RemoteControl,Drawer)",<unparseable> | <unparseable>,0 | 0,0,1,"GotoLocation(DiningTable); PickupObject(RemoteControl); GotoLocation(Drawer); OpenObject(Drawer); PutObject(RemoteControl,Drawer); CloseObject(Drawer) | GotoLocation(DiningTable); PickupObject(RemoteControl); GotoLocation(Drawer); PutObject(RemoteControl,Drawer)",1 | 1,1,0,candidate_fixed
shard_6_cf_1904,Drawer,shard_6_exp0_11316 | shard_6_exp0_11315,closed | open,GotoLocation(Drawer); OpenObject(Drawer) | GotoLocation(Drawer),<unparseable> | <unparseable>,0 | 0,0,1,GotoLocation(Drawer); OpenObject(Drawer) | GotoLocation(Drawer),1 | 1,1,0,candidate_fixed
shard_6_cf_1905,Drawer,shard_6_exp0_11318 | shard_6_exp0_11317,closed | open,GotoLocation(Drawer); OpenObject(Drawer) | GotoLocation(Drawer),<unparseable> | <unparseable>,0 | 0,0,1,GotoLocation(Drawer); OpenObject(Drawer) | GotoLocation(Drawer),1 | 1,1,0,candidate_fixed
shard_6_cf_1910,Fridge,shard_6_exp0_11359 | shard_6_exp0_11358,closed | open,GotoLocation(Fridge); OpenObject(Fridge) | GotoLocation(Fridge),<unparseable> | <unparseable>,0 | 0,0,1,GotoLocation(Fridge); OpenObject(Fridge) | GotoLocation(Fridge),1 | 1,1,0,candidate_fixed
shard_6_cf_1917,Drawer,shard_6_exp0_11381 | shard_6_exp0_11380,closed | open,GotoLocation(Drawer); OpenObject(Drawer) | GotoLocation(Drawer),<unparseable> | <unparseable>,0 | 0,0,1,GotoLocation(Drawer); OpenObject(Drawer) | GotoLocation(Drawer),1 | 1,1,0,candidate_fixed
shard_6_cf_1918,Drawer,shard_6_exp0_11383 | shard_6_exp0_11382,closed | open,GotoLocation(Drawer); OpenObject(Drawer) | GotoLocation(Drawer),<unparseable> | <unparseable>,0 | 0,0,1,GotoLocation(Drawer); OpenObject(Drawer) | GotoLocation(Drawer),1 | 1,1,0,candidate_fixed
shard_6_cf_1919,Drawer,shard_6_exp0_11386 | shard_6_exp0_11385,closed | open,GotoLocation(Drawer); OpenObject(Drawer) | GotoLocation(Drawer),<unparseable> | <unparseable>,0 | 0,0,1,GotoLocation(Drawer); OpenObject(Drawer) | GotoLocation(Drawer); OpenObject(Drawer),1 | 0,0,1,both_not_exact
shard_6_cf_1950,Fridge,shard_6_exp0_11468 | shard_6_exp0_11467,closed | open,GotoLocation(Fridge); OpenObject(Fridge) | GotoLocation(Fridge),<unparseable> | <unparseable>,0 | 0,0,1,GotoLocation(Fridge); OpenObject(Fridge) | GotoLocation(Fridge),1 | 1,1,0,candidate_fixed
shard_6_cf_1951,Fridge,shard_6_exp0_11470 | shard_6_exp0_11469,closed | open,GotoLocation(Fridge); OpenObject(Fridge) | GotoLocation(Fridge),<unparseable> | <unparseable>,0 | 0,0,1,GotoLocation(Fridge); OpenObject(Fridge) | GotoLocation(Fridge); OpenObject(Fridge),1 | 0,0,1,both_not_exact
shard_6_cf_1952,Fridge,shard_6_exp0_11472 | shard_6_exp0_11471,closed | open,GotoLocation(Fridge); OpenObject(Fridge) | GotoLocation(Fridge),<unparseable> | <unparseable>,0 | 0,0,1,GotoLocation(Fridge); OpenObject(Fridge) | GotoLocation(Fridge),1 | 1,1,0,candidate_fixed
shard_6_cf_1953,Fridge,shard_6_exp0_11474 | shard_6_exp0_11473,closed | open,GotoLocation(Fridge); OpenObject(Fridge) | GotoLocation(Fridge),<unparseable> | <unparseable>,0 | 0,0,1,GotoLocation(Fridge); OpenObject(Fridge) | GotoLocation(Fridge),1 | 1,1,0,candidate_fixed
shard_6_cf_1984,Fridge,shard_6_exp0_11574 | shard_6_exp0_11573,closed | open,GotoLocation(Fridge); OpenObject(Fridge) | GotoLocation(Fridge),<unparseable> | <unparseable>,0 | 0,0,1,GotoLocation(Fridge); OpenObject(Fridge) | GotoLocation(Fridge),1 | 1,1,0,candidate_fixed
shard_6_cf_1992,Drawer,shard_6_exp0_11596 | shard_6_exp0_11595,closed | open,GotoLocation(Drawer); OpenObject(Drawer) | GotoLocation(Drawer),<unparseable> | <unparseable>,0 | 0,0,1,GotoLocation(Drawer); OpenObject(Drawer) | GotoLocation(Drawer),1 | 1,1,0,candidate_fixed
shard_6_cf_2029,Fridge,shard_6_exp0_11721 | shard_6_exp0_11720,closed | open,GotoLocation(Fridge); OpenObject(Fridge) | GotoLocation(Fridge),<unparseable> | <unparseable>,0 | 0,0,1,GotoLocation(Fridge); OpenObject(Fridge) | GotoLocation(Fridge),1 | 1,1,0,candidate_fixed
shard_6_cf_2086,Drawer,shard_6_exp0_11871 | shard_6_exp0_11870,closed | open,GotoLocation(Drawer); OpenObject(Drawer) | GotoLocation(Drawer),<unparseable> | <unparseable>,0 | 0,0,1,GotoLocation(Drawer); OpenObject(Drawer) | GotoLocation(Drawer),1 | 1,1,0,candidate_fixed
shard_6_cf_2143,Drawer,shard_6_exp0_12000 | shard_6_exp0_11999,closed | open,GotoLocation(Drawer); OpenObject(Drawer) | GotoLocation(Drawer),<unparseable> | <unparseable>,0 | 0,0,1,GotoLocation(Drawer) | GotoLocation(Drawer),0 | 1,0,1,both_not_exact
shard_6_cf_2144,Drawer,shard_6_exp0_12002 | shard_6_exp0_12001,closed | open,GotoLocation(Drawer); OpenObject(Drawer) | GotoLocation(Drawer),<unparseable> | <unparseable>,0 | 0,0,1,GotoLocation(Drawer); OpenObject(Drawer) | GotoLocation(Drawer),1 | 1,1,0,candidate_fixed
shard_6_cf_2145,Drawer,shard_6_exp0_12004 | shard_6_exp0_12003,closed | open,GotoLocation(Drawer); OpenObject(Drawer) | GotoLocation(Drawer),<unparseable> | <unparseable>,0 | 0,0,1,GotoLocation(Drawer); OpenObject(Drawer) | GotoLocation(Drawer),1 | 1,1,0,candidate_fixed
shard_6_cf_2150,Drawer,shard_6_exp0_12018 | shard_6_exp0_12017,closed | open,GotoLocation(Drawer); OpenObject(Drawer) | GotoLocation(Drawer),<unparseable> | <unparseable>,0 | 0,0,1,GotoLocation(Drawer); OpenObject(Drawer) | GotoLocation(Drawer),1 | 1,1,0,candidate_fixed
shard_6_cf_2151,Fridge,shard_6_exp0_12022 | shard_6_exp0_12021,closed | open,GotoLocation(Fridge); OpenObject(Fridge) | GotoLocation(Fridge),<unparseable> | <unparseable>,0 | 0,0,1,GotoLocation(Fridge); OpenObject(Fridge) | GotoLocation(Fridge); OpenObject(Fridge),1 | 0,0,1,both_not_exact
shard_6_cf_2200,Drawer,shard_6_exp0_12145 | shard_6_exp0_12144,closed | open,"GotoLocation(DiningTable); PickupObject(CellPhone); GotoLocation(Drawer); OpenObject(Drawer); PutObject(CellPhone,Drawer); CloseObject(Drawer) | GotoLocation(DiningTable); PickupObject(CellPhone); GotoLocation(Drawer); PutObject(CellPhone,Drawer)",<unparseable> | <unparseable>,0 | 0,0,1,"GotoLocation(DiningTable); PickupObject(CellPhone); GotoLocation(Drawer); OpenObject(Drawer); PutObject(CellPhone,Drawer); CloseObject(Drawer) | GotoLocation(DiningTable); PickupObject(CellPhone); GotoLocation(Drawer); OpenObject(Drawer); PutObject(CellPhone,Drawer); CloseObject(Drawer)",1 | 0,0,1,both_not_exact
shard_6_cf_2201,Drawer,shard_6_exp0_12147 | shard_6_exp0_12146,closed | open,"GotoLocation(Watch); PickupObject(Watch); GotoLocation(Drawer); OpenObject(Drawer); PutObject(Watch,Drawer); CloseObject(Drawer) | GotoLocation(Watch); PickupObject(Watch); GotoLocation(Drawer); PutObject(Watch,Drawer)",<unparseable> | <unparseable>,0 | 0,0,1,"GotoLocation(DiningTable); PickupObject(Watch); GotoLocation(Drawer); PutObject(Watch,Drawer) | GotoLocation(DiningTable); PickupObject(Watch); GotoLocation(Drawer); PutObject(Watch,Drawer)",0 | 0,0,1,both_not_exact
shard_6_cf_2202,Drawer,shard_6_exp0_12149 | shard_6_exp0_12148,closed | open,"GotoLocation(DiningTable); PickupObject(Pencil); GotoLocation(Drawer); OpenObject(Drawer); PutObject(Pencil,Drawer); CloseObject(Drawer) | GotoLocation(DiningTable); PickupObject(Pencil); GotoLocation(Drawer); PutObject(Pencil,Drawer)",<unparseable> | <unparseable>,0 | 0,0,1,"GotoLocation(DiningTable); PickupObject(Pencil); GotoLocation(Drawer); OpenObject(Drawer); PutObject(Pencil,Drawer); CloseObject(Drawer) | GotoLocation(DiningTable); PickupObject(Pencil); GotoLocation(Drawer); PutObject(Pencil,Drawer)",1 | 1,1,0,candidate_fixed
shard_6_cf_2203,Fridge,shard_6_exp0_12151 | shard_6_exp0_12150,closed | open,GotoLocation(Fridge); OpenObject(Fridge) | GotoLocation(Fridge),<unparseable> | <unparseable>,0 | 0,0,1,GotoLocation(Fridge); OpenObject(Fridge) | GotoLocation(Fridge); OpenObject(Fridge),1 | 0,0,1,both_not_exact
shard_6_cf_2204,Drawer,shard_6_exp0_12154 | shard_6_exp0_12153,closed | open,GotoLocation(Drawer); OpenObject(Drawer) | GotoLocation(Drawer),<unparseable> | <unparseable>,0 | 0,0,1,GotoLocation(Drawer); OpenObject(Drawer) | GotoLocation(Drawer),1 | 1,1,0,candidate_fixed
shard_6_cf_2223,Drawer,shard_6_exp0_12219 | shard_6_exp0_12218,closed | open,"GotoLocation(Dresser); PickupObject(Pen); GotoLocation(Drawer); OpenObject(Drawer); PutObject(Pen,Drawer); CloseObject(Drawer) | GotoLocation(Dresser); PickupObject(Pen); GotoLocation(Drawer); PutObject(Pen,Drawer)",<unparseable> | <unparseable>,0 | 0,0,1,"GotoLocation(Dresser); PickupObject(Pen); GotoLocation(Drawer); OpenObject(Drawer); PutObject(Pen,Drawer); CloseObject(Drawer) | GotoLocation(Dresser); PickupObject(Pen); GotoLocation(Drawer); PutObject(Pen,Drawer)",1 | 1,1,0,candidate_fixed
shard_6_cf_2224,Drawer,shard_6_exp0_12222 | shard_6_exp0_12221,closed | open,GotoLocation(Drawer); OpenObject(Drawer) | GotoLocation(Drawer),<unparseable> | <unparseable>,0 | 0,0,1,GotoLocation(Drawer); OpenObject(Drawer) | GotoLocation(Drawer),1 | 1,1,0,candidate_fixed
shard_6_cf_2297,Drawer,shard_6_exp0_12448 | shard_6_exp0_12447,closed | open,"GotoLocation(DiningTable); PickupObject(CellPhone); GotoLocation(Drawer); OpenObject(Drawer); PutObject(CellPhone,Drawer); CloseObject(Drawer) | GotoLocation(DiningTable); PickupObject(CellPhone); GotoLocation(Drawer); PutObject(CellPhone,Drawer)",<unparseable> | <unparseable>,0 | 0,0,1,"GotoLocation(DiningTable); PickupObject(CellPhone); GotoLocation(Drawer); OpenObject(Drawer); PutObject(CellPhone,Drawer); CloseObject(Drawer) | GotoLocation(DiningTable); PickupObject(CellPhone); GotoLocation(Drawer); PutObject(CellPhone,Drawer)",1 | 1,1,0,candidate_fixed
shard_6_cf_2298,Drawer,shard_6_exp0_12450 | shard_6_exp0_12449,closed | open,GotoLocation(Drawer); OpenObject(Drawer) | GotoLocation(Drawer),<unparseable> | <unparseable>,0 | 0,0,1,GotoLocation(Drawer); OpenObject(Drawer) | GotoLocation(Drawer),1 | 1,1,0,candidate_fixed
shard_6_cf_2299,Drawer,shard_6_exp0_12453 | shard_6_exp0_12452,closed | open,GotoLocation(Drawer); OpenObject(Drawer) | GotoLocation(Drawer),<unparseable> | <unparseable>,0 | 0,0,1,GotoLocation(Drawer); OpenObject(Drawer) | GotoLocation(Drawer),1 | 1,1,0,candidate_fixed
shard_6_cf_2300,Drawer,shard_6_exp0_12455 | shard_6_exp0_12454,closed | open,"GotoLocation(DiningTable); PickupObject(CellPhone); GotoLocation(Drawer); OpenObject(Drawer); PutObject(CellPhone,Drawer); CloseObject(Drawer) | GotoLocation(DiningTable); PickupObject(CellPhone); GotoLocation(Drawer); PutObject(CellPhone,Drawer)",<unparseable> | <unparseable>,0 | 0,0,1,"GotoLocation(DiningTable); PickupObject(CellPhone); GotoLocation(Drawer); OpenObject(Drawer); PutObject(CellPhone,Drawer); CloseObject(Drawer) | GotoLocation(DiningTable); PickupObject(CellPhone); GotoLocation(Drawer); PutObject(CellPhone,Drawer)",1 | 1,1,0,candidate_fixed
shard_7_cf_0004,Fridge,shard_7_exp0_0089 | shard_7_exp0_0088,closed | open,GotoLocation(Fridge); OpenObject(Fridge) | GotoLocation(Fridge),<unparseable> | <unparseable>,0 | 0,0,1,GotoLocation(Fridge); OpenObject(Fridge) | GotoLocation(Fridge); OpenObject(Fridge),1 | 0,0,1,both_not_exact
shard_7_cf_0010,Fridge,shard_7_exp0_0145 | shard_7_exp0_0144,closed | open,GotoLocation(Fridge); OpenObject(Fridge) | GotoLocation(Fridge),<unparseable> | <unparseable>,0 | 0,0,1,GotoLocation(Fridge); OpenObject(Fridge) | GotoLocation(Fridge),1 | 1,1,0,candidate_fixed
shard_7_cf_0011,Fridge,shard_7_exp0_0149 | shard_7_exp0_0148,closed | open,GotoLocation(Fridge); OpenObject(Fridge) | GotoLocation(Fridge),<unparseable> | <unparseable>,0 | 0,0,1,GotoLocation(Fridge) | GotoLocation(Fridge),0 | 1,0,1,both_not_exact
shard_7_cf_0012,Fridge,shard_7_exp0_0152 | shard_7_exp0_0151,closed | open,GotoLocation(Fridge); OpenObject(Fridge) | GotoLocation(Fridge),<unparseable> | <unparseable>,0 | 0,0,1,GotoLocation(Fridge); OpenObject(Fridge) | GotoLocation(Fridge),1 | 1,1,0,candidate_fixed
shard_7_cf_0017,Drawer,shard_7_exp0_0213 | shard_7_exp0_0212,closed | open,"GotoLocation(DiningTable); PickupObject(CD); GotoLocation(Drawer); OpenObject(Drawer); PutObject(CD,Drawer); CloseObject(Drawer) | GotoLocation(DiningTable); PickupObject(CD); GotoLocation(Drawer); PutObject(CD,Drawer)",<unparseable> | <unparseable>,0 | 0,0,1,"GotoLocation(DiningTable); PickupObject(CD); GotoLocation(Drawer); OpenObject(Drawer); PutObject(CD,Drawer); CloseObject(Drawer) | GotoLocation(DiningTable); PickupObject(CD); GotoLocation(Drawer); PutObject(CD,Drawer)",1 | 1,1,0,candidate_fixed
shard_7_cf_0032,Fridge,shard_7_exp0_0334 | shard_7_exp0_0333,closed | open,GotoLocation(Fridge); OpenObject(Fridge) | GotoLocation(Fridge),<unparseable> | <unparseable>,0 | 0,0,1,GotoLocation(Fridge); OpenObject(Fridge) | GotoLocation(Fridge),1 | 1,1,0,candidate_fixed
shard_7_cf_0058,Fridge,shard_7_exp0_0627 | shard_7_exp0_0626,closed | open,GotoLocation(Fridge); OpenObject(Fridge) | GotoLocation(Fridge),<unparseable> | <unparseable>,0 | 0,0,1,GotoLocation(Fridge); OpenObject(Fridge) | GotoLocation(Fridge),1 | 1,1,0,candidate_fixed
shard_7_cf_0060,Drawer,shard_7_exp0_0667 | shard_7_exp0_0666,closed | open,GotoLocation(Drawer); OpenObject(Drawer) | GotoLocation(Drawer),<unparseable> | <unparseable>,0 | 0,0,1,GotoLocation(Drawer); OpenObject(Drawer) | GotoLocation(Drawer),1 | 1,1,0,candidate_fixed
shard_7_cf_0061,Drawer,shard_7_exp0_0669 | shard_7_exp0_0668,closed | open,"GotoLocation(RemoteControl); PickupObject(RemoteControl); GotoLocation(Drawer); OpenObject(Drawer); PutObject(RemoteControl,Drawer); CloseObject(Drawer) | GotoLocation(RemoteControl); PickupObject(RemoteControl); GotoLocation(Drawer); PutObject(RemoteControl,Drawer)",<unparseable> | <unparseable>,0 | 0,0,1,"GotoLocation(DiningTable); PickupObject(RemoteControl); GotoLocation(Drawer); OpenObject(Drawer); PutObject(RemoteControl,Drawer); CloseObject(Drawer) | GotoLocation(DiningTable); PickupObject(RemoteControl); GotoLocation(Drawer); PutObject(RemoteControl,Drawer)",0 | 0,0,0,both_not_exact
shard_7_cf_0067,Drawer,shard_7_exp0_0744 | shard_7_exp0_0743,closed | open,"GotoLocation(DiningTable); PickupObject(ButterKnife); GotoLocation(Drawer); OpenObject(Drawer); PutObject(ButterKnife,Drawer); CloseObject(Drawer) | GotoLocation(DiningTable); PickupObject(ButterKnife); GotoLocation(Drawer); PutObject(ButterKnife,Drawer)",<unparseable> | <unparseable>,0 | 0,0,1,"GotoLocation(DiningTable); PickupObject(ButterKnife); GotoLocation(Drawer); OpenObject(Drawer); PutObject(ButterKnife,Drawer); CloseObject(Drawer) | GotoLocation(DiningTable); PickupObject(ButterKnife); GotoLocation(Drawer); PutObject(ButterKnife,Drawer)",1 | 1,1,0,candidate_fixed
shard_7_cf_0093,Fridge,shard_7_exp0_0965 | shard_7_exp0_0964,closed | open,GotoLocation(Fridge); OpenObject(Fridge) | GotoLocation(Fridge),<unparseable> | <unparseable>,0 | 0,0,1,GotoLocation(Fridge); OpenObject(Fridge) | GotoLocation(Fridge),1 | 1,1,0,candidate_fixed
shard_7_cf_0095,Drawer,shard_7_exp0_0980 | shard_7_exp0_0979,closed | open,GotoLocation(Drawer); OpenObject(Drawer) | GotoLocation(Drawer),<unparseable> | <unparseable>,0 | 0,0,1,GotoLocation(Drawer); OpenObject(Drawer) | GotoLocation(Drawer),1 | 1,1,0,candidate_fixed
shard_7_cf_0096,Drawer,shard_7_exp0_0989 | shard_7_exp0_0988,closed | open,GotoLocation(Drawer); OpenObject(Drawer) | GotoLocation(Drawer),<unparseable> | <unparseable>,0 | 0,0,1,GotoLocation(Drawer); OpenObject(Drawer) | GotoLocation(Drawer),1 | 1,1,0,candidate_fixed
shard_7_cf_0103,Drawer,shard_7_exp0_1024 | shard_7_exp0_1023,closed | open,GotoLocation(Drawer); OpenObject(Drawer) | GotoLocation(Drawer),<unparseable> | <unparseable>,0 | 0,0,1,GotoLocation(Drawer); OpenObject(Drawer) | GotoLocation(Drawer),1 | 1,1,0,candidate_fixed
shard_7_cf_0104,Drawer,shard_7_exp0_1031 | shard_7_exp0_1030,closed | open,GotoLocation(Drawer); OpenObject(Drawer) | GotoLocation(Drawer),<unparseable> | <unparseable>,0 | 0,0,1,GotoLocation(Drawer); OpenObject(Drawer) | GotoLocation(Drawer),1 | 1,1,0,candidate_fixed
shard_7_cf_0108,Drawer,shard_7_exp0_1097 | shard_7_exp0_1096,closed | open,"GotoLocation(Dresser); PickupObject(Book); GotoLocation(Drawer); OpenObject(Drawer); PutObject(Book,Drawer); CloseObject(Drawer) | GotoLocation(Dresser); PickupObject(Book); GotoLocation(Drawer); PutObject(Book,Drawer)",<unparseable> | <unparseable>,0 | 0,0,1,"GotoLocation(Dresser); PickupObject(Book); GotoLocation(Drawer); OpenObject(Drawer); PutObject(Book,Drawer); CloseObject(Drawer) | GotoLocation(Dresser); PickupObject(Book); GotoLocation(Drawer); PutObject(Book,Drawer)",1 | 1,1,0,candidate_fixed
shard_7_cf_0109,Drawer,shard_7_exp0_1099 | shard_7_exp0_1098,closed | open,GotoLocation(Drawer); OpenObject(Drawer) | GotoLocation(Drawer),<unparseable> | <unparseable>,0 | 0,0,1,GotoLocation(Drawer); OpenObject(Drawer) | GotoLocation(Drawer),1 | 1,1,0,candidate_fixed
shard_7_cf_0110,Drawer,shard_7_exp0_1101 | shard_7_exp0_1100,closed | open,"GotoLocation(Dresser); PickupObject(CD); GotoLocation(Drawer); OpenObject(Drawer); PutObject(CD,Drawer); CloseObject(Drawer) | GotoLocation(Dresser); PickupObject(CD); GotoLocation(Drawer); PutObject(CD,Drawer)",<unparseable> | <unparseable>,0 | 0,0,1,"GotoLocation(Dresser); PickupObject(CD); GotoLocation(Drawer); OpenObject(Drawer); PutObject(CD,Drawer); CloseObject(Drawer) | GotoLocation(Dresser); PickupObject(CD); GotoLocation(Drawer); PutObject(CD,Drawer)",1 | 1,1,0,candidate_fixed
shard_7_cf_0121,Fridge,shard_7_exp0_1321 | shard_7_exp0_1320,closed | open,GotoLocation(Fridge); OpenObject(Fridge) | GotoLocation(Fridge),<unparseable> | <unparseable>,0 | 0,0,1,GotoLocation(Fridge); OpenObject(Fridge) | GotoLocation(Fridge),1 | 1,1,0,candidate_fixed
shard_7_cf_0124,Drawer,shard_7_exp0_1359 | shard_7_exp0_1358,closed | open,GotoLocation(Drawer); OpenObject(Drawer) | GotoLocation(Drawer),<unparseable> | <unparseable>,0 | 0,0,1,GotoLocation(Drawer); OpenObject(Drawer) | GotoLocation(Drawer),1 | 1,1,0,candidate_fixed
shard_7_cf_0125,Drawer,shard_7_exp0_1362 | shard_7_exp0_1361,closed | open,"GotoLocation(Dresser); PickupObject(Watch); GotoLocation(Drawer); OpenObject(Drawer); PutObject(Watch,Drawer); CloseObject(Drawer) | GotoLocation(Dresser); PickupObject(Watch); GotoLocation(Drawer); PutObject(Watch,Drawer)",<unparseable> | <unparseable>,0 | 0,0,1,"GotoLocation(Dresser); PickupObject(Watch); GotoLocation(Drawer); OpenObject(Drawer); PutObject(Watch,Drawer); CloseObject(Drawer) | GotoLocation(Dresser); PickupObject(Watch); GotoLocation(Drawer); PutObject(Watch,Drawer)",1 | 1,1,0,candidate_fixed
shard_7_cf_0128,Drawer,shard_7_exp0_1377 | shard_7_exp0_1376,closed | open,"GotoLocation(DiningTable); PickupObject(CD); GotoLocation(Drawer); OpenObject(Drawer); PutObject(CD,Drawer); CloseObject(Drawer) | GotoLocation(DiningTable); PickupObject(CD); GotoLocation(Drawer); PutObject(CD,Drawer)",<unparseable> | <unparseable>,0 | 0,0,1,"GotoLocation(DiningTable); PickupObject(CD); GotoLocation(Drawer); OpenObject(Drawer); PutObject(CD,Drawer); CloseObject(Drawer) | GotoLocation(DiningTable); PickupObject(CD); GotoLocation(Drawer); PutObject(CD,Drawer)",1 | 1,1,0,candidate_fixed
shard_7_cf_0129,Drawer,shard_7_exp0_1380 | shard_7_exp0_1379,closed | open,GotoLocation(Drawer); OpenObject(Drawer) | GotoLocation(Drawer),<unparseable> | <unparseable>,0 | 0,0,1,GotoLocation(Drawer); OpenObject(Drawer) | GotoLocation(Drawer),1 | 1,1,0,candidate_fixed
shard_7_cf_0177,Fridge,shard_7_exp0_1815 | shard_7_exp0_1814,closed | open,GotoLocation(Fridge); OpenObject(Fridge) | GotoLocation(Fridge),<unparseable> | <unparseable>,0 | 0,0,1,GotoLocation(Fridge); OpenObject(Fridge) | GotoLocation(Fridge); OpenObject(Fridge),1 | 0,0,1,both_not_exact
shard_7_cf_0178,Microwave,shard_7_exp0_1820 | shard_7_exp0_1819,closed | open,GotoLocation(Microwave); OpenObject(Microwave) | GotoLocation(Microwave),<unparseable> | <unparseable>,0 | 0,0,1,GotoLocation(Microwave); OpenObject(Microwave) | GotoLocation(Microwave),1 | 1,1,0,candidate_fixed
shard_7_cf_0203,Drawer,shard_7_exp0_2135 | shard_7_exp0_2134,closed | open,GotoLocation(Drawer); OpenObject(Drawer) | GotoLocation(Drawer),<unparseable> | <unparseable>,0 | 0,0,1,GotoLocation(Drawer); OpenObject(Drawer) | GotoLocation(Drawer),1 | 1,1,0,candidate_fixed
shard_7_cf_0204,Drawer,shard_7_exp0_2137 | shard_7_exp0_2136,closed | open,"GotoLocation(Dresser); PickupObject(KeyChain); GotoLocation(Drawer); OpenObject(Drawer); PutObject(KeyChain,Drawer); CloseObject(Drawer) | GotoLocation(Dresser); PickupObject(KeyChain); GotoLocation(Drawer); PutObject(KeyChain,Drawer)",<unparseable> | <unparseable>,0 | 0,0,1,"GotoLocation(Dresser); PickupObject(KeyChain); GotoLocation(Drawer); OpenObject(Drawer); PutObject(KeyChain,Drawer); CloseObject(Drawer) | GotoLocation(Dresser); PickupObject(KeyChain); GotoLocation(Drawer); PutObject(KeyChain,Drawer)",1 | 1,1,0,candidate_fixed
shard_7_cf_0264,Drawer,shard_7_exp0_2687 | shard_7_exp0_2686,closed | open,GotoLocation(Drawer); OpenObject(Drawer) | GotoLocation(Drawer),<unparseable> | <unparseable>,0 | 0,0,1,GotoLocation(Drawer); OpenObject(Drawer) | GotoLocation(Drawer),1 | 1,1,0,candidate_fixed
shard_7_cf_0265,Drawer,shard_7_exp0_2692 | shard_7_exp0_2691,closed | open,GotoLocation(Drawer); OpenObject(Drawer) | GotoLocation(Drawer),<unparseable> | <unparseable>,0 | 0,0,1,GotoLocation(Drawer); OpenObject(Drawer) | GotoLocation(Drawer),1 | 1,1,0,candidate_fixed
shard_7_cf_0266,Drawer,shard_7_exp0_2713 | shard_7_exp0_2712,closed | open,"GotoLocation(Dresser); PickupObject(TissueBox); GotoLocation(Drawer); OpenObject(Drawer); PutObject(TissueBox,Drawer); CloseObject(Drawer) | GotoLocation(Dresser); PickupObject(TissueBox); GotoLocation(Drawer); PutObject(TissueBox,Drawer)",<unparseable> | <unparseable>,0 | 0,0,1,"GotoLocation(Dresser); PickupObject(TissueBox); GotoLocation(Drawer); OpenObject(Drawer); PutObject(TissueBox,Drawer); CloseObject(Drawer) | GotoLocation(Dresser); PickupObject(TissueBox); GotoLocation(Drawer); PutObject(TissueBox,Drawer)",1 | 1,1,0,candidate_fixed
shard_7_cf_0320,Microwave,shard_7_exp0_3340 | shard_7_exp0_3339,closed | open,GotoLocation(Microwave); OpenObject(Microwave) | GotoLocation(Microwave),<unparseable> | <unparseable>,0 | 0,0,1,GotoLocation(Microwave) | GotoLocation(Microwave),0 | 1,0,1,both_not_exact
shard_7_cf_0332,Drawer,shard_7_exp0_3447 | shard_7_exp0_3446,closed | open,GotoLocation(Drawer); OpenObject(Drawer) | GotoLocation(Drawer),<unparseable> | <unparseable>,0 | 0,0,1,GotoLocation(Drawer); OpenObject(Drawer) | GotoLocation(Drawer),1 | 1,1,0,candidate_fixed
shard_7_cf_0333,Fridge,shard_7_exp0_3456 | shard_7_exp0_3455,closed | open,GotoLocation(Fridge); OpenObject(Fridge) | GotoLocation(Fridge),<unparseable> | <unparseable>,0 | 0,0,1,GotoLocation(Fridge); OpenObject(Fridge) | GotoLocation(Fridge),1 | 1,1,0,candidate_fixed
shard_7_cf_0337,Drawer,shard_7_exp0_3472 | shard_7_exp0_3471,closed | open,GotoLocation(Drawer); OpenObject(Drawer) | GotoLocation(Drawer),<unparseable> | <unparseable>,0 | 0,0,1,GotoLocation(Drawer); OpenObject(Drawer) | GotoLocation(Drawer),1 | 1,1,0,candidate_fixed
shard_7_cf_0339,Drawer,shard_7_exp0_3480 | shard_7_exp0_3479,closed | open,"GotoLocation(SinkBasin); PickupObject(DishSponge); GotoLocation(Drawer); OpenObject(Drawer); PutObject(DishSponge,Drawer); CloseObject(Drawer) | GotoLocation(SinkBasin); PickupObject(DishSponge); GotoLocation(Drawer); PutObject(DishSponge,Drawer)",<unparseable> | <unparseable>,0 | 0,0,1,"GotoLocation(Dresser); PickupObject(DishSponge); GotoLocation(Drawer); OpenObject(Drawer); PutObject(DishSponge,Drawer); CloseObject(Drawer) | GotoLocation(Dresser); PickupObject(DishSponge); GotoLocation(Drawer); PutObject(DishSponge,Drawer)",0 | 0,0,0,both_not_exact
shard_7_cf_0389,Drawer,shard_7_exp0_4008 | shard_7_exp0_4007,closed | open,"GotoLocation(SideTable); PickupObject(RemoteControl); GotoLocation(Drawer); OpenObject(Drawer); PutObject(RemoteControl,Drawer); CloseObject(Drawer) | GotoLocation(SideTable); PickupObject(RemoteControl); GotoLocation(Drawer); PutObject(RemoteControl,Drawer)",<unparseable> | <unparseable>,0 | 0,0,1,"GotoLocation(SideTable); PickupObject(RemoteControl); GotoLocation(Drawer); OpenObject(Drawer); PutObject(RemoteControl,Drawer); CloseObject(Drawer) | GotoLocation(SideTable); PickupObject(RemoteControl); GotoLocation(Drawer); PutObject(RemoteControl,Drawer)",1 | 1,1,0,candidate_fixed
shard_7_cf_0390,Safe,shard_7_exp0_4011 | shard_7_exp0_4010,closed | open,GotoLocation(Safe); OpenObject(Safe) | GotoLocation(Safe),<unparseable> | <unparseable>,0 | 0,0,1,GotoLocation(Safe); OpenObject(Safe) | GotoLocation(Safe),1 | 1,1,0,candidate_fixed
shard_7_cf_0391,Safe,shard_7_exp0_4013 | shard_7_exp0_4012,closed | open,GotoLocation(Safe); OpenObject(Safe) | GotoLocation(Safe),<unparseable> | <unparseable>,0 | 0,0,1,GotoLocation(Safe); OpenObject(Safe) | GotoLocation(Safe),1 | 1,1,0,candidate_fixed
shard_7_cf_0426,Drawer,shard_7_exp0_4301 | shard_7_exp0_4300,closed | open,"GotoLocation(CounterTop); PickupObject(SoapBottle); GotoLocation(Drawer); OpenObject(Drawer); PutObject(SoapBottle,Drawer); CloseObject(Drawer) | GotoLocation(CounterTop); PickupObject(SoapBottle); GotoLocation(Drawer); PutObject(SoapBottle,Drawer)",<unparseable> | <unparseable>,0 | 0,0,1,"GotoLocation(CounterTop); PickupObject(SoapBottle); GotoLocation(Drawer); OpenObject(Drawer); PutObject(SoapBottle,Drawer); CloseObject(Drawer) | GotoLocation(CounterTop); PickupObject(SoapBottle); GotoLocation(Drawer); PutObject(SoapBottle,Drawer)",1 | 1,1,0,candidate_fixed
shard_7_cf_0427,Fridge,shard_7_exp0_4303 | shard_7_exp0_4302,closed | open,GotoLocation(Fridge); OpenObject(Fridge) | GotoLocation(Fridge),<unparseable> | <unparseable>,0 | 0,0,1,GotoLocation(Fridge); OpenObject(Fridge) | GotoLocation(Fridge),1 | 1,1,0,candidate_fixed
shard_7_cf_0428,Drawer,shard_7_exp0_4307 | shard_7_exp0_4306,closed | open,GotoLocation(Drawer); OpenObject(Drawer) | GotoLocation(Drawer),<unparseable> | <unparseable>,0 | 0,0,1,GotoLocation(Drawer); OpenObject(Drawer) | GotoLocation(Drawer),1 | 1,1,0,candidate_fixed
shard_7_cf_0439,Microwave,shard_7_exp0_4435 | shard_7_exp0_4434,closed | open,GotoLocation(Microwave); OpenObject(Microwave) | GotoLocation(Microwave),<unparseable> | <unparseable>,0 | 0,0,1,GotoLocation(Microwave); OpenObject(Microwave) | GotoLocation(Microwave); OpenObject(Microwave),1 | 0,0,1,both_not_exact
shard_7_cf_0440,Drawer,shard_7_exp0_4438 | shard_7_exp0_4437,closed | open,"GotoLocation(Dresser); PickupObject(Pen); GotoLocation(Drawer); OpenObject(Drawer); PutObject(Pen,Drawer); CloseObject(Drawer) | GotoLocation(Dresser); PickupObject(Pen); GotoLocation(Drawer); PutObject(Pen,Drawer)",<unparseable> | <unparseable>,0 | 0,0,1,"GotoLocation(Dresser); PickupObject(Pen); GotoLocation(Drawer); OpenObject(Drawer); PutObject(Pen,Drawer); CloseObject(Drawer) | GotoLocation(Dresser); PickupObject(Pen); GotoLocation(Drawer); PutObject(Pen,Drawer)",1 | 1,1,0,candidate_fixed
shard_7_cf_0449,Drawer,shard_7_exp0_4513 | shard_7_exp0_4512,closed | open,GotoLocation(Drawer); OpenObject(Drawer) | GotoLocation(Drawer),<unparseable> | <unparseable>,0 | 0,0,1,GotoLocation(Drawer); OpenObject(Drawer) | GotoLocation(Drawer),1 | 1,1,0,candidate_fixed
shard_7_cf_0465,Drawer,shard_7_exp0_4642 | shard_7_exp0_4641,closed | open,GotoLocation(Drawer); OpenObject(Drawer) | GotoLocation(Drawer),<unparseable> | <unparseable>,0 | 0,0,1,GotoLocation(Drawer); OpenObject(Drawer) | GotoLocation(Drawer),1 | 1,1,0,candidate_fixed
shard_7_cf_0466,Drawer,shard_7_exp0_4646 | shard_7_exp0_4645,closed | open,"GotoLocation(Dresser); PickupObject(Pencil); GotoLocation(Drawer); OpenObject(Drawer); PutObject(Pencil,Drawer); CloseObject(Drawer) | GotoLocation(Dresser); PickupObject(Pencil); GotoLocation(Drawer); PutObject(Pencil,Drawer)",<unparseable> | <unparseable>,0 | 0,0,1,"GotoLocation(Dresser); PickupObject(Pencil); GotoLocation(Drawer); OpenObject(Drawer); PutObject(Pencil,Drawer); CloseObject(Drawer) | GotoLocation(Dresser); PickupObject(Pencil); GotoLocation(Drawer); PutObject(Pencil,Drawer)",1 | 1,1,0,candidate_fixed
shard_7_cf_0500,Fridge,shard_7_exp0_4876 | shard_7_exp0_4875,closed | open,GotoLocation(Fridge); OpenObject(Fridge) | GotoLocation(Fridge),<unparseable> | <unparseable>,0 | 0,0,1,GotoLocation(Fridge); OpenObject(Fridge) | GotoLocation(Fridge),1 | 1,1,0,candidate_fixed
shard_7_cf_0501,Drawer,shard_7_exp0_4886 | shard_7_exp0_4885,closed | open,"GotoLocation(Dresser); PickupObject(TissueBox); GotoLocation(Drawer); OpenObject(Drawer); PutObject(TissueBox,Drawer); CloseObject(Drawer) | GotoLocation(Dresser); PickupObject(TissueBox); GotoLocation(Drawer); PutObject(TissueBox,Drawer)",<unparseable> | <unparseable>,0 | 0,0,1,"GotoLocation(Dresser); PickupObject(TissueBox); GotoLocation(Drawer); OpenObject(Drawer); PutObject(TissueBox,Drawer); CloseObject(Drawer) | GotoLocation(Dresser); PickupObject(TissueBox); GotoLocation(Drawer); PutObject(TissueBox,Drawer)",1 | 1,1,0,candidate_fixed
shard_7_cf_0502,Fridge,shard_7_exp0_4891 | shard_7_exp0_4890,closed | open,GotoLocation(Fridge); OpenObject(Fridge) | GotoLocation(Fridge),<unparseable> | <unparseable>,0 | 0,0,1,GotoLocation(Fridge); OpenObject(Fridge) | GotoLocation(Fridge),1 | 1,1,0,candidate_fixed
shard_7_cf_0514,Drawer,shard_7_exp0_4978 | shard_7_exp0_4977,closed | open,GotoLocation(Drawer); OpenObject(Drawer) | GotoLocation(Drawer),<unparseable> | <unparseable>,0 | 0,0,1,GotoLocation(Drawer); OpenObject(Drawer) | GotoLocation(Drawer),1 | 1,1,0,candidate_fixed
shard_7_cf_0515,Drawer,shard_7_exp0_4982 | shard_7_exp0_4981,closed | open,GotoLocation(Drawer); OpenObject(Drawer) | GotoLocation(Drawer),<unparseable> | <unparseable>,0 | 0,0,1,GotoLocation(Drawer); OpenObject(Drawer) | GotoLocation(Drawer); OpenObject(Drawer),1 | 0,0,1,both_not_exact
shard_7_cf_0516,Drawer,shard_7_exp0_4984 | shard_7_exp0_4983,closed | open,GotoLocation(Drawer); OpenObject(Drawer) | GotoLocation(Drawer),<unparseable> | <unparseable>,0 | 0,0,1,GotoLocation(Drawer); OpenObject(Drawer) | GotoLocation(Drawer),1 | 1,1,0,candidate_fixed
shard_7_cf_0540,Drawer,shard_7_exp0_5172 | shard_7_exp0_5171,closed | open,"GotoLocation(Dresser); PickupObject(Pen); GotoLocation(Drawer); OpenObject(Drawer); PutObject(Pen,Drawer); CloseObject(Drawer) | GotoLocation(Dresser); PickupObject(Pen); GotoLocation(Drawer); PutObject(Pen,Drawer)",<unparseable> | <unparseable>,0 | 0,0,1,"GotoLocation(Dresser); PickupObject(Pen); GotoLocation(Drawer); OpenObject(Drawer); PutObject(Pen,Drawer); CloseObject(Drawer) | GotoLocation(Dresser); PickupObject(Pen); GotoLocation(Drawer); PutObject(Pen,Drawer)",1 | 1,1,0,candidate_fixed
shard_7_cf_0541,Drawer,shard_7_exp0_5174 | shard_7_exp0_5173,closed | open,GotoLocation(Drawer); OpenObject(Drawer) | GotoLocation(Drawer),<unparseable> | <unparseable>,0 | 0,0,1,GotoLocation(Drawer); OpenObject(Drawer) | GotoLocation(Drawer),1 | 1,1,0,candidate_fixed
shard_7_cf_0542,Drawer,shard_7_exp0_5177 | shard_7_exp0_5176,closed | open,"GotoLocation(Dresser); PickupObject(Pen); GotoLocation(Drawer); OpenObject(Drawer); PutObject(Pen,Drawer); CloseObject(Drawer) | GotoLocation(Dresser); PickupObject(Pen); GotoLocation(Drawer); PutObject(Pen,Drawer)",<unparseable> | <unparseable>,0 | 0,0,1,"GotoLocation(Dresser); PickupObject(Pen); GotoLocation(Drawer); OpenObject(Drawer); PutObject(Pen,Drawer); CloseObject(Drawer) | GotoLocation(Dresser); PickupObject(Pen); GotoLocation(Drawer); PutObject(Pen,Drawer)",1 | 1,1,0,candidate_fixed
shard_7_cf_0543,Drawer,shard_7_exp0_5181 | shard_7_exp0_5180,closed | open,"GotoLocation(Dresser); PickupObject(CD); GotoLocation(Drawer); OpenObject(Drawer); PutObject(CD,Drawer); CloseObject(Drawer) | GotoLocation(Dresser); PickupObject(CD); GotoLocation(Drawer); PutObject(CD,Drawer)",<unparseable> | <unparseable>,0 | 0,0,1,"GotoLocation(Dresser); PickupObject(CD); GotoLocation(Drawer); OpenObject(Drawer); PutObject(CD,Drawer); CloseObject(Drawer) | GotoLocation(Dresser); PickupObject(CD); GotoLocation(Drawer); PutObject(CD,Drawer)",1 | 1,1,0,candidate_fixed
shard_7_cf_0544,Drawer,shard_7_exp0_5191 | shard_7_exp0_5190,closed | open,GotoLocation(Drawer); OpenObject(Drawer) | GotoLocation(Drawer),<unparseable> | <unparseable>,0 | 0,0,1,GotoLocation(Drawer); OpenObject(Drawer) | GotoLocation(Drawer),1 | 1,1,0,candidate_fixed
shard_7_cf_0545,Fridge,shard_7_exp0_5194 | shard_7_exp0_5193,closed | open,GotoLocation(Fridge); OpenObject(Fridge) | GotoLocation(Fridge),<unparseable> | <unparseable>,0 | 0,0,1,GotoLocation(Fridge); OpenObject(Fridge) | GotoLocation(Fridge),1 | 1,1,0,candidate_fixed
shard_7_cf_0546,Fridge,shard_7_exp0_5200 | shard_7_exp0_5199,closed | open,GotoLocation(Fridge); OpenObject(Fridge) | GotoLocation(Fridge),<unparseable> | <unparseable>,0 | 0,0,1,GotoLocation(Fridge); OpenObject(Fridge) | GotoLocation(Fridge),1 | 1,1,0,candidate_fixed
shard_7_cf_0547,Cabinet,shard_7_exp0_5206 | shard_7_exp0_5205,closed | open,GotoLocation(Cabinet); OpenObject(Cabinet) | GotoLocation(Cabinet),<unparseable> | <unparseable>,0 | 0,0,1,GotoLocation(Cabinet); OpenObject(Cabinet) | GotoLocation(Cabinet),1 | 1,1,0,candidate_fixed
shard_7_cf_0552,Fridge,shard_7_exp0_5261 | shard_7_exp0_5260,closed | open,GotoLocation(Fridge); OpenObject(Fridge) | GotoLocation(Fridge),<unparseable> | <unparseable>,0 | 0,0,1,GotoLocation(Fridge); OpenObject(Fridge) | GotoLocation(Fridge),1 | 1,1,0,candidate_fixed
shard_7_cf_0553,Drawer,shard_7_exp0_5263 | shard_7_exp0_5262,closed | open,GotoLocation(Drawer); OpenObject(Drawer) | GotoLocation(Drawer),<unparseable> | <unparseable>,0 | 0,0,1,GotoLocation(Drawer); OpenObject(Drawer) | GotoLocation(Drawer); OpenObject(Drawer),1 | 0,0,1,both_not_exact
shard_7_cf_0554,Fridge,shard_7_exp0_5265 | shard_7_exp0_5264,closed | open,GotoLocation(Fridge); OpenObject(Fridge) | GotoLocation(Fridge),<unparseable> | <unparseable>,0 | 0,0,1,GotoLocation(Fridge); OpenObject(Fridge) | GotoLocation(Fridge); OpenObject(Fridge),1 | 0,0,1,both_not_exact
shard_7_cf_0557,Drawer,shard_7_exp0_5298 | shard_7_exp0_5297,closed | open,GotoLocation(Drawer); OpenObject(Drawer) | GotoLocation(Drawer),<unparseable> | <unparseable>,0 | 0,0,1,GotoLocation(Drawer); OpenObject(Drawer) | GotoLocation(Drawer),1 | 1,1,0,candidate_fixed
shard_7_cf_0558,Drawer,shard_7_exp0_5302 | shard_7_exp0_5301,closed | open,"GotoLocation(Desk); PickupObject(Pen); GotoLocation(Drawer); OpenObject(Drawer); PutObject(Pen,Drawer); CloseObject(Drawer) | GotoLocation(Desk); PickupObject(Pen); GotoLocation(Drawer); PutObject(Pen,Drawer)",<unparseable> | <unparseable>,0 | 0,0,1,"GotoLocation(Dresser); PickupObject(Pen); GotoLocation(Drawer); OpenObject(Drawer); PutObject(Pen,Drawer); CloseObject(Drawer) | GotoLocation(Dresser); PickupObject(Pen); GotoLocation(Drawer); OpenObject(Drawer); PutObject(Pen,Drawer); CloseObject(Drawer)",0 | 0,0,1,both_not_exact
shard_7_cf_0585,Fridge,shard_7_exp0_5492 | shard_7_exp0_5491,closed | open,GotoLocation(Fridge); OpenObject(Fridge) | GotoLocation(Fridge),<unparseable> | <unparseable>,0 | 0,0,1,GotoLocation(Fridge); OpenObject(Fridge) | GotoLocation(Fridge),1 | 1,1,0,candidate_fixed
shard_7_cf_0586,Drawer,shard_7_exp0_5498 | shard_7_exp0_5497,closed | open,"GotoLocation(CounterTop); PickupObject(DishSponge); GotoLocation(Drawer); OpenObject(Drawer); PutObject(DishSponge,Drawer); CloseObject(Drawer) | GotoLocation(CounterTop); PickupObject(DishSponge); GotoLocation(Drawer); PutObject(DishSponge,Drawer)",<unparseable> | <unparseable>,0 | 0,0,1,"GotoLocation(CounterTop); PickupObject(DishSponge); GotoLocation(Drawer); OpenObject(Drawer); PutObject(DishSponge,Drawer); CloseObject(Drawer) | GotoLocation(CounterTop); PickupObject(DishSponge); GotoLocation(Drawer); PutObject(DishSponge,Drawer)",1 | 1,1,0,candidate_fixed
shard_7_cf_0587,Drawer,shard_7_exp0_5500 | shard_7_exp0_5499,closed | open,"GotoLocation(CounterTop); PickupObject(DishSponge); GotoLocation(Drawer); OpenObject(Drawer); PutObject(DishSponge,Drawer); CloseObject(Drawer) | GotoLocation(CounterTop); PickupObject(DishSponge); GotoLocation(Drawer); PutObject(DishSponge,Drawer)",<unparseable> | <unparseable>,0 | 0,0,1,"GotoLocation(CounterTop); PickupObject(DishSponge); GotoLocation(Drawer); OpenObject(Drawer); PutObject(DishSponge,Drawer); CloseObject(Drawer) | GotoLocation(CounterTop); PickupObject(DishSponge); GotoLocation(Drawer); OpenObject(Drawer); PutObject(DishSponge,Drawer); CloseObject(Drawer)",1 | 0,0,1,both_not_exact
shard_7_cf_0637,Drawer,shard_7_exp0_5818 | shard_7_exp0_5817,closed | open,GotoLocation(Drawer); OpenObject(Drawer) | GotoLocation(Drawer),<unparseable> | <unparseable>,0 | 0,0,1,GotoLocation(Drawer); OpenObject(Drawer) | GotoLocation(Drawer),1 | 1,1,0,candidate_fixed
shard_7_cf_0638,Drawer,shard_7_exp0_5822 | shard_7_exp0_5821,closed | open,GotoLocation(Drawer); OpenObject(Drawer) | GotoLocation(Drawer),<unparseable> | <unparseable>,0 | 0,0,1,GotoLocation(Drawer); OpenObject(Drawer) | GotoLocation(Drawer),1 | 1,1,0,candidate_fixed
shard_7_cf_0639,Drawer,shard_7_exp0_5824 | shard_7_exp0_5823,closed | open,GotoLocation(Drawer); OpenObject(Drawer) | GotoLocation(Drawer),<unparseable> | <unparseable>,0 | 0,0,1,GotoLocation(Drawer); OpenObject(Drawer) | GotoLocation(Drawer),1 | 1,1,0,candidate_fixed
shard_7_cf_0642,Drawer,shard_7_exp0_5851 | shard_7_exp0_5850,closed | open,GotoLocation(Drawer); OpenObject(Drawer) | GotoLocation(Drawer),<unparseable> | <unparseable>,0 | 0,0,1,GotoLocation(Drawer); OpenObject(Drawer) | GotoLocation(Drawer),1 | 1,1,0,candidate_fixed
shard_7_cf_0643,Safe,shard_7_exp0_5853 | shard_7_exp0_5852,closed | open,GotoLocation(Safe); OpenObject(Safe) | GotoLocation(Safe),<unparseable> | <unparseable>,0 | 0,0,1,GotoLocation(Safe); OpenObject(Safe) | GotoLocation(Safe),1 | 1,1,0,candidate_fixed
shard_7_cf_0644,Cabinet,shard_7_exp0_5859 | shard_7_exp0_5858,closed | open,GotoLocation(Cabinet); OpenObject(Cabinet) | GotoLocation(Cabinet),<unparseable> | <unparseable>,0 | 0,0,1,GotoLocation(Cabinet); OpenObject(Cabinet) | GotoLocation(Cabinet),1 | 1,1,0,candidate_fixed
shard_7_cf_0653,Drawer,shard_7_exp0_5908 | shard_7_exp0_5907,closed | open,GotoLocation(Drawer); OpenObject(Drawer) | GotoLocation(Drawer),<unparseable> | <unparseable>,0 | 0,0,1,GotoLocation(Drawer); OpenObject(Drawer) | GotoLocation(Drawer),1 | 1,1,0,candidate_fixed
shard_7_cf_0654,Drawer,shard_7_exp0_5910 | shard_7_exp0_5909,closed | open,"GotoLocation(Dresser); PickupObject(Pen); GotoLocation(Drawer); OpenObject(Drawer); PutObject(Pen,Drawer); CloseObject(Drawer) | GotoLocation(Dresser); PickupObject(Pen); GotoLocation(Drawer); PutObject(Pen,Drawer)",<unparseable> | <unparseable>,0 | 0,0,1,"GotoLocation(Dresser); PickupObject(Pen); GotoLocation(Drawer); OpenObject(Drawer); PutObject(Pen,Drawer); CloseObject(Drawer) | GotoLocation(Dresser); PickupObject(Pen); GotoLocation(Drawer); PutObject(Pen,Drawer)",1 | 1,1,0,candidate_fixed
shard_7_cf_0690,Fridge,shard_7_exp0_6119 | shard_7_exp0_6118,closed | open,GotoLocation(Fridge); OpenObject(Fridge) | GotoLocation(Fridge),<unparseable> | <unparseable>,0 | 0,0,1,GotoLocation(Fridge); OpenObject(Fridge) | GotoLocation(Fridge),1 | 1,1,0,candidate_fixed
shard_7_cf_0691,Drawer,shard_7_exp0_6126 | shard_7_exp0_6125,closed | open,GotoLocation(Drawer); OpenObject(Drawer) | GotoLocation(Drawer),<unparseable> | <unparseable>,0 | 0,0,1,GotoLocation(Drawer); OpenObject(Drawer) | GotoLocation(Drawer),1 | 1,1,0,candidate_fixed
shard_7_cf_0746,Drawer,shard_7_exp0_6485 | shard_7_exp0_6484,closed | open,"GotoLocation(DiningTable); PickupObject(CellPhone); GotoLocation(Drawer); OpenObject(Drawer); PutObject(CellPhone,Drawer); CloseObject(Drawer) | GotoLocation(DiningTable); PickupObject(CellPhone); GotoLocation(Drawer); PutObject(CellPhone,Drawer)",<unparseable> | <unparseable>,0 | 0,0,1,"GotoLocation(DiningTable); PickupObject(CellPhone); GotoLocation(Drawer); OpenObject(Drawer); PutObject(CellPhone,Drawer); CloseObject(Drawer) | GotoLocation(DiningTable); PickupObject(CellPhone); GotoLocation(Drawer); PutObject(CellPhone,Drawer)",1 | 1,1,0,candidate_fixed
shard_7_cf_0747,Drawer,shard_7_exp0_6491 | shard_7_exp0_6490,closed | open,GotoLocation(Drawer); OpenObject(Drawer) | GotoLocation(Drawer),<unparseable> | <unparseable>,0 | 0,0,1,GotoLocation(Drawer); OpenObject(Drawer) | GotoLocation(Drawer),1 | 1,1,0,candidate_fixed
shard_7_cf_0809,Drawer,shard_7_exp0_6894 | shard_7_exp0_6893,closed | open,"GotoLocation(Dresser); PickupObject(KeyChain); GotoLocation(Drawer); OpenObject(Drawer); PutObject(KeyChain,Drawer); CloseObject(Drawer) | GotoLocation(Dresser); PickupObject(KeyChain); GotoLocation(Drawer); PutObject(KeyChain,Drawer)",<unparseable> | <unparseable>,0 | 0,0,1,"GotoLocation(Dresser); PickupObject(KeyChain); GotoLocation(Drawer); OpenObject(Drawer); PutObject(KeyChain,Drawer); CloseObject(Drawer) | GotoLocation(Dresser); PickupObject(KeyChain); GotoLocation(Drawer); OpenObject(Drawer); PutObject(KeyChain,Drawer); CloseObject(Drawer)",1 | 0,0,1,both_not_exact
shard_7_cf_0854,Drawer,shard_7_exp0_7127 | shard_7_exp0_7126,closed | open,GotoLocation(Drawer); OpenObject(Drawer) | GotoLocation(Drawer),<unparseable> | <unparseable>,0 | 0,0,1,GotoLocation(Drawer); OpenObject(Drawer) | GotoLocation(Drawer),1 | 1,1,0,candidate_fixed
shard_7_cf_0914,Drawer,shard_7_exp0_7440 | shard_7_exp0_7439,closed | open,GotoLocation(Drawer); OpenObject(Drawer) | GotoLocation(Drawer),<unparseable> | <unparseable>,0 | 0,0,1,GotoLocation(Drawer); OpenObject(Drawer) | GotoLocation(Drawer),1 | 1,1,0,candidate_fixed
shard_7_cf_0915,Drawer,shard_7_exp0_7442 | shard_7_exp0_7441,closed | open,GotoLocation(Drawer); OpenObject(Drawer) | GotoLocation(Drawer),<unparseable> | <unparseable>,0 | 0,0,1,GotoLocation(Drawer); OpenObject(Drawer) | GotoLocation(Drawer),1 | 1,1,0,candidate_fixed
shard_7_cf_0916,Drawer,shard_7_exp0_7445 | shard_7_exp0_7444,closed | open,GotoLocation(Drawer); OpenObject(Drawer) | GotoLocation(Drawer),<unparseable> | <unparseable>,0 | 0,0,1,GotoLocation(Drawer); OpenObject(Drawer) | GotoLocation(Drawer),1 | 1,1,0,candidate_fixed
shard_7_cf_0917,Drawer,shard_7_exp0_7447 | shard_7_exp0_7446,closed | open,GotoLocation(Drawer); OpenObject(Drawer) | GotoLocation(Drawer),<unparseable> | <unparseable>,0 | 0,0,1,GotoLocation(Drawer); OpenObject(Drawer) | GotoLocation(Drawer),1 | 1,1,0,candidate_fixed
shard_7_cf_0935,Drawer,shard_7_exp0_7547 | shard_7_exp0_7546,closed | open,"GotoLocation(DiningTable); PickupObject(Watch); GotoLocation(Drawer); OpenObject(Drawer); PutObject(Watch,Drawer); CloseObject(Drawer) | GotoLocation(DiningTable); PickupObject(Watch); GotoLocation(Drawer); PutObject(Watch,Drawer)",<unparseable> | <unparseable>,0 | 0,0,1,"GotoLocation(DiningTable); PickupObject(Watch); GotoLocation(Drawer); OpenObject(Drawer); PutObject(Watch,Drawer); CloseObject(Drawer) | GotoLocation(DiningTable); PickupObject(Watch); GotoLocation(Drawer); PutObject(Watch,Drawer)",1 | 1,1,0,candidate_fixed
shard_7_cf_0936,Drawer,shard_7_exp0_7551 | shard_7_exp0_7550,closed | open,"GotoLocation(DiningTable); PickupObject(Watch); GotoLocation(Drawer); OpenObject(Drawer); PutObject(Watch,Drawer); CloseObject(Drawer) | GotoLocation(DiningTable); PickupObject(Watch); GotoLocation(Drawer); PutObject(Watch,Drawer)",<unparseable> | <unparseable>,0 | 0,0,1,"GotoLocation(DiningTable); PickupObject(Watch); GotoLocation(Drawer); OpenObject(Drawer); PutObject(Watch,Drawer); CloseObject(Drawer) | GotoLocation(DiningTable); PickupObject(Watch); GotoLocation(Drawer); PutObject(Watch,Drawer)",1 | 1,1,0,candidate_fixed
shard_7_cf_0951,Drawer,shard_7_exp0_7626 | shard_7_exp0_7625,closed | open,"GotoLocation(Dresser); PickupObject(CellPhone); GotoLocation(Drawer); OpenObject(Drawer); PutObject(CellPhone,Drawer); CloseObject(Drawer) | GotoLocation(Dresser); PickupObject(CellPhone); GotoLocation(Drawer); PutObject(CellPhone,Drawer)",<unparseable> | <unparseable>,0 | 0,0,1,"GotoLocation(Dresser); PickupObject(CellPhone); GotoLocation(Drawer); PutObject(CellPhone,Drawer) | GotoLocation(Dresser); PickupObject(CellPhone); GotoLocation(Drawer); PutObject(CellPhone,Drawer)",0 | 1,0,1,both_not_exact
shard_7_cf_0952,Fridge,shard_7_exp0_7629 | shard_7_exp0_7628,closed | open,GotoLocation(Fridge); OpenObject(Fridge) | GotoLocation(Fridge),<unparseable> | <unparseable>,0 | 0,0,1,GotoLocation(Fridge); OpenObject(Fridge) | GotoLocation(Fridge),1 | 1,1,0,candidate_fixed
shard_7_cf_0979,Fridge,shard_7_exp0_7792 | shard_7_exp0_7791,closed | open,GotoLocation(Fridge); OpenObject(Fridge) | GotoLocation(Fridge),<unparseable> | <unparseable>,0 | 0,0,1,GotoLocation(Fridge); OpenObject(Fridge) | GotoLocation(Fridge),1 | 1,1,0,candidate_fixed
shard_7_cf_1028,Drawer,shard_7_exp0_8081 | shard_7_exp0_8080,closed | open,GotoLocation(Drawer); OpenObject(Drawer) | GotoLocation(Drawer),<unparseable> | <unparseable>,0 | 0,0,1,GotoLocation(Drawer); OpenObject(Drawer) | GotoLocation(Drawer),1 | 1,1,0,candidate_fixed
shard_7_cf_1039,Cabinet,shard_7_exp0_8145 | shard_7_exp0_8144,closed | open,GotoLocation(Cabinet); OpenObject(Cabinet) | GotoLocation(Cabinet),<unparseable> | <unparseable>,0 | 0,0,1,GotoLocation(Cabinet); OpenObject(Cabinet) | GotoLocation(Cabinet),1 | 1,1,0,candidate_fixed
shard_7_cf_1040,Drawer,shard_7_exp0_8147 | shard_7_exp0_8146,closed | open,GotoLocation(Drawer); OpenObject(Drawer) | GotoLocation(Drawer),<unparseable> | <unparseable>,0 | 0,0,1,GotoLocation(Drawer); OpenObject(Drawer) | GotoLocation(Drawer),1 | 1,1,0,candidate_fixed
shard_7_cf_1050,Drawer,shard_7_exp0_8198 | shard_7_exp0_8197,closed | open,"GotoLocation(Dresser); PickupObject(CreditCard); GotoLocation(Drawer); OpenObject(Drawer); PutObject(CreditCard,Drawer); CloseObject(Drawer) | GotoLocation(Dresser); PickupObject(CreditCard); GotoLocation(Drawer); PutObject(CreditCard,Drawer)",<unparseable> | <unparseable>,0 | 0,0,1,"GotoLocation(Dresser); PickupObject(CreditCard); GotoLocation(Drawer); OpenObject(Drawer); PutObject(CreditCard,Drawer); CloseObject(Drawer) | GotoLocation(Dresser); PickupObject(CreditCard); GotoLocation(Drawer); PutObject(CreditCard,Drawer)",1 | 1,1,0,candidate_fixed
shard_7_cf_1051,Drawer,shard_7_exp0_8202 | shard_7_exp0_8201,closed | open,"GotoLocation(Dresser); PickupObject(CreditCard); GotoLocation(Drawer); OpenObject(Drawer); PutObject(CreditCard,Drawer); CloseObject(Drawer) | GotoLocation(Dresser); PickupObject(CreditCard); GotoLocation(Drawer); PutObject(CreditCard,Drawer)",<unparseable> | <unparseable>,0 | 0,0,1,"GotoLocation(Dresser); PickupObject(CreditCard); GotoLocation(Drawer); OpenObject(Drawer); PutObject(CreditCard,Drawer); CloseObject(Drawer) | GotoLocation(Dresser); PickupObject(CreditCard); GotoLocation(Drawer); PutObject(CreditCard,Drawer)",1 | 1,1,0,candidate_fixed
shard_7_cf_1055,Drawer,shard_7_exp0_8221 | shard_7_exp0_8220,closed | open,GotoLocation(Drawer); OpenObject(Drawer) | GotoLocation(Drawer),<unparseable> | <unparseable>,0 | 0,0,1,GotoLocation(Drawer); OpenObject(Drawer) | GotoLocation(Drawer),1 | 1,1,0,candidate_fixed
shard_7_cf_1056,Drawer,shard_7_exp0_8223 | shard_7_exp0_8222,closed | open,GotoLocation(Drawer); OpenObject(Drawer) | GotoLocation(Drawer),<unparseable> | <unparseable>,0 | 0,0,1,GotoLocation(Drawer); OpenObject(Drawer) | GotoLocation(Drawer),1 | 1,1,0,candidate_fixed
shard_7_cf_1057,Drawer,shard_7_exp0_8225 | shard_7_exp0_8224,closed | open,GotoLocation(Drawer); OpenObject(Drawer) | GotoLocation(Drawer),<unparseable> | <unparseable>,0 | 0,0,1,GotoLocation(Drawer); OpenObject(Drawer) | GotoLocation(Drawer),1 | 1,1,0,candidate_fixed
shard_7_cf_1058,Drawer,shard_7_exp0_8227 | shard_7_exp0_8226,closed | open,GotoLocation(Drawer); OpenObject(Drawer) | GotoLocation(Drawer),<unparseable> | <unparseable>,0 | 0,0,1,GotoLocation(Drawer); OpenObject(Drawer) | GotoLocation(Drawer),1 | 1,1,0,candidate_fixed
shard_7_cf_1080,Drawer,shard_7_exp0_8332 | shard_7_exp0_8331,closed | open,GotoLocation(Drawer); OpenObject(Drawer) | GotoLocation(Drawer),<unparseable> | <unparseable>,0 | 0,0,1,GotoLocation(Drawer); OpenObject(Drawer) | GotoLocation(Drawer),1 | 1,1,0,candidate_fixed
shard_7_cf_1081,Drawer,shard_7_exp0_8334 | shard_7_exp0_8333,closed | open,GotoLocation(Drawer); OpenObject(Drawer) | GotoLocation(Drawer),<unparseable> | <unparseable>,0 | 0,0,1,GotoLocation(Drawer); OpenObject(Drawer) | GotoLocation(Drawer),1 | 1,1,0,candidate_fixed
shard_7_cf_1082,Drawer,shard_7_exp0_8338 | shard_7_exp0_8337,closed | open,"GotoLocation(Dresser); PickupObject(Watch); GotoLocation(Drawer); OpenObject(Drawer); PutObject(Watch,Drawer); CloseObject(Drawer) | GotoLocation(Dresser); PickupObject(Watch); GotoLocation(Drawer); PutObject(Watch,Drawer)",<unparseable> | <unparseable>,0 | 0,0,1,"GotoLocation(Dresser); PickupObject(Watch); GotoLocation(Drawer); OpenObject(Drawer); PutObject(Watch,Drawer); CloseObject(Drawer) | GotoLocation(Dresser); PickupObject(Watch); GotoLocation(Drawer); PutObject(Watch,Drawer)",1 | 1,1,0,candidate_fixed
shard_7_cf_1083,Fridge,shard_7_exp0_8340 | shard_7_exp0_8339,closed | open,GotoLocation(Fridge); OpenObject(Fridge) | GotoLocation(Fridge),<unparseable> | <unparseable>,0 | 0,0,1,GotoLocation(Fridge); OpenObject(Fridge) | GotoLocation(Fridge); OpenObject(Fridge),1 | 0,0,1,both_not_exact
shard_7_cf_1097,Drawer,shard_7_exp0_8419 | shard_7_exp0_8418,closed | open,GotoLocation(Drawer); OpenObject(Drawer) | GotoLocation(Drawer),<unparseable> | <unparseable>,0 | 0,0,1,GotoLocation(Drawer); OpenObject(Drawer) | GotoLocation(Drawer); OpenObject(Drawer),1 | 0,0,1,both_not_exact
shard_7_cf_1098,Drawer,shard_7_exp0_8423 | shard_7_exp0_8422,closed | open,"GotoLocation(DiningTable); PickupObject(Pencil); GotoLocation(Drawer); OpenObject(Drawer); PutObject(Pencil,Drawer); CloseObject(Drawer) | GotoLocation(DiningTable); PickupObject(Pencil); GotoLocation(Drawer); PutObject(Pencil,Drawer)",<unparseable> | <unparseable>,0 | 0,0,1,"GotoLocation(DiningTable); PickupObject(Pencil); GotoLocation(Drawer); OpenObject(Drawer); PutObject(Pencil,Drawer); CloseObject(Drawer) | GotoLocation(DiningTable); PickupObject(Pencil); GotoLocation(Drawer); OpenObject(Drawer); PutObject(Pencil,Drawer); CloseObject(Drawer)",1 | 0,0,1,both_not_exact
shard_7_cf_1113,Drawer,shard_7_exp0_8489 | shard_7_exp0_8488,closed | open,"GotoLocation(DiningTable); PickupObject(CellPhone); GotoLocation(Drawer); OpenObject(Drawer); PutObject(CellPhone,Drawer); CloseObject(Drawer) | GotoLocation(DiningTable); PickupObject(CellPhone); GotoLocation(Drawer); PutObject(CellPhone,Drawer)",<unparseable> | <unparseable>,0 | 0,0,1,"GotoLocation(DiningTable); PickupObject(CellPhone); GotoLocation(Drawer); OpenObject(Drawer); PutObject(CellPhone,Drawer); CloseObject(Drawer) | GotoLocation(DiningTable); PickupObject(CellPhone); GotoLocation(Drawer); PutObject(CellPhone,Drawer)",1 | 1,1,0,candidate_fixed
shard_7_cf_1114,Drawer,shard_7_exp0_8491 | shard_7_exp0_8490,closed | open,"GotoLocation(Dresser); PickupObject(KeyChain); GotoLocation(Drawer); OpenObject(Drawer); PutObject(KeyChain,Drawer); CloseObject(Drawer) | GotoLocation(Dresser); PickupObject(KeyChain); GotoLocation(Drawer); PutObject(KeyChain,Drawer)",<unparseable> | <unparseable>,0 | 0,0,1,"GotoLocation(Dresser); PickupObject(KeyChain); GotoLocation(Drawer); OpenObject(Drawer); PutObject(KeyChain,Drawer); CloseObject(Drawer) | GotoLocation(Dresser); PickupObject(KeyChain); GotoLocation(Drawer); PutObject(KeyChain,Drawer)",1 | 1,1,0,candidate_fixed
shard_7_cf_1115,Drawer,shard_7_exp0_8494 | shard_7_exp0_8493,closed | open,GotoLocation(Drawer); OpenObject(Drawer) | GotoLocation(Drawer),<unparseable> | <unparseable>,0 | 0,0,1,GotoLocation(Drawer); OpenObject(Drawer) | GotoLocation(Drawer),1 | 1,1,0,candidate_fixed
shard_7_cf_1116,Drawer,shard_7_exp0_8496 | shard_7_exp0_8495,closed | open,GotoLocation(Drawer); OpenObject(Drawer) | GotoLocation(Drawer),<unparseable> | <unparseable>,0 | 0,0,1,GotoLocation(Drawer); OpenObject(Drawer) | GotoLocation(Drawer),1 | 1,1,0,candidate_fixed
shard_7_cf_1117,Drawer,shard_7_exp0_8498 | shard_7_exp0_8497,closed | open,GotoLocation(Drawer); OpenObject(Drawer) | GotoLocation(Drawer),<unparseable> | <unparseable>,0 | 0,0,1,GotoLocation(Drawer); OpenObject(Drawer) | GotoLocation(Drawer),1 | 1,1,0,candidate_fixed
shard_7_cf_1158,Drawer,shard_7_exp0_8659 | shard_7_exp0_8658,closed | open,GotoLocation(Drawer); OpenObject(Drawer) | GotoLocation(Drawer),<unparseable> | <unparseable>,0 | 0,0,1,GotoLocation(Drawer); OpenObject(Drawer) | GotoLocation(Drawer),1 | 1,1,0,candidate_fixed
shard_7_cf_1159,Drawer,shard_7_exp0_8661 | shard_7_exp0_8660,closed | open,"GotoLocation(Dresser); PickupObject(CreditCard); GotoLocation(Drawer); OpenObject(Drawer); PutObject(CreditCard,Drawer); CloseObject(Drawer) | GotoLocation(Dresser); PickupObject(CreditCard); GotoLocation(Drawer); PutObject(CreditCard,Drawer)",<unparseable> | <unparseable>,0 | 0,0,1,"GotoLocation(Dresser); PickupObject(CreditCard); GotoLocation(Drawer); OpenObject(Drawer); PutObject(CreditCard,Drawer); CloseObject(Drawer) | GotoLocation(Dresser); PickupObject(CreditCard); GotoLocation(Drawer); PutObject(CreditCard,Drawer)",1 | 1,1,0,candidate_fixed
shard_7_cf_1160,Drawer,shard_7_exp0_8663 | shard_7_exp0_8662,closed | open,GotoLocation(Drawer); OpenObject(Drawer) | GotoLocation(Drawer),<unparseable> | <unparseable>,0 | 0,0,1,GotoLocation(Drawer); OpenObject(Drawer) | GotoLocation(Drawer),1 | 1,1,0,candidate_fixed
shard_7_cf_1161,Drawer,shard_7_exp0_8665 | shard_7_exp0_8664,closed | open,GotoLocation(Drawer); OpenObject(Drawer) | GotoLocation(Drawer),<unparseable> | <unparseable>,0 | 0,0,1,GotoLocation(Drawer) | GotoLocation(Drawer),0 | 1,0,1,both_not_exact
shard_7_cf_1173,Drawer,shard_7_exp0_8709 | shard_7_exp0_8708,closed | open,GotoLocation(Drawer); OpenObject(Drawer) | GotoLocation(Drawer),<unparseable> | <unparseable>,0 | 0,0,1,GotoLocation(Drawer); OpenObject(Drawer) | GotoLocation(Drawer); OpenObject(Drawer),1 | 0,0,1,both_not_exact
shard_7_cf_1174,Drawer,shard_7_exp0_8711 | shard_7_exp0_8710,closed | open,"GotoLocation(Dresser); PickupObject(KeyChain); GotoLocation(Drawer); OpenObject(Drawer); PutObject(KeyChain,Drawer); CloseObject(Drawer) | GotoLocation(Dresser); PickupObject(KeyChain); GotoLocation(Drawer); PutObject(KeyChain,Drawer)",<unparseable> | <unparseable>,0 | 0,0,1,"GotoLocation(DiningTable); PickupObject(KeyChain); GotoLocation(Drawer); OpenObject(Drawer); PutObject(KeyChain,Drawer); CloseObject(Drawer) | GotoLocation(DiningTable); PickupObject(KeyChain); GotoLocation(Drawer); PutObject(KeyChain,Drawer)",0 | 0,0,0,both_not_exact
shard_7_cf_1175,Drawer,shard_7_exp0_8713 | shard_7_exp0_8712,closed | open,"GotoLocation(Desk); PickupObject(TissueBox); GotoLocation(Drawer); OpenObject(Drawer); PutObject(TissueBox,Drawer); CloseObject(Drawer) | GotoLocation(Desk); PickupObject(TissueBox); GotoLocation(Drawer); PutObject(TissueBox,Drawer)",<unparseable> | <unparseable>,0 | 0,0,1,"GotoLocation(Dresser); PickupObject(TissueBox); GotoLocation(Drawer); OpenObject(Drawer); PutObject(TissueBox,Drawer); CloseObject(Drawer) | GotoLocation(Dresser); PickupObject(TissueBox); GotoLocation(Drawer); OpenObject(Drawer); PutObject(TissueBox,Drawer); CloseObject(Drawer)",0 | 0,0,1,both_not_exact
shard_7_cf_1176,Drawer,shard_7_exp0_8715 | shard_7_exp0_8714,closed | open,GotoLocation(Drawer); OpenObject(Drawer) | GotoLocation(Drawer),<unparseable> | <unparseable>,0 | 0,0,1,GotoLocation(Drawer); OpenObject(Drawer) | GotoLocation(Drawer),1 | 1,1,0,candidate_fixed
shard_7_cf_1177,Drawer,shard_7_exp0_8717 | shard_7_exp0_8716,closed | open,GotoLocation(Drawer); OpenObject(Drawer) | GotoLocation(Drawer),<unparseable> | <unparseable>,0 | 0,0,1,GotoLocation(Drawer); OpenObject(Drawer) | GotoLocation(Drawer); OpenObject(Drawer),1 | 0,0,1,both_not_exact
shard_7_cf_1190,Drawer,shard_7_exp0_8771 | shard_7_exp0_8770,closed | open,"GotoLocation(DiningTable); PickupObject(Book); GotoLocation(Drawer); OpenObject(Drawer); PutObject(Book,Drawer); CloseObject(Drawer) | GotoLocation(DiningTable); PickupObject(Book); GotoLocation(Drawer); PutObject(Book,Drawer)",<unparseable> | <unparseable>,0 | 0,0,1,"GotoLocation(Dresser); PickupObject(Book); GotoLocation(Drawer); OpenObject(Drawer); PutObject(Book,Drawer); CloseObject(Drawer) | GotoLocation(Dresser); PickupObject(Book); GotoLocation(Drawer); PutObject(Book,Drawer)",0 | 0,0,0,both_not_exact
shard_7_cf_1191,Drawer,shard_7_exp0_8777 | shard_7_exp0_8776,closed | open,"GotoLocation(Dresser); PickupObject(Book); GotoLocation(Drawer); OpenObject(Drawer); PutObject(Book,Drawer); CloseObject(Drawer) | GotoLocation(Dresser); PickupObject(Book); GotoLocation(Drawer); PutObject(Book,Drawer)",<unparseable> | <unparseable>,0 | 0,0,1,"GotoLocation(Dresser); PickupObject(Book); GotoLocation(Drawer); OpenObject(Drawer); PutObject(Book,Drawer); CloseObject(Drawer) | GotoLocation(Dresser); PickupObject(Book); GotoLocation(Drawer); PutObject(Book,Drawer)",1 | 1,1,0,candidate_fixed
shard_7_cf_1192,Drawer,shard_7_exp0_8779 | shard_7_exp0_8778,closed | open,GotoLocation(Drawer); OpenObject(Drawer) | GotoLocation(Drawer),<unparseable> | <unparseable>,0 | 0,0,1,GotoLocation(Drawer); OpenObject(Drawer) | GotoLocation(Drawer),1 | 1,1,0,candidate_fixed
shard_7_cf_1193,Drawer,shard_7_exp0_8781 | shard_7_exp0_8780,closed | open,GotoLocation(Drawer); OpenObject(Drawer) | GotoLocation(Drawer),<unparseable> | <unparseable>,0 | 0,0,1,GotoLocation(Drawer); OpenObject(Drawer) | GotoLocation(Drawer),1 | 1,1,0,candidate_fixed
shard_7_cf_1207,Fridge,shard_7_exp0_8845 | shard_7_exp0_8844,closed | open,GotoLocation(Fridge); OpenObject(Fridge) | GotoLocation(Fridge),<unparseable> | <unparseable>,0 | 0,0,1,GotoLocation(Fridge); OpenObject(Fridge) | GotoLocation(Fridge),1 | 1,1,0,candidate_fixed
shard_7_cf_1208,Fridge,shard_7_exp0_8848 | shard_7_exp0_8847,closed | open,GotoLocation(Fridge); OpenObject(Fridge) | GotoLocation(Fridge),<unparseable> | <unparseable>,0 | 0,0,1,GotoLocation(Fridge); OpenObject(Fridge) | GotoLocation(Fridge),1 | 1,1,0,candidate_fixed
shard_7_cf_1209,Fridge,shard_7_exp0_8851 | shard_7_exp0_8850,closed | open,GotoLocation(Fridge); OpenObject(Fridge) | GotoLocation(Fridge),<unparseable> | <unparseable>,0 | 0,0,1,GotoLocation(Fridge); OpenObject(Fridge) | GotoLocation(Fridge),1 | 1,1,0,candidate_fixed
shard_7_cf_1210,Fridge,shard_7_exp0_8853 | shard_7_exp0_8852,closed | open,GotoLocation(Fridge); OpenObject(Fridge) | GotoLocation(Fridge),<unparseable> | <unparseable>,0 | 0,0,1,GotoLocation(Fridge) | GotoLocation(Fridge),0 | 1,0,1,both_not_exact
shard_7_cf_1212,Drawer,shard_7_exp0_8870 | shard_7_exp0_8869,closed | open,GotoLocation(Drawer); OpenObject(Drawer) | GotoLocation(Drawer),<unparseable> | <unparseable>,0 | 0,0,1,GotoLocation(Drawer); OpenObject(Drawer) | GotoLocation(Drawer),1 | 1,1,0,candidate_fixed
shard_7_cf_1213,Drawer,shard_7_exp0_8873 | shard_7_exp0_8872,closed | open,GotoLocation(Drawer); OpenObject(Drawer) | GotoLocation(Drawer),<unparseable> | <unparseable>,0 | 0,0,1,GotoLocation(Drawer); OpenObject(Drawer) | GotoLocation(Drawer); OpenObject(Drawer),1 | 0,0,1,both_not_exact
shard_7_cf_1214,Drawer,shard_7_exp0_8875 | shard_7_exp0_8874,closed | open,"GotoLocation(Dresser); PickupObject(KeyChain); GotoLocation(Drawer); OpenObject(Drawer); PutObject(KeyChain,Drawer); CloseObject(Drawer) | GotoLocation(Dresser); PickupObject(KeyChain); GotoLocation(Drawer); PutObject(KeyChain,Drawer)",<unparseable> | <unparseable>,0 | 0,0,1,"GotoLocation(Dresser); PickupObject(KeyChain); GotoLocation(Drawer); OpenObject(Drawer); PutObject(KeyChain,Drawer); CloseObject(Drawer) | GotoLocation(Dresser); PickupObject(KeyChain); GotoLocation(Drawer); PutObject(KeyChain,Drawer)",1 | 1,1,0,candidate_fixed
shard_7_cf_1263,Fridge,shard_7_exp0_9043 | shard_7_exp0_9042,closed | open,GotoLocation(Fridge); OpenObject(Fridge) | GotoLocation(Fridge),<unparseable> | <unparseable>,0 | 0,0,1,GotoLocation(Fridge); OpenObject(Fridge) | GotoLocation(Fridge),1 | 1,1,0,candidate_fixed
shard_7_cf_1264,Fridge,shard_7_exp0_9046 | shard_7_exp0_9045,closed | open,GotoLocation(Fridge); OpenObject(Fridge) | GotoLocation(Fridge),<unparseable> | <unparseable>,0 | 0,0,1,GotoLocation(Fridge); OpenObject(Fridge) | GotoLocation(Fridge); OpenObject(Fridge),1 | 0,0,1,both_not_exact
shard_7_cf_1308,Drawer,shard_7_exp0_9175 | shard_7_exp0_9174,closed | open,GotoLocation(Drawer); OpenObject(Drawer) | GotoLocation(Drawer),<unparseable> | <unparseable>,0 | 0,0,1,GotoLocation(Drawer); OpenObject(Drawer) | GotoLocation(Drawer),1 | 1,1,0,candidate_fixed
shard_7_cf_1309,Drawer,shard_7_exp0_9177 | shard_7_exp0_9176,closed | open,GotoLocation(Drawer); OpenObject(Drawer) | GotoLocation(Drawer),<unparseable> | <unparseable>,0 | 0,0,1,GotoLocation(Drawer); OpenObject(Drawer) | GotoLocation(Drawer); OpenObject(Drawer),1 | 0,0,1,both_not_exact
shard_7_cf_1310,Drawer,shard_7_exp0_9187 | shard_7_exp0_9186,closed | open,GotoLocation(Drawer); OpenObject(Drawer) | GotoLocation(Drawer),<unparseable> | <unparseable>,0 | 0,0,1,GotoLocation(Drawer) | GotoLocation(Drawer),0 | 1,0,1,both_not_exact
shard_7_cf_1311,Drawer,shard_7_exp0_9190 | shard_7_exp0_9189,closed | open,GotoLocation(Drawer); OpenObject(Drawer) | GotoLocation(Drawer),<unparseable> | <unparseable>,0 | 0,0,1,GotoLocation(Drawer) | GotoLocation(Drawer),0 | 1,0,1,both_not_exact
shard_7_cf_1326,Drawer,shard_7_exp0_9225 | shard_7_exp0_9224,closed | open,"GotoLocation(Dresser); PickupObject(Pencil); GotoLocation(Drawer); OpenObject(Drawer); PutObject(Pencil,Drawer); CloseObject(Drawer) | GotoLocation(Dresser); PickupObject(Pencil); GotoLocation(Drawer); PutObject(Pencil,Drawer)",<unparseable> | <unparseable>,0 | 0,0,1,"GotoLocation(Dresser); PickupObject(Pencil); GotoLocation(Drawer); OpenObject(Drawer); PutObject(Pencil,Drawer); CloseObject(Drawer) | GotoLocation(Dresser); PickupObject(Pencil); GotoLocation(Drawer); PutObject(Pencil,Drawer)",1 | 1,1,0,candidate_fixed
shard_7_cf_1327,Drawer,shard_7_exp0_9227 | shard_7_exp0_9226,closed | open,GotoLocation(Drawer); OpenObject(Drawer) | GotoLocation(Drawer),<unparseable> | <unparseable>,0 | 0,0,1,GotoLocation(Drawer); OpenObject(Drawer) | GotoLocation(Drawer),1 | 1,1,0,candidate_fixed
shard_7_cf_1328,Drawer,shard_7_exp0_9229 | shard_7_exp0_9228,closed | open,"GotoLocation(Dresser); PickupObject(Pencil); GotoLocation(Drawer); OpenObject(Drawer); PutObject(Pencil,Drawer); CloseObject(Drawer) | GotoLocation(Dresser); PickupObject(Pencil); GotoLocation(Drawer); PutObject(Pencil,Drawer)",<unparseable> | <unparseable>,0 | 0,0,1,"GotoLocation(Dresser); PickupObject(Pencil); GotoLocation(Drawer); OpenObject(Drawer); PutObject(Pencil,Drawer); CloseObject(Drawer) | GotoLocation(Dresser); PickupObject(Pencil); GotoLocation(Drawer); PutObject(Pencil,Drawer)",1 | 1,1,0,candidate_fixed
shard_7_cf_1329,Drawer,shard_7_exp0_9231 | shard_7_exp0_9230,closed | open,GotoLocation(Drawer); OpenObject(Drawer) | GotoLocation(Drawer),<unparseable> | <unparseable>,0 | 0,0,1,GotoLocation(Drawer); OpenObject(Drawer) | GotoLocation(Drawer),1 | 1,1,0,candidate_fixed
shard_7_cf_1343,Drawer,shard_7_exp0_9274 | shard_7_exp0_9273,closed | open,"GotoLocation(Dresser); PickupObject(Pen); GotoLocation(Drawer); OpenObject(Drawer); PutObject(Pen,Drawer); CloseObject(Drawer) | GotoLocation(Dresser); PickupObject(Pen); GotoLocation(Drawer); PutObject(Pen,Drawer)",<unparseable> | <unparseable>,0 | 0,0,1,"GotoLocation(Dresser); PickupObject(Pen); GotoLocation(Drawer); OpenObject(Drawer); PutObject(Pen,Drawer); CloseObject(Drawer) | GotoLocation(Dresser); PickupObject(Pen); GotoLocation(Drawer); PutObject(Pen,Drawer)",1 | 1,1,0,candidate_fixed
shard_7_cf_1344,Drawer,shard_7_exp0_9276 | shard_7_exp0_9275,closed | open,"GotoLocation(Dresser); PickupObject(Pen); GotoLocation(Drawer); OpenObject(Drawer); PutObject(Pen,Drawer); CloseObject(Drawer) | GotoLocation(Dresser); PickupObject(Pen); GotoLocation(Drawer); PutObject(Pen,Drawer)",<unparseable> | <unparseable>,0 | 0,0,1,"GotoLocation(Dresser); PickupObject(Pen); GotoLocation(Drawer); OpenObject(Drawer); PutObject(Pen,Drawer); CloseObject(Drawer) | GotoLocation(Dresser); PickupObject(Pen); GotoLocation(Drawer); PutObject(Pen,Drawer)",1 | 1,1,0,candidate_fixed
shard_7_cf_1345,Drawer,shard_7_exp0_9278 | shard_7_exp0_9277,closed | open,GotoLocation(Drawer); OpenObject(Drawer) | GotoLocation(Drawer),<unparseable> | <unparseable>,0 | 0,0,1,GotoLocation(Drawer); OpenObject(Drawer) | GotoLocation(Drawer),1 | 1,1,0,candidate_fixed
shard_7_cf_1346,Drawer,shard_7_exp0_9280 | shard_7_exp0_9279,closed | open,GotoLocation(Drawer); OpenObject(Drawer) | GotoLocation(Drawer),<unparseable> | <unparseable>,0 | 0,0,1,GotoLocation(Drawer); OpenObject(Drawer) | GotoLocation(Drawer),1 | 1,1,0,candidate_fixed
shard_7_cf_1389,Drawer,shard_7_exp0_9435 | shard_7_exp0_9434,closed | open,GotoLocation(Drawer); OpenObject(Drawer) | GotoLocation(Drawer),<unparseable> | <unparseable>,0 | 0,0,1,GotoLocation(Drawer); OpenObject(Drawer) | GotoLocation(Drawer),1 | 1,1,0,candidate_fixed
shard_7_cf_1390,Drawer,shard_7_exp0_9437 | shard_7_exp0_9436,closed | open,GotoLocation(Drawer); OpenObject(Drawer) | GotoLocation(Drawer),<unparseable> | <unparseable>,0 | 0,0,1,GotoLocation(Drawer); OpenObject(Drawer) | GotoLocation(Drawer),1 | 1,1,0,candidate_fixed
shard_7_cf_1426,Drawer,shard_7_exp0_9575 | shard_7_exp0_9574,closed | open,"GotoLocation(SideTable); PickupObject(Watch); GotoLocation(Drawer); OpenObject(Drawer); PutObject(Watch,Drawer); CloseObject(Drawer) | GotoLocation(SideTable); PickupObject(Watch); GotoLocation(Drawer); PutObject(Watch,Drawer)",<unparseable> | <unparseable>,0 | 0,0,1,"GotoLocation(Dresser); PickupObject(Watch); GotoLocation(Drawer); OpenObject(Drawer); PutObject(Watch,Drawer); CloseObject(Drawer) | GotoLocation(Desk); PickupObject(Watch); GotoLocation(Drawer); PutObject(Watch,Drawer)",0 | 0,0,0,both_not_exact
shard_7_cf_1431,Fridge,shard_7_exp0_9600 | shard_7_exp0_9599,closed | open,GotoLocation(Fridge); OpenObject(Fridge) | GotoLocation(Fridge),<unparseable> | <unparseable>,0 | 0,0,1,GotoLocation(Fridge); OpenObject(Fridge) | GotoLocation(Fridge),1 | 1,1,0,candidate_fixed
shard_7_cf_1432,Drawer,shard_7_exp0_9602 | shard_7_exp0_9601,closed | open,GotoLocation(Drawer); OpenObject(Drawer) | GotoLocation(Drawer),<unparseable> | <unparseable>,0 | 0,0,1,GotoLocation(Drawer) | GotoLocation(Drawer),0 | 1,0,1,both_not_exact
shard_7_cf_1443,Drawer,shard_7_exp0_9638 | shard_7_exp0_9637,closed | open,"GotoLocation(DiningTable); PickupObject(Watch); GotoLocation(Drawer); OpenObject(Drawer); PutObject(Watch,Drawer); CloseObject(Drawer) | GotoLocation(DiningTable); PickupObject(Watch); GotoLocation(Drawer); PutObject(Watch,Drawer)",<unparseable> | <unparseable>,0 | 0,0,1,"GotoLocation(Desk); PickupObject(Watch); GotoLocation(Drawer); OpenObject(Drawer); PutObject(Watch,Drawer); CloseObject(Drawer) | GotoLocation(Desk); PickupObject(Watch); GotoLocation(Drawer); PutObject(Watch,Drawer)",0 | 0,0,0,both_not_exact
shard_7_cf_1444,Drawer,shard_7_exp0_9640 | shard_7_exp0_9639,closed | open,"GotoLocation(Dresser); PickupObject(CellPhone); GotoLocation(Drawer); OpenObject(Drawer); PutObject(CellPhone,Drawer); CloseObject(Drawer) | GotoLocation(Dresser); PickupObject(CellPhone); GotoLocation(Drawer); PutObject(CellPhone,Drawer)",<unparseable> | <unparseable>,0 | 0,0,1,"GotoLocation(Dresser); PickupObject(CellPhone); GotoLocation(Drawer); OpenObject(Drawer); PutObject(CellPhone,Drawer); CloseObject(Drawer) | GotoLocation(Dresser); PickupObject(CellPhone); GotoLocation(Drawer); PutObject(CellPhone,Drawer)",1 | 1,1,0,candidate_fixed
shard_7_cf_1445,Drawer,shard_7_exp0_9642 | shard_7_exp0_9641,closed | open,GotoLocation(Drawer); OpenObject(Drawer) | GotoLocation(Drawer),<unparseable> | <unparseable>,0 | 0,0,1,GotoLocation(Drawer); OpenObject(Drawer) | GotoLocation(Drawer),1 | 1,1,0,candidate_fixed
shard_7_cf_1446,Drawer,shard_7_exp0_9645 | shard_7_exp0_9644,closed | open,"GotoLocation(Desk); PickupObject(CreditCard); GotoLocation(Drawer); OpenObject(Drawer); PutObject(CreditCard,Drawer); CloseObject(Drawer) | GotoLocation(Desk); PickupObject(CreditCard); GotoLocation(Drawer); PutObject(CreditCard,Drawer)",<unparseable> | <unparseable>,0 | 0,0,1,"GotoLocation(Dresser); PickupObject(CreditCard); GotoLocation(Drawer); OpenObject(Drawer); PutObject(CreditCard,Drawer); CloseObject(Drawer) | GotoLocation(Dresser); PickupObject(CreditCard); GotoLocation(Drawer); PutObject(CreditCard,Drawer)",0 | 0,0,0,both_not_exact
shard_7_cf_1447,Drawer,shard_7_exp0_9647 | shard_7_exp0_9646,closed | open,"GotoLocation(Dresser); PickupObject(KeyChain); GotoLocation(Drawer); OpenObject(Drawer); PutObject(KeyChain,Drawer); CloseObject(Drawer) | GotoLocation(Dresser); PickupObject(KeyChain); GotoLocation(Drawer); PutObject(KeyChain,Drawer)",<unparseable> | <unparseable>,0 | 0,0,1,"GotoLocation(Desk); PickupObject(KeyChain); GotoLocation(Drawer); OpenObject(Drawer); PutObject(KeyChain,Drawer); CloseObject(Drawer) | GotoLocation(Desk); PickupObject(KeyChain); GotoLocation(Drawer); PutObject(KeyChain,Drawer)",0 | 0,0,0,both_not_exact
shard_7_cf_1449,Drawer,shard_7_exp0_9661 | shard_7_exp0_9660,closed | open,GotoLocation(Drawer); OpenObject(Drawer) | GotoLocation(Drawer),<unparseable> | <unparseable>,0 | 0,0,1,GotoLocation(Drawer); OpenObject(Drawer) | GotoLocation(Drawer),1 | 1,1,0,candidate_fixed
shard_7_cf_1477,Drawer,shard_7_exp0_9740 | shard_7_exp0_9739,closed | open,GotoLocation(Drawer); OpenObject(Drawer) | GotoLocation(Drawer),<unparseable> | <unparseable>,0 | 0,0,1,GotoLocation(Drawer); OpenObject(Drawer) | GotoLocation(Drawer),1 | 1,1,0,candidate_fixed
shard_7_cf_1478,Fridge,shard_7_exp0_9744 | shard_7_exp0_9743,closed | open,GotoLocation(Fridge); OpenObject(Fridge) | GotoLocation(Fridge),<unparseable> | <unparseable>,0 | 0,0,1,GotoLocation(Fridge); OpenObject(Fridge) | GotoLocation(Fridge),1 | 1,1,0,candidate_fixed
shard_7_cf_1479,Drawer,shard_7_exp0_9746 | shard_7_exp0_9745,closed | open,GotoLocation(Drawer); OpenObject(Drawer) | GotoLocation(Drawer),<unparseable> | <unparseable>,0 | 0,0,1,GotoLocation(Drawer); OpenObject(Drawer) | GotoLocation(Drawer); OpenObject(Drawer),1 | 0,0,1,both_not_exact
shard_7_cf_1480,Drawer,shard_7_exp0_9749 | shard_7_exp0_9748,closed | open,"GotoLocation(Dresser); PickupObject(KeyChain); GotoLocation(Drawer); OpenObject(Drawer); PutObject(KeyChain,Drawer); CloseObject(Drawer) | GotoLocation(Dresser); PickupObject(KeyChain); GotoLocation(Drawer); PutObject(KeyChain,Drawer)",<unparseable> | <unparseable>,0 | 0,0,1,"GotoLocation(Dresser); PickupObject(KeyChain); GotoLocation(Drawer); OpenObject(Drawer); PutObject(KeyChain,Drawer); CloseObject(Drawer) | GotoLocation(Dresser); PickupObject(KeyChain); GotoLocation(Drawer); PutObject(KeyChain,Drawer)",1 | 1,1,0,candidate_fixed
shard_7_cf_1481,Drawer,shard_7_exp0_9751 | shard_7_exp0_9750,closed | open,"GotoLocation(Dresser); PickupObject(Watch); GotoLocation(Drawer); OpenObject(Drawer); PutObject(Watch,Drawer); CloseObject(Drawer) | GotoLocation(Dresser); PickupObject(Watch); GotoLocation(Drawer); PutObject(Watch,Drawer)",<unparseable> | <unparseable>,0 | 0,0,1,"GotoLocation(Dresser); PickupObject(Watch); GotoLocation(Drawer); OpenObject(Drawer); PutObject(Watch,Drawer); CloseObject(Drawer) | GotoLocation(Dresser); PickupObject(Watch); GotoLocation(Drawer); PutObject(Watch,Drawer)",1 | 1,1,0,candidate_fixed
shard_7_cf_1482,Drawer,shard_7_exp0_9753 | shard_7_exp0_9752,closed | open,GotoLocation(Drawer); OpenObject(Drawer) | GotoLocation(Drawer),<unparseable> | <unparseable>,0 | 0,0,1,GotoLocation(Drawer); OpenObject(Drawer) | GotoLocation(Drawer),1 | 1,1,0,candidate_fixed
shard_7_cf_1483,Drawer,shard_7_exp0_9755 | shard_7_exp0_9754,closed | open,GotoLocation(Drawer); OpenObject(Drawer) | GotoLocation(Drawer),<unparseable> | <unparseable>,0 | 0,0,1,GotoLocation(Drawer); OpenObject(Drawer) | GotoLocation(Drawer),1 | 1,1,0,candidate_fixed
shard_7_cf_1518,Safe,shard_7_exp0_9901 | shard_7_exp0_9900,closed | open,GotoLocation(Safe); OpenObject(Safe) | GotoLocation(Safe),<unparseable> | <unparseable>,0 | 0,0,1,GotoLocation(Safe); OpenObject(Safe) | GotoLocation(Safe),1 | 1,1,0,candidate_fixed
shard_7_cf_1519,Drawer,shard_7_exp0_9906 | shard_7_exp0_9905,closed | open,GotoLocation(Drawer); OpenObject(Drawer) | GotoLocation(Drawer),<unparseable> | <unparseable>,0 | 0,0,1,GotoLocation(Drawer); OpenObject(Drawer) | GotoLocation(Drawer),1 | 1,1,0,candidate_fixed
shard_7_cf_1520,Drawer,shard_7_exp0_9908 | shard_7_exp0_9907,closed | open,GotoLocation(Drawer); OpenObject(Drawer) | GotoLocation(Drawer),<unparseable> | <unparseable>,0 | 0,0,1,GotoLocation(Drawer); OpenObject(Drawer) | GotoLocation(Drawer),1 | 1,1,0,candidate_fixed
shard_7_cf_1521,Drawer,shard_7_exp0_9912 | shard_7_exp0_9911,closed | open,"GotoLocation(DiningTable); PickupObject(CreditCard); GotoLocation(Drawer); OpenObject(Drawer); PutObject(CreditCard,Drawer); CloseObject(Drawer) | GotoLocation(DiningTable); PickupObject(CreditCard); GotoLocation(Drawer); PutObject(CreditCard,Drawer)",<unparseable> | <unparseable>,0 | 0,0,1,"GotoLocation(DiningTable); PickupObject(CreditCard); GotoLocation(Drawer); OpenObject(Drawer); PutObject(CreditCard,Drawer); CloseObject(Drawer) | GotoLocation(DiningTable); PickupObject(CreditCard); GotoLocation(Drawer); PutObject(CreditCard,Drawer)",1 | 1,1,0,candidate_fixed
shard_7_cf_1522,Drawer,shard_7_exp0_9914 | shard_7_exp0_9913,closed | open,GotoLocation(Drawer); OpenObject(Drawer) | GotoLocation(Drawer),<unparseable> | <unparseable>,0 | 0,0,1,GotoLocation(Drawer); OpenObject(Drawer) | GotoLocation(Drawer),1 | 1,1,0,candidate_fixed
shard_7_cf_1523,Drawer,shard_7_exp0_9916 | shard_7_exp0_9915,closed | open,GotoLocation(Drawer); OpenObject(Drawer) | GotoLocation(Drawer),<unparseable> | <unparseable>,0 | 0,0,1,GotoLocation(Drawer); OpenObject(Drawer) | GotoLocation(Drawer),1 | 1,1,0,candidate_fixed
shard_7_cf_1572,Drawer,shard_7_exp0_10087 | shard_7_exp0_10086,closed | open,GotoLocation(Drawer); OpenObject(Drawer) | GotoLocation(Drawer),<unparseable> | <unparseable>,0 | 0,0,1,GotoLocation(Drawer); OpenObject(Drawer) | GotoLocation(Drawer),1 | 1,1,0,candidate_fixed
shard_7_cf_1573,Drawer,shard_7_exp0_10093 | shard_7_exp0_10092,closed | open,"GotoLocation(DiningTable); PickupObject(Book); GotoLocation(Drawer); OpenObject(Drawer); PutObject(Book,Drawer); CloseObject(Drawer) | GotoLocation(DiningTable); PickupObject(Book); GotoLocation(Drawer); PutObject(Book,Drawer)",<unparseable> | <unparseable>,0 | 0,0,1,"GotoLocation(DiningTable); PickupObject(Book); GotoLocation(Drawer); OpenObject(Drawer); PutObject(Book,Drawer); CloseObject(Drawer) | GotoLocation(DiningTable); PickupObject(Book); GotoLocation(Drawer); PutObject(Book,Drawer)",1 | 1,1,0,candidate_fixed
shard_7_cf_1574,Fridge,shard_7_exp0_10107 | shard_7_exp0_10106,closed | open,"GotoLocation(Apple); PickupObject(Apple); GotoLocation(Fridge); OpenObject(Fridge); PutObject(Apple,Fridge); CloseObject(Fridge) | GotoLocation(Apple); PickupObject(Apple); GotoLocation(Fridge); PutObject(Apple,Fridge)",<unparseable> | <unparseable>,0 | 0,0,1,"GotoLocation(CounterTop); PickupObject(Apple); GotoLocation(Fridge); OpenObject(Fridge); PutObject(Apple,Fridge); CloseObject(Fridge) | GotoLocation(CounterTop); PickupObject(Apple); GotoLocation(Fridge); PutObject(Apple,Fridge)",0 | 0,0,0,both_not_exact
shard_7_cf_1575,Fridge,shard_7_exp0_10111 | shard_7_exp0_10110,closed | open,GotoLocation(Fridge); OpenObject(Fridge) | GotoLocation(Fridge),<unparseable> | <unparseable>,0 | 0,0,1,GotoLocation(Fridge) | GotoLocation(Fridge),0 | 1,0,1,both_not_exact
shard_7_cf_1587,Drawer,shard_7_exp0_10142 | shard_7_exp0_10141,closed | open,GotoLocation(Drawer); OpenObject(Drawer) | GotoLocation(Drawer),<unparseable> | <unparseable>,0 | 0,0,1,GotoLocation(Drawer); OpenObject(Drawer) | GotoLocation(Drawer),1 | 1,1,0,candidate_fixed
shard_7_cf_1588,Fridge,shard_7_exp0_10150 | shard_7_exp0_10149,closed | open,GotoLocation(Fridge); OpenObject(Fridge) | GotoLocation(Fridge),<unparseable> | <unparseable>,0 | 0,0,1,GotoLocation(Fridge); OpenObject(Fridge) | GotoLocation(Fridge),1 | 1,1,0,candidate_fixed
shard_7_cf_1592,Drawer,shard_7_exp0_10169 | shard_7_exp0_10168,closed | open,GotoLocation(Drawer); OpenObject(Drawer) | GotoLocation(Drawer),<unparseable> | <unparseable>,0 | 0,0,1,GotoLocation(Drawer); OpenObject(Drawer) | GotoLocation(Drawer); OpenObject(Drawer),1 | 0,0,1,both_not_exact
shard_7_cf_1593,Drawer,shard_7_exp0_10172 | shard_7_exp0_10171,closed | open,"GotoLocation(Desk); PickupObject(Pen); GotoLocation(Drawer); OpenObject(Drawer); PutObject(Pen,Drawer); CloseObject(Drawer) | GotoLocation(Desk); PickupObject(Pen); GotoLocation(Drawer); PutObject(Pen,Drawer)",<unparseable> | <unparseable>,0 | 0,0,1,"GotoLocation(Desk); PickupObject(Pen); GotoLocation(Drawer); OpenObject(Drawer); PutObject(Pen,Drawer); CloseObject(Drawer) | GotoLocation(Desk); PickupObject(Pen); GotoLocation(Drawer); PutObject(Pen,Drawer)",1 | 1,1,0,candidate_fixed
shard_7_cf_1594,Drawer,shard_7_exp0_10174 | shard_7_exp0_10173,closed | open,"GotoLocation(DiningTable); PickupObject(Pen); GotoLocation(Drawer); OpenObject(Drawer); PutObject(Pen,Drawer); CloseObject(Drawer) | GotoLocation(DiningTable); PickupObject(Pen); GotoLocation(Drawer); PutObject(Pen,Drawer)",<unparseable> | <unparseable>,0 | 0,0,1,"GotoLocation(Dresser); PickupObject(Pen); GotoLocation(Drawer); OpenObject(Drawer); PutObject(Pen,Drawer); CloseObject(Drawer) | GotoLocation(Dresser); PickupObject(Pen); GotoLocation(Drawer); PutObject(Pen,Drawer)",0 | 0,0,0,both_not_exact
shard_7_cf_1595,Drawer,shard_7_exp0_10177 | shard_7_exp0_10176,closed | open,"GotoLocation(Dresser); PickupObject(RemoteControl); GotoLocation(Drawer); OpenObject(Drawer); PutObject(RemoteControl,Drawer); CloseObject(Drawer) | GotoLocation(Dresser); PickupObject(RemoteControl); GotoLocation(Drawer); PutObject(RemoteControl,Drawer)",<unparseable> | <unparseable>,0 | 0,0,1,"GotoLocation(Dresser); PickupObject(RemoteControl); GotoLocation(Drawer); OpenObject(Drawer); PutObject(RemoteControl,Drawer); CloseObject(Drawer) | GotoLocation(Dresser); PickupObject(RemoteControl); GotoLocation(Drawer); PutObject(RemoteControl,Drawer)",1 | 1,1,0,candidate_fixed
shard_7_cf_1624,Drawer,shard_7_exp0_10268 | shard_7_exp0_10267,closed | open,"GotoLocation(Dresser); PickupObject(KeyChain); GotoLocation(Drawer); OpenObject(Drawer); PutObject(KeyChain,Drawer); CloseObject(Drawer) | GotoLocation(Dresser); PickupObject(KeyChain); GotoLocation(Drawer); PutObject(KeyChain,Drawer)",<unparseable> | <unparseable>,0 | 0,0,1,"GotoLocation(Dresser); PickupObject(KeyChain); GotoLocation(Drawer); OpenObject(Drawer); PutObject(KeyChain,Drawer); CloseObject(Drawer) | GotoLocation(SideTable); PickupObject(KeyChain); GotoLocation(Drawer); PutObject(KeyChain,Drawer)",1 | 0,0,0,both_not_exact
shard_7_cf_1625,Drawer,shard_7_exp0_10273 | shard_7_exp0_10272,closed | open,GotoLocation(Drawer); OpenObject(Drawer) | GotoLocation(Drawer),<unparseable> | <unparseable>,0 | 0,0,1,GotoLocation(Drawer); OpenObject(Drawer) | GotoLocation(Drawer),1 | 1,1,0,candidate_fixed
shard_7_cf_1626,Drawer,shard_7_exp0_10276 | shard_7_exp0_10275,closed | open,"GotoLocation(Dresser); PickupObject(KeyChain); GotoLocation(Drawer); OpenObject(Drawer); PutObject(KeyChain,Drawer); CloseObject(Drawer) | GotoLocation(Dresser); PickupObject(KeyChain); GotoLocation(Drawer); PutObject(KeyChain,Drawer)",<unparseable> | <unparseable>,0 | 0,0,1,"GotoLocation(Dresser); PickupObject(KeyChain); GotoLocation(Drawer); OpenObject(Drawer); PutObject(KeyChain,Drawer); CloseObject(Drawer) | GotoLocation(Dresser); PickupObject(KeyChain); GotoLocation(Drawer); OpenObject(Drawer); PutObject(KeyChain,Drawer); CloseObject(Drawer)",1 | 0,0,1,both_not_exact
shard_7_cf_1640,Drawer,shard_7_exp0_10317 | shard_7_exp0_10316,closed | open,GotoLocation(Drawer); OpenObject(Drawer) | GotoLocation(Drawer),<unparseable> | <unparseable>,0 | 0,0,1,GotoLocation(Drawer); OpenObject(Drawer) | GotoLocation(Drawer),1 | 1,1,0,candidate_fixed
shard_7_cf_1666,Drawer,shard_7_exp0_10404 | shard_7_exp0_10403,closed | open,"GotoLocation(SideTable); PickupObject(Pen); GotoLocation(Drawer); OpenObject(Drawer); PutObject(Pen,Drawer); CloseObject(Drawer) | GotoLocation(SideTable); PickupObject(Pen); GotoLocation(Drawer); PutObject(Pen,Drawer)",<unparseable> | <unparseable>,0 | 0,0,1,"GotoLocation(Dresser); PickupObject(Pen); GotoLocation(Drawer); OpenObject(Drawer); PutObject(Pen,Drawer); CloseObject(Drawer) | GotoLocation(Dresser); PickupObject(Pen); GotoLocation(Drawer); PutObject(Pen,Drawer)",0 | 0,0,0,both_not_exact
shard_7_cf_1678,Drawer,shard_7_exp0_10452 | shard_7_exp0_10451,closed | open,"GotoLocation(DiningTable); PickupObject(Book); GotoLocation(Drawer); OpenObject(Drawer); PutObject(Book,Drawer); CloseObject(Drawer) | GotoLocation(DiningTable); PickupObject(Book); GotoLocation(Drawer); PutObject(Book,Drawer)",<unparseable> | <unparseable>,0 | 0,0,1,"GotoLocation(DiningTable); PickupObject(Book); GotoLocation(Drawer); OpenObject(Drawer); PutObject(Book,Drawer); CloseObject(Drawer) | GotoLocation(DiningTable); PickupObject(Book); GotoLocation(Drawer); OpenObject(Drawer); PutObject(Book,Drawer); CloseObject(Drawer)",1 | 0,0,1,both_not_exact
shard_7_cf_1679,Drawer,shard_7_exp0_10454 | shard_7_exp0_10453,closed | open,"GotoLocation(Dresser); PickupObject(KeyChain); GotoLocation(Drawer); OpenObject(Drawer); PutObject(KeyChain,Drawer); CloseObject(Drawer) | GotoLocation(Dresser); PickupObject(KeyChain); GotoLocation(Drawer); PutObject(KeyChain,Drawer)",<unparseable> | <unparseable>,0 | 0,0,1,"GotoLocation(Dresser); PickupObject(KeyChain); GotoLocation(Drawer); OpenObject(Drawer); PutObject(KeyChain,Drawer); CloseObject(Drawer) | GotoLocation(Dresser); PickupObject(KeyChain); GotoLocation(Drawer); PutObject(KeyChain,Drawer)",1 | 1,1,0,candidate_fixed
shard_7_cf_1680,Fridge,shard_7_exp0_10456 | shard_7_exp0_10455,closed | open,GotoLocation(Fridge); OpenObject(Fridge) | GotoLocation(Fridge),<unparseable> | <unparseable>,0 | 0,0,1,GotoLocation(Fridge); OpenObject(Fridge) | GotoLocation(Fridge),1 | 1,1,0,candidate_fixed
shard_7_cf_1755,Drawer,shard_7_exp0_10732 | shard_7_exp0_10731,closed | open,GotoLocation(Drawer); OpenObject(Drawer) | GotoLocation(Drawer),<unparseable> | <unparseable>,0 | 0,0,1,GotoLocation(Drawer); OpenObject(Drawer) | GotoLocation(Drawer),1 | 1,1,0,candidate_fixed
shard_7_cf_1756,Drawer,shard_7_exp0_10736 | shard_7_exp0_10735,closed | open,"GotoLocation(ArmChair); PickupObject(CellPhone); GotoLocation(Drawer); OpenObject(Drawer); PutObject(CellPhone,Drawer); CloseObject(Drawer) | GotoLocation(ArmChair); PickupObject(CellPhone); GotoLocation(Drawer); PutObject(CellPhone,Drawer)",<unparseable> | <unparseable>,0 | 0,0,1,"GotoLocation(ArmChair); PickupObject(CellPhone); GotoLocation(Drawer); OpenObject(Drawer); PutObject(CellPhone,Drawer); CloseObject(Drawer) | GotoLocation(ArmChair); PickupObject(CellPhone); GotoLocation(Drawer); PutObject(CellPhone,Drawer)",1 | 1,1,0,candidate_fixed
shard_7_cf_1805,Drawer,shard_7_exp0_10912 | shard_7_exp0_10911,closed | open,GotoLocation(Drawer); OpenObject(Drawer) | GotoLocation(Drawer),<unparseable> | <unparseable>,0 | 0,0,1,GotoLocation(Drawer) | GotoLocation(Drawer),0 | 1,0,1,both_not_exact
shard_7_cf_1806,Fridge,shard_7_exp0_10915 | shard_7_exp0_10914,closed | open,GotoLocation(Fridge); OpenObject(Fridge) | GotoLocation(Fridge),<unparseable> | <unparseable>,0 | 0,0,1,GotoLocation(Fridge); OpenObject(Fridge) | GotoLocation(Fridge); OpenObject(Fridge),1 | 0,0,1,both_not_exact
shard_7_cf_1807,Microwave,shard_7_exp0_10917 | shard_7_exp0_10916,closed | open,GotoLocation(Microwave); OpenObject(Microwave) | GotoLocation(Microwave),<unparseable> | <unparseable>,0 | 0,0,1,GotoLocation(Microwave); OpenObject(Microwave) | GotoLocation(Microwave); OpenObject(Microwave),1 | 0,0,1,both_not_exact
shard_7_cf_1808,Microwave,shard_7_exp0_10919 | shard_7_exp0_10918,closed | open,GotoLocation(Microwave); OpenObject(Microwave) | GotoLocation(Microwave),<unparseable> | <unparseable>,0 | 0,0,1,GotoLocation(Microwave); OpenObject(Microwave) | GotoLocation(Microwave),1 | 1,1,0,candidate_fixed
shard_7_cf_1813,Fridge,shard_7_exp0_10936 | shard_7_exp0_10935,closed | open,GotoLocation(Fridge); OpenObject(Fridge) | GotoLocation(Fridge),<unparseable> | <unparseable>,0 | 0,0,1,GotoLocation(Fridge); OpenObject(Fridge) | GotoLocation(Fridge),1 | 1,1,0,candidate_fixed
shard_7_cf_1814,Fridge,shard_7_exp0_10941 | shard_7_exp0_10940,closed | open,GotoLocation(Fridge); OpenObject(Fridge) | GotoLocation(Fridge),<unparseable> | <unparseable>,0 | 0,0,1,GotoLocation(Fridge); OpenObject(Fridge) | GotoLocation(Fridge),1 | 1,1,0,candidate_fixed
shard_7_cf_1849,Drawer,shard_7_exp0_11076 | shard_7_exp0_11075,closed | open,"GotoLocation(Dresser); PickupObject(CD); GotoLocation(Drawer); OpenObject(Drawer); PutObject(CD,Drawer); CloseObject(Drawer) | GotoLocation(Dresser); PickupObject(CD); GotoLocation(Drawer); PutObject(CD,Drawer)",<unparseable> | <unparseable>,0 | 0,0,1,"GotoLocation(Dresser); PickupObject(CD); GotoLocation(Drawer); OpenObject(Drawer); PutObject(CD,Drawer); CloseObject(Drawer) | GotoLocation(Dresser); PickupObject(CD); GotoLocation(Drawer); PutObject(CD,Drawer)",1 | 1,1,0,candidate_fixed
shard_7_cf_1850,Drawer,shard_7_exp0_11079 | shard_7_exp0_11078,closed | open,GotoLocation(Drawer); OpenObject(Drawer) | GotoLocation(Drawer),<unparseable> | <unparseable>,0 | 0,0,1,GotoLocation(Drawer); OpenObject(Drawer) | GotoLocation(Drawer),1 | 1,1,0,candidate_fixed
shard_7_cf_1856,Drawer,shard_7_exp0_11102 | shard_7_exp0_11101,closed | open,GotoLocation(Drawer); OpenObject(Drawer) | GotoLocation(Drawer),<unparseable> | <unparseable>,0 | 0,0,1,GotoLocation(Drawer); OpenObject(Drawer) | GotoLocation(Drawer),1 | 1,1,0,candidate_fixed
shard_7_cf_1857,Drawer,shard_7_exp0_11105 | shard_7_exp0_11104,closed | open,"GotoLocation(Dresser); PickupObject(CreditCard); GotoLocation(Drawer); OpenObject(Drawer); PutObject(CreditCard,Drawer); CloseObject(Drawer) | GotoLocation(Dresser); PickupObject(CreditCard); GotoLocation(Drawer); PutObject(CreditCard,Drawer)",<unparseable> | <unparseable>,0 | 0,0,1,"GotoLocation(Dresser); PickupObject(CreditCard); GotoLocation(Drawer); OpenObject(Drawer); PutObject(CreditCard,Drawer); CloseObject(Drawer) | GotoLocation(SideTable); PickupObject(CreditCard); GotoLocation(Drawer); OpenObject(Drawer); PutObject(CreditCard,Drawer); CloseObject(Drawer)",1 | 0,0,0,both_not_exact
shard_7_cf_1858,Drawer,shard_7_exp0_11107 | shard_7_exp0_11106,closed | open,"GotoLocation(Shelf); PickupObject(SprayBottle); GotoLocation(Drawer); OpenObject(Drawer); PutObject(SprayBottle,Drawer); CloseObject(Drawer) | GotoLocation(Shelf); PickupObject(SprayBottle); GotoLocation(Drawer); PutObject(SprayBottle,Drawer)",<unparseable> | <unparseable>,0 | 0,0,1,"GotoLocation(Shelf); PickupObject(SprayBottle); GotoLocation(Drawer); OpenObject(Drawer); PutObject(SprayBottle,Drawer); CloseObject(Drawer) | GotoLocation(Shelf); PickupObject(SprayBottle); GotoLocation(Drawer); PutObject(SprayBottle,Drawer)",1 | 1,1,0,candidate_fixed
shard_7_cf_1859,Drawer,shard_7_exp0_11109 | shard_7_exp0_11108,closed | open,GotoLocation(Drawer); OpenObject(Drawer) | GotoLocation(Drawer),<unparseable> | <unparseable>,0 | 0,0,1,GotoLocation(Drawer); OpenObject(Drawer) | GotoLocation(Drawer),1 | 1,1,0,candidate_fixed
shard_7_cf_1889,Drawer,shard_7_exp0_11226 | shard_7_exp0_11225,closed | open,"GotoLocation(SideTable); PickupObject(Pen); GotoLocation(Drawer); OpenObject(Drawer); PutObject(Pen,Drawer); CloseObject(Drawer) | GotoLocation(SideTable); PickupObject(Pen); GotoLocation(Drawer); PutObject(Pen,Drawer)",<unparseable> | <unparseable>,0 | 0,0,1,"GotoLocation(SideTable); PickupObject(Pen); GotoLocation(Drawer); PutObject(Pen,Drawer) | GotoLocation(SideTable); PickupObject(Pen); GotoLocation(Drawer); PutObject(Pen,Drawer)",0 | 1,0,1,both_not_exact
shard_7_cf_1890,Drawer,shard_7_exp0_11231 | shard_7_exp0_11230,closed | open,"GotoLocation(Dresser); PickupObject(Watch); GotoLocation(Drawer); OpenObject(Drawer); PutObject(Watch,Drawer); CloseObject(Drawer) | GotoLocation(Dresser); PickupObject(Watch); GotoLocation(Drawer); PutObject(Watch,Drawer)",<unparseable> | <unparseable>,0 | 0,0,1,"GotoLocation(Dresser); PickupObject(Watch); GotoLocation(Drawer); OpenObject(Drawer); PutObject(Watch,Drawer); CloseObject(Drawer) | GotoLocation(Dresser); PickupObject(Watch); GotoLocation(Drawer); PutObject(Watch,Drawer)",1 | 1,1,0,candidate_fixed
shard_7_cf_1891,Drawer,shard_7_exp0_11233 | shard_7_exp0_11232,closed | open,GotoLocation(Drawer); OpenObject(Drawer) | GotoLocation(Drawer),<unparseable> | <unparseable>,0 | 0,0,1,GotoLocation(Drawer); OpenObject(Drawer) | GotoLocation(Drawer),1 | 1,1,0,candidate_fixed
shard_7_cf_1892,Drawer,shard_7_exp0_11235 | shard_7_exp0_11234,closed | open,GotoLocation(Drawer); OpenObject(Drawer) | GotoLocation(Drawer),<unparseable> | <unparseable>,0 | 0,0,1,GotoLocation(Drawer); OpenObject(Drawer) | GotoLocation(Drawer),1 | 1,1,0,candidate_fixed
shard_7_cf_1895,Cabinet,shard_7_exp0_11249 | shard_7_exp0_11248,closed | open,GotoLocation(Cabinet); OpenObject(Cabinet) | GotoLocation(Cabinet),<unparseable> | <unparseable>,0 | 0,0,1,GotoLocation(Cabinet); OpenObject(Cabinet) | GotoLocation(Cabinet),1 | 1,1,0,candidate_fixed
shard_7_cf_1896,Safe,shard_7_exp0_11251 | shard_7_exp0_11250,closed | open,GotoLocation(Safe); OpenObject(Safe) | GotoLocation(Safe),<unparseable> | <unparseable>,0 | 0,0,1,GotoLocation(Safe); OpenObject(Safe) | GotoLocation(Safe),1 | 1,1,0,candidate_fixed
shard_7_cf_1902,Drawer,shard_7_exp0_11271 | shard_7_exp0_11270,closed | open,GotoLocation(Drawer); OpenObject(Drawer) | GotoLocation(Drawer),<unparseable> | <unparseable>,0 | 0,0,1,GotoLocation(Drawer); OpenObject(Drawer) | GotoLocation(Drawer); OpenObject(Drawer),1 | 0,0,1,both_not_exact
shard_7_cf_1966,Drawer,shard_7_exp0_11493 | shard_7_exp0_11492,closed | open,"GotoLocation(Dresser); PickupObject(TissueBox); GotoLocation(Drawer); OpenObject(Drawer); PutObject(TissueBox,Drawer); CloseObject(Drawer) | GotoLocation(Dresser); PickupObject(TissueBox); GotoLocation(Drawer); PutObject(TissueBox,Drawer)",<unparseable> | <unparseable>,0 | 0,0,1,"GotoLocation(Dresser); PickupObject(TissueBox); GotoLocation(Drawer); OpenObject(Drawer); PutObject(TissueBox,Drawer); CloseObject(Drawer) | GotoLocation(Dresser); PickupObject(TissueBox); GotoLocation(Drawer); PutObject(TissueBox,Drawer)",1 | 1,1,0,candidate_fixed
shard_7_cf_1970,Drawer,shard_7_exp0_11508 | shard_7_exp0_11507,closed | open,"GotoLocation(Dresser); PickupObject(Watch); GotoLocation(Drawer); OpenObject(Drawer); PutObject(Watch,Drawer); CloseObject(Drawer) | GotoLocation(Dresser); PickupObject(Watch); GotoLocation(Drawer); PutObject(Watch,Drawer)",<unparseable> | <unparseable>,0 | 0,0,1,"GotoLocation(Dresser); PickupObject(Watch); GotoLocation(Drawer); OpenObject(Drawer); PutObject(Watch,Drawer); CloseObject(Drawer) | GotoLocation(Dresser); PickupObject(Watch); GotoLocation(Drawer); PutObject(Watch,Drawer)",1 | 1,1,0,candidate_fixed
shard_7_cf_1971,Drawer,shard_7_exp0_11510 | shard_7_exp0_11509,closed | open,GotoLocation(Drawer); OpenObject(Drawer) | GotoLocation(Drawer),<unparseable> | <unparseable>,0 | 0,0,1,GotoLocation(Drawer); OpenObject(Drawer) | GotoLocation(Drawer),1 | 1,1,0,candidate_fixed
shard_7_cf_1972,Drawer,shard_7_exp0_11512 | shard_7_exp0_11511,closed | open,GotoLocation(Drawer); OpenObject(Drawer) | GotoLocation(Drawer),<unparseable> | <unparseable>,0 | 0,0,1,GotoLocation(Drawer); OpenObject(Drawer) | GotoLocation(Drawer),1 | 1,1,0,candidate_fixed
shard_7_cf_2008,Fridge,shard_7_exp0_11628 | shard_7_exp0_11627,closed | open,GotoLocation(Fridge); OpenObject(Fridge) | GotoLocation(Fridge),<unparseable> | <unparseable>,0 | 0,0,1,GotoLocation(Fridge); OpenObject(Fridge) | GotoLocation(Fridge),1 | 1,1,0,candidate_fixed
shard_7_cf_2009,Safe,shard_7_exp0_11630 | shard_7_exp0_11629,closed | open,GotoLocation(Safe); OpenObject(Safe) | GotoLocation(Safe),<unparseable> | <unparseable>,0 | 0,0,1,GotoLocation(Safe); OpenObject(Safe) | GotoLocation(Safe),1 | 1,1,0,candidate_fixed
shard_7_cf_2044,Fridge,shard_7_exp0_11747 | shard_7_exp0_11746,closed | open,GotoLocation(Fridge); OpenObject(Fridge) | GotoLocation(Fridge),<unparseable> | <unparseable>,0 | 0,0,1,GotoLocation(Fridge); OpenObject(Fridge) | GotoLocation(Fridge),1 | 1,1,0,candidate_fixed
shard_7_cf_2045,Drawer,shard_7_exp0_11750 | shard_7_exp0_11749,closed | open,"GotoLocation(Dresser); PickupObject(RemoteControl); GotoLocation(Drawer); OpenObject(Drawer); PutObject(RemoteControl,Drawer); CloseObject(Drawer) | GotoLocation(Dresser); PickupObject(RemoteControl); GotoLocation(Drawer); PutObject(RemoteControl,Drawer)",<unparseable> | <unparseable>,0 | 0,0,1,"GotoLocation(Dresser); PickupObject(RemoteControl); GotoLocation(Drawer); OpenObject(Drawer); PutObject(RemoteControl,Drawer); CloseObject(Drawer) | GotoLocation(Dresser); PickupObject(RemoteControl); GotoLocation(Drawer); OpenObject(Drawer); PutObject(RemoteControl,Drawer); CloseObject(Drawer)",1 | 0,0,1,both_not_exact
shard_7_cf_2072,Drawer,shard_7_exp0_11864 | shard_7_exp0_11863,closed | open,GotoLocation(Drawer); OpenObject(Drawer) | GotoLocation(Drawer),<unparseable> | <unparseable>,0 | 0,0,1,GotoLocation(Drawer); OpenObject(Drawer) | GotoLocation(Drawer),1 | 1,1,0,candidate_fixed
shard_7_cf_2073,Drawer,shard_7_exp0_11866 | shard_7_exp0_11865,closed | open,GotoLocation(Drawer); OpenObject(Drawer) | GotoLocation(Drawer),<unparseable> | <unparseable>,0 | 0,0,1,GotoLocation(Drawer); OpenObject(Drawer) | GotoLocation(Drawer),1 | 1,1,0,candidate_fixed
shard_7_cf_2074,Drawer,shard_7_exp0_11869 | shard_7_exp0_11868,closed | open,"GotoLocation(Desk); PickupObject(RemoteControl); GotoLocation(Drawer); OpenObject(Drawer); PutObject(RemoteControl,Drawer); CloseObject(Drawer) | GotoLocation(Desk); PickupObject(RemoteControl); GotoLocation(Drawer); PutObject(RemoteControl,Drawer)",<unparseable> | <unparseable>,0 | 0,0,1,"GotoLocation(Dresser); PickupObject(RemoteControl); GotoLocation(Drawer); OpenObject(Drawer); PutObject(RemoteControl,Drawer); CloseObject(Drawer) | GotoLocation(Desk); PickupObject(RemoteControl); GotoLocation(Drawer); PutObject(RemoteControl,Drawer)",0 | 1,0,0,both_not_exact
shard_7_cf_2075,Drawer,shard_7_exp0_11871 | shard_7_exp0_11870,closed | open,GotoLocation(Drawer); OpenObject(Drawer) | GotoLocation(Drawer),<unparseable> | <unparseable>,0 | 0,0,1,GotoLocation(Drawer); OpenObject(Drawer) | GotoLocation(Drawer),1 | 1,1,0,candidate_fixed
shard_7_cf_2086,Drawer,shard_7_exp0_11901 | shard_7_exp0_11900,closed | open,GotoLocation(Drawer); OpenObject(Drawer) | GotoLocation(Drawer),<unparseable> | <unparseable>,0 | 0,0,1,GotoLocation(Drawer); OpenObject(Drawer) | GotoLocation(Drawer),1 | 1,1,0,candidate_fixed
shard_7_cf_2087,Drawer,shard_7_exp0_11903 | shard_7_exp0_11902,closed | open,"GotoLocation(Dresser); PickupObject(Pen); GotoLocation(Drawer); OpenObject(Drawer); PutObject(Pen,Drawer); CloseObject(Drawer) | GotoLocation(Dresser); PickupObject(Pen); GotoLocation(Drawer); PutObject(Pen,Drawer)",<unparseable> | <unparseable>,0 | 0,0,1,"GotoLocation(Dresser); PickupObject(Pen); GotoLocation(Drawer); OpenObject(Drawer); PutObject(Pen,Drawer); CloseObject(Drawer) | GotoLocation(Dresser); PickupObject(Pen); GotoLocation(Drawer); PutObject(Pen,Drawer)",1 | 1,1,0,candidate_fixed
shard_7_cf_2088,Drawer,shard_7_exp0_11905 | shard_7_exp0_11904,closed | open,GotoLocation(Drawer); OpenObject(Drawer) | GotoLocation(Drawer),<unparseable> | <unparseable>,0 | 0,0,1,GotoLocation(Drawer); OpenObject(Drawer) | GotoLocation(Drawer),1 | 1,1,0,candidate_fixed
shard_7_cf_2089,Drawer,shard_7_exp0_11907 | shard_7_exp0_11906,closed | open,"GotoLocation(Dresser); PickupObject(Pen); GotoLocation(Drawer); OpenObject(Drawer); PutObject(Pen,Drawer); CloseObject(Drawer) | GotoLocation(Dresser); PickupObject(Pen); GotoLocation(Drawer); PutObject(Pen,Drawer)",<unparseable> | <unparseable>,0 | 0,0,1,"GotoLocation(Dresser); PickupObject(Pen); GotoLocation(Drawer); OpenObject(Drawer); PutObject(Pen,Drawer); CloseObject(Drawer) | GotoLocation(Dresser); PickupObject(Pen); GotoLocation(Drawer); PutObject(Pen,Drawer)",1 | 1,1,0,candidate_fixed
shard_7_cf_2090,Drawer,shard_7_exp0_11909 | shard_7_exp0_11908,closed | open,GotoLocation(Drawer); OpenObject(Drawer) | GotoLocation(Drawer),<unparseable> | <unparseable>,0 | 0,0,1,GotoLocation(Drawer); OpenObject(Drawer) | GotoLocation(Drawer),1 | 1,1,0,candidate_fixed
shard_7_cf_2091,Drawer,shard_7_exp0_11911 | shard_7_exp0_11910,closed | open,GotoLocation(Drawer); OpenObject(Drawer) | GotoLocation(Drawer),<unparseable> | <unparseable>,0 | 0,0,1,GotoLocation(Drawer); OpenObject(Drawer) | GotoLocation(Drawer),1 | 1,1,0,candidate_fixed
shard_7_cf_2101,Drawer,shard_7_exp0_11949 | shard_7_exp0_11948,closed | open,"GotoLocation(Book); PickupObject(Book); GotoLocation(Drawer); OpenObject(Drawer); PutObject(Book,Drawer); CloseObject(Drawer) | GotoLocation(Book); PickupObject(Book); GotoLocation(Drawer); PutObject(Book,Drawer)",<unparseable> | <unparseable>,0 | 0,0,1,"GotoLocation(Book); PickupObject(Book); GotoLocation(Drawer); OpenObject(Drawer); PutObject(Book,Drawer); CloseObject(Drawer) | GotoLocation(Book); PickupObject(Book); GotoLocation(Drawer); PutObject(Book,Drawer)",1 | 1,1,0,candidate_fixed
shard_7_cf_2102,Drawer,shard_7_exp0_11952 | shard_7_exp0_11951,closed | open,GotoLocation(Drawer); OpenObject(Drawer) | GotoLocation(Drawer),<unparseable> | <unparseable>,0 | 0,0,1,GotoLocation(Drawer); OpenObject(Drawer) | GotoLocation(Drawer),1 | 1,1,0,candidate_fixed
shard_7_cf_2103,Fridge,shard_7_exp0_11955 | shard_7_exp0_11954,closed | open,GotoLocation(Fridge); OpenObject(Fridge) | GotoLocation(Fridge),<unparseable> | <unparseable>,0 | 0,0,1,GotoLocation(Fridge); OpenObject(Fridge) | GotoLocation(Fridge),1 | 1,1,0,candidate_fixed
shard_7_cf_2106,Drawer,shard_7_exp0_11968 | shard_7_exp0_11967,closed | open,GotoLocation(Drawer); OpenObject(Drawer) | GotoLocation(Drawer),<unparseable> | <unparseable>,0 | 0,0,1,GotoLocation(Drawer); OpenObject(Drawer) | GotoLocation(Drawer),1 | 1,1,0,candidate_fixed
shard_7_cf_2107,Drawer,shard_7_exp0_11971 | shard_7_exp0_11970,closed | open,GotoLocation(Drawer); OpenObject(Drawer) | GotoLocation(Drawer),<unparseable> | <unparseable>,0 | 0,0,1,GotoLocation(Drawer); OpenObject(Drawer) | GotoLocation(Drawer),1 | 1,1,0,candidate_fixed
shard_7_cf_2108,Drawer,shard_7_exp0_11973 | shard_7_exp0_11972,closed | open,"GotoLocation(Shelf); PickupObject(SprayBottle); GotoLocation(Drawer); OpenObject(Drawer); PutObject(SprayBottle,Drawer); CloseObject(Drawer) | GotoLocation(Shelf); PickupObject(SprayBottle); GotoLocation(Drawer); PutObject(SprayBottle,Drawer)",<unparseable> | <unparseable>,0 | 0,0,1,"GotoLocation(SideTable); PickupObject(SprayBottle); GotoLocation(Drawer); PutObject(SprayBottle,Drawer) | GotoLocation(Dresser); PickupObject(SprayBottle); GotoLocation(Drawer); PutObject(SprayBottle,Drawer)",0 | 0,0,0,both_not_exact
shard_7_cf_2109,Drawer,shard_7_exp0_11976 | shard_7_exp0_11975,closed | open,GotoLocation(Drawer); OpenObject(Drawer) | GotoLocation(Drawer),<unparseable> | <unparseable>,0 | 0,0,1,GotoLocation(Drawer); OpenObject(Drawer) | GotoLocation(Drawer); OpenObject(Drawer),1 | 0,0,1,both_not_exact
shard_7_cf_2110,Fridge,shard_7_exp0_11978 | shard_7_exp0_11977,closed | open,GotoLocation(Fridge); OpenObject(Fridge) | GotoLocation(Fridge),<unparseable> | <unparseable>,0 | 0,0,1,GotoLocation(Fridge); OpenObject(Fridge) | GotoLocation(Fridge),1 | 1,1,0,candidate_fixed
shard_7_cf_2173,Drawer,shard_7_exp0_12173 | shard_7_exp0_12172,closed | open,GotoLocation(Drawer); OpenObject(Drawer) | GotoLocation(Drawer),<unparseable> | <unparseable>,0 | 0,0,1,GotoLocation(Drawer); OpenObject(Drawer) | GotoLocation(Drawer),1 | 1,1,0,candidate_fixed
shard_7_cf_2174,Drawer,shard_7_exp0_12175 | shard_7_exp0_12174,closed | open,"GotoLocation(Dresser); PickupObject(Watch); GotoLocation(Drawer); OpenObject(Drawer); PutObject(Watch,Drawer); CloseObject(Drawer) | GotoLocation(Dresser); PickupObject(Watch); GotoLocation(Drawer); PutObject(Watch,Drawer)",<unparseable> | <unparseable>,0 | 0,0,1,"GotoLocation(Dresser); PickupObject(Watch); GotoLocation(Drawer); OpenObject(Drawer); PutObject(Watch,Drawer); CloseObject(Drawer) | GotoLocation(Dresser); PickupObject(Watch); GotoLocation(Drawer); PutObject(Watch,Drawer)",1 | 1,1,0,candidate_fixed
shard_7_cf_2224,Drawer,shard_7_exp0_12306 | shard_7_exp0_12305,closed | open,GotoLocation(Drawer); OpenObject(Drawer) | GotoLocation(Drawer),<unparseable> | <unparseable>,0 | 0,0,1,GotoLocation(Drawer); OpenObject(Drawer) | GotoLocation(Drawer); OpenObject(Drawer),1 | 0,0,1,both_not_exact
shard_7_cf_2225,Drawer,shard_7_exp0_12308 | shard_7_exp0_12307,closed | open,"GotoLocation(ToiletPaper); PickupObject(ToiletPaper); GotoLocation(Drawer); OpenObject(Drawer); PutObject(ToiletPaper,Drawer); CloseObject(Drawer) | GotoLocation(ToiletPaper); PickupObject(ToiletPaper); GotoLocation(Drawer); PutObject(ToiletPaper,Drawer)",<unparseable> | <unparseable>,0 | 0,0,1,"GotoLocation(ToiletPaper); PickupObject(ToiletPaper); GotoLocation(Drawer); OpenObject(Drawer); PutObject(ToiletPaper,Drawer); CloseObject(Drawer) | GotoLocation(ToiletPaper); PickupObject(ToiletPaper); GotoLocation(Drawer); OpenObject(Drawer); PutObject(ToiletPaper,Drawer); CloseObject(Drawer)",1 | 0,0,1,both_not_exact
shard_7_cf_2226,Drawer,shard_7_exp0_12310 | shard_7_exp0_12309,closed | open,GotoLocation(Drawer); OpenObject(Drawer) | GotoLocation(Drawer),<unparseable> | <unparseable>,0 | 0,0,1,GotoLocation(Drawer); OpenObject(Drawer) | GotoLocation(Drawer); OpenObject(Drawer),1 | 0,0,1,both_not_exact
shard_7_cf_2227,Drawer,shard_7_exp0_12312 | shard_7_exp0_12311,closed | open,GotoLocation(Drawer); OpenObject(Drawer) | GotoLocation(Drawer),<unparseable> | <unparseable>,0 | 0,0,1,GotoLocation(Drawer) | GotoLocation(Drawer),0 | 1,0,1,both_not_exact
