2026/08/15 15:51:32.029, 0, 0, 1, 20.72, 26
2026/08/15 15:51:34.042, 0, 0, 1, 20.42, 26
2026/08/15 15:51:36.043, 0, 0, 1, 20.69, 26
2026/08/15 15:51:38.044, 4, 0, 259, 72.86, 28
2026/08/15 15:51:40.061, 4, 0, 1837, 74.29, 28
2026/08/15 15:51:42.063, 0, 0, 4123, 73.21, 28
2026/08/15 15:51:44.068, 0, 0, 6197, 72.75, 28
2026/08/15 15:51:46.081, 0, 0, 8201, 23.46, 27
2026/08/15 15:51:48.085, 0, 0, 10537, 21.20, 27
2026/08/15 15:51:50.101, 0, 0, 11549, 78.02, 28
2026/08/15 15:51:52.105, 1, 0, 12045, 67.69, 28
2026/08/15 15:51:54.117, 4, 0, 12188, 64.25, 28
2026/08/15 15:51:56.118, 30, 8, 12214, 25.92, 27
2026/08/15 15:51:58.118, 11, 3, 12159, 24.14, 27
2026/08/15 15:52:00.119, 3, 1, 12187, 22.84, 27
2026/08/15 15:52:02.120, 14, 1, 12203, 22.96, 27
2026/08/15 15:52:04.120, 19, 3, 12227, 22.96, 27
2026/08/15 15:52:06.121, 14, 2, 12187, 22.82, 27
2026/08/15 15:52:08.122, 15, 1, 12203, 22.50, 27
2026/08/15 15:52:10.122, 6, 0, 12175, 22.58, 27
2026/08/15 15:52:12.127, 33, 8, 12191, 23.66, 27
2026/08/15 15:52:14.128, 24, 4, 12235, 23.12, 27
2026/08/15 15:52:16.129, 2, 0, 12237, 22.95, 27
2026/08/15 15:52:18.129, 16, 2, 12243, 23.08, 27
2026/08/15 15:52:20.130, 14, 3, 12271, 22.49, 27
2026/08/15 15:52:22.130, 31, 6, 12255, 23.05, 27
2026/08/15 15:52:24.131, 0, 0, 12195, 22.65, 27
2026/08/15 15:52:26.132, 21, 4, 12295, 23.17, 27
2026/08/15 15:52:28.134, 3, 1, 12211, 21.73, 27
2026/08/15 15:52:30.135, 24, 5, 12259, 23.10, 27
2026/08/15 15:52:32.135, 27, 4, 12211, 23.90, 27
2026/08/15 15:52:34.137, 11, 2, 12235, 22.34, 27
2026/08/15 15:52:36.138, 12, 2, 12287, 24.00, 27
2026/08/15 15:52:38.138, 21, 4, 12227, 22.42, 27
2026/08/15 15:52:40.139, 22, 2, 12247, 22.72, 27
2026/08/15 15:52:42.139, 15, 1, 12211, 22.40, 27
2026/08/15 15:52:44.140, 16, 3, 12231, 21.93, 27
2026/08/15 15:52:46.140, 17, 3, 12219, 22.72, 27
2026/08/15 15:52:48.141, 5, 1, 12179, 22.93, 27
2026/08/15 15:52:50.144, 2, 0, 12261, 22.75, 27
2026/08/15 15:52:52.144, 14, 2, 12249, 23.03, 27
2026/08/15 15:52:54.144, 24, 5, 12293, 23.51, 27
2026/08/15 15:52:56.145, 0, 0, 12229, 23.35, 27
2026/08/15 15:52:58.145, 49, 10, 12269, 23.68, 27
2026/08/15 15:53:00.146, 10, 2, 12237, 23.46, 27
2026/08/15 15:53:02.146, 0, 0, 12233, 22.49, 27
2026/08/15 15:53:04.147, 22, 2, 12297, 22.83, 27
2026/08/15 15:53:06.150, 4, 1, 12225, 22.45, 27
2026/08/15 15:53:08.151, 6, 1, 12305, 22.18, 27
2026/08/15 15:53:10.151, 21, 4, 12253, 22.73, 27
2026/08/15 15:53:12.152, 18, 3, 12289, 22.40, 27
2026/08/15 15:53:14.153, 42, 8, 12293, 22.80, 27
2026/08/15 15:53:16.153, 13, 3, 12197, 22.54, 27
2026/08/15 15:53:18.154, 9, 2, 12289, 22.50, 27
2026/08/15 15:53:20.154, 5, 0, 12221, 21.85, 27
2026/08/15 15:53:22.155, 0, 0, 12233, 21.89, 27
2026/08/15 15:53:24.155, 16, 3, 12209, 22.99, 27
2026/08/15 15:53:26.156, 10, 2, 12237, 22.34, 27
2026/08/15 15:53:28.156, 9, 1, 12269, 22.31, 27
2026/08/15 15:53:30.157, 23, 4, 12225, 22.22, 27
2026/08/15 15:53:32.157, 5, 1, 12249, 22.27, 27
2026/08/15 15:53:34.158, 37, 4, 12265, 22.22, 27
2026/08/15 15:53:36.159, 23, 3, 12253, 21.25, 27
2026/08/15 15:53:38.160, 22, 2, 12235, 21.86, 27
2026/08/15 15:53:40.161, 6, 1, 12227, 21.98, 27
2026/08/15 15:53:42.162, 0, 0, 12283, 22.28, 27
2026/08/15 15:53:44.162, 7, 2, 12259, 21.99, 27
2026/08/15 15:53:46.162, 32, 5, 12267, 22.11, 27
2026/08/15 15:53:48.164, 8, 1, 12219, 22.11, 27
2026/08/15 15:53:50.165, 50, 13, 12303, 22.80, 27
2026/08/15 15:53:52.165, 17, 2, 12215, 22.49, 27
2026/08/15 15:53:54.166, 27, 4, 12233, 23.32, 27
2026/08/15 15:53:56.166, 5, 2, 12253, 22.26, 27
2026/08/15 15:53:58.167, 11, 2, 12233, 22.85, 27
2026/08/15 15:54:00.169, 21, 4, 12213, 22.94, 27
2026/08/15 15:54:02.170, 0, 0, 12205, 22.51, 27
2026/08/15 15:54:04.170, 41, 6, 12249, 21.86, 27
2026/08/15 15:54:06.170, 19, 2, 12229, 22.20, 27
2026/08/15 15:54:08.171, 39, 6, 12249, 23.13, 27
2026/08/15 15:54:10.171, 10, 1, 12229, 22.85, 27
2026/08/15 15:54:12.172, 8, 2, 12209, 22.65, 27
2026/08/15 15:54:14.172, 6, 1, 12249, 22.57, 27
2026/08/15 15:54:16.173, 26, 2, 12219, 22.65, 27
2026/08/15 15:54:18.173, 21, 3, 12267, 23.93, 27
2026/08/15 15:54:20.174, 5, 1, 12231, 22.76, 27
2026/08/15 15:54:22.175, 17, 1, 12243, 23.14, 27
2026/08/15 15:54:24.176, 19, 2, 12223, 23.43, 27
2026/08/15 15:54:26.176, 21, 5, 12267, 23.45, 27
2026/08/15 15:54:28.176, 19, 4, 12263, 23.57, 27
2026/08/15 15:54:30.177, 29, 4, 12251, 22.77, 27
2026/08/15 15:54:32.178, 14, 2, 12231, 21.82, 27
2026/08/15 15:54:34.178, 18, 3, 12263, 22.17, 27
2026/08/15 15:54:36.179, 36, 6, 12263, 22.84, 27
2026/08/15 15:54:38.180, 16, 3, 12289, 22.87, 27
2026/08/15 15:54:40.180, 20, 2, 12257, 22.74, 27
2026/08/15 15:54:42.183, 0, 0, 12269, 22.42, 27
2026/08/15 15:54:44.184, 0, 0, 12277, 22.95, 27
2026/08/15 15:54:46.184, 7, 2, 12245, 22.73, 27
2026/08/15 15:54:48.185, 26, 6, 12299, 23.02, 27
2026/08/15 15:54:50.186, 4, 1, 12265, 22.45, 27
2026/08/15 15:54:52.187, 18, 4, 12277, 23.04, 27
2026/08/15 15:54:54.187, 1, 0, 12281, 22.57, 27
2026/08/15 15:54:56.188, 31, 8, 12281, 22.32, 27
2026/08/15 15:54:58.189, 22, 3, 12213, 23.23, 27
2026/08/15 15:55:00.189, 0, 0, 12257, 22.99, 27
2026/08/15 15:55:02.189, 21, 4, 12289, 23.15, 27
2026/08/15 15:55:04.190, 8, 2, 12217, 23.05, 27
2026/08/15 15:55:06.190, 15, 4, 12289, 22.96, 27
2026/08/15 15:55:08.191, 0, 0, 12245, 22.49, 27
2026/08/15 15:55:10.192, 0, 0, 12267, 21.75, 27
2026/08/15 15:55:12.192, 2, 1, 12267, 22.37, 27
2026/08/15 15:55:14.193, 5, 0, 12263, 22.40, 27
2026/08/15 15:55:16.193, 16, 0, 12247, 22.94, 27
2026/08/15 15:55:18.193, 0, 0, 12247, 22.99, 27
2026/08/15 15:55:20.194, 17, 2, 12247, 22.56, 27
2026/08/15 15:55:22.194, 19, 3, 12279, 22.83, 27
2026/08/15 15:55:24.195, 25, 3, 12299, 23.30, 27
2026/08/15 15:55:26.195, 0, 0, 12295, 22.84, 27
2026/08/15 15:55:28.196, 30, 5, 12251, 24.28, 27
2026/08/15 15:55:30.197, 15, 2, 12267, 22.69, 27
2026/08/15 15:55:32.198, 24, 4, 12279, 23.24, 27
2026/08/15 15:55:34.198, 20, 2, 12255, 23.43, 27
2026/08/15 15:55:36.199, 6, 2, 12239, 23.22, 27
2026/08/15 15:55:38.199, 49, 10, 12275, 23.08, 27
2026/08/15 15:55:40.199, 5, 1, 12263, 24.18, 27
2026/08/15 15:55:42.200, 7, 0, 12275, 22.97, 27
2026/08/15 15:55:44.200, 24, 3, 12259, 23.49, 27
2026/08/15 15:55:46.201, 24, 4, 12279, 23.20, 27
2026/08/15 15:55:48.201, 28, 3, 12279, 23.25, 27
2026/08/15 15:55:50.201, 0, 0, 12251, 23.96, 27
2026/08/15 15:55:52.202, 36, 5, 12275, 23.93, 27
2026/08/15 15:55:54.203, 50, 8, 12255, 24.22, 27
2026/08/15 15:55:56.203, 9, 1, 12255, 23.60, 27
2026/08/15 15:55:58.204, 11, 2, 12305, 23.17, 27
2026/08/15 15:56:00.205, 8, 0, 12257, 23.86, 27
2026/08/15 15:56:02.205, 6, 1, 12297, 24.37, 27
2026/08/15 15:56:04.206, 2, 1, 12217, 23.52, 27
2026/08/15 15:56:06.206, 13, 3, 12285, 23.17, 27
2026/08/15 15:56:08.207, 2, 0, 12253, 23.24, 27
2026/08/15 15:56:10.207, 7, 1, 12281, 23.07, 27
2026/08/15 15:56:12.208, 36, 5, 12269, 23.34, 27
2026/08/15 15:56:14.208, 13, 2, 12325, 23.32, 27
2026/08/15 15:56:16.209, 2, 1, 12261, 23.27, 27
2026/08/15 15:56:18.210, 7, 1, 12261, 23.76, 27
2026/08/15 15:56:20.210, 41, 6, 12277, 23.10, 27
2026/08/15 15:56:22.211, 27, 3, 12253, 22.69, 27
2026/08/15 15:56:24.211, 2, 0, 12293, 23.62, 27
2026/08/15 15:56:26.212, 12, 3, 12229, 23.65, 27
2026/08/15 15:56:28.212, 27, 4, 12303, 22.89, 27
2026/08/15 15:56:30.213, 13, 1, 12259, 22.89, 27
2026/08/15 15:56:32.213, 19, 4, 12247, 22.81, 27
2026/08/15 15:56:34.214, 12, 1, 12295, 23.36, 27
2026/08/15 15:56:36.215, 5, 2, 12255, 22.80, 27
2026/08/15 15:56:38.215, 19, 3, 12271, 22.69, 28
2026/08/15 15:56:40.216, 13, 2, 12259, 22.49, 28
2026/08/15 15:56:42.216, 19, 3, 12279, 23.35, 28
2026/08/15 15:56:44.217, 15, 1, 12243, 23.22, 28
2026/08/15 15:56:46.218, 5, 1, 12321, 23.89, 28
2026/08/15 15:56:48.218, 10, 1, 12289, 22.83, 28
2026/08/15 15:56:50.219, 3, 1, 12313, 22.61, 28
2026/08/15 15:56:52.219, 9, 2, 12285, 22.77, 28
2026/08/15 15:56:54.220, 25, 4, 12269, 22.66, 28
2026/08/15 15:56:56.220, 24, 4, 12325, 23.16, 28
2026/08/15 15:56:58.221, 11, 2, 12301, 22.22, 28
2026/08/15 15:57:00.221, 0, 1, 12261, 22.18, 28
2026/08/15 15:57:02.222, 0, 0, 12277, 21.97, 28
2026/08/15 15:57:04.222, 12, 2, 12351, 22.00, 28
2026/08/15 15:57:06.223, 9, 1, 12323, 21.64, 28
2026/08/15 15:57:08.223, 38, 7, 12359, 22.39, 28
2026/08/15 15:57:10.224, 0, 0, 12295, 21.71, 28
2026/08/15 15:57:12.224, 0, 0, 12335, 21.86, 28
2026/08/15 15:57:14.225, 3, 1, 12273, 22.66, 28
2026/08/15 15:57:16.226, 7, 1, 12281, 21.49, 28
2026/08/15 15:57:18.227, 3, 1, 12313, 22.33, 28
2026/08/15 15:57:20.227, 13, 1, 12293, 21.46, 28
2026/08/15 15:57:22.228, 8, 1, 12321, 22.29, 28
2026/08/15 15:57:24.228, 0, 0, 12269, 22.52, 28
2026/08/15 15:57:26.229, 29, 5, 12409, 22.32, 28
2026/08/15 15:57:28.229, 18, 3, 12337, 22.44, 28
2026/08/15 15:57:30.230, 23, 3, 12285, 22.56, 28
2026/08/15 15:57:32.230, 7, 1, 12337, 22.58, 28
2026/08/15 15:57:34.231, 0, 0, 12285, 22.41, 28
2026/08/15 15:57:36.231, 8, 1, 12361, 22.90, 28
2026/08/15 15:57:38.232, 1, 1, 12289, 23.09, 28
2026/08/15 15:57:40.235, 6, 0, 12321, 22.01, 28
2026/08/15 15:57:42.235, 11, 3, 12305, 22.11, 28
2026/08/15 15:57:44.236, 19, 2, 12289, 22.94, 28
2026/08/15 15:57:46.237, 32, 7, 12369, 23.51, 28
2026/08/15 15:57:48.237, 10, 2, 12333, 22.60, 28
2026/08/15 15:57:50.239, 7, 0, 12265, 22.42, 28
2026/08/15 15:57:52.242, 13, 3, 12385, 23.33, 28
2026/08/15 15:57:54.242, 1, 0, 12281, 21.99, 28
2026/08/15 15:57:56.243, 12, 1, 12365, 23.92, 28
2026/08/15 15:57:58.244, 9, 2, 12273, 22.58, 28
2026/08/15 15:58:00.244, 4, 0, 12333, 22.89, 28
2026/08/15 15:58:02.250, 22, 3, 12281, 23.37, 28
2026/08/15 15:58:04.250, 13, 1, 12325, 22.78, 28
2026/08/15 15:58:06.253, 8, 0, 12269, 23.20, 28
2026/08/15 15:58:08.254, 33, 7, 12309, 23.31, 28
2026/08/15 15:58:10.255, 22, 2, 12297, 22.66, 28
2026/08/15 15:58:12.256, 24, 3, 12293, 23.48, 28
2026/08/15 15:58:14.256, 0, 0, 12321, 22.37, 28
2026/08/15 15:58:16.257, 12, 1, 12269, 23.23, 28
2026/08/15 15:58:18.257, 7, 2, 12325, 23.24, 28
2026/08/15 15:58:20.258, 12, 2, 12285, 23.01, 28
2026/08/15 15:58:22.258, 3, 1, 12281, 22.79, 28
2026/08/15 15:58:24.259, 2, 1, 12317, 23.23, 28
2026/08/15 15:58:26.264, 11, 1, 12273, 23.03, 28
2026/08/15 15:58:28.265, 24, 3, 12285, 23.47, 28
2026/08/15 15:58:30.265, 12, 2, 12289, 22.80, 28
2026/08/15 15:58:32.266, 3, 1, 12297, 23.58, 28
2026/08/15 15:58:34.266, 3, 1, 12281, 23.87, 28
2026/08/15 15:58:36.267, 25, 5, 12297, 22.94, 28
2026/08/15 15:58:38.268, 12, 0, 12285, 23.26, 28
2026/08/15 15:58:40.269, 3, 1, 12285, 23.20, 28
2026/08/15 15:58:42.269, 6, 1, 12297, 22.92, 28
2026/08/15 15:58:44.270, 9, 1, 12277, 23.16, 28
2026/08/15 15:58:46.272, 7, 2, 12309, 22.69, 28
2026/08/15 15:58:48.273, 0, 0, 12305, 22.68, 28
2026/08/15 15:58:50.274, 37, 4, 12301, 23.42, 28
2026/08/15 15:58:52.274, 60, 13, 12297, 23.18, 28
2026/08/15 15:58:54.275, 19, 4, 12325, 23.39, 28
2026/08/15 15:58:56.276, 5, 1, 12305, 22.74, 28
2026/08/15 15:58:58.277, 27, 4, 12339, 23.71, 28
2026/08/15 15:59:00.277, 6, 1, 12311, 23.20, 28
2026/08/15 15:59:02.278, 25, 4, 12291, 23.15, 28
2026/08/15 15:59:04.288, 4, 1, 12279, 23.04, 28
2026/08/15 15:59:06.289, 6, 1, 12279, 22.91, 28
2026/08/15 15:59:08.289, 7, 2, 12303, 22.80, 28
2026/08/15 15:59:10.290, 20, 2, 12307, 22.54, 28
2026/08/15 15:59:12.290, 7, 1, 12299, 22.35, 28
2026/08/15 15:59:14.290, 3, 1, 12307, 22.75, 28
2026/08/15 15:59:16.291, 37, 5, 12331, 22.34, 28
2026/08/15 15:59:18.291, 7, 1, 12279, 22.47, 28
2026/08/15 15:59:20.292, 23, 4, 12303, 23.65, 28
2026/08/15 15:59:22.293, 6, 0, 12279, 22.65, 28
2026/08/15 15:59:24.293, 19, 3, 12251, 23.19, 28
2026/08/15 15:59:26.294, 16, 3, 12323, 22.47, 28
2026/08/15 15:59:28.294, 3, 1, 12291, 22.75, 28
2026/08/15 15:59:30.295, 27, 5, 12311, 22.85, 28
2026/08/15 15:59:32.295, 14, 2, 12279, 23.73, 28
2026/08/15 15:59:34.295, 8, 1, 12331, 22.51, 28
2026/08/15 15:59:36.296, 18, 3, 12299, 23.28, 28
2026/08/15 15:59:38.297, 20, 3, 12311, 22.98, 28
2026/08/15 15:59:40.297, 4, 1, 12259, 22.47, 28
2026/08/15 15:59:42.298, 13, 2, 12299, 22.44, 29
2026/08/15 15:59:44.299, 14, 1, 12355, 22.22, 29
2026/08/15 15:59:46.300, 17, 3, 12331, 22.33, 29
2026/08/15 15:59:48.300, 16, 2, 12291, 23.16, 29
2026/08/15 15:59:50.301, 10, 2, 12355, 23.22, 29
2026/08/15 15:59:52.301, 9, 1, 12343, 22.54, 29
2026/08/15 15:59:54.306, 0, 0, 12299, 22.77, 29
2026/08/15 15:59:56.307, 24, 2, 12267, 23.16, 29
2026/08/15 15:59:58.307, 22, 3, 12307, 22.62, 29
2026/08/15 16:00:00.308, 36, 5, 12343, 24.34, 29
2026/08/15 16:00:02.308, 25, 3, 12319, 23.37, 29
2026/08/15 16:00:04.309, 15, 3, 12335, 23.05, 29
2026/08/15 16:00:06.314, 52, 12, 12323, 23.53, 29
2026/08/15 16:00:08.314, 20, 3, 12287, 23.06, 29
2026/08/15 16:00:10.314, 1, 0, 12303, 22.34, 29
2026/08/15 16:00:12.315, 7, 1, 12307, 24.35, 29
2026/08/15 16:00:14.315, 26, 5, 12311, 24.11, 29
2026/08/15 16:00:16.316, 16, 2, 12303, 24.21, 29
2026/08/15 16:00:18.317, 5, 1, 12291, 23.21, 29
2026/08/15 16:00:20.317, 3, 0, 12295, 22.56, 29
2026/08/15 16:00:22.318, 28, 4, 12315, 23.47, 29
2026/08/15 16:00:24.319, 31, 6, 12299, 22.60, 29
2026/08/15 16:00:26.319, 14, 1, 12323, 22.91, 29
2026/08/15 16:00:28.320, 14, 2, 12311, 22.62, 29
2026/08/15 16:00:30.322, 10, 3, 12303, 23.33, 29
2026/08/15 16:00:32.322, 12, 3, 12279, 23.08, 29
2026/08/15 16:00:34.323, 22, 4, 12311, 23.13, 29
2026/08/15 16:00:36.323, 32, 5, 12319, 24.00, 29
2026/08/15 16:00:38.324, 34, 5, 12331, 23.23, 29
2026/08/15 16:00:40.325, 22, 4, 12303, 22.87, 29
2026/08/15 16:00:42.326, 1, 1, 12259, 23.00, 29
2026/08/15 16:00:44.326, 7, 0, 12295, 23.24, 29
2026/08/15 16:00:46.327, 9, 2, 12273, 22.95, 29
2026/08/15 16:00:48.327, 1, 1, 12253, 23.26, 29
2026/08/15 16:00:50.327, 29, 5, 12329, 22.45, 29
2026/08/15 16:00:52.328, 3, 1, 12317, 22.52, 29
2026/08/15 16:00:54.328, 8, 1, 12337, 23.01, 29
2026/08/15 16:00:56.329, 19, 2, 12325, 22.88, 29
2026/08/15 16:00:58.329, 0, 0, 12305, 22.63, 29
2026/08/15 16:01:00.330, 25, 3, 12325, 22.74, 29
2026/08/15 16:01:02.331, 24, 3, 12281, 22.84, 29
2026/08/15 16:01:04.332, 4, 1, 12329, 22.95, 29
2026/08/15 16:01:06.332, 17, 1, 12281, 23.55, 29
2026/08/15 16:01:08.333, 2, 0, 12317, 23.33, 29
2026/08/15 16:01:10.333, 0, 0, 12301, 23.03, 29
2026/08/15 16:01:12.334, 4, 1, 12273, 22.89, 29
2026/08/15 16:01:14.335, 9, 1, 12305, 23.26, 29
2026/08/15 16:01:16.336, 19, 3, 12325, 23.07, 29
2026/08/15 16:01:18.336, 12, 1, 12317, 22.53, 29
2026/08/15 16:01:20.337, 26, 3, 12273, 22.63, 29
2026/08/15 16:01:22.338, 24, 2, 12317, 23.67, 29
2026/08/15 16:01:24.338, 18, 2, 12309, 23.38, 29
2026/08/15 16:01:26.339, 11, 2, 12313, 22.94, 29
2026/08/15 16:01:28.340, 27, 6, 12269, 23.13, 29
2026/08/15 16:01:30.340, 2, 0, 12361, 22.75, 29
2026/08/15 16:01:32.341, 21, 3, 12297, 22.82, 29
2026/08/15 16:01:34.344, 1, 0, 12305, 22.80, 29
2026/08/15 16:01:36.345, 5, 0, 12293, 23.64, 29
2026/08/15 16:01:38.346, 33, 8, 12285, 23.30, 29
2026/08/15 16:01:40.347, 9, 1, 12293, 22.56, 29
2026/08/15 16:01:42.347, 20, 4, 12317, 23.31, 29
2026/08/15 16:01:44.348, 3, 0, 12337, 22.51, 29
2026/08/15 16:01:46.348, 15, 2, 12241, 22.47, 29
2026/08/15 16:01:48.349, 31, 5, 12329, 22.98, 29
2026/08/15 16:01:50.351, 21, 4, 12337, 22.87, 29
2026/08/15 16:01:52.352, 8, 2, 12301, 23.13, 29
2026/08/15 16:01:54.352, 14, 2, 12269, 22.82, 29
2026/08/15 16:01:56.353, 0, 0, 12325, 22.26, 29
2026/08/15 16:01:58.354, 19, 3, 12285, 23.80, 29
2026/08/15 16:02:00.354, 0, 0, 12309, 22.60, 29
2026/08/15 16:02:02.355, 6, 1, 12293, 22.57, 29
2026/08/15 16:02:04.356, 19, 3, 12317, 21.96, 29
2026/08/15 16:02:06.356, 8, 1, 12341, 22.69, 29
2026/08/15 16:02:08.357, 18, 3, 12301, 22.16, 29
2026/08/15 16:02:10.357, 27, 3, 12313, 22.27, 29
2026/08/15 16:02:12.358, 11, 2, 12277, 22.81, 29
2026/08/15 16:02:14.359, 7, 0, 12289, 22.31, 29
2026/08/15 16:02:16.359, 41, 9, 12349, 22.71, 29
2026/08/15 16:02:18.360, 32, 3, 12265, 22.88, 29
2026/08/15 16:02:20.362, 0, 1, 12281, 22.37, 29
2026/08/15 16:02:22.363, 5, 1, 12309, 22.44, 29
2026/08/15 16:02:24.363, 20, 2, 12261, 22.54, 29
2026/08/15 16:02:26.364, 16, 2, 12317, 22.39, 29
2026/08/15 16:02:28.365, 2, 1, 12313, 22.97, 29
2026/08/15 16:02:30.365, 22, 4, 12305, 22.42, 29
2026/08/15 16:02:32.367, 5, 1, 12281, 22.98, 29
2026/08/15 16:02:34.368, 8, 2, 12313, 22.50, 29
2026/08/15 16:02:36.368, 6, 1, 12305, 22.20, 29
2026/08/15 16:02:38.369, 0, 0, 12273, 22.29, 29
2026/08/15 16:02:40.370, 16, 3, 12297, 23.54, 29
2026/08/15 16:02:42.370, 22, 2, 12289, 22.45, 29
2026/08/15 16:02:44.371, 7, 1, 12321, 22.31, 30
2026/08/15 16:02:46.371, 7, 1, 12277, 23.29, 29
2026/08/15 16:02:48.372, 4, 1, 12313, 22.30, 30
2026/08/15 16:02:50.372, 20, 2, 12297, 22.40, 30
2026/08/15 16:02:52.373, 6, 1, 12301, 21.98, 30
2026/08/15 16:02:54.373, 18, 3, 12317, 22.51, 30
2026/08/15 16:02:56.374, 12, 1, 12269, 23.16, 30
2026/08/15 16:02:58.375, 3, 0, 12285, 22.49, 30
2026/08/15 16:03:00.376, 2, 1, 12361, 22.91, 30
2026/08/15 16:03:02.376, 3, 1, 12313, 22.42, 30
2026/08/15 16:03:04.377, 5, 1, 12313, 22.20, 30
2026/08/15 16:03:06.382, 23, 2, 12301, 22.69, 30
2026/08/15 16:03:08.382, 26, 2, 12321, 22.94, 30
2026/08/15 16:03:10.382, 10, 1, 12329, 22.99, 30
2026/08/15 16:03:12.383, 34, 6, 12321, 22.73, 30
2026/08/15 16:03:14.383, 36, 5, 12317, 22.17, 30
2026/08/15 16:03:16.384, 5, 1, 12273, 22.42, 30
2026/08/15 16:03:18.385, 0, 1, 12333, 22.84, 30
2026/08/15 16:03:20.385, 15, 3, 12329, 23.06, 30
2026/08/15 16:03:22.386, 36, 3, 12301, 22.93, 30
2026/08/15 16:03:24.386, 5, 1, 12365, 22.54, 30
2026/08/15 16:03:26.386, 0, 0, 12341, 21.92, 30
2026/08/15 16:03:28.388, 6, 2, 12305, 22.49, 30
2026/08/15 16:03:30.389, 3, 1, 12309, 23.00, 30
2026/08/15 16:03:32.390, 6, 1, 12325, 22.91, 30
2026/08/15 16:03:34.390, 6, 0, 12269, 22.59, 30
2026/08/15 16:03:36.391, 3, 1, 12349, 22.49, 30
2026/08/15 16:03:38.391, 4, 2, 12301, 23.26, 30
2026/08/15 16:03:40.392, 11, 1, 12325, 22.49, 30
2026/08/15 16:03:42.393, 18, 2, 12313, 22.50, 30
2026/08/15 16:03:44.393, 8, 1, 12293, 23.06, 30
2026/08/15 16:03:46.394, 9, 1, 12293, 23.15, 30
2026/08/15 16:03:48.395, 10, 2, 12305, 22.78, 30
2026/08/15 16:03:50.396, 0, 0, 12329, 22.51, 30
2026/08/15 16:03:52.404, 23, 4, 12273, 22.87, 30
2026/08/15 16:03:54.405, 5, 2, 12289, 23.48, 30
2026/08/15 16:03:56.406, 5, 1, 12265, 22.63, 30
2026/08/15 16:03:58.406, 22, 2, 12317, 22.26, 30
2026/08/15 16:04:00.406, 4, 1, 12281, 22.51, 30
2026/08/15 16:04:02.407, 20, 4, 12309, 23.49, 30
2026/08/15 16:04:04.407, 31, 5, 12313, 22.61, 30
2026/08/15 16:04:06.408, 6, 1, 12313, 23.66, 30
2026/08/15 16:04:08.408, 9, 2, 12273, 23.31, 30
2026/08/15 16:04:10.408, 11, 2, 12329, 22.76, 30
2026/08/15 16:04:12.409, 11, 3, 12317, 22.76, 30
2026/08/15 16:04:14.409, 7, 1, 12293, 22.67, 31
2026/08/15 16:04:16.410, 8, 1, 12305, 23.15, 31
2026/08/15 16:04:18.410, 32, 6, 12285, 23.04, 31
2026/08/15 16:04:20.411, 18, 4, 12321, 23.91, 31
2026/08/15 16:04:22.411, 1, 0, 12313, 22.95, 31
2026/08/15 16:04:24.413, 0, 0, 12281, 22.82, 31
2026/08/15 16:04:26.413, 5, 1, 12297, 24.07, 31
2026/08/15 16:04:28.417, 17, 3, 12349, 22.74, 31
2026/08/15 16:04:30.418, 4, 1, 12257, 22.60, 31
2026/08/15 16:04:32.418, 17, 3, 12349, 23.42, 31
2026/08/15 16:04:34.419, 21, 2, 12313, 23.18, 31
2026/08/15 16:04:36.419, 0, 0, 12297, 23.57, 31
2026/08/15 16:04:38.420, 11, 2, 12241, 23.15, 31
2026/08/15 16:04:40.420, 9, 1, 12321, 23.40, 31
2026/08/15 16:04:42.421, 0, 0, 12293, 23.28, 31
2026/08/15 16:04:44.422, 2, 1, 12293, 22.55, 31
2026/08/15 16:04:46.424, 17, 3, 12329, 23.19, 31
2026/08/15 16:04:48.425, 3, 1, 12277, 23.13, 31
2026/08/15 16:04:50.425, 0, 0, 12293, 23.21, 31
2026/08/15 16:04:52.425, 17, 1, 12285, 23.77, 31
2026/08/15 16:04:54.427, 12, 1, 12305, 22.95, 31
2026/08/15 16:04:56.427, 3, 2, 12269, 23.51, 31
2026/08/15 16:04:58.427, 22, 4, 12329, 23.07, 31
2026/08/15 16:05:00.428, 22, 2, 12313, 23.19, 31
2026/08/15 16:05:02.430, 14, 2, 12305, 22.88, 31
2026/08/15 16:05:04.431, 2, 1, 12293, 23.03, 31
2026/08/15 16:05:06.431, 29, 6, 12317, 23.34, 31
2026/08/15 16:05:08.432, 37, 6, 12297, 24.23, 31
2026/08/15 16:05:10.432, 7, 1, 12341, 23.06, 31
2026/08/15 16:05:12.433, 13, 1, 12293, 23.68, 31
2026/08/15 16:05:14.434, 3, 1, 12273, 23.89, 31
2026/08/15 16:05:16.434, 23, 5, 12321, 23.59, 31
2026/08/15 16:05:18.435, 13, 2, 12329, 23.04, 31
2026/08/15 16:05:20.435, 27, 3, 12313, 23.63, 31
2026/08/15 16:05:22.436, 3, 1, 12309, 23.79, 31
2026/08/15 16:05:24.438, 18, 3, 12297, 23.21, 31
2026/08/15 16:05:26.439, 13, 1, 12317, 22.58, 31
2026/08/15 16:05:28.439, 36, 7, 12269, 23.26, 31
2026/08/15 16:05:30.440, 4, 1, 12293, 23.64, 31
2026/08/15 16:05:32.440, 18, 2, 12297, 22.80, 31
2026/08/15 16:05:34.440, 4, 1, 12325, 23.02, 31
2026/08/15 16:05:36.441, 10, 1, 12285, 22.84, 31
2026/08/15 16:05:38.441, 3, 1, 12309, 22.82, 31
2026/08/15 16:05:40.442, 0, 0, 12289, 22.73, 31
2026/08/15 16:05:42.443, 14, 4, 12305, 23.19, 31
2026/08/15 16:05:44.443, 9, 3, 12321, 23.84, 31
2026/08/15 16:05:46.444, 5, 0, 12337, 22.64, 31
2026/08/15 16:05:48.444, 24, 3, 12301, 22.93, 31
2026/08/15 16:05:50.445, 13, 2, 12269, 23.91, 31
2026/08/15 16:05:52.446, 9, 2, 12349, 22.59, 31
2026/08/15 16:05:54.446, 26, 3, 12289, 23.16, 31
2026/08/15 16:05:56.446, 24, 4, 12309, 23.78, 31
2026/08/15 16:05:58.447, 5, 1, 12325, 22.76, 31
2026/08/15 16:06:00.447, 6, 2, 12309, 22.71, 31
2026/08/15 16:06:02.448, 4, 2, 12265, 22.89, 31
2026/08/15 16:06:04.449, 6, 1, 12337, 22.70, 31
2026/08/15 16:06:06.449, 6, 1, 12293, 22.50, 31
2026/08/15 16:06:08.452, 11, 1, 12257, 22.42, 31
2026/08/15 16:06:10.453, 17, 4, 12329, 22.59, 31
2026/08/15 16:06:12.454, 14, 1, 12293, 22.73, 31
2026/08/15 16:06:14.454, 16, 4, 12309, 23.26, 31
2026/08/15 16:06:16.455, 13, 3, 12265, 23.22, 32
2026/08/15 16:06:18.456, 3, 1, 12305, 23.44, 31
2026/08/15 16:06:20.456, 28, 4, 12285, 22.74, 32
2026/08/15 16:06:22.457, 11, 1, 12319, 23.28, 32
2026/08/15 16:06:24.458, 17, 2, 12301, 23.26, 32
2026/08/15 16:06:26.458, 7, 1, 12329, 22.98, 32
2026/08/15 16:06:28.459, 2, 1, 12289, 23.33, 32
2026/08/15 16:06:30.459, 26, 4, 12289, 22.84, 32
2026/08/15 16:06:32.460, 7, 2, 12301, 23.34, 32
2026/08/15 16:06:34.460, 22, 2, 12325, 23.08, 32
2026/08/15 16:06:36.461, 0, 1, 12309, 22.40, 32
2026/08/15 16:06:38.461, 5, 0, 12323, 22.86, 32
2026/08/15 16:06:40.462, 18, 3, 12267, 22.98, 32
2026/08/15 16:06:42.462, 48, 7, 12303, 23.33, 32
2026/08/15 16:06:44.463, 0, 0, 12311, 22.80, 32
2026/08/15 16:06:46.463, 0, 0, 12287, 23.66, 32
2026/08/15 16:06:48.464, 6, 1, 12275, 23.70, 32
2026/08/15 16:06:50.465, 8, 1, 12303, 23.21, 32
2026/08/15 16:06:52.466, 18, 2, 12291, 23.52, 32
2026/08/15 16:06:54.466, 7, 1, 12355, 23.06, 32
2026/08/15 16:06:56.467, 3, 0, 12287, 22.80, 32
2026/08/15 16:06:58.468, 0, 0, 12315, 23.33, 32
2026/08/15 16:07:00.469, 13, 1, 12331, 23.35, 32
2026/08/15 16:07:02.470, 4, 1, 12299, 23.40, 32
2026/08/15 16:07:04.470, 4, 1, 12299, 23.11, 32
2026/08/15 16:07:06.470, 5, 1, 12323, 24.30, 32
2026/08/15 16:07:08.471, 14, 3, 12323, 23.68, 32
2026/08/15 16:07:10.472, 1, 1, 12283, 23.03, 32
2026/08/15 16:07:12.473, 20, 2, 12271, 23.72, 32
2026/08/15 16:07:14.473, 13, 2, 12315, 23.54, 32
2026/08/15 16:07:16.474, 15, 2, 12287, 23.56, 32
2026/08/15 16:07:18.474, 7, 2, 12303, 23.13, 32
2026/08/15 16:07:20.475, 42, 6, 12323, 22.82, 32
2026/08/15 16:07:22.475, 32, 4, 12319, 23.81, 32
2026/08/15 16:07:24.476, 21, 3, 12287, 24.54, 32
2026/08/15 16:07:26.477, 19, 3, 12323, 23.33, 32
2026/08/15 16:07:28.477, 5, 1, 12303, 23.01, 32
2026/08/15 16:07:30.478, 26, 5, 12323, 23.38, 32
2026/08/15 16:07:32.478, 29, 4, 12311, 23.12, 32
2026/08/15 16:07:34.479, 9, 2, 12311, 23.29, 32
2026/08/15 16:07:36.480, 17, 2, 12283, 23.77, 32
2026/08/15 16:07:38.480, 38, 8, 12327, 23.61, 32
2026/08/15 16:07:40.481, 19, 3, 12303, 23.02, 32
2026/08/15 16:07:42.482, 20, 2, 12311, 23.07, 32
2026/08/15 16:07:44.483, 19, 3, 12355, 23.82, 32
2026/08/15 16:07:46.483, 12, 2, 12259, 24.14, 32
2026/08/15 16:07:48.484, 2, 1, 12255, 24.45, 32
2026/08/15 16:07:50.486, 12, 1, 12299, 23.47, 32
2026/08/15 16:07:52.487, 11, 2, 12303, 23.21, 32
2026/08/15 16:07:54.488, 9, 1, 12299, 23.26, 32
2026/08/15 16:07:56.488, 7, 1, 12323, 23.53, 32
2026/08/15 16:07:58.492, 10, 1, 12331, 22.44, 32
2026/08/15 16:08:00.492, 15, 2, 12303, 22.96, 32
2026/08/15 16:08:02.492, 12, 2, 12319, 22.70, 32
2026/08/15 16:08:04.493, 22, 2, 12299, 23.36, 32
2026/08/15 16:08:06.493, 11, 3, 12303, 22.81, 32
2026/08/15 16:08:08.495, 10, 2, 12311, 22.65, 32
2026/08/15 16:08:10.495, 0, 0, 12299, 22.87, 32
2026/08/15 16:08:12.496, 0, 0, 12335, 23.27, 32
2026/08/15 16:08:14.496, 22, 3, 12291, 23.30, 32
2026/08/15 16:08:16.497, 10, 1, 12355, 22.51, 32
2026/08/15 16:08:18.497, 18, 2, 12323, 22.77, 32
2026/08/15 16:08:20.500, 2, 0, 12307, 22.69, 32
2026/08/15 16:08:22.501, 17, 1, 12307, 23.38, 32
2026/08/15 16:08:24.501, 10, 2, 12291, 22.91, 32
2026/08/15 16:08:26.502, 11, 2, 12323, 23.24, 32
2026/08/15 16:08:28.502, 6, 2, 12303, 22.70, 32
2026/08/15 16:08:30.503, 12, 2, 12347, 22.73, 32
2026/08/15 16:08:32.504, 31, 4, 12311, 22.63, 32
2026/08/15 16:08:34.504, 5, 3, 12271, 23.49, 32
2026/08/15 16:08:36.505, 18, 3, 12339, 23.70, 32
2026/08/15 16:08:38.506, 24, 3, 12311, 23.61, 32
2026/08/15 16:08:40.507, 9, 2, 12359, 22.94, 32
2026/08/15 16:08:42.507, 15, 3, 12323, 22.90, 32
2026/08/15 16:08:44.508, 14, 2, 12319, 22.91, 32
2026/08/15 16:08:46.508, 11, 1, 12323, 23.23, 32
2026/08/15 16:08:48.509, 6, 1, 12323, 22.45, 32
2026/08/15 16:08:50.510, 21, 3, 12299, 23.13, 32
2026/08/15 16:08:52.513, 37, 5, 12331, 23.25, 32
2026/08/15 16:08:54.514, 30, 5, 12323, 23.45, 33
2026/08/15 16:08:56.515, 20, 3, 12299, 23.21, 32
2026/08/15 16:08:58.516, 6, 2, 12291, 23.38, 32
2026/08/15 16:09:00.516, 21, 4, 12323, 23.06, 32
2026/08/15 16:09:02.517, 19, 4, 12315, 23.18, 32
2026/08/15 16:09:04.517, 10, 2, 12315, 23.03, 33
2026/08/15 16:09:06.518, 30, 5, 12299, 23.40, 33
2026/08/15 16:09:08.518, 3, 1, 12275, 23.41, 32
2026/08/15 16:09:10.519, 17, 3, 12355, 23.09, 33
2026/08/15 16:09:12.519, 10, 1, 12263, 23.22, 33
2026/08/15 16:09:14.520, 11, 1, 12315, 23.25, 33
2026/08/15 16:09:16.520, 19, 3, 12335, 22.90, 33
2026/08/15 16:09:18.520, 2, 1, 12283, 22.94, 33
2026/08/15 16:09:20.521, 9, 1, 12323, 23.10, 33
2026/08/15 16:09:22.521, 5, 1, 12343, 23.07, 33
2026/08/15 16:09:24.522, 24, 3, 12283, 23.32, 33
2026/08/15 16:09:26.522, 23, 3, 12355, 23.37, 33
2026/08/15 16:09:28.523, 17, 2, 12307, 22.73, 33
2026/08/15 16:09:30.523, 12, 2, 12283, 22.85, 33
2026/08/15 16:09:32.524, 3, 0, 12315, 22.81, 33
2026/08/15 16:09:34.524, 19, 4, 12283, 23.08, 33
2026/08/15 16:09:36.525, 8, 1, 12263, 23.33, 33
2026/08/15 16:09:38.526, 0, 0, 12271, 23.33, 33
2026/08/15 16:09:40.526, 14, 3, 12339, 23.77, 33
2026/08/15 16:09:42.526, 25, 5, 12303, 23.74, 33
2026/08/15 16:09:44.527, 12, 2, 12347, 23.93, 33
2026/08/15 16:09:46.528, 20, 2, 12319, 22.60, 33
2026/08/15 16:09:48.528, 25, 5, 12331, 23.65, 33
2026/08/15 16:09:50.529, 23, 6, 12315, 22.81, 33
2026/08/15 16:09:52.529, 7, 1, 12299, 22.66, 33
2026/08/15 16:09:54.530, 3, 2, 12255, 23.70, 33
2026/08/15 16:09:56.530, 7, 2, 12355, 22.73, 33
2026/08/15 16:09:58.531, 9, 0, 12291, 22.99, 33
2026/08/15 16:10:00.531, 4, 1, 12331, 22.96, 33
2026/08/15 16:10:02.532, 8, 1, 12287, 23.49, 33
2026/08/15 16:10:04.532, 28, 6, 12315, 23.75, 33
2026/08/15 16:10:06.532, 35, 8, 12331, 23.23, 33
2026/08/15 16:10:08.533, 42, 7, 12291, 23.45, 33
2026/08/15 16:10:10.534, 4, 0, 12335, 24.23, 33
2026/08/15 16:10:12.534, 12, 1, 12267, 23.48, 33
2026/08/15 16:10:14.534, 3, 0, 12335, 23.29, 33
2026/08/15 16:10:16.535, 16, 3, 12287, 23.18, 33
2026/08/15 16:10:18.535, 33, 7, 12291, 23.38, 33
2026/08/15 16:10:20.536, 16, 4, 12283, 23.23, 33
2026/08/15 16:10:22.536, 16, 1, 12331, 23.11, 33
2026/08/15 16:10:24.537, 10, 1, 12287, 22.26, 33
2026/08/15 16:10:26.537, 14, 2, 12343, 23.28, 33
2026/08/15 16:10:28.538, 10, 1, 12291, 23.57, 33
2026/08/15 16:10:30.538, 23, 4, 12331, 23.15, 33
2026/08/15 16:10:32.539, 14, 3, 12335, 24.87, 33
2026/08/15 16:10:34.541, 23, 3, 12331, 23.00, 33
2026/08/15 16:10:36.542, 15, 2, 12311, 23.22, 33
2026/08/15 16:10:38.542, 13, 2, 12315, 23.03, 33
2026/08/15 16:10:40.543, 8, 1, 12355, 22.87, 33
2026/08/15 16:10:42.549, 53, 9, 12299, 23.81, 33
2026/08/15 16:10:44.552, 5, 1, 12323, 23.33, 33
2026/08/15 16:10:46.553, 8, 2, 12287, 23.26, 33
2026/08/15 16:10:48.553, 8, 2, 12271, 23.25, 32
2026/08/15 16:10:50.554, 41, 7, 12303, 23.37, 32
2026/08/15 16:10:52.555, 6, 1, 12291, 23.14, 32
2026/08/15 16:10:54.555, 15, 3, 12291, 23.65, 32
2026/08/15 16:10:56.556, 20, 3, 12283, 23.69, 32
2026/08/15 16:10:58.556, 15, 3, 12363, 22.75, 32
2026/08/15 16:11:00.557, 12, 2, 12331, 22.89, 32
2026/08/15 16:11:02.557, 15, 2, 12323, 24.05, 32
2026/08/15 16:11:04.557, 8, 2, 12283, 23.49, 32
2026/08/15 16:11:06.558, 9, 1, 12355, 23.40, 32
2026/08/15 16:11:08.558, 20, 2, 12303, 23.46, 32
2026/08/15 16:11:10.559, 6, 1, 12299, 22.35, 32
2026/08/15 16:11:12.560, 26, 5, 12347, 22.44, 32
2026/08/15 16:11:14.560, 31, 3, 12295, 22.91, 32
2026/08/15 16:11:16.561, 5, 1, 12335, 23.33, 32
2026/08/15 16:11:18.561, 26, 2, 12291, 23.05, 32
2026/08/15 16:11:20.563, 12, 1, 12351, 22.22, 32
2026/08/15 16:11:22.564, 34, 6, 12291, 23.23, 32
2026/08/15 16:11:24.565, 10, 1, 12363, 22.44, 32
2026/08/15 16:11:26.565, 0, 0, 12311, 23.01, 32
2026/08/15 16:11:28.569, 15, 3, 12311, 22.74, 32
2026/08/15 16:11:30.570, 3, 0, 12347, 22.88, 32
2026/08/15 16:11:32.571, 54, 9, 12287, 22.65, 32
2026/08/15 16:11:34.571, 13, 1, 12347, 21.69, 32
2026/08/15 16:11:36.572, 33, 5, 12315, 22.46, 32
2026/08/15 16:11:38.572, 15, 1, 12367, 22.14, 32
2026/08/15 16:11:40.573, 10, 2, 12339, 22.24, 32
2026/08/15 16:11:42.573, 37, 5, 12303, 22.77, 32
2026/08/15 16:11:44.574, 28, 4, 12327, 23.34, 32
2026/08/15 16:11:46.574, 37, 7, 12347, 23.07, 32
2026/08/15 16:11:48.574, 10, 3, 12299, 22.51, 32
2026/08/15 16:11:50.575, 42, 8, 12327, 22.89, 32
2026/08/15 16:11:52.575, 8, 2, 12315, 23.33, 32
2026/08/15 16:11:54.576, 23, 2, 12283, 22.98, 32
2026/08/15 16:11:56.577, 25, 5, 12299, 23.22, 32
2026/08/15 16:11:58.577, 12, 3, 12339, 22.34, 32
2026/08/15 16:12:00.578, 27, 3, 12311, 23.49, 32
2026/08/15 16:12:02.579, 0, 0, 12307, 23.25, 32
2026/08/15 16:12:04.580, 25, 3, 12311, 23.01, 32
2026/08/15 16:12:06.580, 14, 3, 12319, 22.67, 31
2026/08/15 16:12:08.585, 31, 4, 12311, 22.89, 32
2026/08/15 16:12:10.586, 17, 2, 12323, 23.22, 31
2026/08/15 16:12:12.586, 18, 4, 12295, 23.08, 31
2026/08/15 16:12:14.587, 12, 2, 12339, 22.74, 31
2026/08/15 16:12:16.588, 9, 1, 12323, 22.56, 31
2026/08/15 16:12:18.588, 18, 1, 12335, 22.58, 31
2026/08/15 16:12:20.588, 12, 2, 12303, 22.61, 31
2026/08/15 16:12:22.589, 5, 1, 12351, 22.32, 31
2026/08/15 16:12:24.589, 0, 1, 12283, 22.67, 31
2026/08/15 16:12:26.590, 3, 1, 12319, 22.76, 31
2026/08/15 16:12:28.590, 6, 1, 12259, 22.11, 31
2026/08/15 16:12:30.591, 24, 5, 12327, 22.67, 31
2026/08/15 16:12:32.591, 28, 5, 12315, 22.77, 31
2026/08/15 16:12:34.592, 8, 2, 12351, 22.44, 31
2026/08/15 16:12:36.592, 7, 0, 12363, 22.85, 31
2026/08/15 16:12:38.593, 15, 2, 12275, 23.50, 31
2026/08/15 16:12:40.593, 14, 2, 12335, 23.05, 31
2026/08/15 16:12:42.594, 15, 1, 12275, 22.82, 31
2026/08/15 16:12:44.594, 20, 4, 12295, 22.61, 31
2026/08/15 16:12:46.595, 16, 2, 12359, 22.40, 31
2026/08/15 16:12:48.595, 16, 2, 12287, 22.32, 31
2026/08/15 16:12:50.598, 27, 4, 12353, 22.08, 31
2026/08/15 16:12:52.599, 4, 1, 12317, 22.13, 31
2026/08/15 16:12:54.599, 0, 0, 12305, 22.38, 31
2026/08/15 16:12:56.600, 7, 1, 12321, 23.18, 31
2026/08/15 16:12:58.601, 27, 3, 12325, 22.66, 31
2026/08/15 16:13:00.601, 12, 2, 12325, 22.42, 31
2026/08/15 16:13:02.602, 7, 2, 12341, 23.37, 31
2026/08/15 16:13:04.602, 21, 2, 12293, 22.89, 31
2026/08/15 16:13:06.604, 2, 1, 12309, 23.23, 31
2026/08/15 16:13:08.605, 14, 2, 12297, 24.06, 31
2026/08/15 16:13:10.605, 13, 1, 12321, 22.44, 31
2026/08/15 16:13:12.606, 0, 0, 12301, 22.04, 31
2026/08/15 16:13:14.610, 9, 1, 12317, 22.82, 31
2026/08/15 16:13:16.610, 19, 3, 12333, 22.81, 31
2026/08/15 16:13:18.611, 38, 7, 12349, 23.31, 31
2026/08/15 16:13:20.611, 21, 2, 12329, 22.65, 31
2026/08/15 16:13:22.613, 9, 1, 12289, 22.85, 31
2026/08/15 16:13:24.614, 15, 4, 12269, 23.56, 31
2026/08/15 16:13:26.614, 17, 2, 12305, 23.12, 31
2026/08/15 16:13:28.615, 53, 10, 12341, 23.91, 31
2026/08/15 16:13:30.616, 21, 2, 12325, 22.72, 31
2026/08/15 16:13:32.616, 31, 6, 12289, 24.67, 31
2026/08/15 16:13:34.617, 8, 2, 12297, 22.75, 31
2026/08/15 16:13:36.618, 0, 0, 12289, 23.57, 31
2026/08/15 16:13:38.618, 8, 1, 12337, 22.27, 31
2026/08/15 16:13:40.619, 25, 4, 12333, 23.09, 31
2026/08/15 16:13:42.620, 14, 1, 12325, 22.77, 31
2026/08/15 16:13:44.620, 0, 1, 12317, 22.53, 31
2026/08/15 16:13:46.621, 0, 0, 12305, 23.75, 31
2026/08/15 16:13:48.621, 26, 4, 12305, 22.44, 31
2026/08/15 16:13:50.622, 25, 5, 12317, 22.82, 31
2026/08/15 16:13:52.622, 0, 1, 12285, 22.88, 31
2026/08/15 16:13:54.623, 5, 1, 12329, 22.41, 31
2026/08/15 16:13:56.623, 29, 5, 12313, 22.45, 31
2026/08/15 16:13:58.624, 27, 6, 12353, 22.50, 31
2026/08/15 16:14:00.624, 14, 1, 12325, 22.33, 31
2026/08/15 16:14:02.625, 16, 2, 12321, 22.47, 31
2026/08/15 16:14:04.628, 11, 3, 12277, 22.86, 30
2026/08/15 16:14:06.629, 22, 2, 12337, 22.92, 30
2026/08/15 16:14:08.630, 21, 2, 12273, 22.23, 30
2026/08/15 16:14:10.630, 31, 6, 12309, 22.70, 30
2026/08/15 16:14:12.631, 8, 1, 12317, 22.55, 30
2026/08/15 16:14:14.631, 37, 6, 12309, 23.20, 30
2026/08/15 16:14:16.632, 3, 1, 12309, 22.72, 30
2026/08/15 16:14:18.633, 0, 0, 12277, 23.31, 30
2026/08/15 16:14:20.633, 10, 1, 12321, 22.96, 30
2026/08/15 16:14:22.634, 13, 2, 12349, 23.37, 30
2026/08/15 16:14:24.634, 6, 0, 12329, 23.13, 30
2026/08/15 16:14:26.635, 13, 4, 12277, 23.25, 30
2026/08/15 16:14:28.635, 6, 1, 12341, 23.38, 30
2026/08/15 16:14:30.637, 37, 6, 12297, 23.15, 30
2026/08/15 16:14:32.638, 3, 1, 12317, 22.72, 30
2026/08/15 16:14:34.638, 30, 4, 12329, 22.39, 30
2026/08/15 16:14:36.639, 10, 1, 12337, 22.53, 30
2026/08/15 16:14:38.639, 7, 1, 12305, 21.93, 30
2026/08/15 16:14:40.640, 0, 0, 12293, 22.60, 30
2026/08/15 16:14:42.641, 21, 4, 12333, 23.53, 30
2026/08/15 16:14:44.643, 34, 5, 12313, 22.72, 30
2026/08/15 16:14:46.644, 4, 1, 12361, 22.66, 30
2026/08/15 16:14:48.644, 1, 1, 12297, 22.62, 30
2026/08/15 16:14:50.644, 17, 2, 12309, 22.63, 30
2026/08/15 16:14:52.645, 32, 7, 12317, 23.36, 30
2026/08/15 16:14:54.646, 2, 1, 12269, 23.21, 30
2026/08/15 16:14:56.646, 13, 1, 12297, 22.09, 30
2026/08/15 16:14:58.647, 6, 1, 12313, 22.81, 30
2026/08/15 16:15:00.649, 7, 1, 12305, 22.07, 30
2026/08/15 16:15:02.650, 27, 6, 12361, 22.70, 30
2026/08/15 16:15:04.651, 6, 0, 12301, 22.82, 30
2026/08/15 16:15:06.652, 9, 2, 12309, 22.50, 30
2026/08/15 16:15:08.653, 32, 7, 12329, 23.08, 30
2026/08/15 16:15:10.653, 6, 0, 12317, 22.56, 30
2026/08/15 16:15:12.654, 7, 1, 12329, 22.16, 30
2026/08/15 16:15:14.655, 26, 5, 12329, 21.85, 30
2026/08/15 16:15:16.655, 20, 3, 12309, 22.80, 30
2026/08/15 16:15:18.655, 42, 7, 12325, 22.92, 30
2026/08/15 16:15:20.656, 1, 0, 12293, 22.56, 30
2026/08/15 16:15:22.657, 17, 1, 12265, 22.71, 30
2026/08/15 16:15:24.657, 20, 4, 12329, 22.99, 30
2026/08/15 16:15:26.659, 20, 4, 12317, 22.80, 30
2026/08/15 16:15:28.660, 15, 1, 12313, 22.94, 30
2026/08/15 16:15:30.661, 34, 3, 12337, 22.75, 30
2026/08/15 16:15:32.661, 24, 4, 12297, 23.16, 30
2026/08/15 16:15:34.662, 43, 11, 12317, 23.34, 30
2026/08/15 16:15:36.662, 10, 2, 12285, 23.34, 30
2026/08/15 16:15:38.663, 11, 0, 12297, 23.30, 30
2026/08/15 16:15:40.663, 49, 10, 12321, 23.84, 30
2026/08/15 16:15:42.664, 12, 1, 12273, 23.01, 30
2026/08/15 16:15:44.664, 17, 2, 12341, 23.38, 30
2026/08/15 16:15:46.665, 37, 6, 12329, 23.34, 30
2026/08/15 16:15:48.665, 11, 2, 12353, 22.94, 30
2026/08/15 16:15:50.666, 26, 3, 12353, 23.86, 30
2026/08/15 16:15:52.666, 0, 0, 12313, 23.06, 30
2026/08/15 16:15:54.667, 10, 2, 12333, 23.06, 30
2026/08/15 16:15:56.667, 14, 3, 12329, 22.70, 30
2026/08/15 16:15:58.668, 0, 0, 12321, 22.91, 30
2026/08/15 16:16:00.668, 20, 2, 12325, 23.16, 30
2026/08/15 16:16:02.669, 21, 5, 12329, 23.77, 30
2026/08/15 16:16:04.669, 11, 1, 12325, 23.73, 30
2026/08/15 16:16:06.671, 22, 3, 12305, 22.87, 30
2026/08/15 16:16:08.672, 11, 2, 12297, 23.27, 30
2026/08/15 16:16:10.673, 15, 2, 12329, 23.83, 30
2026/08/15 16:16:12.673, 0, 0, 12313, 23.00, 30
2026/08/15 16:16:14.674, 6, 1, 12341, 23.65, 30
2026/08/15 16:16:16.674, 19, 1, 12301, 22.72, 30
2026/08/15 16:16:18.674, 13, 1, 12317, 23.11, 30
2026/08/15 16:16:20.675, 15, 3, 12309, 23.71, 30
2026/08/15 16:16:22.676, 0, 0, 12329, 22.48, 30
2026/08/15 16:16:24.676, 17, 2, 12325, 22.90, 30
2026/08/15 16:16:26.676, 4, 1, 12289, 24.01, 30
2026/08/15 16:16:28.677, 10, 1, 12349, 23.30, 30
2026/08/15 16:16:30.677, 26, 6, 12289, 23.79, 30
2026/08/15 16:16:32.678, 0, 0, 12317, 23.33, 30
2026/08/15 16:16:34.678, 4, 1, 12305, 23.34, 30
2026/08/15 16:16:36.679, 3, 1, 12329, 22.94, 30
2026/08/15 16:16:38.683, 12, 2, 12277, 23.71, 30
2026/08/15 16:16:40.684, 15, 2, 12321, 22.83, 30
2026/08/15 16:16:42.685, 10, 1, 12349, 23.16, 30
2026/08/15 16:16:44.686, 14, 2, 12329, 23.43, 30
2026/08/15 16:16:46.686, 5, 1, 12329, 22.75, 30
2026/08/15 16:16:48.686, 5, 1, 12277, 23.39, 30
2026/08/15 16:16:50.687, 8, 2, 12321, 23.55, 30
2026/08/15 16:16:52.687, 3, 1, 12301, 24.10, 30
2026/08/15 16:16:54.691, 0, 0, 12273, 23.76, 30
2026/08/15 16:16:56.691, 6, 1, 12329, 22.49, 30
2026/08/15 16:16:58.691, 20, 2, 12277, 23.64, 30
2026/08/15 16:17:00.692, 2, 1, 12349, 22.47, 30
2026/08/15 16:17:02.694, 30, 5, 12341, 23.27, 30
2026/08/15 16:17:04.694, 5, 1, 12325, 22.79, 30
2026/08/15 16:17:06.695, 2, 1, 12325, 22.70, 30
2026/08/15 16:17:08.695, 9, 2, 12329, 23.30, 30
2026/08/15 16:17:10.696, 10, 1, 12325, 22.46, 30
2026/08/15 16:17:12.697, 26, 3, 12269, 22.82, 30
2026/08/15 16:17:14.697, 9, 2, 12321, 22.91, 30
2026/08/15 16:17:16.698, 2, 0, 12325, 22.70, 30
2026/08/15 16:17:18.699, 23, 4, 12309, 22.67, 30
2026/08/15 16:17:20.700, 30, 5, 12349, 22.34, 30
2026/08/15 16:17:22.700, 8, 2, 12305, 22.90, 30
2026/08/15 16:17:24.701, 32, 5, 12329, 22.78, 30
2026/08/15 16:17:26.701, 18, 2, 12289, 23.14, 30
2026/08/15 16:17:28.703, 5, 1, 12309, 22.83, 30
2026/08/15 16:17:30.704, 10, 1, 12305, 22.59, 30
2026/08/15 16:17:32.704, 16, 2, 12329, 22.75, 30
2026/08/15 16:17:34.704, 35, 5, 12337, 23.03, 30
2026/08/15 16:17:36.705, 15, 2, 12281, 22.83, 30
2026/08/15 16:17:38.705, 8, 2, 12337, 22.77, 30
2026/08/15 16:17:40.706, 50, 8, 12349, 23.37, 30
2026/08/15 16:17:42.707, 18, 2, 12317, 23.68, 30
2026/08/15 16:17:44.707, 19, 2, 12329, 24.20, 30
2026/08/15 16:17:46.708, 17, 2, 12325, 24.07, 30
2026/08/15 16:17:48.709, 16, 2, 12277, 23.78, 30
2026/08/15 16:17:50.710, 26, 4, 12337, 23.24, 30
2026/08/15 16:17:52.711, 13, 2, 12297, 23.48, 30
2026/08/15 16:17:54.711, 16, 2, 12317, 23.25, 30
2026/08/15 16:17:56.712, 30, 6, 12349, 23.38, 30
2026/08/15 16:17:58.713, 30, 5, 12313, 23.29, 30
2026/08/15 16:18:00.713, 5, 0, 12317, 23.70, 30
2026/08/15 16:18:02.714, 9, 1, 12309, 23.94, 30
2026/08/15 16:18:04.714, 7, 1, 12325, 23.16, 30
2026/08/15 16:18:06.715, 30, 4, 12297, 23.44, 30
2026/08/15 16:18:08.716, 39, 5, 12305, 23.62, 30
2026/08/15 16:18:10.716, 9, 1, 12293, 24.60, 30
2026/08/15 16:18:12.717, 7, 2, 12285, 23.28, 30
2026/08/15 16:18:14.718, 20, 2, 12305, 23.27, 30
2026/08/15 16:18:16.718, 9, 1, 12309, 23.87, 30
2026/08/15 16:18:18.719, 22, 4, 12337, 23.91, 30
2026/08/15 16:18:20.720, 11, 2, 12309, 23.73, 30
2026/08/15 16:18:22.721, 21, 5, 12329, 24.69, 30
2026/08/15 16:18:24.721, 0, 0, 12309, 23.52, 30
2026/08/15 16:18:26.722, 14, 2, 12345, 23.72, 30
2026/08/15 16:18:28.722, 15, 2, 12305, 22.93, 30
2026/08/15 16:18:30.723, 20, 3, 12305, 22.55, 30
2026/08/15 16:18:32.723, 12, 1, 12325, 23.03, 30
2026/08/15 16:18:34.724, 16, 2, 12329, 22.60, 30
2026/08/15 16:18:36.724, 7, 1, 12305, 22.77, 30
2026/08/15 16:18:38.725, 0, 0, 12317, 22.64, 30
2026/08/15 16:18:40.726, 10, 1, 12337, 23.17, 30
2026/08/15 16:18:42.726, 10, 2, 12317, 23.59, 30
2026/08/15 16:18:44.730, 19, 3, 12369, 23.37, 30
2026/08/15 16:18:46.731, 38, 4, 12317, 23.09, 30
2026/08/15 16:18:48.731, 24, 2, 12297, 24.63, 30
2026/08/15 16:18:50.732, 10, 1, 12309, 23.24, 30
2026/08/15 16:18:52.732, 36, 6, 12321, 24.50, 30
2026/08/15 16:18:54.739, 3, 1, 12329, 23.14, 30
2026/08/15 16:18:56.740, 35, 5, 12293, 23.81, 30
2026/08/15 16:18:58.740, 37, 8, 12361, 23.88, 30
2026/08/15 16:19:00.741, 6, 1, 12313, 23.07, 30
2026/08/15 16:19:02.742, 16, 2, 12341, 23.21, 30
2026/08/15 16:19:04.743, 27, 3, 12325, 23.19, 30
2026/08/15 16:19:06.743, 23, 2, 12309, 23.24, 30
2026/08/15 16:19:08.744, 15, 2, 12369, 23.25, 30
2026/08/15 16:19:10.744, 29, 4, 12361, 23.25, 30
2026/08/15 16:19:12.745, 28, 3, 12301, 23.30, 30
2026/08/15 16:19:14.746, 38, 6, 12341, 23.42, 30
2026/08/15 16:19:16.747, 6, 1, 12317, 23.65, 30
2026/08/15 16:19:18.747, 18, 2, 12337, 23.59, 30
2026/08/15 16:19:20.748, 38, 5, 12325, 23.46, 30
2026/08/15 16:19:22.748, 25, 5, 12289, 23.79, 30
2026/08/15 16:19:24.749, 15, 3, 12329, 23.28, 30
2026/08/15 16:19:26.749, 15, 3, 12317, 23.69, 29
2026/08/15 16:19:28.750, 12, 2, 12289, 23.87, 29
2026/08/15 16:19:30.750, 31, 3, 12289, 24.15, 29
2026/08/15 16:19:32.751, 17, 1, 12333, 23.61, 29
2026/08/15 16:19:34.752, 5, 1, 12329, 23.61, 29
2026/08/15 16:19:36.752, 25, 4, 12325, 23.53, 29
2026/08/15 16:19:38.752, 0, 0, 12329, 23.27, 29
2026/08/15 16:19:40.753, 5, 1, 12277, 22.80, 29
2026/08/15 16:19:42.753, 15, 2, 12361, 23.52, 29
2026/08/15 16:19:44.754, 9, 1, 12305, 23.10, 29
2026/08/15 16:19:46.755, 7, 0, 12341, 22.55, 29
2026/08/15 16:19:48.755, 32, 6, 12337, 23.19, 29
2026/08/15 16:19:50.756, 9, 2, 12337, 23.00, 29
2026/08/15 16:19:52.757, 5, 1, 12329, 23.57, 29
2026/08/15 16:19:54.758, 6, 1, 12317, 23.36, 29
2026/08/15 16:19:56.759, 16, 2, 12309, 23.39, 29
2026/08/15 16:19:58.759, 0, 1, 12337, 22.46, 29
2026/08/15 16:20:00.759, 20, 3, 12305, 24.08, 29
2026/08/15 16:20:02.760, 0, 0, 12321, 23.00, 29
2026/08/15 16:20:04.761, 12, 2, 12341, 22.61, 29
2026/08/15 16:20:06.761, 7, 1, 12325, 23.40, 29
2026/08/15 16:20:08.761, 19, 2, 12329, 23.77, 29
2026/08/15 16:20:10.762, 7, 3, 12301, 22.93, 29
2026/08/15 16:20:12.763, 29, 3, 12285, 22.71, 29
2026/08/15 16:20:14.763, 15, 3, 12281, 22.59, 29
2026/08/15 16:20:16.764, 17, 4, 12321, 22.23, 29
2026/08/15 16:20:18.764, 1, 0, 12309, 23.14, 29
2026/08/15 16:20:20.765, 12, 2, 12341, 22.81, 29
2026/08/15 16:20:22.766, 17, 2, 12285, 22.80, 29
2026/08/15 16:20:24.769, 14, 1, 12317, 22.52, 29
2026/08/15 16:20:26.770, 22, 4, 12337, 22.54, 29
2026/08/15 16:20:28.770, 21, 4, 12297, 23.02, 29
2026/08/15 16:20:30.771, 11, 2, 12353, 23.57, 29
2026/08/15 16:20:32.771, 6, 2, 12321, 22.38, 29
2026/08/15 16:20:34.772, 37, 7, 12341, 22.83, 29
2026/08/15 16:20:36.773, 26, 2, 12325, 22.53, 29
2026/08/15 16:20:38.773, 4, 0, 12317, 22.47, 29
2026/08/15 16:20:40.774, 20, 4, 12297, 23.03, 29
2026/08/15 16:20:42.774, 33, 8, 12301, 24.20, 29
2026/08/15 16:20:44.775, 16, 2, 12361, 23.19, 29
2026/08/15 16:20:46.776, 13, 2, 12309, 22.96, 29
2026/08/15 16:20:48.776, 26, 4, 12341, 22.80, 29
2026/08/15 16:20:50.777, 5, 1, 12285, 22.59, 29
2026/08/15 16:20:52.777, 15, 1, 12321, 22.88, 29
2026/08/15 16:20:54.779, 9, 3, 12317, 22.10, 29
2026/08/15 16:20:56.780, 7, 1, 12281, 23.08, 29
2026/08/15 16:20:58.780, 16, 3, 12301, 23.21, 29
2026/08/15 16:21:00.781, 17, 2, 12349, 22.55, 29
2026/08/15 16:21:02.781, 17, 2, 12305, 22.64, 29
2026/08/15 16:21:04.782, 26, 6, 12341, 22.68, 29
2026/08/15 16:21:06.782, 3, 0, 12305, 22.47, 29
2026/08/15 16:21:08.783, 11, 2, 12361, 21.69, 29
2026/08/15 16:21:10.783, 32, 4, 12325, 22.57, 29
2026/08/15 16:21:12.786, 10, 3, 12329, 22.31, 29
2026/08/15 16:21:14.787, 24, 3, 12313, 22.17, 29
2026/08/15 16:21:16.787, 2, 1, 12269, 23.10, 29
2026/08/15 16:21:18.788, 0, 0, 12309, 22.74, 29
2026/08/15 16:21:20.788, 5, 1, 12297, 23.10, 29
2026/08/15 16:21:22.789, 9, 2, 12345, 22.52, 29
2026/08/15 16:21:24.789, 21, 4, 12329, 22.65, 29
2026/08/15 16:21:26.790, 1, 1, 12325, 22.39, 29
2026/08/15 16:21:28.791, 22, 4, 12341, 22.57, 29
2026/08/15 16:21:30.791, 20, 2, 12325, 22.25, 29
2026/08/15 16:21:32.791, 26, 3, 12277, 21.88, 29
2026/08/15 16:21:34.792, 21, 5, 12321, 22.51, 29
2026/08/15 16:21:36.792, 16, 2, 12337, 22.39, 29
2026/08/15 16:21:38.793, 16, 3, 12297, 22.90, 29
2026/08/15 16:21:40.793, 20, 2, 12329, 22.99, 29
2026/08/15 16:21:42.794, 17, 2, 12313, 22.41, 29
2026/08/15 16:21:44.795, 11, 1, 12317, 23.10, 29
2026/08/15 16:21:46.797, 6, 2, 12317, 22.85, 29
2026/08/15 16:21:48.797, 9, 1, 12297, 23.58, 29
2026/08/15 16:21:50.797, 17, 3, 12317, 22.95, 29
2026/08/15 16:21:52.798, 0, 0, 12309, 22.82, 29
2026/08/15 16:21:54.800, 22, 3, 12305, 22.29, 29
2026/08/15 16:21:56.801, 7, 1, 12301, 23.00, 29
2026/08/15 16:21:58.802, 9, 2, 12297, 22.35, 29
2026/08/15 16:22:00.803, 22, 3, 12333, 22.54, 29
2026/08/15 16:22:02.803, 35, 3, 12337, 22.55, 29
2026/08/15 16:22:04.804, 17, 2, 12329, 22.49, 29
2026/08/15 16:22:06.804, 38, 7, 12317, 23.01, 29
2026/08/15 16:22:08.805, 17, 2, 12317, 22.92, 29
2026/08/15 16:22:10.806, 9, 2, 12301, 22.61, 29
2026/08/15 16:22:12.806, 19, 3, 12309, 22.53, 29
2026/08/15 16:22:14.806, 12, 2, 12269, 22.88, 29
2026/08/15 16:22:16.807, 12, 3, 12309, 23.15, 29
2026/08/15 16:22:18.807, 21, 3, 12309, 23.19, 29
2026/08/15 16:22:20.808, 22, 4, 12269, 22.89, 29
2026/08/15 16:22:22.809, 21, 3, 12333, 23.46, 29
2026/08/15 16:22:24.809, 24, 4, 12317, 22.64, 29
2026/08/15 16:22:26.810, 9, 2, 12317, 23.55, 29
2026/08/15 16:22:28.811, 5, 0, 12305, 22.47, 29
2026/08/15 16:22:30.811, 14, 3, 12309, 22.63, 29
2026/08/15 16:22:32.813, 28, 5, 12317, 22.30, 29
2026/08/15 16:22:34.814, 33, 5, 12361, 22.83, 29
2026/08/15 16:22:36.816, 17, 1, 12293, 22.46, 29
2026/08/15 16:22:38.817, 0, 0, 12349, 24.02, 29
2026/08/15 16:22:40.819, 32, 5, 12313, 23.14, 29
2026/08/15 16:22:42.819, 42, 7, 12309, 23.21, 29
2026/08/15 16:22:44.820, 32, 6, 12329, 23.38, 29
2026/08/15 16:22:46.820, 48, 7, 12341, 22.87, 29
2026/08/15 16:22:48.821, 16, 1, 12325, 22.80, 29
2026/08/15 16:22:50.821, 26, 5, 12333, 23.64, 29
2026/08/15 16:22:52.822, 6, 2, 12297, 23.59, 29
2026/08/15 16:22:54.823, 37, 6, 12345, 23.33, 29
2026/08/15 16:22:56.823, 17, 3, 12293, 23.02, 29
2026/08/15 16:22:58.824, 8, 0, 12333, 22.64, 29
2026/08/15 16:23:00.824, 24, 4, 12377, 22.45, 29
2026/08/15 16:23:02.825, 13, 3, 12285, 23.10, 29
2026/08/15 16:23:04.826, 25, 5, 12349, 23.47, 29
2026/08/15 16:23:06.827, 36, 4, 12289, 24.00, 29
2026/08/15 16:23:08.827, 4, 1, 12309, 23.13, 29
2026/08/15 16:23:10.827, 16, 3, 12285, 22.17, 29
2026/08/15 16:23:12.828, 10, 0, 12305, 22.90, 29
2026/08/15 16:23:14.828, 7, 1, 12301, 23.28, 29
2026/08/15 16:23:16.829, 20, 5, 12317, 22.66, 29
2026/08/15 16:23:18.830, 31, 5, 12345, 22.42, 29
2026/08/15 16:23:20.831, 19, 3, 12289, 22.97, 29
2026/08/15 16:23:22.831, 9, 2, 12289, 22.54, 29
2026/08/15 16:23:24.832, 8, 1, 12361, 23.62, 29
2026/08/15 16:23:26.833, 15, 1, 12293, 22.54, 29
2026/08/15 16:23:28.833, 11, 1, 12341, 22.26, 29
2026/08/15 16:23:30.834, 25, 3, 12305, 22.67, 29
2026/08/15 16:23:32.835, 12, 1, 12305, 21.88, 29
2026/08/15 16:23:34.835, 1, 1, 12305, 22.75, 29
2026/08/15 16:23:36.835, 1, 1, 12305, 22.75, 29
2026/08/15 16:23:38.836, 16, 2, 12337, 22.67, 29
2026/08/15 16:23:40.836, 4, 0, 12309, 22.54, 29
2026/08/15 16:23:42.837, 18, 2, 12305, 23.04, 29
2026/08/15 16:23:44.838, 57, 11, 12341, 22.99, 29
2026/08/15 16:23:46.838, 27, 4, 12337, 22.61, 29
2026/08/15 16:23:48.839, 29, 5, 12333, 22.70, 29
2026/08/15 16:23:50.840, 5, 1, 12301, 22.38, 29
2026/08/15 16:23:52.841, 20, 4, 12309, 23.24, 29
2026/08/15 16:23:54.847, 4, 1, 12325, 22.00, 29
2026/08/15 16:23:56.848, 13, 2, 12325, 22.98, 29
2026/08/15 16:23:58.848, 7, 2, 12309, 23.08, 29
2026/08/15 16:24:00.848, 9, 2, 12329, 23.10, 29
2026/08/15 16:24:02.849, 8, 2, 12297, 23.62, 29
2026/08/15 16:24:04.850, 6, 1, 12333, 22.93, 29
2026/08/15 16:24:06.851, 16, 1, 12325, 22.47, 29
2026/08/15 16:24:08.852, 12, 4, 12261, 22.98, 29
2026/08/15 16:24:10.852, 6, 1, 12341, 23.07, 29
2026/08/15 16:24:12.853, 19, 3, 12305, 22.94, 29
2026/08/15 16:24:14.853, 15, 3, 12337, 23.14, 29
2026/08/15 16:24:16.854, 4, 1, 12297, 22.60, 29
2026/08/15 16:24:18.854, 24, 4, 12253, 22.76, 29
2026/08/15 16:24:20.854, 33, 6, 12341, 22.81, 29
2026/08/15 16:24:22.860, 3, 1, 12329, 23.14, 29
2026/08/15 16:24:24.861, 3, 1, 12305, 23.09, 29
2026/08/15 16:24:26.863, 6, 1, 12329, 23.53, 29
2026/08/15 16:24:28.863, 14, 2, 12293, 22.51, 29
2026/08/15 16:24:30.864, 9, 2, 12301, 23.13, 29
2026/08/15 16:24:32.866, 15, 2, 12317, 22.83, 29
2026/08/15 16:24:34.866, 24, 5, 12293, 23.06, 29
2026/08/15 16:24:36.866, 0, 0, 12325, 23.26, 29
2026/08/15 16:24:38.867, 11, 1, 12329, 22.65, 29
2026/08/15 16:24:40.868, 10, 2, 12309, 22.41, 29
2026/08/15 16:24:42.868, 25, 3, 12329, 22.57, 29
2026/08/15 16:24:44.869, 16, 2, 12305, 22.88, 29
2026/08/15 16:24:46.870, 11, 2, 12273, 23.21, 29
2026/08/15 16:24:48.871, 13, 2, 12301, 23.16, 29
2026/08/15 16:24:50.872, 0, 0, 12337, 22.65, 29
2026/08/15 16:24:52.873, 8, 2, 12301, 22.31, 29
2026/08/15 16:24:54.873, 31, 6, 12341, 22.33, 29
2026/08/15 16:24:56.874, 13, 2, 12293, 22.53, 29
2026/08/15 16:24:58.874, 20, 4, 12301, 23.59, 29
2026/08/15 16:25:00.875, 9, 1, 12313, 22.95, 29
2026/08/15 16:25:02.876, 4, 1, 12329, 22.52, 29
2026/08/15 16:25:04.877, 3, 0, 12337, 22.64, 29
2026/08/15 16:25:06.878, 5, 1, 12273, 22.77, 29
2026/08/15 16:25:08.878, 19, 3, 12313, 23.13, 29
2026/08/15 16:25:10.879, 8, 1, 12345, 22.55, 29
2026/08/15 16:25:12.880, 10, 1, 12293, 22.73, 29
2026/08/15 16:25:14.881, 3, 1, 12353, 22.84, 29
2026/08/15 16:25:16.881, 26, 2, 12313, 22.61, 29
2026/08/15 16:25:18.882, 9, 2, 12277, 23.20, 29
2026/08/15 16:25:20.882, 13, 2, 12353, 23.37, 29
2026/08/15 16:25:22.885, 14, 2, 12273, 22.81, 29
2026/08/15 16:25:24.886, 19, 3, 12309, 23.24, 29
2026/08/15 16:25:26.886, 31, 4, 12337, 23.15, 29
2026/08/15 16:25:28.887, 25, 4, 12289, 23.36, 29
2026/08/15 16:25:30.887, 5, 0, 12305, 23.14, 29
2026/08/15 16:25:32.887, 29, 4, 12329, 23.76, 29
2026/08/15 16:25:34.888, 30, 5, 12309, 23.35, 29
2026/08/15 16:25:36.888, 15, 2, 12333, 22.83, 29
2026/08/15 16:25:38.889, 7, 1, 12313, 23.04, 29
2026/08/15 16:25:40.889, 18, 4, 12297, 23.10, 29
2026/08/15 16:25:42.890, 20, 5, 12349, 22.88, 29
2026/08/15 16:25:44.890, 15, 2, 12329, 23.56, 29
2026/08/15 16:25:46.890, 42, 5, 12329, 23.28, 29
2026/08/15 16:25:48.891, 26, 3, 12293, 23.45, 29
2026/08/15 16:25:50.891, 17, 3, 12329, 23.03, 29
2026/08/15 16:25:52.892, 7, 1, 12297, 23.42, 29
2026/08/15 16:25:54.892, 7, 2, 12289, 23.96, 30
2026/08/15 16:25:56.893, 4, 1, 12329, 23.45, 30
2026/08/15 16:25:58.893, 5, 1, 12357, 23.26, 30
2026/08/15 16:26:00.893, 5, 1, 12297, 23.26, 30
2026/08/15 16:26:02.894, 6, 1, 12329, 22.82, 30
2026/08/15 16:26:04.894, 0, 0, 12289, 23.41, 30
2026/08/15 16:26:06.895, 18, 2, 12305, 23.03, 30
2026/08/15 16:26:08.895, 3, 0, 12329, 22.68, 30
2026/08/15 16:26:10.896, 7, 1, 12337, 22.91, 30
2026/08/15 16:26:12.896, 0, 0, 12297, 22.96, 30
2026/08/15 16:26:14.897, 11, 1, 12297, 22.64, 30
2026/08/15 16:26:16.897, 23, 5, 12367, 23.31, 30
2026/08/15 16:26:18.898, 15, 2, 12315, 23.00, 30
2026/08/15 16:26:20.899, 14, 2, 12387, 23.40, 30
2026/08/15 16:26:22.899, 6, 0, 12395, 22.93, 30
2026/08/15 16:26:24.900, 13, 2, 12339, 23.17, 30
2026/08/15 16:26:26.900, 18, 3, 12291, 23.61, 30
2026/08/15 16:26:28.901, 7, 1, 12299, 24.18, 30
2026/08/15 16:26:30.902, 10, 1, 12331, 23.25, 30
2026/08/15 16:26:32.903, 24, 2, 12319, 23.56, 30
2026/08/15 16:26:34.905, 3, 1, 12343, 23.54, 30
2026/08/15 16:26:36.905, 7, 1, 12243, 23.51, 30
2026/08/15 16:26:38.906, 0, 0, 12319, 22.57, 30
2026/08/15 16:26:40.909, 5, 1, 12307, 23.52, 30
2026/08/15 16:26:42.910, 15, 2, 12291, 23.43, 30
2026/08/15 16:26:44.911, 6, 1, 12315, 22.60, 30
2026/08/15 16:26:46.912, 44, 5, 12339, 23.50, 30
2026/08/15 16:26:48.912, 12, 1, 12323, 23.31, 30
2026/08/15 16:26:50.915, 14, 1, 12307, 23.21, 30
2026/08/15 16:26:52.916, 0, 0, 12399, 24.03, 30
2026/08/15 16:26:54.916, 9, 2, 12343, 22.32, 30
2026/08/15 16:26:56.917, 14, 2, 12287, 22.92, 30
2026/08/15 16:26:58.917, 15, 2, 12343, 22.80, 30
2026/08/15 16:27:00.918, 14, 1, 12291, 22.98, 30
2026/08/15 16:27:02.918, 9, 1, 12339, 22.93, 30
2026/08/15 16:27:04.919, 14, 1, 12367, 23.84, 30
2026/08/15 16:27:06.920, 10, 1, 12279, 23.26, 30
2026/08/15 16:27:08.921, 10, 1, 12323, 23.38, 31
2026/08/15 16:27:10.921, 14, 2, 12299, 23.94, 31
2026/08/15 16:27:12.921, 5, 1, 12319, 23.90, 31
2026/08/15 16:27:14.922, 26, 2, 12299, 23.73, 31
2026/08/15 16:27:16.925, 41, 5, 12307, 24.10, 31
2026/08/15 16:27:18.925, 25, 4, 12299, 23.77, 31
2026/08/15 16:27:20.926, 6, 0, 12327, 23.49, 31
2026/08/15 16:27:22.926, 39, 7, 12363, 23.97, 31
2026/08/15 16:27:24.927, 9, 1, 12343, 23.39, 31
2026/08/15 16:27:26.927, 26, 3, 12335, 23.08, 31
2026/08/15 16:27:28.928, 4, 1, 12279, 23.35, 31
2026/08/15 16:27:30.928, 0, 0, 12291, 22.94, 31
2026/08/15 16:27:32.929, 12, 1, 12279, 23.66, 31
2026/08/15 16:27:34.929, 30, 6, 12359, 23.99, 31
2026/08/15 16:27:36.930, 27, 5, 12335, 23.34, 31
2026/08/15 16:27:38.930, 31, 4, 12307, 22.87, 31
2026/08/15 16:27:40.935, 17, 3, 12307, 22.99, 31
2026/08/15 16:27:42.936, 18, 3, 12311, 23.39, 31
2026/08/15 16:27:44.936, 2, 1, 12291, 23.09, 31
2026/08/15 16:27:46.937, 22, 4, 12315, 23.40, 31
2026/08/15 16:27:48.937, 0, 0, 12323, 22.37, 31
2026/08/15 16:27:50.937, 5, 0, 12287, 23.02, 31
2026/08/15 16:27:52.939, 4, 1, 12331, 22.72, 31
2026/08/15 16:27:54.940, 17, 2, 12319, 22.39, 31
2026/08/15 16:27:56.940, 5, 1, 12299, 23.70, 31
2026/08/15 16:27:58.941, 8, 1, 12303, 23.24, 31
2026/08/15 16:28:00.944, 3, 0, 12327, 23.21, 31
2026/08/15 16:28:02.945, 9, 1, 12307, 22.67, 31
2026/08/15 16:28:04.951, 4, 0, 12311, 22.48, 31
2026/08/15 16:28:06.952, 16, 3, 12319, 22.91, 31
2026/08/15 16:28:08.953, 0, 0, 12331, 22.38, 31
2026/08/15 16:28:10.953, 10, 2, 12351, 23.41, 31
2026/08/15 16:28:12.954, 1, 1, 12303, 22.52, 31
2026/08/15 16:28:14.954, 14, 3, 12311, 22.75, 31
2026/08/15 16:28:16.955, 13, 1, 12319, 23.63, 31
2026/08/15 16:28:18.956, 11, 1, 12331, 23.20, 31
2026/08/15 16:28:20.956, 45, 8, 12331, 22.95, 31
2026/08/15 16:28:22.957, 0, 0, 12299, 22.67, 31
2026/08/15 16:28:24.957, 10, 1, 12301, 23.10, 31
2026/08/15 16:28:26.957, 8, 1, 12333, 22.86, 31
2026/08/15 16:28:28.958, 18, 3, 12333, 23.26, 31
2026/08/15 16:28:30.960, 28, 5, 12309, 22.86, 31
2026/08/15 16:28:32.961, 15, 2, 12377, 23.13, 31
2026/08/15 16:28:34.962, 1, 1, 12341, 23.12, 31
2026/08/15 16:28:36.962, 24, 6, 12341, 22.83, 31
2026/08/15 16:28:38.962, 20, 2, 12353, 23.21, 31
2026/08/15 16:28:40.963, 4, 1, 12321, 22.81, 31
2026/08/15 16:28:42.964, 24, 3, 12365, 22.55, 31
2026/08/15 16:28:44.965, 29, 4, 12305, 22.64, 31
2026/08/15 16:28:46.965, 10, 1, 12293, 22.92, 31
2026/08/15 16:28:48.966, 1, 1, 12353, 23.58, 31
2026/08/15 16:28:50.969, 5, 1, 12329, 22.80, 31
2026/08/15 16:28:52.970, 36, 9, 12345, 22.89, 31
2026/08/15 16:28:54.970, 27, 4, 12341, 22.74, 31
2026/08/15 16:28:56.971, 13, 1, 12353, 23.78, 31
2026/08/15 16:28:58.971, 26, 4, 12337, 23.01, 32
2026/08/15 16:29:00.971, 4, 1, 12277, 23.39, 32
2026/08/15 16:29:02.972, 3, 1, 12325, 23.03, 32
2026/08/15 16:29:04.972, 32, 8, 12313, 23.33, 32
2026/08/15 16:29:06.973, 26, 4, 12313, 23.34, 32
2026/08/15 16:29:08.974, 32, 5, 12365, 22.36, 32
2026/08/15 16:29:10.974, 33, 5, 12325, 23.06, 32
2026/08/15 16:29:12.975, 1, 1, 12321, 23.06, 32
2026/08/15 16:29:14.975, 19, 4, 12317, 22.53, 32
2026/08/15 16:29:16.976, 4, 0, 12325, 23.21, 32
2026/08/15 16:29:18.976, 19, 4, 12325, 23.13, 32
2026/08/15 16:29:20.977, 14, 2, 12313, 22.99, 32
2026/08/15 16:29:22.983, 27, 5, 12305, 23.34, 32
2026/08/15 16:29:24.984, 37, 7, 12345, 23.16, 32
2026/08/15 16:29:26.985, 38, 6, 12347, 22.87, 32
2026/08/15 16:29:28.985, 40, 9, 12263, 23.14, 32
2026/08/15 16:29:30.986, 3, 2, 12251, 22.64, 32
2026/08/15 16:29:32.987, 2, 1, 12279, 24.16, 32
2026/08/15 16:29:34.987, 6, 1, 12291, 23.03, 32
2026/08/15 16:29:36.988, 2, 0, 12319, 23.20, 32
2026/08/15 16:29:38.988, 8, 2, 12367, 22.89, 32
2026/08/15 16:29:40.989, 4, 1, 12323, 22.43, 32
2026/08/15 16:29:42.990, 36, 5, 12355, 22.87, 32
2026/08/15 16:29:44.990, 39, 5, 12319, 22.82, 32
2026/08/15 16:29:46.991, 3, 1, 12327, 23.83, 32
2026/08/15 16:29:48.991, 17, 2, 12323, 22.61, 32
2026/08/15 16:29:50.992, 5, 1, 12323, 23.10, 32
2026/08/15 16:29:52.992, 10, 2, 12327, 23.37, 32
2026/08/15 16:29:54.993, 35, 6, 12323, 23.09, 32
2026/08/15 16:29:56.994, 3, 0, 12351, 23.27, 32
2026/08/15 16:29:58.995, 2, 1, 12323, 22.70, 32
2026/08/15 16:30:00.995, 18, 3, 12347, 23.40, 32
2026/08/15 16:30:02.996, 3, 0, 12331, 22.48, 32
2026/08/15 16:30:04.996, 12, 2, 12303, 23.19, 32
2026/08/15 16:30:06.996, 10, 1, 12315, 22.72, 32
2026/08/15 16:30:08.997, 9, 1, 12343, 23.09, 32
2026/08/15 16:30:10.997, 3, 0, 12343, 22.75, 32
2026/08/15 16:30:12.998, 25, 2, 12323, 21.86, 32
2026/08/15 16:30:15.000, 9, 1, 12315, 22.20, 32
2026/08/15 16:30:17.001, 26, 4, 12335, 22.38, 32
2026/08/15 16:30:19.001, 32, 6, 12307, 23.33, 32
2026/08/15 16:30:21.002, 13, 1, 12339, 22.87, 32
2026/08/15 16:30:23.002, 17, 3, 12315, 22.59, 32
2026/08/15 16:30:25.003, 0, 0, 12347, 22.93, 32
2026/08/15 16:30:27.003, 18, 3, 12335, 22.93, 32
2026/08/15 16:30:29.004, 0, 0, 12283, 22.76, 32
2026/08/15 16:30:31.004, 29, 4, 12307, 23.33, 32
2026/08/15 16:30:33.005, 0, 0, 12339, 22.41, 32
2026/08/15 16:30:35.005, 20, 4, 12259, 23.32, 32
2026/08/15 16:30:37.006, 8, 1, 12335, 22.50, 32
2026/08/15 16:30:39.006, 31, 4, 12327, 23.56, 32
2026/08/15 16:30:41.007, 27, 4, 12323, 22.82, 32
2026/08/15 16:30:43.011, 14, 2, 12303, 22.31, 32
2026/08/15 16:30:45.012, 9, 0, 12323, 22.44, 32
2026/08/15 16:30:47.012, 10, 1, 12263, 22.40, 32
2026/08/15 16:30:49.012, 7, 1, 12327, 22.79, 32
2026/08/15 16:30:51.013, 12, 2, 12315, 22.80, 32
2026/08/15 16:30:53.013, 13, 3, 12327, 22.50, 32
2026/08/15 16:30:55.014, 4, 1, 12359, 22.78, 32
2026/08/15 16:30:57.014, 30, 5, 12323, 22.33, 33
2026/08/15 16:30:59.015, 14, 2, 12315, 22.80, 33
2026/08/15 16:31:01.016, 5, 1, 12335, 22.98, 33
2026/08/15 16:31:03.016, 39, 4, 12279, 22.51, 33
2026/08/15 16:31:05.017, 5, 1, 12339, 22.90, 33
2026/08/15 16:31:07.018, 10, 1, 12295, 23.76, 33
2026/08/15 16:31:09.020, 4, 1, 12291, 22.43, 33
2026/08/15 16:31:11.020, 1, 1, 12287, 22.88, 33
2026/08/15 16:31:13.020, 27, 5, 12327, 23.31, 33
2026/08/15 16:31:15.021, 2, 0, 12311, 23.12, 33
2026/08/15 16:31:17.023, 23, 4, 12315, 23.83, 33
2026/08/15 16:31:19.024, 0, 0, 12303, 22.79, 33
2026/08/15 16:31:21.025, 0, 0, 12343, 22.40, 33
2026/08/15 16:31:23.025, 6, 1, 12343, 23.10, 33
2026/08/15 16:31:25.026, 8, 2, 12335, 23.66, 33
2026/08/15 16:31:27.026, 27, 4, 12331, 23.29, 33
2026/08/15 16:31:29.027, 10, 2, 12287, 23.28, 33
2026/08/15 16:31:31.028, 16, 1, 12343, 23.26, 33
2026/08/15 16:31:33.029, 42, 6, 12335, 23.27, 33
2026/08/15 16:31:35.029, 0, 0, 12303, 22.73, 33
2026/08/15 16:31:37.029, 25, 5, 12315, 23.23, 33
2026/08/15 16:31:39.030, 13, 2, 12335, 23.16, 33
2026/08/15 16:31:41.030, 15, 2, 12291, 22.85, 33
2026/08/15 16:31:43.031, 2, 1, 12319, 23.38, 33
2026/08/15 16:31:45.032, 9, 2, 12295, 22.82, 33
2026/08/15 16:31:47.032, 13, 2, 12307, 23.69, 33
2026/08/15 16:31:49.033, 30, 4, 12303, 22.86, 33
2026/08/15 16:31:51.033, 18, 2, 12287, 23.80, 33
2026/08/15 16:31:53.034, 12, 1, 12323, 23.30, 33
2026/08/15 16:31:55.037, 20, 2, 12303, 22.92, 33
2026/08/15 16:31:57.041, 25, 5, 12291, 22.45, 33
2026/08/15 16:31:59.042, 34, 3, 12315, 23.41, 33
2026/08/15 16:32:01.042, 7, 1, 12271, 23.28, 33
2026/08/15 16:32:03.043, 0, 0, 12327, 21.77, 33
2026/08/15 16:32:12.042, 12, 1, 12315, 23.93, 33
2026/08/15 16:32:14.042, 8, 3, 12287, 24.05, 33
2026/08/15 16:32:16.043, 4, 1, 12319, 23.85, 33
2026/08/15 16:32:18.043, 27, 3, 12283, 22.74, 33
2026/08/15 16:32:20.044, 16, 2, 12335, 23.18, 33
2026/08/15 16:32:22.044, 14, 2, 12379, 24.10, 33
2026/08/15 16:32:24.045, 27, 4, 12331, 23.84, 33
2026/08/15 16:32:26.045, 7, 1, 12347, 24.06, 33
2026/08/15 16:32:28.046, 10, 2, 12303, 23.14, 33
2026/08/15 16:32:30.046, 17, 3, 12275, 23.11, 33
2026/08/15 16:32:32.047, 6, 0, 12335, 23.40, 33
2026/08/15 16:32:34.049, 19, 4, 12291, 22.99, 33
2026/08/15 16:32:36.049, 30, 5, 12347, 22.78, 33
2026/08/15 16:32:38.050, 30, 6, 12335, 22.66, 33
2026/08/15 16:32:40.051, 3, 1, 12355, 23.44, 33
2026/08/15 16:32:42.051, 12, 1, 12271, 23.23, 33
2026/08/15 16:32:44.052, 7, 2, 12327, 22.71, 33
2026/08/15 16:32:46.052, 19, 1, 12315, 23.10, 33
2026/08/15 16:32:48.053, 2, 1, 12315, 23.82, 33
2026/08/15 16:32:50.053, 13, 2, 12307, 23.27, 33
2026/08/15 16:32:52.054, 38, 5, 12331, 23.31, 33
2026/08/15 16:32:54.055, 24, 3, 12311, 22.88, 33
2026/08/15 16:32:56.055, 40, 6, 12323, 23.57, 33
2026/08/15 16:32:58.055, 35, 4, 12303, 23.08, 33
2026/08/15 16:33:00.056, 24, 3, 12307, 22.67, 33
2026/08/15 16:33:02.056, 10, 0, 12311, 22.82, 33
2026/08/15 16:33:04.057, 11, 1, 12315, 22.44, 33
2026/08/15 16:33:06.057, 13, 1, 12295, 23.04, 33
2026/08/15 16:33:08.057, 10, 3, 12295, 23.02, 33
2026/08/15 16:33:10.064, 10, 1, 12303, 22.73, 33
2026/08/15 16:33:12.065, 11, 3, 12319, 23.17, 33
2026/08/15 16:33:14.066, 38, 7, 12323, 23.12, 33
2026/08/15 16:33:16.066, 0, 0, 12315, 23.40, 33
2026/08/15 16:33:18.067, 3, 1, 12315, 23.51, 33
2026/08/15 16:33:20.068, 5, 1, 12291, 23.36, 33
2026/08/15 16:33:22.068, 24, 3, 12339, 23.60, 33
2026/08/15 16:33:24.069, 3, 1, 12311, 22.65, 33
2026/08/15 16:33:26.069, 15, 2, 12319, 23.26, 33
2026/08/15 16:33:28.070, 18, 3, 12347, 23.08, 33
2026/08/15 16:33:30.070, 22, 3, 12311, 22.62, 33
2026/08/15 16:33:32.071, 22, 4, 12359, 24.13, 33
2026/08/15 16:33:34.072, 31, 4, 12343, 23.70, 33
2026/08/15 16:33:36.073, 14, 3, 12319, 23.87, 33
2026/08/15 16:33:38.074, 12, 1, 12355, 23.69, 33
2026/08/15 16:33:40.079, 47, 6, 12311, 23.39, 33
2026/08/15 16:33:42.080, 26, 4, 12347, 23.25, 32
2026/08/15 16:33:44.082, 26, 3, 12303, 22.65, 32
2026/08/15 16:33:46.082, 2, 1, 12295, 22.83, 32
2026/08/15 16:33:48.085, 18, 2, 12323, 23.04, 32
2026/08/15 16:33:50.086, 21, 4, 12359, 22.92, 32
2026/08/15 16:33:52.086, 12, 2, 12295, 22.99, 32
2026/08/15 16:33:54.087, 14, 2, 12327, 23.43, 32
2026/08/15 16:33:56.087, 17, 1, 12291, 22.81, 32
2026/08/15 16:33:58.087, 19, 2, 12295, 22.94, 32
2026/08/15 16:34:00.088, 16, 2, 12335, 22.86, 32
2026/08/15 16:34:02.088, 4, 1, 12311, 22.75, 32
2026/08/15 16:34:04.089, 11, 2, 12327, 23.67, 32
2026/08/15 16:34:06.089, 16, 1, 12355, 22.93, 32
2026/08/15 16:34:08.091, 5, 0, 12335, 23.27, 32
2026/08/15 16:34:10.092, 16, 1, 12307, 23.09, 32
2026/08/15 16:34:12.093, 3, 1, 12323, 22.97, 32
2026/08/15 16:34:14.093, 7, 1, 12327, 23.53, 32
2026/08/15 16:34:16.093, 16, 2, 12311, 22.98, 32
2026/08/15 16:34:18.094, 23, 4, 12287, 23.41, 32
2026/08/15 16:34:20.094, 2, 0, 12343, 23.59, 32
2026/08/15 16:34:22.095, 22, 2, 12323, 23.70, 32
2026/08/15 16:34:24.095, 28, 4, 12279, 22.92, 32
2026/08/15 16:34:26.096, 19, 3, 12307, 23.33, 32
2026/08/15 16:34:28.097, 9, 1, 12315, 23.04, 32
2026/08/15 16:34:30.097, 0, 0, 12295, 22.89, 32
2026/08/15 16:34:32.098, 32, 4, 12347, 23.50, 32
2026/08/15 16:34:34.098, 9, 1, 12331, 22.77, 32
2026/08/15 16:34:36.099, 17, 2, 12343, 22.81, 32
2026/08/15 16:34:38.099, 0, 1, 12303, 23.09, 32
2026/08/15 16:34:40.102, 3, 1, 12343, 22.88, 32
2026/08/15 16:34:42.103, 13, 3, 12327, 24.14, 32
2026/08/15 16:34:44.103, 9, 2, 12311, 23.16, 32
2026/08/15 16:34:46.104, 5, 1, 12315, 23.40, 32
2026/08/15 16:34:48.104, 14, 2, 12327, 23.77, 32
2026/08/15 16:34:50.105, 35, 3, 12311, 23.01, 32
2026/08/15 16:34:52.105, 23, 4, 12327, 23.11, 32
2026/08/15 16:34:54.106, 4, 1, 12323, 23.45, 32
2026/08/15 16:34:56.106, 28, 3, 12319, 23.09, 32
2026/08/15 16:34:58.106, 5, 1, 12303, 24.07, 32
2026/08/15 16:35:00.107, 18, 3, 12335, 23.03, 32
2026/08/15 16:35:02.108, 44, 6, 12343, 23.23, 32
2026/08/15 16:35:04.108, 8, 2, 12359, 23.42, 31
2026/08/15 16:35:06.111, 18, 2, 12307, 22.39, 31
2026/08/15 16:35:08.112, 21, 2, 12307, 22.98, 31
2026/08/15 16:35:10.113, 4, 0, 12367, 23.09, 31
2026/08/15 16:35:12.113, 14, 2, 12311, 23.06, 31
2026/08/15 16:35:14.114, 9, 2, 12307, 22.10, 31
2026/08/15 16:35:16.115, 19, 3, 12355, 23.11, 31
2026/08/15 16:35:18.116, 21, 2, 12321, 22.29, 31
2026/08/15 16:35:20.116, 2, 1, 12349, 23.87, 31
2026/08/15 16:35:22.117, 12, 1, 12357, 23.13, 31
2026/08/15 16:35:24.118, 0, 0, 12293, 22.75, 31
2026/08/15 16:35:26.119, 23, 2, 12357, 23.25, 31
2026/08/15 16:35:28.119, 10, 2, 12353, 23.00, 31
2026/08/15 16:35:30.120, 10, 2, 12325, 22.72, 31
2026/08/15 16:35:32.120, 15, 2, 12357, 22.57, 31
2026/08/15 16:35:34.121, 0, 0, 12345, 22.61, 31
2026/08/15 16:35:36.122, 11, 3, 12313, 22.22, 31
2026/08/15 16:35:38.123, 17, 1, 12361, 22.09, 31
2026/08/15 16:35:40.124, 13, 2, 12305, 22.57, 31
2026/08/15 16:35:42.125, 1, 1, 12313, 22.37, 31
2026/08/15 16:35:44.125, 34, 4, 12357, 22.75, 31
2026/08/15 16:35:46.125, 21, 3, 12317, 23.32, 31
2026/08/15 16:35:48.126, 13, 3, 12369, 23.57, 31
2026/08/15 16:35:50.127, 7, 1, 12333, 22.99, 31
2026/08/15 16:35:52.128, 45, 8, 12365, 22.90, 31
2026/08/15 16:35:54.128, 8, 2, 12309, 23.63, 31
2026/08/15 16:35:56.129, 30, 4, 12369, 24.41, 31
2026/08/15 16:35:58.129, 10, 3, 12317, 23.56, 31
2026/08/15 16:36:00.130, 10, 1, 12337, 23.81, 31
2026/08/15 16:36:02.130, 46, 6, 12341, 22.78, 31
2026/08/15 16:36:04.131, 4, 1, 12325, 22.78, 31
2026/08/15 16:36:06.131, 10, 2, 12337, 23.35, 31
2026/08/15 16:36:08.132, 19, 2, 12329, 22.82, 31
2026/08/15 16:36:10.132, 18, 2, 12333, 23.40, 31
2026/08/15 16:36:12.135, 0, 0, 12365, 23.83, 31
2026/08/15 16:36:14.140, 12, 1, 12317, 23.78, 31
2026/08/15 16:36:16.141, 0, 0, 12265, 22.72, 31
2026/08/15 16:36:18.142, 23, 5, 12341, 24.55, 31
2026/08/15 16:36:20.142, 19, 3, 12313, 23.07, 31
2026/08/15 16:36:22.143, 14, 2, 12305, 22.89, 31
2026/08/15 16:36:24.144, 15, 2, 12345, 23.12, 31
2026/08/15 16:36:26.145, 41, 9, 12329, 22.95, 31
2026/08/15 16:36:28.146, 19, 3, 12345, 22.67, 31
2026/08/15 16:36:30.146, 5, 2, 12349, 23.72, 31
2026/08/15 16:36:32.147, 33, 7, 12369, 22.75, 31
2026/08/15 16:36:34.149, 27, 2, 12317, 22.78, 31
2026/08/15 16:36:36.150, 15, 2, 12349, 22.50, 31
2026/08/15 16:36:38.151, 32, 6, 12297, 22.52, 31
2026/08/15 16:36:40.151, 0, 0, 12309, 23.05, 31
2026/08/15 16:36:42.152, 12, 1, 12325, 22.86, 31
2026/08/15 16:36:44.152, 23, 4, 12349, 23.17, 31
2026/08/15 16:36:46.153, 14, 1, 12325, 22.89, 31
2026/08/15 16:36:48.153, 21, 3, 12369, 23.33, 31
2026/08/15 16:36:50.154, 11, 2, 12345, 22.91, 30
2026/08/15 16:36:52.154, 2, 1, 12313, 23.78, 30
2026/08/15 16:36:54.154, 10, 2, 12349, 23.68, 30
2026/08/15 16:36:56.155, 6, 1, 12325, 22.95, 30
2026/08/15 16:36:58.155, 7, 0, 12313, 24.23, 30
2026/08/15 16:37:00.156, 6, 1, 12357, 24.26, 30
2026/08/15 16:37:02.156, 4, 0, 12313, 23.18, 30
2026/08/15 16:37:04.156, 0, 0, 12309, 23.24, 30
2026/08/15 16:37:06.157, 26, 4, 12329, 23.35, 30
2026/08/15 16:37:08.157, 2, 1, 12317, 23.47, 30
2026/08/15 16:37:10.158, 15, 3, 12297, 23.78, 30
2026/08/15 16:37:12.158, 23, 3, 12333, 23.03, 30
2026/08/15 16:37:14.159, 3, 0, 12333, 23.09, 30
2026/08/15 16:37:16.159, 16, 1, 12337, 23.27, 30
2026/08/15 16:37:18.160, 0, 0, 12345, 22.89, 30
2026/08/15 16:37:20.160, 6, 1, 12313, 23.12, 30
2026/08/15 16:37:22.160, 12, 1, 12301, 23.08, 30
2026/08/15 16:37:24.161, 12, 2, 12329, 23.19, 30
2026/08/15 16:37:26.161, 12, 1, 12301, 23.19, 30
2026/08/15 16:37:28.162, 9, 2, 12345, 23.06, 30
2026/08/15 16:37:30.162, 18, 4, 12333, 22.75, 30
2026/08/15 16:37:32.163, 13, 2, 12325, 23.36, 30
2026/08/15 16:37:34.163, 38, 6, 12329, 23.48, 30
2026/08/15 16:37:36.163, 19, 3, 12333, 22.59, 30
2026/08/15 16:37:38.164, 5, 1, 12281, 22.79, 30
2026/08/15 16:37:40.164, 14, 3, 12317, 23.84, 30
2026/08/15 16:37:42.165, 14, 2, 12317, 23.50, 30
2026/08/15 16:37:44.166, 9, 1, 12369, 23.44, 30
2026/08/15 16:37:46.166, 5, 1, 12333, 22.48, 30
2026/08/15 16:37:48.167, 4, 1, 12305, 22.87, 30
2026/08/15 16:37:50.168, 2, 1, 12329, 23.48, 30
2026/08/15 16:37:52.169, 22, 3, 12357, 22.68, 30
2026/08/15 16:37:54.169, 17, 2, 12337, 23.13, 30
2026/08/15 16:37:56.170, 9, 1, 12333, 22.59, 30
2026/08/15 16:37:58.171, 17, 1, 12293, 22.84, 30
2026/08/15 16:38:00.172, 3, 0, 12317, 22.98, 30
2026/08/15 16:38:02.172, 15, 3, 12317, 23.05, 30
2026/08/15 16:38:04.173, 17, 2, 12325, 22.26, 30
2026/08/15 16:38:06.173, 15, 2, 12357, 23.14, 30
2026/08/15 16:38:08.176, 12, 2, 12395, 23.31, 30
2026/08/15 16:38:10.176, 23, 4, 12287, 23.17, 30
2026/08/15 16:38:12.177, 2, 0, 12319, 23.55, 30
2026/08/15 16:38:14.177, 6, 2, 12331, 23.09, 30
2026/08/15 16:38:16.178, 27, 3, 12347, 22.90, 30
2026/08/15 16:38:18.179, 0, 0, 12287, 22.45, 30
2026/08/15 16:38:20.179, 33, 6, 12395, 23.27, 30
2026/08/15 16:38:22.180, 24, 4, 12307, 21.89, 30
2026/08/15 16:38:24.180, 39, 8, 12407, 22.88, 30
2026/08/15 16:38:26.181, 11, 4, 12307, 22.38, 30
2026/08/15 16:38:28.181, 12, 1, 12335, 22.52, 30
2026/08/15 16:38:30.182, 0, 0, 12363, 23.48, 30
2026/08/15 16:38:32.183, 4, 1, 12351, 23.08, 30
2026/08/15 16:38:34.186, 0, 0, 12287, 22.48, 30
2026/08/15 16:38:36.187, 13, 2, 12355, 23.56, 30
2026/08/15 16:38:38.187, 25, 4, 12307, 22.85, 30
2026/08/15 16:38:40.188, 14, 2, 12351, 23.14, 30
2026/08/15 16:38:42.189, 3, 1, 12359, 22.47, 30
2026/08/15 16:38:44.190, 3, 0, 12327, 22.55, 30
2026/08/15 16:38:46.191, 3, 0, 12351, 22.84, 30
2026/08/15 16:38:48.191, 22, 3, 12339, 24.12, 30
2026/08/15 16:38:50.191, 2, 0, 12315, 23.08, 30
2026/08/15 16:38:52.192, 4, 2, 12351, 23.27, 30
2026/08/15 16:38:54.193, 41, 7, 12363, 23.51, 30
2026/08/15 16:38:56.193, 19, 3, 12359, 22.97, 30
2026/08/15 16:38:58.194, 9, 1, 12335, 22.98, 30
2026/08/15 16:39:00.195, 16, 3, 12371, 23.51, 30
2026/08/15 16:39:02.195, 12, 1, 12351, 23.20, 29
2026/08/15 16:39:04.196, 38, 6, 12355, 23.70, 30
2026/08/15 16:39:06.196, 17, 2, 12363, 22.90, 29
2026/08/15 16:39:08.197, 12, 3, 12323, 23.47, 29
2026/08/15 16:39:10.198, 0, 0, 12347, 23.67, 29
2026/08/15 16:39:12.198, 14, 1, 12335, 23.55, 29
2026/08/15 16:39:14.199, 14, 2, 12351, 23.08, 29
2026/08/15 16:39:16.199, 10, 2, 12343, 23.59, 29
2026/08/15 16:39:18.200, 15, 2, 12323, 23.10, 29
2026/08/15 16:39:20.201, 20, 1, 12335, 22.80, 29
2026/08/15 16:39:22.204, 28, 4, 12315, 23.25, 29
2026/08/15 16:39:24.204, 20, 2, 12311, 22.72, 29
2026/08/15 16:39:26.205, 5, 1, 12399, 22.89, 29
2026/08/15 16:39:28.205, 12, 2, 12339, 23.13, 29
2026/08/15 16:39:30.206, 3, 2, 12355, 24.10, 29
2026/08/15 16:39:32.206, 5, 1, 12387, 23.39, 29
2026/08/15 16:39:34.208, 9, 1, 12311, 23.47, 29
2026/08/15 16:39:36.209, 0, 0, 12367, 23.33, 29
2026/08/15 16:39:38.210, 34, 5, 12307, 23.16, 29
2026/08/15 16:39:40.211, 3, 1, 12335, 23.54, 29
2026/08/15 16:39:42.211, 5, 2, 12331, 23.21, 29
2026/08/15 16:39:44.211, 0, 0, 12355, 23.05, 29
2026/08/15 16:39:46.212, 2, 1, 12339, 23.34, 29
2026/08/15 16:39:48.213, 22, 4, 12307, 23.15, 29
2026/08/15 16:39:50.213, 6, 0, 12343, 22.76, 29
2026/08/15 16:39:52.214, 22, 2, 12299, 23.20, 29
2026/08/15 16:39:54.214, 4, 0, 12347, 23.02, 29
2026/08/15 16:39:56.215, 0, 0, 12307, 23.15, 29
2026/08/15 16:39:58.215, 18, 2, 12365, 22.60, 29
2026/08/15 16:40:00.215, 35, 7, 12345, 22.68, 29
2026/08/15 16:40:02.216, 36, 4, 12325, 22.70, 29
2026/08/15 16:40:04.216, 14, 1, 12345, 23.38, 29
2026/08/15 16:40:06.217, 26, 3, 12377, 23.20, 29
2026/08/15 16:40:08.217, 22, 3, 12293, 23.29, 29
2026/08/15 16:40:10.223, 17, 2, 12369, 23.16, 29
2026/08/15 16:40:12.224, 15, 4, 12325, 22.42, 29
2026/08/15 16:40:14.224, 9, 2, 12357, 22.35, 29
2026/08/15 16:40:16.224, 13, 1, 12353, 22.67, 29
2026/08/15 16:40:18.225, 21, 2, 12333, 22.14, 29
2026/08/15 16:40:20.225, 5, 0, 12385, 22.72, 29
2026/08/15 16:40:22.226, 6, 0, 12365, 22.28, 29
2026/08/15 16:40:24.226, 12, 2, 12361, 22.14, 29
2026/08/15 16:40:26.227, 13, 1, 12345, 22.78, 29
2026/08/15 16:40:28.227, 15, 2, 12353, 22.13, 29
2026/08/15 16:40:30.228, 8, 2, 12285, 22.41, 29
2026/08/15 16:40:32.228, 25, 6, 12361, 22.60, 29
2026/08/15 16:40:34.229, 19, 4, 12313, 23.03, 29
2026/08/15 16:40:36.230, 29, 5, 12337, 23.27, 29
2026/08/15 16:40:38.230, 7, 1, 12365, 23.29, 29
2026/08/15 16:40:40.230, 12, 1, 12333, 22.76, 29
2026/08/15 16:40:42.231, 4, 1, 12345, 22.66, 29
2026/08/15 16:40:44.232, 33, 5, 12333, 22.61, 29
2026/08/15 16:40:46.232, 3, 1, 12357, 23.30, 29
2026/08/15 16:40:48.233, 5, 2, 12357, 22.34, 29
2026/08/15 16:40:50.234, 12, 1, 12325, 23.01, 29
2026/08/15 16:40:52.234, 7, 2, 12337, 23.19, 29
2026/08/15 16:40:54.235, 7, 2, 12321, 22.48, 29
2026/08/15 16:40:56.235, 20, 4, 12377, 22.58, 29
2026/08/15 16:40:58.236, 3, 0, 12397, 23.65, 29
2026/08/15 16:41:00.236, 29, 6, 12325, 22.80, 29
2026/08/15 16:41:02.237, 7, 2, 12365, 22.61, 29
2026/08/15 16:41:04.237, 15, 3, 12305, 22.15, 29
2026/08/15 16:41:06.237, 7, 1, 12345, 22.69, 29
2026/08/15 16:41:08.238, 9, 3, 12337, 22.30, 29
2026/08/15 16:41:10.238, 19, 4, 12357, 23.48, 29
2026/08/15 16:41:12.239, 0, 0, 12309, 22.51, 29
2026/08/15 16:41:14.239, 19, 4, 12401, 22.99, 29
2026/08/15 16:41:16.240, 14, 2, 12353, 23.05, 29
2026/08/15 16:41:18.241, 14, 1, 12337, 22.08, 29
2026/08/15 16:41:20.241, 24, 4, 12313, 22.58, 29
2026/08/15 16:41:22.243, 3, 1, 12353, 22.40, 29
2026/08/15 16:41:24.244, 3, 1, 12393, 23.08, 29
2026/08/15 16:41:26.244, 0, 0, 12325, 22.69, 29
2026/08/15 16:41:28.245, 39, 8, 12365, 22.46, 29
2026/08/15 16:41:30.245, 27, 3, 12325, 22.19, 29
2026/08/15 16:41:32.246, 6, 1, 12309, 22.28, 29
2026/08/15 16:41:34.247, 39, 10, 12409, 23.12, 29
2026/08/15 16:41:36.248, 38, 5, 12397, 22.66, 29
2026/08/15 16:41:38.248, 15, 1, 12345, 23.07, 29
2026/08/15 16:41:40.249, 9, 1, 12397, 22.83, 29
2026/08/15 16:41:42.250, 5, 0, 12309, 21.95, 29
2026/08/15 16:41:44.250, 20, 3, 12389, 22.59, 29
2026/08/15 16:41:46.251, 14, 2, 12349, 23.04, 29
2026/08/15 16:41:48.252, 3, 1, 12325, 22.57, 29
2026/08/15 16:41:50.252, 22, 4, 12345, 23.54, 29
2026/08/15 16:41:52.252, 6, 1, 12333, 22.02, 29
2026/08/15 16:41:54.253, 6, 1, 12301, 22.62, 29
2026/08/15 16:41:56.253, 10, 1, 12349, 23.31, 29
2026/08/15 16:41:58.254, 20, 2, 12313, 22.50, 29
2026/08/15 16:42:00.254, 29, 5, 12333, 22.86, 29
2026/08/15 16:42:02.255, 26, 3, 12309, 22.68, 29
2026/08/15 16:42:04.255, 3, 2, 12337, 22.07, 29
2026/08/15 16:42:06.255, 14, 3, 12321, 22.07, 29
2026/08/15 16:42:08.256, 29, 3, 12301, 22.26, 29
2026/08/15 16:42:10.257, 29, 4, 12305, 22.64, 29
2026/08/15 16:42:12.258, 15, 2, 12357, 22.52, 29
2026/08/15 16:42:14.259, 19, 5, 12313, 22.50, 29
2026/08/15 16:42:16.259, 8, 2, 12305, 21.92, 29
2026/08/15 16:42:18.260, 18, 2, 12333, 22.97, 29
2026/08/15 16:42:20.267, 16, 2, 12321, 22.35, 29
2026/08/15 16:42:22.268, 0, 0, 12317, 23.16, 29
2026/08/15 16:42:24.268, 18, 3, 12369, 22.23, 29
2026/08/15 16:42:26.269, 5, 2, 12321, 22.75, 29
2026/08/15 16:42:28.269, 6, 1, 12337, 21.97, 29
2026/08/15 16:42:30.270, 1, 1, 12337, 22.75, 29
2026/08/15 16:42:32.271, 20, 2, 12329, 22.42, 29
2026/08/15 16:42:34.272, 15, 2, 12377, 23.51, 29
2026/08/15 16:42:36.272, 35, 7, 12345, 23.33, 29
2026/08/15 16:42:38.273, 4, 0, 12317, 22.34, 29
2026/08/15 16:42:40.273, 17, 2, 12353, 23.07, 29
2026/08/15 16:42:42.274, 11, 1, 12321, 22.17, 29
2026/08/15 16:42:44.274, 6, 1, 12337, 22.62, 29
2026/08/15 16:42:46.275, 3, 1, 12305, 22.32, 29
2026/08/15 16:42:48.275, 33, 7, 12357, 23.00, 29
2026/08/15 16:42:50.276, 9, 1, 12365, 23.00, 29
2026/08/15 16:42:52.276, 9, 2, 12321, 22.73, 29
2026/08/15 16:42:54.277, 39, 5, 12313, 22.56, 29
2026/08/15 16:42:56.278, 14, 1, 12357, 23.08, 29
2026/08/15 16:42:58.278, 3, 1, 12301, 22.99, 29
2026/08/15 16:43:00.279, 10, 3, 12329, 22.61, 29
2026/08/15 16:43:02.280, 24, 4, 12389, 23.19, 29
2026/08/15 16:43:04.282, 16, 3, 12321, 22.46, 29
2026/08/15 16:43:06.283, 0, 0, 12357, 22.81, 29
2026/08/15 16:43:08.283, 10, 1, 12329, 22.65, 29
2026/08/15 16:43:10.284, 21, 2, 12337, 23.04, 29
2026/08/15 16:43:12.285, 46, 6, 12341, 22.37, 29
2026/08/15 16:43:14.286, 12, 2, 12357, 22.07, 29
2026/08/15 16:43:16.287, 25, 3, 12341, 21.99, 29
2026/08/15 16:43:18.287, 12, 2, 12337, 23.30, 29
2026/08/15 16:43:20.288, 22, 2, 12309, 22.00, 29
2026/08/15 16:43:22.289, 13, 0, 12365, 22.45, 29
2026/08/15 16:43:24.289, 15, 1, 12313, 22.32, 29
2026/08/15 16:43:26.290, 17, 2, 12321, 22.82, 29
2026/08/15 16:43:28.292, 3, 1, 12365, 22.08, 29
2026/08/15 16:43:30.293, 0, 0, 12321, 21.38, 29
2026/08/15 16:43:32.293, 0, 0, 12297, 22.96, 29
2026/08/15 16:43:34.297, 19, 3, 12333, 21.72, 29
2026/08/15 16:43:36.298, 13, 2, 12317, 22.70, 29
2026/08/15 16:43:38.298, 18, 3, 12377, 23.27, 29
2026/08/15 16:43:40.299, 13, 0, 12273, 22.52, 29
2026/08/15 16:43:42.299, 27, 5, 12357, 22.49, 29
2026/08/15 16:43:44.300, 4, 1, 12337, 22.98, 29
2026/08/15 16:43:46.300, 4, 1, 12329, 22.37, 29
2026/08/15 16:43:48.305, 13, 3, 12345, 23.27, 29
2026/08/15 16:43:50.306, 0, 0, 12313, 22.46, 29
2026/08/15 16:43:52.307, 55, 10, 12337, 23.49, 29
2026/08/15 16:43:54.307, 5, 1, 12353, 22.75, 29
2026/08/15 16:43:56.308, 10, 1, 12353, 22.74, 29
2026/08/15 16:43:58.311, 13, 2, 12353, 22.57, 29
2026/08/15 16:44:00.315, 22, 4, 12385, 22.70, 29
2026/08/15 16:44:02.316, 2, 0, 12345, 23.36, 29
2026/08/15 16:44:04.316, 28, 5, 12377, 22.96, 29
2026/08/15 16:44:06.316, 9, 1, 12301, 22.80, 29
2026/08/15 16:44:08.317, 6, 2, 12329, 23.22, 29
2026/08/15 16:44:10.318, 20, 4, 12329, 23.64, 29
2026/08/15 16:44:12.319, 10, 2, 12305, 22.70, 29
2026/08/15 16:44:14.319, 29, 2, 12345, 23.05, 29
2026/08/15 16:44:16.319, 0, 0, 12301, 22.56, 29
2026/08/15 16:44:18.320, 26, 6, 12369, 22.87, 29
2026/08/15 16:44:20.321, 27, 2, 12273, 23.06, 29
2026/08/15 16:44:22.321, 19, 4, 12349, 23.08, 29
2026/08/15 16:44:24.322, 8, 1, 12337, 23.27, 29
2026/08/15 16:44:26.322, 19, 4, 12365, 22.75, 29
2026/08/15 16:44:28.323, 35, 7, 12345, 22.27, 29
2026/08/15 16:44:30.323, 12, 1, 12353, 22.72, 29
2026/08/15 16:44:32.324, 8, 1, 12377, 22.69, 29
2026/08/15 16:44:34.325, 21, 4, 12357, 22.68, 29
2026/08/15 16:44:36.325, 0, 0, 12313, 22.18, 29
2026/08/15 16:44:38.326, 5, 1, 12369, 23.20, 29
2026/08/15 16:44:40.326, 5, 0, 12333, 22.91, 29
2026/08/15 16:44:42.327, 4, 1, 12325, 22.72, 29
2026/08/15 16:44:44.327, 13, 1, 12329, 22.84, 29
2026/08/15 16:44:46.328, 4, 1, 12381, 23.23, 29
2026/08/15 16:44:48.329, 16, 4, 12357, 22.30, 29
2026/08/15 16:44:50.330, 18, 2, 12325, 22.42, 29
2026/08/15 16:44:52.330, 26, 5, 12365, 23.02, 29
2026/08/15 16:44:54.331, 17, 2, 12317, 22.64, 29
2026/08/15 16:44:56.332, 0, 0, 12357, 23.05, 29
2026/08/15 16:44:58.332, 17, 3, 12353, 22.91, 29
2026/08/15 16:45:00.333, 16, 2, 12293, 22.80, 29
2026/08/15 16:45:02.333, 39, 11, 12389, 23.99, 29
2026/08/15 16:45:04.334, 6, 1, 12333, 22.75, 29
2026/08/15 16:45:06.334, 2, 2, 12345, 22.20, 29
2026/08/15 16:45:08.335, 24, 4, 12381, 22.85, 29
2026/08/15 16:45:10.336, 3, 1, 12325, 22.27, 29
2026/08/15 16:45:12.336, 53, 11, 12381, 23.17, 29
2026/08/15 16:45:14.336, 18, 3, 12385, 22.37, 29
2026/08/15 16:45:16.337, 17, 2, 12325, 23.04, 29
2026/08/15 16:45:18.337, 4, 1, 12293, 22.71, 29
2026/08/15 16:45:20.338, 28, 4, 12361, 22.91, 29
2026/08/15 16:45:22.339, 7, 1, 12301, 22.36, 29
2026/08/15 16:45:24.339, 11, 2, 12285, 22.07, 29
2026/08/15 16:45:26.341, 11, 3, 12365, 22.47, 29
2026/08/15 16:45:28.341, 17, 1, 12261, 22.06, 29
2026/08/15 16:45:30.342, 27, 6, 12377, 23.56, 29
2026/08/15 16:45:32.343, 19, 2, 12369, 22.90, 29
2026/08/15 16:45:34.344, 0, 0, 12313, 22.16, 29
2026/08/15 16:45:36.344, 0, 0, 12345, 22.27, 29
2026/08/15 16:45:38.347, 20, 3, 12281, 22.65, 29
2026/08/15 16:45:40.347, 56, 12, 12417, 22.87, 29
2026/08/15 16:45:42.348, 6, 1, 12333, 22.29, 29
2026/08/15 16:45:44.348, 6, 1, 12377, 22.98, 29
2026/08/15 16:45:46.348, 0, 0, 12333, 22.87, 29
2026/08/15 16:45:48.349, 26, 5, 12369, 22.13, 29
2026/08/15 16:45:50.349, 11, 1, 12297, 22.35, 29
2026/08/15 16:45:52.350, 33, 7, 12349, 22.79, 29
2026/08/15 16:45:54.350, 4, 1, 12305, 22.20, 29
2026/08/15 16:45:56.352, 0, 0, 12317, 22.13, 29
2026/08/15 16:45:58.353, 5, 2, 12297, 23.57, 29
2026/08/15 16:46:00.361, 0, 0, 12321, 21.92, 29
2026/08/15 16:46:02.362, 12, 1, 12329, 22.57, 29
2026/08/15 16:46:04.363, 9, 1, 12373, 23.10, 29
2026/08/15 16:46:06.364, 10, 1, 12381, 22.37, 29
2026/08/15 16:46:08.364, 12, 2, 12361, 22.69, 29
2026/08/15 16:46:10.364, 34, 6, 12337, 22.53, 29
2026/08/15 16:46:12.365, 20, 2, 12321, 22.63, 29
2026/08/15 16:46:14.366, 48, 9, 12393, 22.08, 29
2026/08/15 16:46:16.366, 59, 12, 12333, 23.15, 29
2026/08/15 16:46:18.368, 17, 2, 12353, 22.34, 29
2026/08/15 16:46:20.368, 13, 2, 12393, 23.03, 29
2026/08/15 16:46:22.368, 15, 2, 12301, 22.84, 29
2026/08/15 16:46:24.369, 26, 5, 12369, 22.09, 29
2026/08/15 16:46:26.370, 34, 6, 12297, 22.36, 29
2026/08/15 16:46:28.370, 16, 2, 12317, 21.97, 29
2026/08/15 16:46:30.371, 18, 2, 12345, 23.04, 29
2026/08/15 16:46:32.372, 41, 4, 12349, 22.76, 29
2026/08/15 16:46:34.372, 25, 5, 12325, 23.75, 29
2026/08/15 16:46:36.373, 6, 1, 12325, 22.32, 29
2026/08/15 16:46:38.374, 15, 2, 12293, 22.83, 29
2026/08/15 16:46:40.374, 0, 0, 12357, 22.54, 29
2026/08/15 16:46:42.376, 19, 3, 12373, 23.53, 29
2026/08/15 16:46:44.376, 11, 2, 12325, 21.77, 29
2026/08/15 16:46:46.377, 8, 1, 12337, 21.87, 29
2026/08/15 16:46:48.378, 1, 1, 12293, 22.33, 29
2026/08/15 16:46:50.383, 0, 0, 12309, 22.49, 29
2026/08/15 16:46:52.384, 3, 0, 12313, 22.39, 29
2026/08/15 16:46:54.384, 13, 1, 12341, 22.11, 29
2026/08/15 16:46:56.385, 0, 0, 12325, 22.40, 29
2026/08/15 16:46:58.386, 35, 3, 12321, 22.60, 29
2026/08/15 16:47:00.391, 8, 1, 12333, 22.09, 29
2026/08/15 16:47:02.392, 1, 1, 12269, 22.94, 29
2026/08/15 16:47:04.395, 25, 3, 12341, 22.80, 29
2026/08/15 16:47:06.396, 13, 2, 12373, 22.43, 29
2026/08/15 16:47:08.397, 25, 2, 12293, 21.83, 29
2026/08/15 16:47:10.397, 6, 0, 12345, 22.58, 29
2026/08/15 16:47:12.398, 11, 1, 12307, 22.12, 29
2026/08/15 16:47:14.400, 7, 1, 12323, 22.17, 29
2026/08/15 16:47:16.400, 22, 4, 12327, 23.00, 29
2026/08/15 16:47:18.401, 38, 9, 12391, 22.98, 29
2026/08/15 16:47:20.401, 14, 3, 12367, 22.94, 29
2026/08/15 16:47:22.402, 15, 2, 12295, 22.56, 29
2026/08/15 16:47:24.403, 4, 0, 12359, 22.95, 29
2026/08/15 16:47:26.404, 13, 2, 12343, 22.59, 29
2026/08/15 16:47:28.404, 0, 0, 12347, 22.82, 29
2026/08/15 16:47:30.405, 20, 2, 12315, 22.20, 29
2026/08/15 16:47:32.406, 31, 3, 12283, 22.19, 29
2026/08/15 16:47:34.406, 14, 1, 12339, 21.89, 29
2026/08/15 16:47:36.407, 25, 4, 12327, 22.75, 29
2026/08/15 16:47:38.407, 28, 2, 12335, 21.88, 29
2026/08/15 16:47:40.408, 28, 5, 12391, 22.43, 29
2026/08/15 16:47:42.409, 22, 2, 12343, 21.71, 29
2026/08/15 16:47:44.413, 19, 3, 12355, 22.08, 29
2026/08/15 16:47:46.414, 0, 0, 12339, 21.80, 29
2026/08/15 16:47:48.414, 1, 1, 12287, 21.81, 29
2026/08/15 16:47:50.415, 42, 7, 12367, 23.23, 29
2026/08/15 16:47:52.415, 21, 3, 12335, 22.26, 29
2026/08/15 16:47:54.415, 4, 0, 12379, 21.56, 29
2026/08/15 16:47:56.418, 3, 1, 12347, 22.32, 29
2026/08/15 16:47:58.419, 3, 0, 12331, 21.70, 29
2026/08/15 16:48:00.419, 23, 2, 12347, 22.27, 29
2026/08/15 16:48:02.420, 6, 1, 12347, 22.04, 29
2026/08/15 16:48:04.420, 11, 3, 12347, 22.16, 29
2026/08/15 16:48:06.421, 14, 2, 12367, 22.47, 29
2026/08/15 16:48:08.421, 2, 1, 12303, 21.95, 30
2026/08/15 16:48:10.422, 19, 2, 12375, 22.87, 30
2026/08/15 16:48:12.422, 17, 2, 12303, 22.23, 30
2026/08/15 16:48:14.423, 7, 2, 12347, 22.91, 30
2026/08/15 16:48:16.425, 15, 3, 12323, 22.33, 30
2026/08/15 16:48:18.425, 17, 2, 12347, 22.83, 30
2026/08/15 16:48:20.426, 23, 3, 12331, 22.95, 30
2026/08/15 16:48:22.426, 26, 4, 12335, 23.09, 30
2026/08/15 16:48:24.427, 29, 5, 12339, 22.69, 30
2026/08/15 16:48:26.428, 8, 1, 12339, 22.11, 30
2026/08/15 16:48:28.428, 26, 5, 12351, 23.05, 30
2026/08/15 16:48:30.429, 15, 2, 12291, 22.18, 30
2026/08/15 16:48:32.430, 37, 7, 12371, 22.50, 30
2026/08/15 16:48:34.430, 11, 1, 12335, 21.90, 30
2026/08/15 16:48:36.431, 9, 2, 12379, 22.21, 30
2026/08/15 16:48:38.432, 0, 0, 12327, 22.77, 30
2026/08/15 16:48:40.432, 16, 3, 12379, 22.51, 30
2026/08/15 16:48:42.433, 23, 2, 12323, 22.87, 30
2026/08/15 16:48:44.434, 26, 6, 12351, 22.71, 30
2026/08/15 16:48:46.434, 29, 6, 12347, 22.71, 30
2026/08/15 16:48:48.435, 2, 0, 12355, 23.04, 30
2026/08/15 16:48:50.435, 8, 1, 12307, 22.71, 30
2026/08/15 16:48:52.435, 3, 0, 12339, 22.94, 30
2026/08/15 16:48:54.436, 16, 1, 12359, 22.96, 30
2026/08/15 16:48:56.437, 7, 1, 12335, 22.45, 30
2026/08/15 16:48:58.438, 4, 0, 12355, 22.34, 30
2026/08/15 16:49:00.438, 4, 1, 12315, 22.16, 30
2026/08/15 16:49:02.439, 21, 3, 12331, 23.29, 30
2026/08/15 16:49:04.440, 9, 0, 12295, 22.19, 30
2026/08/15 16:49:06.440, 7, 1, 12347, 23.06, 30
2026/08/15 16:49:08.441, 13, 2, 12355, 22.42, 30
2026/08/15 16:49:10.442, 27, 3, 12359, 22.85, 30
2026/08/15 16:49:12.446, 53, 9, 12355, 22.62, 30
2026/08/15 16:49:14.447, 28, 3, 12343, 22.36, 30
2026/08/15 16:49:16.448, 23, 5, 12347, 22.41, 30
2026/08/15 16:49:18.449, 53, 11, 12343, 22.33, 30
2026/08/15 16:49:20.454, 8, 2, 12299, 22.71, 30
2026/08/15 16:49:22.455, 0, 0, 12359, 22.81, 30
2026/08/15 16:49:24.456, 0, 0, 12315, 22.07, 30
2026/08/15 16:49:26.456, 33, 8, 12371, 22.90, 30
2026/08/15 16:49:28.457, 0, 1, 12303, 21.96, 30
2026/08/15 16:49:30.458, 30, 4, 12327, 22.51, 30
2026/08/15 16:49:32.459, 12, 2, 12347, 22.31, 30
2026/08/15 16:49:34.459, 22, 5, 12327, 22.66, 30
2026/08/15 16:49:36.460, 3, 0, 12371, 22.63, 30
2026/08/15 16:49:38.461, 53, 10, 12347, 22.02, 30
2026/08/15 16:49:40.461, 28, 4, 12335, 22.57, 30
2026/08/15 16:49:42.462, 23, 4, 12347, 23.43, 31
2026/08/15 16:49:44.462, 25, 3, 12327, 22.76, 31
2026/08/15 16:49:46.463, 23, 5, 12327, 22.85, 31
2026/08/15 16:49:48.463, 5, 1, 12359, 22.81, 30
2026/08/15 16:49:50.464, 8, 1, 12347, 22.79, 31
2026/08/15 16:49:52.464, 39, 7, 12335, 22.92, 31
2026/08/15 16:49:54.465, 37, 9, 12367, 22.58, 31
2026/08/15 16:49:56.466, 42, 7, 12295, 22.04, 31
2026/08/15 16:49:58.467, 10, 1, 12335, 21.89, 31
2026/08/15 16:50:00.467, 24, 3, 12327, 22.39, 31
2026/08/15 16:50:02.468, 14, 1, 12327, 23.10, 31
2026/08/15 16:50:04.468, 11, 2, 12331, 22.35, 31
2026/08/15 16:50:06.469, 15, 1, 12323, 21.83, 31
2026/08/15 16:50:08.469, 0, 0, 12347, 23.22, 31
2026/08/15 16:50:10.470, 8, 2, 12331, 23.25, 31
2026/08/15 16:50:12.470, 16, 3, 12367, 22.71, 31
2026/08/15 16:50:14.471, 15, 1, 12343, 22.45, 31
2026/08/15 16:50:16.472, 9, 1, 12323, 21.67, 31
2026/08/15 16:50:18.472, 4, 1, 12327, 22.92, 31
2026/08/15 16:50:20.473, 7, 1, 12367, 21.67, 31
2026/08/15 16:50:22.473, 1, 1, 12315, 22.29, 31
2026/08/15 16:50:24.473, 20, 2, 12299, 22.70, 31
2026/08/15 16:50:26.474, 20, 3, 12339, 22.82, 31
2026/08/15 16:50:28.475, 0, 0, 12339, 22.19, 31
2026/08/15 16:50:30.475, 7, 1, 12275, 22.06, 31
2026/08/15 16:50:32.476, 28, 6, 12351, 22.69, 31
2026/08/15 16:50:34.476, 19, 3, 12323, 22.69, 31
2026/08/15 16:50:36.477, 2, 1, 12351, 22.49, 31
2026/08/15 16:50:38.478, 16, 3, 12359, 22.79, 31
2026/08/15 16:50:40.479, 2, 1, 12311, 22.44, 31
2026/08/15 16:50:42.479, 15, 1, 12355, 23.10, 31
2026/08/15 16:50:44.479, 13, 1, 12319, 22.92, 31
2026/08/15 16:50:46.480, 2, 1, 12319, 22.85, 31
2026/08/15 16:50:48.480, 35, 7, 12359, 23.33, 31
2026/08/15 16:50:50.486, 2, 1, 12319, 23.02, 31
2026/08/15 16:50:52.487, 38, 8, 12391, 23.52, 31
2026/08/15 16:50:54.487, 15, 1, 12295, 22.72, 31
2026/08/15 16:50:56.490, 16, 3, 12327, 22.46, 31
2026/08/15 16:50:58.491, 36, 6, 12347, 22.75, 31
2026/08/15 16:51:00.491, 1, 0, 12283, 22.43, 31
2026/08/15 16:51:02.492, 0, 0, 12339, 23.16, 31
2026/08/15 16:51:04.493, 11, 2, 12315, 22.79, 31
2026/08/15 16:51:06.493, 0, 0, 12347, 22.97, 31
2026/08/15 16:51:08.494, 27, 5, 12347, 22.80, 31
2026/08/15 16:51:10.495, 0, 0, 12307, 22.50, 31
2026/08/15 16:51:12.495, 12, 2, 12367, 23.26, 31
2026/08/15 16:51:14.496, 0, 0, 12355, 22.85, 31
2026/08/15 16:51:16.496, 9, 0, 12303, 21.93, 31
2026/08/15 16:51:18.497, 17, 3, 12339, 22.63, 31
2026/08/15 16:51:20.497, 10, 1, 12355, 22.56, 31
2026/08/15 16:51:22.498, 4, 1, 12327, 22.52, 31
2026/08/15 16:51:24.498, 23, 3, 12347, 22.44, 31
2026/08/15 16:51:26.499, 23, 3, 12331, 22.26, 31
2026/08/15 16:51:28.500, 3, 1, 12367, 22.36, 31
2026/08/15 16:51:30.500, 17, 3, 12315, 22.13, 31
2026/08/15 16:51:32.501, 4, 1, 12347, 22.73, 31
2026/08/15 16:51:34.501, 0, 0, 12315, 22.29, 31
2026/08/15 16:51:36.502, 19, 3, 12339, 23.06, 31
2026/08/15 16:51:38.502, 13, 3, 12283, 21.85, 31
2026/08/15 16:51:40.502, 13, 2, 12371, 22.18, 31
2026/08/15 16:51:42.503, 11, 2, 12367, 23.11, 31
2026/08/15 16:51:44.503, 30, 7, 12359, 22.75, 31
2026/08/15 16:51:46.504, 28, 6, 12347, 22.36, 31
2026/08/15 16:51:48.504, 36, 4, 12335, 22.41, 31
2026/08/15 16:51:50.505, 1, 1, 12307, 22.68, 31
2026/08/15 16:51:52.506, 0, 0, 12319, 21.62, 31
2026/08/15 16:51:54.507, 0, 0, 12315, 22.40, 31
2026/08/15 16:51:56.513, 30, 5, 12343, 22.44, 32
2026/08/15 16:51:58.514, 23, 4, 12355, 23.49, 31
2026/08/15 16:52:00.514, 4, 2, 12315, 23.42, 32
2026/08/15 16:52:02.514, 3, 1, 12323, 22.46, 32
2026/08/15 16:52:04.515, 4, 2, 12295, 22.74, 32
2026/08/15 16:52:06.516, 3, 1, 12339, 22.28, 32
2026/08/15 16:52:08.516, 5, 1, 12339, 22.48, 32
2026/08/15 16:52:10.517, 4, 2, 12295, 22.26, 32
2026/08/15 16:52:12.517, 5, 0, 12343, 23.44, 32
2026/08/15 16:52:14.518, 40, 6, 12335, 22.88, 32
2026/08/15 16:52:16.519, 7, 2, 12335, 22.43, 32
2026/08/15 16:52:18.520, 13, 2, 12335, 22.24, 32
2026/08/15 16:52:20.521, 4, 1, 12307, 22.33, 32
2026/08/15 16:52:22.521, 22, 3, 12355, 22.01, 32
2026/08/15 16:52:24.522, 6, 1, 12367, 23.02, 32
2026/08/15 16:52:26.523, 17, 1, 12343, 22.17, 32
2026/08/15 16:52:28.523, 41, 6, 12347, 23.09, 32
2026/08/15 16:52:30.524, 24, 4, 12331, 22.61, 32
2026/08/15 16:52:32.524, 10, 1, 12327, 21.63, 32
2026/08/15 16:52:34.525, 5, 1, 12335, 22.09, 32
2026/08/15 16:52:36.525, 4, 0, 12355, 22.09, 32
2026/08/15 16:52:38.525, 23, 4, 12359, 22.11, 32
2026/08/15 16:52:40.526, 8, 1, 12355, 21.79, 32
2026/08/15 16:52:42.529, 6, 1, 12295, 21.81, 32
2026/08/15 16:52:44.530, 18, 4, 12347, 22.09, 32
2026/08/15 16:52:46.530, 10, 1, 12359, 22.17, 32
2026/08/15 16:52:48.531, 5, 1, 12315, 22.18, 32
2026/08/15 16:52:50.531, 9, 3, 12331, 23.00, 32
2026/08/15 16:52:52.532, 15, 2, 12335, 23.38, 32
2026/08/15 16:52:54.533, 13, 1, 12287, 23.24, 32
2026/08/15 16:52:56.534, 13, 2, 12379, 22.42, 32
2026/08/15 16:52:58.535, 11, 2, 12307, 23.44, 32
2026/08/15 16:53:00.537, 28, 5, 12367, 23.11, 32
2026/08/15 16:53:02.538, 9, 1, 12331, 22.29, 32
2026/08/15 16:53:04.539, 0, 0, 12355, 22.82, 32
2026/08/15 16:53:06.539, 9, 1, 12323, 22.26, 32
2026/08/15 16:53:08.540, 18, 2, 12327, 23.13, 32
2026/08/15 16:53:10.540, 6, 0, 12367, 22.80, 32
2026/08/15 16:53:12.541, 32, 5, 12335, 22.79, 32
2026/08/15 16:53:14.541, 21, 4, 12335, 23.14, 32
2026/08/15 16:53:16.542, 9, 1, 12323, 22.19, 32
2026/08/15 16:53:18.542, 23, 3, 12339, 22.21, 32
2026/08/15 16:53:20.543, 9, 2, 12315, 22.03, 32
2026/08/15 16:53:22.544, 16, 2, 12327, 21.91, 32
2026/08/15 16:53:24.544, 3, 1, 12339, 22.22, 32
2026/08/15 16:53:26.545, 6, 1, 12323, 22.66, 32
2026/08/15 16:53:28.546, 2, 1, 12295, 21.92, 32
2026/08/15 16:53:30.547, 15, 2, 12339, 22.89, 32
2026/08/15 16:53:32.547, 31, 8, 12367, 22.72, 32
2026/08/15 16:53:34.550, 19, 2, 12307, 22.67, 32
2026/08/15 16:53:36.551, 8, 1, 12339, 21.81, 32
2026/08/15 16:53:38.551, 8, 2, 12355, 22.18, 32
2026/08/15 16:53:40.552, 22, 4, 12383, 23.00, 32
2026/08/15 16:53:42.554, 17, 2, 12315, 23.53, 32
2026/08/15 16:53:44.555, 3, 0, 12355, 22.44, 32
2026/08/15 16:53:46.555, 13, 1, 12335, 22.60, 32
2026/08/15 16:53:48.556, 10, 1, 12355, 22.69, 32
2026/08/15 16:53:50.556, 22, 5, 12339, 23.20, 33
2026/08/15 16:53:52.557, 20, 2, 12319, 22.09, 32
2026/08/15 16:53:54.558, 32, 3, 12347, 21.82, 33
2026/08/15 16:53:56.558, 8, 0, 12295, 22.92, 32
2026/08/15 16:53:58.559, 20, 3, 12367, 22.45, 32
2026/08/15 16:54:00.560, 17, 3, 12355, 23.51, 33
2026/08/15 16:54:02.560, 17, 1, 12335, 22.46, 33
2026/08/15 16:54:04.561, 0, 0, 12371, 22.75, 33
2026/08/15 16:54:06.561, 9, 2, 12367, 22.31, 33
2026/08/15 16:54:08.562, 21, 2, 12327, 22.92, 33
2026/08/15 16:54:10.562, 43, 8, 12347, 22.75, 33
2026/08/15 16:54:12.563, 4, 2, 12339, 22.52, 33
2026/08/15 16:54:14.563, 0, 0, 12315, 22.57, 33
2026/08/15 16:54:16.564, 7, 1, 12315, 22.48, 33
2026/08/15 16:54:18.564, 7, 1, 12323, 22.24, 33
2026/08/15 16:54:20.565, 0, 0, 12335, 22.75, 33
2026/08/15 16:54:22.566, 0, 0, 12311, 22.45, 33
2026/08/15 16:54:24.566, 38, 3, 12327, 22.94, 33
2026/08/15 16:54:26.567, 37, 7, 12347, 23.03, 33
2026/08/15 16:54:28.567, 1, 0, 12327, 23.63, 33
2026/08/15 16:54:30.568, 12, 1, 12315, 23.11, 33
2026/08/15 16:54:32.569, 36, 8, 12363, 23.51, 33
2026/08/15 16:54:34.569, 0, 0, 12343, 22.53, 33
2026/08/15 16:54:36.570, 17, 2, 12355, 22.86, 33
2026/08/15 16:54:38.570, 7, 2, 12339, 22.64, 33
2026/08/15 16:54:40.571, 29, 4, 12367, 22.61, 33
2026/08/15 16:54:42.571, 24, 4, 12323, 22.90, 33
2026/08/15 16:54:44.572, 4, 1, 12347, 22.36, 33
2026/08/15 16:54:46.573, 14, 3, 12327, 22.78, 33
2026/08/15 16:54:48.573, 7, 1, 12351, 21.93, 33
2026/08/15 16:54:50.574, 19, 2, 12295, 21.91, 33
2026/08/15 16:54:52.575, 14, 2, 12335, 22.13, 33
2026/08/15 16:54:54.575, 23, 3, 12331, 22.12, 33
2026/08/15 16:54:56.576, 15, 1, 12335, 22.72, 33
2026/08/15 16:54:58.576, 10, 1, 12351, 22.33, 33
2026/08/15 16:55:00.577, 22, 5, 12335, 22.49, 33
2026/08/15 16:55:02.578, 17, 2, 12327, 22.85, 33
2026/08/15 16:55:04.578, 7, 1, 12359, 22.02, 33
2026/08/15 16:55:06.579, 6, 1, 12371, 21.89, 33
2026/08/15 16:55:08.580, 3, 0, 12343, 22.29, 33
2026/08/15 16:55:10.580, 16, 3, 12347, 22.77, 33
2026/08/15 16:55:12.581, 0, 0, 12311, 22.51, 33
2026/08/15 16:55:14.581, 5, 2, 12351, 23.42, 33
2026/08/15 16:55:16.582, 30, 5, 12335, 22.72, 33
2026/08/15 16:55:18.583, 6, 1, 12347, 23.66, 33
2026/08/15 16:55:20.584, 19, 2, 12323, 23.47, 33
2026/08/15 16:55:22.585, 6, 1, 12359, 23.25, 33
2026/08/15 16:55:24.585, 18, 3, 12359, 22.96, 33
2026/08/15 16:55:26.585, 39, 8, 12319, 23.44, 33
2026/08/15 16:55:28.586, 20, 4, 12371, 23.65, 33
2026/08/15 16:55:30.588, 22, 3, 12291, 22.88, 33
2026/08/15 16:55:32.588, 0, 0, 12307, 23.86, 33
2026/08/15 16:55:34.589, 0, 0, 12351, 23.43, 33
2026/08/15 16:55:36.589, 5, 0, 12371, 24.21, 33
2026/08/15 16:55:38.590, 9, 2, 12339, 23.66, 33
2026/08/15 16:55:40.590, 13, 4, 12287, 22.54, 33
2026/08/15 16:55:42.591, 20, 3, 12371, 23.02, 33
2026/08/15 16:55:44.592, 21, 5, 12367, 22.71, 33
2026/08/15 16:55:46.593, 5, 1, 12323, 23.27, 33
2026/08/15 16:55:48.594, 8, 1, 12347, 22.67, 33
2026/08/15 16:55:50.595, 10, 2, 12371, 23.28, 33
2026/08/15 16:55:52.596, 10, 1, 12343, 22.59, 33
2026/08/15 16:55:54.596, 24, 2, 12295, 23.14, 33
2026/08/15 16:55:56.597, 22, 5, 12363, 23.52, 33
2026/08/15 16:55:58.599, 11, 2, 12347, 23.18, 33
2026/08/15 16:56:00.600, 7, 1, 12315, 23.61, 33
2026/08/15 16:56:02.600, 29, 6, 12339, 23.67, 33
2026/08/15 16:56:04.601, 12, 2, 12375, 22.65, 33
2026/08/15 16:56:06.602, 10, 3, 12335, 23.33, 33
2026/08/15 16:56:08.602, 24, 4, 12335, 23.80, 33
2026/08/15 16:56:10.602, 10, 2, 12311, 23.67, 33
2026/08/15 16:56:12.603, 28, 3, 12303, 22.92, 33
2026/08/15 16:56:14.604, 9, 2, 12371, 23.82, 33
2026/08/15 16:56:16.604, 15, 1, 12327, 23.16, 33
2026/08/15 16:56:18.605, 13, 2, 12303, 22.49, 32
2026/08/15 16:56:20.606, 40, 10, 12383, 23.41, 33
2026/08/15 16:56:22.606, 18, 2, 12343, 23.04, 32
2026/08/15 16:56:24.607, 6, 1, 12355, 22.73, 32
2026/08/15 16:56:26.607, 17, 2, 12369, 22.69, 32
2026/08/15 16:56:28.608, 5, 1, 12369, 23.30, 32
2026/08/15 16:56:30.608, 11, 2, 12361, 23.29, 32
2026/08/15 16:56:32.609, 42, 6, 12381, 23.24, 32
2026/08/15 16:56:34.611, 2, 1, 12277, 23.13, 32
2026/08/15 16:56:36.612, 20, 4, 12377, 23.52, 32
2026/08/15 16:56:38.612, 15, 1, 12329, 23.93, 32
2026/08/15 16:56:40.613, 19, 3, 12337, 22.90, 32
2026/08/15 16:56:42.616, 0, 0, 12369, 23.35, 32
2026/08/15 16:56:44.617, 1, 0, 12309, 23.53, 32
2026/08/15 16:56:46.617, 4, 1, 12361, 22.53, 32
2026/08/15 16:56:48.620, 4, 1, 12365, 22.48, 32
2026/08/15 16:56:50.621, 10, 1, 12345, 22.75, 32
2026/08/15 16:56:52.621, 32, 4, 12377, 23.07, 32
2026/08/15 16:56:54.622, 12, 2, 12429, 22.49, 32
2026/08/15 16:56:56.623, 23, 4, 12277, 22.72, 32
2026/08/15 16:56:58.623, 5, 0, 12381, 22.71, 32
2026/08/15 16:57:00.624, 19, 4, 12369, 22.75, 32
2026/08/15 16:57:02.624, 2, 1, 12353, 23.00, 32
2026/08/15 16:57:04.625, 35, 7, 12393, 22.99, 32
2026/08/15 16:57:06.625, 20, 3, 12377, 22.68, 32
2026/08/15 16:57:08.627, 3, 1, 12357, 22.57, 32
2026/08/15 16:57:10.628, 20, 3, 12389, 22.18, 32
2026/08/15 16:57:12.629, 15, 3, 12309, 22.62, 32
2026/08/15 16:57:14.629, 13, 2, 12325, 22.67, 32
2026/08/15 16:57:16.630, 8, 1, 12389, 22.50, 32
2026/08/15 16:57:18.630, 8, 1, 12349, 22.64, 32
2026/08/15 16:57:20.631, 15, 2, 12385, 22.74, 32
2026/08/15 16:57:22.632, 13, 3, 12409, 22.90, 32
2026/08/15 16:57:24.632, 23, 3, 12337, 22.34, 32
2026/08/15 16:57:26.634, 23, 4, 12405, 22.30, 32
2026/08/15 16:57:28.635, 3, 1, 12301, 22.73, 32
2026/08/15 16:57:30.635, 12, 3, 12345, 22.60, 32
2026/08/15 16:57:32.635, 23, 5, 12417, 23.54, 32
2026/08/15 16:57:34.640, 6, 1, 12349, 23.57, 32
2026/08/15 16:57:36.640, 16, 2, 12313, 22.85, 32
2026/08/15 16:57:38.640, 14, 2, 12333, 23.90, 32
2026/08/15 16:57:40.641, 5, 1, 12333, 23.47, 32
2026/08/15 16:57:42.642, 30, 3, 12393, 22.84, 32
2026/08/15 16:57:44.642, 15, 1, 12333, 22.83, 32
2026/08/15 16:57:46.643, 0, 0, 12333, 22.57, 32
2026/08/15 16:57:48.643, 20, 1, 12361, 23.36, 32
2026/08/15 16:57:50.644, 8, 1, 12369, 22.76, 32
2026/08/15 16:57:52.645, 3, 0, 12357, 22.91, 32
2026/08/15 16:57:54.645, 17, 3, 12345, 22.88, 32
2026/08/15 16:57:56.645, 18, 3, 12405, 23.47, 31
2026/08/15 16:57:58.649, 5, 0, 12293, 22.85, 31
2026/08/15 16:58:00.650, 3, 1, 12381, 23.65, 31
2026/08/15 16:58:02.650, 14, 2, 12325, 23.08, 31
2026/08/15 16:58:04.651, 20, 3, 12317, 22.72, 31
2026/08/15 16:58:06.652, 7, 1, 12369, 22.88, 31
2026/08/15 16:58:08.654, 4, 1, 12337, 23.26, 31
2026/08/15 16:58:10.654, 8, 1, 12341, 23.18, 31
2026/08/15 16:58:12.655, 16, 2, 12337, 22.90, 31
2026/08/15 16:58:14.656, 29, 4, 12349, 23.92, 31
2026/08/15 16:58:16.656, 17, 2, 12321, 23.06, 31
2026/08/15 16:58:18.657, 5, 1, 12397, 23.25, 31
2026/08/15 16:58:20.657, 7, 1, 12345, 22.57, 31
2026/08/15 16:58:22.657, 8, 1, 12341, 23.14, 31
2026/08/15 16:58:24.658, 0, 0, 12369, 22.86, 31
2026/08/15 16:58:26.659, 4, 1, 12349, 23.06, 31
2026/08/15 16:58:28.659, 18, 1, 12337, 23.05, 31
2026/08/15 16:58:30.660, 13, 1, 12373, 24.28, 31
2026/08/15 16:58:32.660, 0, 0, 12305, 23.08, 31
2026/08/15 16:58:34.661, 15, 1, 12373, 23.50, 31
2026/08/15 16:58:36.661, 20, 3, 12325, 23.42, 31
2026/08/15 16:58:38.662, 14, 2, 12337, 22.31, 31
2026/08/15 16:58:40.663, 0, 0, 12341, 22.85, 31
2026/08/15 16:58:42.663, 4, 1, 12349, 22.81, 31
2026/08/15 16:58:44.664, 29, 2, 12361, 22.69, 31
2026/08/15 16:58:46.664, 14, 2, 12409, 23.05, 31
2026/08/15 16:58:48.665, 11, 1, 12361, 23.36, 31
2026/08/15 16:58:50.666, 17, 3, 12401, 22.54, 31
2026/08/15 16:58:52.666, 0, 0, 12385, 22.70, 31
2026/08/15 16:58:54.667, 6, 1, 12361, 23.24, 31
2026/08/15 16:58:56.668, 4, 1, 12353, 23.20, 31
2026/08/15 16:58:58.668, 0, 0, 12317, 22.63, 31
2026/08/15 16:59:00.669, 15, 2, 12449, 23.30, 31
2026/08/15 16:59:02.669, 0, 0, 12277, 22.93, 31
2026/08/15 16:59:04.670, 20, 4, 12417, 23.63, 31
2026/08/15 16:59:06.670, 46, 5, 12373, 23.56, 31
2026/08/15 16:59:08.671, 27, 7, 12373, 23.59, 31
2026/08/15 16:59:10.676, 18, 2, 12377, 23.79, 31
2026/08/15 16:59:12.677, 0, 0, 12361, 23.12, 31
2026/08/15 16:59:14.677, 4, 1, 12413, 23.39, 31
2026/08/15 16:59:16.678, 5, 1, 12413, 23.10, 31
2026/08/15 16:59:18.678, 5, 1, 12409, 23.38, 31
2026/08/15 16:59:20.679, 5, 1, 12417, 23.85, 31
2026/08/15 16:59:22.679, 0, 0, 12313, 23.29, 31
2026/08/15 16:59:24.680, 19, 3, 12417, 24.68, 31
2026/08/15 16:59:26.680, 4, 1, 12369, 23.42, 31
2026/08/15 16:59:28.681, 26, 5, 12377, 23.25, 31
2026/08/15 16:59:30.682, 18, 3, 12317, 23.42, 31
2026/08/15 16:59:32.685, 14, 1, 12325, 23.06, 31
2026/08/15 16:59:34.686, 1, 1, 12345, 22.86, 31
2026/08/15 16:59:36.686, 9, 1, 12317, 23.32, 31
2026/08/15 16:59:38.687, 4, 1, 12385, 23.30, 31
2026/08/15 16:59:40.687, 6, 1, 12369, 23.48, 31
2026/08/15 16:59:42.687, 45, 9, 12325, 23.39, 31
2026/08/15 16:59:44.688, 43, 10, 12357, 23.04, 31
2026/08/15 16:59:46.688, 48, 7, 12317, 23.76, 31
2026/08/15 16:59:48.689, 8, 1, 12369, 23.09, 31
2026/08/15 16:59:50.689, 22, 2, 12393, 23.62, 31
2026/08/15 16:59:52.690, 20, 3, 12349, 22.93, 31
2026/08/15 16:59:54.690, 10, 2, 12397, 22.63, 31
2026/08/15 16:59:56.690, 7, 1, 12369, 23.54, 31
2026/08/15 16:59:58.691, 5, 1, 12345, 22.59, 31
2026/08/15 17:00:00.691, 0, 0, 12345, 23.11, 31
2026/08/15 17:00:02.692, 31, 3, 12337, 23.68, 31
2026/08/15 17:00:04.692, 1, 0, 12393, 22.73, 31
2026/08/15 17:00:06.693, 23, 2, 12373, 22.51, 31
2026/08/15 17:00:08.693, 11, 1, 12357, 23.00, 31
2026/08/15 17:00:10.694, 0, 0, 12285, 22.80, 31
2026/08/15 17:00:12.695, 3, 1, 12333, 23.41, 31
2026/08/15 17:00:14.695, 10, 1, 12333, 22.80, 31
2026/08/15 17:00:16.697, 2, 1, 12333, 23.76, 31
2026/08/15 17:00:18.698, 16, 4, 12353, 23.56, 31
2026/08/15 17:00:20.699, 26, 4, 12357, 22.84, 31
2026/08/15 17:00:22.700, 28, 3, 12385, 22.99, 31
2026/08/15 17:00:24.700, 12, 1, 12345, 22.99, 31
2026/08/15 17:00:26.701, 17, 3, 12417, 23.18, 31
2026/08/15 17:00:28.702, 6, 2, 12305, 23.26, 31
2026/08/15 17:00:30.702, 0, 0, 12381, 23.78, 31
2026/08/15 17:00:32.703, 35, 4, 12381, 23.31, 31
2026/08/15 17:00:34.703, 8, 1, 12333, 23.20, 31
2026/08/15 17:00:36.704, 10, 1, 12341, 22.97, 31
2026/08/15 17:00:38.705, 1, 0, 12317, 23.88, 31
2026/08/15 17:00:40.705, 20, 4, 12349, 23.20, 31
2026/08/15 17:00:42.705, 12, 3, 12337, 22.85, 31
2026/08/15 17:00:44.706, 20, 3, 12381, 22.70, 31
2026/08/15 17:00:46.707, 0, 1, 12321, 22.53, 31
2026/08/15 17:00:48.707, 26, 6, 12333, 22.86, 31
2026/08/15 17:00:50.711, 1, 0, 12349, 22.34, 30
2026/08/15 17:00:52.712, 33, 6, 12321, 22.27, 31
2026/08/15 17:00:54.712, 4, 0, 12345, 22.45, 30
2026/08/15 17:00:56.713, 17, 2, 12349, 22.82, 30
2026/08/15 17:00:58.714, 1, 1, 12349, 22.39, 30
2026/08/15 17:01:00.714, 8, 1, 12369, 22.33, 30
2026/08/15 17:01:02.715, 39, 8, 12325, 22.23, 30
2026/08/15 17:01:04.716, 4, 1, 12297, 22.17, 30
2026/08/15 17:01:06.716, 13, 1, 12341, 22.71, 30
2026/08/15 17:01:08.717, 19, 4, 12337, 22.26, 30
2026/08/15 17:01:10.718, 4, 1, 12317, 22.36, 30
2026/08/15 17:01:12.718, 20, 3, 12321, 22.71, 30
2026/08/15 17:01:14.719, 10, 1, 12349, 22.43, 30
2026/08/15 17:01:16.719, 21, 3, 12405, 23.36, 30
2026/08/15 17:01:18.722, 23, 3, 12293, 22.99, 30
2026/08/15 17:01:20.723, 1, 1, 12329, 22.99, 30
2026/08/15 17:01:22.723, 0, 0, 12353, 23.38, 30
2026/08/15 17:01:24.724, 18, 4, 12357, 23.46, 30
2026/08/15 17:01:26.724, 3, 1, 12341, 22.54, 30
2026/08/15 17:01:28.724, 4, 1, 12301, 23.11, 30
2026/08/15 17:01:30.725, 5, 1, 12341, 23.92, 30
2026/08/15 17:01:32.726, 24, 4, 12313, 22.65, 30
2026/08/15 17:01:34.727, 21, 4, 12341, 22.74, 30
2026/08/15 17:01:36.731, 8, 1, 12357, 23.05, 30
2026/08/15 17:01:38.732, 19, 3, 12369, 22.49, 30
2026/08/15 17:01:40.733, 8, 2, 12317, 22.93, 30
2026/08/15 17:01:42.733, 7, 1, 12297, 22.43, 30
2026/08/15 17:01:44.734, 16, 2, 12349, 23.25, 30
2026/08/15 17:01:46.735, 10, 2, 12349, 22.70, 30
2026/08/15 17:01:48.735, 9, 2, 12337, 22.32, 30
2026/08/15 17:01:50.736, 20, 2, 12357, 22.75, 30
2026/08/15 17:01:52.737, 53, 10, 12317, 23.75, 30
2026/08/15 17:01:54.738, 11, 1, 12329, 22.73, 30
2026/08/15 17:01:56.739, 24, 4, 12377, 22.93, 30
2026/08/15 17:01:58.739, 11, 1, 12357, 22.51, 30
2026/08/15 17:02:00.740, 0, 0, 12345, 22.50, 30
2026/08/15 17:02:02.741, 19, 4, 12349, 23.16, 30
2026/08/15 17:02:04.741, 26, 5, 12337, 22.92, 30
2026/08/15 17:02:06.742, 13, 1, 12345, 23.14, 30
2026/08/15 17:02:08.742, 2, 1, 12289, 22.50, 30
2026/08/15 17:02:10.743, 8, 1, 12337, 22.57, 30
2026/08/15 17:02:12.743, 9, 2, 12309, 23.18, 30
2026/08/15 17:02:14.744, 6, 2, 12373, 23.27, 30
2026/08/15 17:02:16.745, 39, 4, 12349, 23.42, 30
2026/08/15 17:02:18.748, 20, 2, 12361, 22.74, 30
2026/08/15 17:02:20.748, 21, 4, 12309, 22.73, 30
2026/08/15 17:02:22.749, 25, 3, 12313, 23.00, 30
2026/08/15 17:02:24.752, 10, 1, 12305, 22.11, 30
2026/08/15 17:02:26.753, 28, 5, 12321, 22.93, 30
2026/08/15 17:02:28.753, 3, 1, 12309, 22.69, 30
2026/08/15 17:02:30.753, 11, 2, 12325, 22.31, 30
2026/08/15 17:02:32.754, 1, 1, 12341, 23.64, 30
2026/08/15 17:02:34.755, 4, 1, 12317, 23.20, 30
2026/08/15 17:02:36.756, 14, 2, 12381, 22.44, 30
2026/08/15 17:02:38.757, 27, 3, 12337, 23.20, 30
2026/08/15 17:02:40.758, 0, 0, 12317, 22.83, 30
2026/08/15 17:02:42.758, 13, 1, 12341, 22.85, 30
2026/08/15 17:02:44.759, 8, 2, 12341, 23.72, 30
2026/08/15 17:02:46.759, 11, 1, 12357, 22.59, 30
2026/08/15 17:02:48.760, 8, 2, 12337, 22.90, 30
2026/08/15 17:02:50.760, 11, 3, 12341, 24.16, 30
2026/08/15 17:02:52.761, 21, 4, 12357, 22.90, 30
2026/08/15 17:02:54.761, 5, 2, 12341, 23.39, 30
2026/08/15 17:02:56.762, 0, 0, 12357, 21.95, 30
2026/08/15 17:02:58.765, 14, 2, 12337, 21.75, 30
2026/08/15 17:03:00.766, 27, 5, 12381, 23.00, 30
2026/08/15 17:03:02.766, 9, 1, 12317, 23.20, 30
2026/08/15 17:03:04.766, 2, 1, 12353, 22.24, 30
2026/08/15 17:03:06.767, 28, 5, 12329, 22.32, 30
2026/08/15 17:03:08.767, 20, 2, 12357, 22.33, 30
2026/08/15 17:03:10.768, 9, 1, 12381, 21.59, 30
2026/08/15 17:03:12.769, 16, 2, 12309, 22.16, 30
2026/08/15 17:03:14.769, 8, 1, 12369, 22.47, 30
2026/08/15 17:03:16.770, 3, 1, 12345, 22.81, 30
2026/08/15 17:03:18.770, 27, 6, 12329, 22.95, 30
2026/08/15 17:03:20.771, 34, 4, 12357, 22.66, 30
2026/08/15 17:03:22.771, 5, 2, 12313, 22.35, 30
2026/08/15 17:03:24.774, 19, 4, 12349, 22.23, 30
2026/08/15 17:03:26.774, 31, 5, 12369, 22.47, 30
2026/08/15 17:03:28.775, 18, 2, 12317, 22.67, 30
2026/08/15 17:03:30.775, 6, 1, 12321, 22.96, 30
2026/08/15 17:03:32.775, 13, 3, 12361, 22.50, 30
2026/08/15 17:03:34.776, 10, 2, 12345, 22.94, 30
2026/08/15 17:03:36.777, 20, 4, 12357, 22.74, 30
2026/08/15 17:03:38.778, 18, 2, 12321, 22.66, 30
2026/08/15 17:03:40.778, 14, 1, 12325, 23.52, 30
2026/08/15 17:03:42.779, 12, 3, 12353, 22.95, 30
2026/08/15 17:03:44.779, 11, 2, 12341, 22.75, 30
2026/08/15 17:03:46.780, 11, 2, 12317, 22.38, 30
2026/08/15 17:03:48.786, 0, 0, 12349, 22.88, 30
2026/08/15 17:03:50.786, 9, 1, 12325, 22.60, 30
2026/08/15 17:03:52.787, 24, 5, 12349, 22.72, 30
2026/08/15 17:03:54.789, 8, 1, 12337, 23.06, 30
2026/08/15 17:03:56.790, 1, 1, 12317, 23.07, 30
2026/08/15 17:03:58.790, 20, 3, 12345, 23.57, 30
2026/08/15 17:04:00.791, 8, 1, 12337, 23.01, 30
2026/08/15 17:04:02.791, 39, 8, 12341, 23.50, 30
2026/08/15 17:04:04.795, 13, 3, 12325, 22.94, 30
2026/08/15 17:04:06.796, 6, 1, 12373, 23.35, 30
2026/08/15 17:04:08.797, 40, 5, 12337, 22.25, 30
2026/08/15 17:04:10.797, 19, 3, 12309, 23.18, 30
2026/08/15 17:04:12.797, 19, 4, 12341, 22.97, 30
2026/08/15 17:04:14.798, 13, 1, 12313, 23.04, 30
2026/08/15 17:04:16.799, 15, 2, 12309, 23.98, 30
2026/08/15 17:04:18.800, 15, 2, 12381, 22.99, 30
2026/08/15 17:04:20.800, 12, 0, 12357, 22.90, 30
2026/08/15 17:04:22.800, 5, 2, 12333, 22.67, 30
2026/08/15 17:04:24.801, 31, 5, 12341, 22.83, 30
2026/08/15 17:04:26.802, 0, 0, 12313, 23.02, 30
2026/08/15 17:04:28.803, 18, 3, 12385, 22.32, 30
2026/08/15 17:04:30.804, 14, 2, 12337, 22.14, 30
2026/08/15 17:04:32.804, 15, 1, 12337, 23.16, 30
2026/08/15 17:04:34.804, 16, 3, 12349, 22.79, 30
2026/08/15 17:04:36.805, 17, 3, 12333, 22.49, 30
2026/08/15 17:04:38.805, 13, 1, 12369, 22.98, 30
2026/08/15 17:04:40.809, 2, 1, 12305, 23.39, 30
2026/08/15 17:04:42.810, 14, 2, 12361, 23.61, 30
2026/08/15 17:04:44.810, 23, 2, 12313, 22.68, 30
2026/08/15 17:04:46.811, 8, 1, 12313, 23.25, 30
2026/08/15 17:04:48.811, 13, 3, 12337, 22.76, 30
2026/08/15 17:04:50.812, 3, 1, 12325, 22.60, 30
2026/08/15 17:04:52.812, 40, 7, 12357, 22.85, 30
2026/08/15 17:04:54.813, 19, 2, 12337, 23.41, 30
2026/08/15 17:04:56.814, 5, 1, 12357, 23.10, 30
2026/08/15 17:04:58.848, 24, 2, 12325, 23.35, 30
2026/08/15 17:05:00.848, 6, 2, 12321, 22.99, 30
2026/08/15 17:05:02.849, 3, 1, 12345, 22.16, 30
2026/08/15 17:05:04.850, 11, 2, 12329, 23.25, 30
2026/08/15 17:05:06.850, 4, 0, 12345, 22.56, 30
2026/08/15 17:05:08.850, 8, 2, 12317, 22.91, 30
2026/08/15 17:05:10.851, 7, 1, 12341, 22.00, 30
2026/08/15 17:05:12.851, 28, 3, 12305, 22.19, 30
2026/08/15 17:05:14.852, 11, 2, 12337, 22.03, 30
2026/08/15 17:05:16.852, 21, 2, 12313, 22.70, 30
2026/08/15 17:05:18.853, 4, 1, 12357, 22.40, 30
2026/08/15 17:05:20.854, 17, 3, 12357, 22.21, 30
2026/08/15 17:05:22.855, 3, 1, 12329, 22.81, 30
2026/08/15 17:05:24.855, 16, 3, 12321, 22.90, 30
2026/08/15 17:05:26.856, 13, 4, 12321, 21.31, 30
2026/08/15 17:05:28.857, 9, 2, 12329, 22.69, 30
2026/08/15 17:05:30.858, 37, 8, 12337, 22.37, 30
2026/08/15 17:05:32.859, 9, 1, 12341, 22.66, 30
2026/08/15 17:05:34.859, 17, 2, 12345, 22.27, 30
2026/08/15 17:05:36.860, 0, 0, 12325, 22.71, 30
2026/08/15 17:05:38.860, 14, 1, 12357, 22.34, 30
2026/08/15 17:05:40.861, 4, 0, 12369, 22.09, 30
2026/08/15 17:05:42.861, 9, 3, 12309, 23.07, 30
2026/08/15 17:05:44.862, 9, 2, 12353, 22.32, 30
2026/08/15 17:05:46.862, 4, 1, 12345, 21.97, 30
2026/08/15 17:05:48.862, 0, 0, 12329, 22.25, 30
2026/08/15 17:05:50.863, 4, 1, 12349, 21.88, 30
2026/08/15 17:05:52.864, 0, 0, 12309, 22.34, 30
2026/08/15 17:05:54.866, 4, 1, 12337, 21.56, 30
2026/08/15 17:05:56.867, 34, 7, 12381, 22.55, 30
2026/08/15 17:05:58.867, 7, 2, 12313, 21.77, 30
2026/08/15 17:06:00.867, 13, 2, 12337, 22.65, 30
2026/08/15 17:06:02.868, 11, 1, 12357, 22.16, 30
2026/08/15 17:06:04.868, 10, 1, 12349, 22.35, 30
2026/08/15 17:06:06.869, 3, 0, 12313, 21.98, 30
2026/08/15 17:06:08.870, 15, 2, 12349, 22.92, 30
2026/08/15 17:06:10.871, 14, 1, 12325, 22.38, 30
2026/08/15 17:06:12.871, 9, 2, 12353, 23.19, 30
2026/08/15 17:06:14.872, 14, 2, 12309, 23.14, 30
2026/08/15 17:06:16.872, 18, 2, 12321, 23.45, 30
2026/08/15 17:06:18.873, 2, 1, 12333, 22.87, 30
2026/08/15 17:06:20.873, 9, 2, 12313, 22.86, 30
2026/08/15 17:06:22.874, 12, 1, 12353, 23.00, 30
2026/08/15 17:06:24.874, 12, 3, 12301, 22.42, 30
2026/08/15 17:06:26.875, 15, 3, 12361, 22.82, 30
2026/08/15 17:06:28.876, 39, 5, 12293, 22.64, 30
2026/08/15 17:06:30.876, 3, 1, 12353, 23.50, 30
2026/08/15 17:06:32.877, 28, 3, 12329, 23.41, 30
2026/08/15 17:06:34.879, 7, 1, 12349, 22.91, 30
2026/08/15 17:06:36.880, 0, 0, 12329, 23.47, 30
2026/08/15 17:06:38.880, 14, 1, 12361, 22.35, 30
2026/08/15 17:06:40.880, 25, 5, 12341, 23.35, 30
2026/08/15 17:06:42.881, 17, 2, 12349, 23.25, 30
2026/08/15 17:06:44.881, 15, 2, 12329, 22.77, 30
2026/08/15 17:06:46.883, 5, 2, 12341, 23.05, 30
2026/08/15 17:06:48.883, 9, 2, 12329, 23.04, 30
2026/08/15 17:06:50.885, 4, 1, 12337, 22.85, 30
2026/08/15 17:06:52.886, 0, 0, 12333, 22.60, 30
2026/08/15 17:06:54.887, 17, 1, 12349, 22.87, 30
2026/08/15 17:06:56.888, 14, 2, 12373, 22.71, 30
2026/08/15 17:06:58.888, 29, 7, 12337, 22.97, 30
2026/08/15 17:07:00.888, 15, 3, 12361, 23.00, 30
2026/08/15 17:07:02.889, 42, 9, 12337, 22.64, 30
2026/08/15 17:07:04.889, 2, 1, 12349, 22.49, 30
2026/08/15 17:07:06.890, 8, 2, 12369, 22.53, 30
2026/08/15 17:07:08.890, 25, 3, 12349, 22.67, 30
2026/08/15 17:07:10.891, 18, 4, 12309, 22.57, 30
2026/08/15 17:07:12.892, 30, 5, 12317, 22.65, 30
2026/08/15 17:07:14.893, 0, 0, 12329, 22.89, 30
2026/08/15 17:07:16.893, 23, 2, 12373, 22.34, 30
2026/08/15 17:07:18.894, 0, 0, 12345, 22.09, 30
2026/08/15 17:07:20.895, 37, 4, 12349, 23.35, 30
2026/08/15 17:07:22.895, 4, 0, 12345, 21.80, 30
2026/08/15 17:07:24.899, 26, 3, 12329, 22.83, 30
2026/08/15 17:07:26.900, 20, 2, 12357, 21.80, 30
2026/08/15 17:07:28.900, 13, 1, 12337, 22.26, 30
2026/08/15 17:07:30.901, 0, 0, 12325, 22.75, 30
2026/08/15 17:07:32.901, 11, 1, 12361, 22.71, 30
2026/08/15 17:07:34.902, 42, 7, 12297, 22.58, 30
2026/08/15 17:07:36.902, 9, 2, 12337, 22.19, 30
2026/08/15 17:07:38.903, 22, 3, 12361, 22.59, 30
2026/08/15 17:07:40.903, 8, 1, 12305, 21.90, 30
2026/08/15 17:07:42.904, 37, 8, 12349, 22.43, 30
2026/08/15 17:07:44.905, 33, 3, 12333, 22.17, 30
2026/08/15 17:07:46.906, 9, 1, 12369, 23.19, 30
2026/08/15 17:07:48.906, 22, 4, 12313, 22.62, 30
2026/08/15 17:07:50.907, 43, 8, 12297, 22.99, 30
2026/08/15 17:07:52.908, 21, 3, 12341, 22.28, 30
2026/08/15 17:07:54.909, 9, 1, 12325, 22.31, 30
2026/08/15 17:07:56.910, 15, 2, 12337, 22.49, 30
2026/08/15 17:07:58.910, 4, 0, 12341, 22.58, 30
2026/08/15 17:08:00.911, 22, 3, 12349, 22.26, 30
2026/08/15 17:08:02.911, 7, 1, 12325, 21.93, 30
2026/08/15 17:08:04.912, 9, 1, 12349, 21.98, 30
2026/08/15 17:08:06.913, 0, 0, 12325, 21.93, 30
2026/08/15 17:08:08.913, 10, 1, 12349, 22.32, 30
2026/08/15 17:08:10.914, 26, 3, 12357, 22.43, 30
2026/08/15 17:08:12.915, 0, 0, 12345, 22.46, 30
2026/08/15 17:08:14.915, 15, 2, 12369, 23.17, 30
2026/08/15 17:08:16.916, 14, 1, 12337, 22.11, 30
2026/08/15 17:08:18.916, 11, 2, 12369, 22.61, 30
2026/08/15 17:08:20.916, 16, 3, 12381, 22.98, 30
2026/08/15 17:08:22.917, 40, 6, 12349, 22.78, 30
2026/08/15 17:08:24.918, 19, 2, 12349, 22.36, 30
2026/08/15 17:08:26.921, 5, 2, 12317, 22.54, 30
2026/08/15 17:08:28.924, 11, 2, 12337, 22.58, 30
2026/08/15 17:08:30.924, 5, 1, 12357, 22.58, 30
2026/08/15 17:08:32.925, 8, 2, 12337, 22.51, 30
2026/08/15 17:08:34.926, 30, 4, 12337, 22.71, 30
2026/08/15 17:08:36.927, 26, 5, 12337, 22.51, 30
2026/08/15 17:08:38.927, 9, 1, 12325, 22.45, 30
2026/08/15 17:08:40.927, 15, 3, 12333, 22.21, 30
2026/08/15 17:08:42.928, 14, 2, 12353, 23.01, 30
2026/08/15 17:08:44.928, 30, 4, 12329, 22.84, 30
2026/08/15 17:08:46.929, 27, 4, 12369, 23.32, 30
2026/08/15 17:08:48.929, 26, 3, 12333, 23.37, 30
2026/08/15 17:08:50.930, 12, 3, 12329, 22.51, 30
2026/08/15 17:08:52.930, 3, 2, 12289, 23.14, 30
2026/08/15 17:08:54.931, 9, 1, 12329, 23.34, 30
2026/08/15 17:08:56.931, 36, 7, 12369, 23.67, 30
2026/08/15 17:08:58.932, 7, 1, 12353, 22.91, 30
2026/08/15 17:09:00.933, 6, 1, 12345, 22.03, 30
2026/08/15 17:09:02.933, 4, 1, 12353, 22.89, 30
2026/08/15 17:09:04.934, 24, 4, 12349, 23.32, 30
2026/08/15 17:09:06.937, 14, 2, 12325, 22.57, 30
2026/08/15 17:09:08.938, 32, 4, 12341, 23.31, 30
2026/08/15 17:09:10.938, 10, 1, 12337, 22.59, 30
2026/08/15 17:09:12.938, 5, 2, 12329, 22.00, 30
2026/08/15 17:09:14.939, 16, 2, 12381, 22.92, 30
2026/08/15 17:09:16.940, 11, 2, 12345, 22.87, 30
2026/08/15 17:09:18.941, 8, 2, 12321, 22.66, 30
2026/08/15 17:09:20.942, 32, 6, 12309, 23.57, 30
2026/08/15 17:09:22.942, 22, 2, 12289, 22.89, 30
2026/08/15 17:09:24.943, 28, 5, 12373, 23.79, 30
2026/08/15 17:09:26.944, 14, 2, 12325, 22.30, 30
2026/08/15 17:09:28.945, 6, 1, 12369, 22.67, 30
2026/08/15 17:09:30.946, 6, 1, 12289, 21.92, 30
2026/08/15 17:09:32.946, 7, 1, 12321, 22.58, 30
2026/08/15 17:09:34.947, 12, 2, 12321, 23.59, 30
2026/08/15 17:09:36.947, 11, 1, 12349, 23.40, 30
2026/08/15 17:09:38.948, 8, 3, 12349, 23.05, 30
2026/08/15 17:09:40.948, 8, 2, 12361, 22.38, 30
2026/08/15 17:09:42.949, 7, 1, 12345, 23.06, 30
2026/08/15 17:09:44.950, 42, 7, 12325, 23.03, 30
2026/08/15 17:09:46.950, 33, 7, 12417, 22.89, 30
2026/08/15 17:09:48.951, 1, 1, 12325, 22.99, 30
2026/08/15 17:09:50.951, 0, 0, 12385, 23.36, 30
2026/08/15 17:09:52.952, 18, 2, 12365, 23.70, 30
2026/08/15 17:09:54.952, 17, 2, 12369, 22.72, 30
2026/08/15 17:09:56.953, 16, 2, 12385, 22.09, 30
2026/08/15 17:09:58.953, 3, 0, 12349, 22.57, 30
2026/08/15 17:10:00.953, 12, 3, 12349, 22.65, 30
2026/08/15 17:10:02.954, 28, 4, 12337, 23.08, 30
2026/08/15 17:10:04.955, 25, 4, 12381, 22.79, 30
2026/08/15 17:10:06.956, 0, 0, 12317, 23.47, 30
2026/08/15 17:10:08.962, 2, 0, 12385, 24.66, 30
2026/08/15 17:10:10.963, 48, 12, 12353, 23.00, 30
2026/08/15 17:10:12.963, 3, 1, 12361, 23.36, 30
2026/08/15 17:10:14.964, 6, 2, 12309, 22.88, 30
2026/08/15 17:10:16.965, 16, 3, 12373, 22.96, 30
2026/08/15 17:10:18.965, 32, 7, 12325, 22.95, 30
2026/08/15 17:10:20.967, 22, 4, 12369, 22.87, 30
2026/08/15 17:10:22.968, 6, 1, 12349, 22.75, 30
2026/08/15 17:10:24.968, 25, 5, 12309, 22.21, 30
2026/08/15 17:10:26.969, 54, 10, 12345, 23.40, 30
2026/08/15 17:10:28.969, 11, 1, 12301, 23.30, 30
2026/08/15 17:10:30.970, 5, 0, 12321, 23.41, 30
2026/08/15 17:10:32.970, 3, 2, 12317, 23.29, 30
2026/08/15 17:10:34.971, 15, 2, 12405, 23.48, 30
2026/08/15 17:10:36.971, 16, 3, 12349, 22.92, 30
2026/08/15 17:10:38.972, 0, 0, 12409, 22.98, 30
2026/08/15 17:10:40.972, 9, 1, 12361, 23.02, 30
2026/08/15 17:10:42.974, 14, 3, 12325, 22.42, 30
2026/08/15 17:10:44.975, 3, 3, 12333, 22.59, 30
2026/08/15 17:10:46.975, 5, 1, 12349, 22.44, 30
2026/08/15 17:10:48.976, 7, 1, 12361, 22.29, 30
2026/08/15 17:10:50.976, 0, 0, 12305, 22.17, 30
2026/08/15 17:10:52.977, 14, 1, 12333, 22.26, 30
2026/08/15 17:10:54.980, 5, 0, 12317, 21.74, 30
2026/08/15 17:10:56.981, 22, 3, 12329, 22.70, 30
2026/08/15 17:10:58.982, 19, 3, 12337, 23.12, 30
2026/08/15 17:11:00.982, 21, 3, 12357, 23.21, 30
2026/08/15 17:11:02.983, 10, 2, 12329, 22.62, 30
2026/08/15 17:11:04.983, 9, 1, 12345, 22.70, 30
2026/08/15 17:11:06.984, 9, 2, 12349, 23.94, 30
2026/08/15 17:11:08.985, 6, 1, 12357, 22.37, 30
2026/08/15 17:11:10.987, 30, 4, 12357, 22.32, 30
2026/08/15 17:11:12.987, 3, 1, 12309, 23.34, 30
2026/08/15 17:11:14.988, 7, 1, 12345, 22.10, 30
2026/08/15 17:11:16.989, 14, 4, 12349, 22.96, 30
2026/08/15 17:11:18.989, 14, 3, 12337, 22.56, 30
2026/08/15 17:11:20.990, 13, 2, 12325, 22.07, 30
2026/08/15 17:11:22.990, 11, 2, 12325, 22.84, 30
2026/08/15 17:11:24.991, 24, 4, 12329, 23.05, 30
2026/08/15 17:11:26.992, 0, 0, 12317, 22.01, 30
2026/08/15 17:11:28.993, 20, 4, 12353, 23.14, 30
2026/08/15 17:11:30.993, 23, 3, 12333, 22.33, 30
2026/08/15 17:11:32.994, 0, 1, 12353, 23.48, 30
2026/08/15 17:11:34.994, 7, 0, 12325, 22.86, 30
2026/08/15 17:11:36.995, 4, 2, 12309, 22.35, 30
2026/08/15 17:11:38.996, 1, 0, 12289, 22.24, 30
2026/08/15 17:11:40.996, 6, 1, 12345, 21.95, 30
2026/08/15 17:11:42.996, 13, 1, 12349, 22.97, 30
2026/08/15 17:11:44.997, 5, 0, 12325, 22.79, 30
2026/08/15 17:11:46.998, 8, 1, 12317, 22.11, 30
2026/08/15 17:11:48.999, 15, 1, 12349, 22.38, 30
2026/08/15 17:11:50.999, 1, 1, 12313, 22.08, 30
2026/08/15 17:11:53.001, 0, 0, 12337, 21.50, 30
2026/08/15 17:11:55.001, 9, 1, 12381, 22.60, 30
2026/08/15 17:11:57.002, 3, 0, 12333, 22.02, 30
2026/08/15 17:11:59.002, 5, 0, 12369, 22.34, 30
2026/08/15 17:12:01.005, 11, 1, 12337, 21.90, 30
2026/08/15 17:12:03.006, 15, 3, 12357, 22.04, 30
2026/08/15 17:12:05.006, 18, 3, 12317, 22.15, 30
2026/08/15 17:12:07.007, 6, 2, 12301, 21.54, 30
2026/08/15 17:12:09.008, 14, 3, 12309, 22.30, 30
2026/08/15 17:12:11.008, 6, 1, 12321, 22.61, 30
2026/08/15 17:12:13.008, 3, 1, 12325, 23.19, 30
2026/08/15 17:12:15.009, 23, 3, 12325, 21.97, 30
2026/08/15 17:12:17.010, 15, 2, 12317, 22.83, 30
2026/08/15 17:12:19.011, 20, 2, 12329, 23.02, 30
2026/08/15 17:12:21.011, 21, 4, 12329, 22.29, 31
2026/08/15 17:12:23.012, 0, 0, 12297, 21.86, 31
2026/08/15 17:12:25.013, 36, 6, 12385, 22.64, 31
2026/08/15 17:12:27.013, 16, 2, 12317, 22.63, 31
2026/08/15 17:12:29.014, 15, 2, 12353, 21.81, 31
2026/08/15 17:12:31.014, 8, 1, 12337, 21.64, 31
2026/08/15 17:12:33.015, 3, 0, 12373, 22.63, 31
2026/08/15 17:12:35.015, 3, 1, 12325, 21.84, 31
2026/08/15 17:12:37.016, 20, 3, 12453, 22.36, 31
2026/08/15 17:12:39.016, 10, 1, 12409, 22.46, 31
2026/08/15 17:12:41.017, 15, 3, 12317, 22.89, 31
2026/08/15 17:12:43.017, 9, 1, 12361, 22.90, 31
2026/08/15 17:12:45.018, 9, 1, 12341, 22.07, 31
2026/08/15 17:12:47.020, 5, 1, 12341, 22.08, 31
2026/08/15 17:12:49.021, 22, 5, 12417, 22.88, 31
2026/08/15 17:12:51.021, 0, 0, 12357, 22.47, 31
2026/08/15 17:12:53.022, 22, 3, 12433, 22.87, 31
2026/08/15 17:12:55.022, 11, 1, 12325, 22.46, 31
2026/08/15 17:12:57.023, 17, 2, 12361, 22.56, 31
2026/08/15 17:12:59.024, 10, 2, 12373, 22.45, 31
2026/08/15 17:13:01.024, 38, 5, 12329, 23.37, 31
2026/08/15 17:13:03.025, 40, 5, 12389, 23.72, 31
2026/08/15 17:13:05.026, 9, 3, 12297, 22.44, 31
2026/08/15 17:13:07.026, 17, 3, 12401, 23.67, 31
2026/08/15 17:13:09.027, 8, 1, 12365, 23.46, 31
2026/08/15 17:13:11.028, 10, 1, 12357, 23.34, 31
2026/08/15 17:13:13.028, 30, 5, 12381, 23.14, 31
2026/08/15 17:13:15.028, 5, 1, 12329, 23.42, 31
2026/08/15 17:13:17.029, 8, 1, 12373, 23.26, 31
2026/08/15 17:13:19.030, 12, 4, 12349, 23.29, 31
2026/08/15 17:13:21.030, 5, 1, 12337, 22.85, 31
2026/08/15 17:13:23.031, 0, 0, 12309, 22.74, 31
2026/08/15 17:13:25.031, 27, 6, 12349, 23.48, 31
2026/08/15 17:13:27.032, 6, 1, 12365, 23.19, 31
2026/08/15 17:13:29.032, 8, 0, 12317, 23.08, 31
2026/08/15 17:13:31.033, 26, 4, 12361, 22.89, 31
2026/08/15 17:13:33.033, 8, 1, 12317, 22.87, 31
2026/08/15 17:13:35.034, 13, 3, 12389, 23.77, 31
2026/08/15 17:13:37.035, 13, 1, 12305, 22.10, 31
2026/08/15 17:13:39.035, 5, 1, 12349, 22.82, 31
2026/08/15 17:13:41.036, 2, 1, 12341, 22.87, 31
2026/08/15 17:13:43.038, 16, 4, 12357, 23.47, 32
2026/08/15 17:13:45.038, 10, 2, 12369, 23.20, 32
2026/08/15 17:13:47.039, 24, 2, 12337, 22.63, 32
2026/08/15 17:13:49.040, 11, 1, 12309, 22.81, 32
2026/08/15 17:13:51.040, 25, 5, 12361, 23.04, 32
2026/08/15 17:13:53.041, 0, 0, 12297, 22.04, 32
2026/08/15 17:13:55.041, 3, 2, 12341, 23.39, 32
2026/08/15 17:13:57.042, 23, 4, 12361, 22.50, 32
2026/08/15 17:13:59.043, 10, 1, 12345, 21.99, 32
2026/08/15 17:14:01.043, 15, 2, 12361, 22.53, 32
2026/08/15 17:14:03.044, 15, 2, 12317, 22.18, 32
2026/08/15 17:14:05.045, 10, 1, 12341, 22.23, 32
2026/08/15 17:14:07.045, 11, 1, 12313, 22.88, 32
2026/08/15 17:14:09.046, 17, 1, 12345, 22.08, 32
2026/08/15 17:14:11.047, 6, 1, 12369, 22.47, 32
2026/08/15 17:14:13.048, 10, 2, 12345, 22.72, 32
2026/08/15 17:14:15.049, 1, 1, 12309, 21.85, 32
2026/08/15 17:14:17.049, 8, 2, 12285, 22.42, 32
2026/08/15 17:14:19.049, 17, 2, 12333, 23.00, 32
2026/08/15 17:14:21.050, 0, 0, 12329, 22.76, 32
2026/08/15 17:14:23.050, 3, 0, 12337, 23.02, 32
2026/08/15 17:14:25.052, 12, 2, 12345, 22.96, 32
2026/08/15 17:14:27.053, 4, 1, 12321, 22.41, 32
2026/08/15 17:14:29.054, 13, 1, 12321, 23.04, 32
2026/08/15 17:14:31.054, 18, 4, 12337, 22.66, 32
2026/08/15 17:14:33.055, 0, 0, 12341, 22.93, 32
2026/08/15 17:14:35.055, 4, 1, 12369, 23.10, 32
2026/08/15 17:14:37.055, 23, 3, 12357, 23.66, 32
2026/08/15 17:14:39.056, 38, 8, 12345, 22.99, 32
2026/08/15 17:14:41.057, 3, 1, 12301, 21.95, 32
2026/08/15 17:14:43.057, 36, 5, 12317, 22.60, 32
2026/08/15 17:14:45.057, 15, 3, 12361, 22.85, 32
2026/08/15 17:14:47.058, 4, 0, 12337, 23.20, 32
2026/08/15 17:14:49.059, 0, 0, 12337, 23.09, 32
2026/08/15 17:14:51.059, 4, 1, 12345, 22.96, 32
2026/08/15 17:14:53.060, 8, 1, 12317, 22.42, 32
2026/08/15 17:14:55.061, 24, 2, 12345, 23.52, 32
2026/08/15 17:14:57.061, 22, 5, 12361, 23.13, 32
2026/08/15 17:14:59.062, 14, 0, 12289, 22.60, 32
2026/08/15 17:15:01.063, 2, 1, 12337, 23.48, 32
2026/08/15 17:15:03.063, 14, 2, 12329, 23.09, 32
2026/08/15 17:15:05.064, 6, 1, 12305, 22.33, 32
2026/08/15 17:15:07.065, 6, 2, 12333, 22.54, 32
2026/08/15 17:15:09.065, 22, 5, 12393, 23.43, 32
2026/08/15 17:15:11.065, 16, 2, 12373, 22.40, 32
2026/08/15 17:15:13.066, 16, 2, 12345, 22.86, 32
2026/08/15 17:15:15.066, 3, 2, 12341, 23.52, 32
2026/08/15 17:15:17.067, 0, 0, 12349, 22.87, 32
2026/08/15 17:15:19.067, 9, 2, 12357, 23.31, 32
2026/08/15 17:15:21.068, 0, 0, 12317, 22.77, 32
2026/08/15 17:15:23.068, 20, 3, 12373, 23.48, 33
2026/08/15 17:15:25.069, 23, 3, 12349, 23.04, 33
2026/08/15 17:15:27.069, 32, 4, 12357, 22.69, 33
2026/08/15 17:15:29.071, 13, 3, 12321, 22.80, 33
2026/08/15 17:15:31.072, 0, 0, 12337, 22.85, 33
2026/08/15 17:15:33.072, 4, 1, 12329, 23.42, 33
2026/08/15 17:15:35.073, 12, 1, 12325, 22.75, 33
2026/08/15 17:15:37.074, 8, 2, 12369, 22.07, 33
2026/08/15 17:15:39.075, 6, 2, 12385, 23.12, 33
2026/08/15 17:15:41.076, 26, 5, 12309, 22.30, 33
2026/08/15 17:15:43.076, 4, 1, 12389, 22.95, 33
2026/08/15 17:15:45.077, 4, 0, 12341, 23.62, 33
2026/08/15 17:15:47.077, 43, 9, 12337, 23.14, 33
2026/08/15 17:15:49.077, 15, 0, 12317, 22.87, 33
2026/08/15 17:15:51.078, 16, 2, 12309, 22.51, 33
2026/08/15 17:15:53.079, 32, 5, 12341, 23.25, 33
2026/08/15 17:15:55.079, 2, 1, 12317, 22.21, 33
2026/08/15 17:15:57.080, 12, 3, 12329, 22.87, 33
2026/08/15 17:15:59.081, 3, 1, 12349, 22.60, 33
2026/08/15 17:16:01.081, 0, 0, 12349, 21.92, 33
2026/08/15 17:16:03.081, 12, 1, 12317, 22.86, 33
2026/08/15 17:16:05.082, 7, 0, 12373, 22.80, 33
2026/08/15 17:16:07.083, 11, 2, 12325, 22.28, 33
2026/08/15 17:16:09.084, 5, 1, 12309, 22.09, 33
2026/08/15 17:16:11.084, 0, 0, 12357, 22.61, 33
2026/08/15 17:16:13.085, 23, 5, 12369, 22.86, 33
2026/08/15 17:16:15.086, 11, 1, 12309, 22.45, 33
2026/08/15 17:16:17.086, 5, 2, 12353, 23.20, 33
2026/08/15 17:16:19.087, 13, 1, 12357, 22.67, 33
2026/08/15 17:16:21.091, 3, 0, 12313, 21.88, 33
2026/08/15 17:16:23.092, 9, 2, 12341, 22.43, 33
2026/08/15 17:16:25.092, 12, 2, 12369, 22.71, 33
2026/08/15 17:16:27.092, 3, 1, 12349, 22.97, 33
2026/08/15 17:16:29.093, 41, 9, 12369, 23.24, 33
2026/08/15 17:16:31.093, 11, 2, 12341, 23.45, 33
2026/08/15 17:16:33.093, 43, 8, 12357, 23.53, 33
2026/08/15 17:16:35.094, 9, 1, 12341, 23.14, 33
2026/08/15 17:16:37.095, 12, 1, 12357, 23.03, 33
2026/08/15 17:16:39.095, 23, 3, 12357, 23.17, 33
2026/08/15 17:16:41.096, 13, 2, 12345, 22.99, 33
2026/08/15 17:16:43.096, 0, 0, 12337, 23.03, 33
2026/08/15 17:16:45.097, 9, 1, 12349, 23.31, 33
2026/08/15 17:16:47.097, 31, 6, 12357, 23.29, 33
2026/08/15 17:16:49.098, 14, 2, 12341, 22.62, 33
2026/08/15 17:16:51.098, 35, 6, 12337, 23.21, 33
2026/08/15 17:16:53.099, 13, 2, 12373, 22.95, 33
2026/08/15 17:16:55.099, 6, 1, 12301, 22.60, 33
2026/08/15 17:16:57.100, 0, 0, 12353, 23.42, 33
2026/08/15 17:16:59.100, 12, 2, 12345, 22.51, 33
2026/08/15 17:17:01.101, 2, 0, 12321, 23.08, 33
2026/08/15 17:17:03.102, 6, 2, 12341, 24.13, 33
2026/08/15 17:17:05.102, 22, 4, 12341, 23.69, 34
2026/08/15 17:17:07.103, 28, 4, 12381, 23.04, 34
2026/08/15 17:17:09.104, 31, 5, 12369, 23.64, 34
2026/08/15 17:17:11.104, 35, 6, 12337, 21.59, 34
2026/08/15 17:17:13.105, 27, 2, 12317, 22.09, 34
2026/08/15 17:17:15.106, 10, 1, 12361, 22.30, 34
2026/08/15 17:17:17.107, 12, 2, 12305, 22.65, 34
2026/08/15 17:17:19.107, 15, 2, 12345, 23.27, 34
2026/08/15 17:17:21.108, 5, 1, 12369, 23.32, 34
2026/08/15 17:17:23.109, 40, 6, 12357, 22.68, 34
2026/08/15 17:17:25.109, 22, 5, 12381, 23.20, 34
2026/08/15 17:17:27.110, 6, 1, 12357, 22.88, 34
2026/08/15 17:17:29.110, 10, 2, 12357, 22.66, 34
2026/08/15 17:17:31.111, 27, 4, 12325, 22.11, 34
2026/08/15 17:17:33.111, 3, 1, 12321, 22.02, 34
2026/08/15 17:17:35.112, 6, 1, 12329, 22.63, 34
2026/08/15 17:17:37.112, 25, 5, 12349, 22.65, 34
2026/08/15 17:17:39.113, 28, 4, 12337, 22.52, 34
2026/08/15 17:17:41.113, 19, 2, 12325, 22.39, 34
2026/08/15 17:17:43.114, 11, 1, 12369, 22.73, 34
2026/08/15 17:17:45.114, 14, 2, 12325, 22.39, 34
2026/08/15 17:17:47.115, 10, 0, 12329, 22.83, 34
2026/08/15 17:17:49.116, 31, 5, 12349, 22.39, 34
2026/08/15 17:17:51.116, 9, 1, 12349, 21.83, 34
2026/08/15 17:17:53.117, 0, 0, 12277, 22.28, 34
2026/08/15 17:17:55.117, 12, 1, 12369, 22.43, 34
2026/08/15 17:17:57.118, 6, 1, 12329, 23.10, 34
2026/08/15 17:17:59.118, 7, 1, 12329, 23.24, 34
2026/08/15 17:18:01.118, 15, 3, 12341, 23.92, 34
2026/08/15 17:18:03.119, 14, 2, 12357, 22.64, 34
2026/08/15 17:18:05.119, 0, 0, 12325, 22.69, 34
2026/08/15 17:18:07.120, 21, 3, 12349, 23.11, 34
2026/08/15 17:18:09.120, 25, 3, 12357, 22.63, 34
2026/08/15 17:18:11.121, 17, 3, 12317, 22.42, 34
2026/08/15 17:18:13.122, 22, 4, 12349, 23.00, 34
2026/08/15 17:18:15.123, 0, 0, 12345, 22.74, 34
2026/08/15 17:18:17.123, 13, 1, 12349, 23.00, 34
2026/08/15 17:18:19.124, 0, 0, 12313, 22.54, 34
2026/08/15 17:18:21.124, 8, 2, 12341, 22.68, 34
2026/08/15 17:18:23.125, 14, 1, 12329, 22.78, 34
2026/08/15 17:18:25.126, 13, 2, 12357, 22.46, 34
2026/08/15 17:18:27.127, 7, 1, 12301, 23.03, 34
2026/08/15 17:18:29.127, 34, 7, 12357, 23.32, 34
2026/08/15 17:18:31.128, 21, 4, 12321, 23.22, 34
2026/08/15 17:18:33.129, 10, 2, 12381, 23.14, 34
2026/08/15 17:18:35.129, 28, 4, 12329, 23.07, 34
2026/08/15 17:18:37.130, 30, 4, 12357, 23.33, 34
2026/08/15 17:18:39.132, 24, 4, 12369, 23.75, 34
2026/08/15 17:18:41.133, 11, 2, 12341, 23.30, 34
2026/08/15 17:18:43.137, 0, 0, 12357, 23.20, 34
2026/08/15 17:18:45.137, 6, 1, 12337, 23.54, 33
2026/08/15 17:18:47.138, 19, 5, 12361, 22.85, 33
2026/08/15 17:18:49.138, 15, 2, 12349, 23.56, 33
2026/08/15 17:18:51.139, 17, 1, 12289, 23.39, 33
2026/08/15 17:18:53.140, 11, 2, 12357, 22.51, 33
2026/08/15 17:18:55.140, 14, 2, 12357, 23.25, 33
2026/08/15 17:18:57.140, 1, 1, 12337, 22.34, 33
2026/08/15 17:18:59.141, 2, 0, 12325, 22.64, 33
2026/08/15 17:19:01.142, 15, 2, 12389, 23.31, 33
2026/08/15 17:19:03.143, 0, 0, 12313, 22.50, 33
2026/08/15 17:19:05.143, 17, 1, 12369, 22.38, 33
2026/08/15 17:19:07.144, 28, 5, 12369, 23.09, 33
2026/08/15 17:19:09.145, 21, 3, 12369, 23.19, 33
2026/08/15 17:19:11.145, 20, 2, 12361, 23.33, 33
2026/08/15 17:19:13.146, 0, 0, 12377, 22.86, 33
2026/08/15 17:19:15.146, 9, 1, 12313, 22.38, 33
2026/08/15 17:19:17.148, 12, 1, 12381, 23.30, 33
2026/08/15 17:19:19.148, 14, 2, 12325, 22.45, 33
2026/08/15 17:19:21.149, 11, 1, 12349, 22.62, 33
2026/08/15 17:19:23.151, 8, 1, 12357, 22.25, 33
2026/08/15 17:19:25.151, 21, 2, 12337, 22.60, 33
2026/08/15 17:19:27.152, 17, 2, 12401, 23.07, 33
2026/08/15 17:19:29.153, 19, 3, 12317, 22.72, 33
2026/08/15 17:19:31.153, 17, 4, 12377, 22.73, 33
2026/08/15 17:19:33.154, 0, 0, 12349, 22.86, 33
2026/08/15 17:19:35.154, 10, 1, 12377, 22.46, 33
2026/08/15 17:19:37.155, 11, 3, 12309, 22.30, 33
2026/08/15 17:19:39.155, 27, 5, 12377, 22.58, 33
2026/08/15 17:19:41.156, 19, 2, 12369, 22.53, 33
2026/08/15 17:19:43.156, 8, 1, 12345, 22.09, 33
2026/08/15 17:19:45.157, 11, 2, 12381, 22.21, 33
2026/08/15 17:19:47.158, 5, 0, 12293, 22.29, 33
2026/08/15 17:19:49.159, 17, 4, 12381, 22.65, 33
2026/08/15 17:19:51.159, 4, 0, 12293, 22.45, 33
2026/08/15 17:19:53.160, 8, 0, 12393, 23.03, 33
2026/08/15 17:19:55.160, 11, 1, 12325, 22.87, 33
2026/08/15 17:19:57.160, 3, 1, 12361, 22.93, 32
2026/08/15 17:19:59.161, 13, 2, 12349, 23.52, 33
2026/08/15 17:20:01.161, 18, 2, 12349, 22.55, 32
2026/08/15 17:20:03.162, 16, 4, 12333, 22.70, 32
2026/08/15 17:20:05.162, 27, 6, 12369, 21.84, 32
2026/08/15 17:20:07.163, 9, 1, 12337, 22.25, 32
2026/08/15 17:20:09.164, 8, 0, 12325, 22.57, 32
2026/08/15 17:20:11.164, 3, 1, 12333, 21.89, 32
2026/08/15 17:20:13.165, 8, 1, 12381, 22.70, 32
2026/08/15 17:20:15.166, 6, 1, 12337, 22.35, 32
2026/08/15 17:20:17.166, 10, 1, 12357, 22.55, 32
2026/08/15 17:20:19.166, 31, 5, 12349, 22.90, 32
2026/08/15 17:20:21.171, 8, 1, 12305, 21.77, 32
2026/08/15 17:20:23.171, 13, 2, 12361, 22.73, 32
2026/08/15 17:20:25.172, 29, 7, 12345, 23.32, 32
2026/08/15 17:20:27.172, 5, 1, 12349, 22.56, 32
2026/08/15 17:20:29.173, 38, 5, 12329, 23.00, 32
2026/08/15 17:20:31.173, 28, 5, 12361, 23.42, 32
2026/08/15 17:20:33.174, 11, 1, 12345, 22.24, 32
2026/08/15 17:20:35.174, 13, 3, 12341, 23.46, 32
2026/08/15 17:20:37.175, 32, 9, 12361, 22.80, 32
2026/08/15 17:20:39.175, 6, 2, 12349, 22.68, 32
2026/08/15 17:20:41.176, 3, 0, 12381, 23.26, 32
2026/08/15 17:20:43.176, 7, 1, 12309, 23.41, 32
2026/08/15 17:20:45.177, 7, 2, 12361, 23.44, 32
2026/08/15 17:20:47.178, 29, 5, 12349, 23.43, 32
2026/08/15 17:20:49.178, 0, 0, 12349, 23.46, 32
2026/08/15 17:20:51.179, 14, 1, 12357, 24.10, 32
2026/08/15 17:20:53.179, 20, 3, 12361, 23.46, 32
2026/08/15 17:20:55.179, 31, 4, 12349, 23.61, 32
2026/08/15 17:20:57.181, 18, 2, 12357, 23.12, 32
2026/08/15 17:20:59.181, 21, 3, 12349, 23.36, 32
2026/08/15 17:21:01.182, 17, 4, 12361, 23.28, 32
2026/08/15 17:21:03.183, 24, 2, 12337, 22.78, 32
2026/08/15 17:21:05.183, 26, 3, 12329, 23.16, 32
2026/08/15 17:21:07.184, 6, 2, 12341, 23.36, 32
2026/08/15 17:21:09.184, 10, 2, 12341, 23.10, 32
2026/08/15 17:21:11.185, 9, 2, 12353, 24.04, 32
2026/08/15 17:21:13.186, 14, 1, 12349, 23.39, 32
2026/08/15 17:21:15.186, 30, 7, 12361, 23.17, 32
2026/08/15 17:21:17.187, 21, 3, 12349, 22.91, 32
2026/08/15 17:21:19.187, 6, 2, 12341, 23.39, 31
2026/08/15 17:21:21.187, 35, 8, 12349, 23.36, 32
2026/08/15 17:21:23.188, 29, 4, 12329, 23.39, 32
2026/08/15 17:21:25.188, 5, 1, 12329, 23.28, 31
2026/08/15 17:21:27.189, 16, 3, 12341, 23.23, 31
2026/08/15 17:21:29.190, 24, 5, 12369, 23.36, 31
2026/08/15 17:21:31.190, 18, 3, 12349, 24.37, 31
2026/08/15 17:21:33.191, 0, 0, 12313, 23.49, 31
2026/08/15 17:21:35.191, 16, 2, 12309, 23.08, 31
2026/08/15 17:21:37.191, 22, 4, 12381, 23.13, 31
2026/08/15 17:21:39.192, 3, 1, 12345, 22.78, 31
2026/08/15 17:21:41.193, 16, 2, 12329, 23.14, 31
2026/08/15 17:21:43.193, 8, 1, 12337, 22.71, 31
2026/08/15 17:21:45.194, 3, 0, 12325, 22.70, 31
2026/08/15 17:21:47.195, 8, 1, 12329, 22.98, 31
2026/08/15 17:21:49.195, 0, 0, 12345, 23.95, 31
2026/08/15 17:21:51.195, 5, 2, 12301, 23.67, 31
2026/08/15 17:21:53.196, 10, 2, 12381, 23.56, 31
2026/08/15 17:21:55.197, 21, 4, 12369, 23.17, 31
2026/08/15 17:21:57.198, 4, 1, 12353, 22.96, 31
2026/08/15 17:21:59.198, 10, 1, 12357, 22.82, 31
2026/08/15 17:22:01.199, 24, 3, 12337, 23.19, 31
2026/08/15 17:22:03.200, 4, 1, 12357, 22.89, 31
2026/08/15 17:22:05.200, 13, 2, 12365, 22.41, 31
2026/08/15 17:22:07.201, 27, 6, 12337, 22.73, 31
2026/08/15 17:22:09.202, 10, 2, 12317, 22.80, 31
2026/08/15 17:22:11.203, 28, 5, 12357, 23.57, 31
2026/08/15 17:22:13.204, 19, 2, 12349, 23.38, 31
2026/08/15 17:22:15.204, 0, 0, 12325, 21.55, 31
2026/08/15 17:22:17.205, 9, 1, 12325, 22.35, 31
2026/08/15 17:22:19.205, 0, 0, 12349, 22.63, 31
2026/08/15 17:22:21.206, 12, 2, 12361, 22.97, 31
2026/08/15 17:22:23.206, 47, 10, 12361, 23.12, 31
2026/08/15 17:22:25.206, 1, 1, 12297, 22.40, 31
2026/08/15 17:22:27.207, 18, 2, 12381, 23.38, 31
2026/08/15 17:22:29.207, 19, 3, 12317, 22.07, 31
2026/08/15 17:22:31.208, 19, 2, 12349, 22.56, 31
2026/08/15 17:22:33.211, 0, 0, 12337, 22.82, 31
2026/08/15 17:22:35.212, 1, 1, 12341, 23.54, 31
2026/08/15 17:22:37.214, 0, 0, 12345, 22.96, 31
2026/08/15 17:22:39.215, 9, 2, 12293, 23.23, 31
2026/08/15 17:22:41.215, 29, 5, 12357, 22.56, 31
2026/08/15 17:22:43.216, 18, 2, 12317, 21.97, 31
2026/08/15 17:22:45.217, 31, 4, 12349, 23.14, 31
2026/08/15 17:22:47.217, 10, 2, 12349, 22.76, 31
2026/08/15 17:22:49.218, 25, 4, 12361, 23.07, 31
2026/08/15 17:22:51.218, 16, 2, 12329, 23.02, 31
2026/08/15 17:22:53.218, 18, 5, 12393, 22.97, 31
2026/08/15 17:22:55.219, 0, 0, 12341, 22.75, 31
2026/08/15 17:22:57.224, 6, 2, 12361, 22.66, 31
2026/08/15 17:22:59.225, 12, 2, 12325, 22.41, 31
2026/08/15 17:23:01.225, 5, 1, 12337, 22.14, 31
2026/08/15 17:23:03.225, 15, 2, 12285, 22.04, 31
2026/08/15 17:23:05.226, 9, 2, 12371, 22.90, 31
2026/08/15 17:23:07.227, 0, 0, 12359, 23.11, 31
2026/08/15 17:23:09.228, 18, 2, 12351, 22.81, 31
2026/08/15 17:23:11.228, 10, 1, 12359, 22.90, 31
2026/08/15 17:23:13.228, 15, 1, 12323, 22.18, 31
2026/08/15 17:23:15.229, 24, 4, 12363, 22.15, 31
2026/08/15 17:23:17.229, 19, 2, 12395, 22.81, 31
2026/08/15 17:23:19.230, 13, 3, 12339, 22.26, 31
2026/08/15 17:23:21.230, 34, 7, 12351, 22.87, 31
2026/08/15 17:23:23.231, 10, 1, 12335, 21.80, 30
2026/08/15 17:23:25.231, 6, 2, 12379, 22.33, 30
2026/08/15 17:23:27.231, 11, 1, 12339, 22.39, 30
2026/08/15 17:23:29.232, 10, 2, 12339, 21.45, 30
2026/08/15 17:23:31.232, 40, 7, 12371, 23.43, 30
2026/08/15 17:23:33.232, 11, 1, 12347, 22.24, 30
2026/08/15 17:23:35.234, 15, 1, 12395, 22.00, 30
2026/08/15 17:23:37.235, 7, 1, 12379, 21.84, 30
2026/08/15 17:23:39.235, 37, 5, 12367, 23.28, 30
2026/08/15 17:23:41.236, 44, 6, 12387, 22.89, 30
2026/08/15 17:23:43.236, 3, 0, 12359, 21.85, 30
2026/08/15 17:23:45.237, 20, 3, 12391, 22.53, 30
2026/08/15 17:23:47.239, 0, 0, 12315, 22.34, 30
2026/08/15 17:23:49.240, 15, 4, 12459, 22.39, 30
2026/08/15 17:23:51.240, 18, 4, 12391, 22.43, 30
2026/08/15 17:23:53.241, 44, 8, 12351, 22.92, 30
2026/08/15 17:23:55.241, 16, 2, 12391, 22.12, 30
2026/08/15 17:23:57.241, 4, 1, 12391, 23.01, 30
2026/08/15 17:23:59.242, 18, 2, 12363, 22.11, 30
2026/08/15 17:24:01.242, 6, 0, 12339, 21.74, 30
2026/08/15 17:24:03.243, 12, 0, 12379, 21.70, 30
2026/08/15 17:24:05.243, 7, 1, 12351, 21.70, 30
2026/08/15 17:24:07.244, 17, 4, 12415, 22.31, 30
2026/08/15 17:24:09.253, 13, 1, 12307, 22.39, 30
2026/08/15 17:24:11.254, 22, 3, 12363, 21.95, 30
2026/08/15 17:24:13.254, 18, 3, 12367, 21.88, 30
2026/08/15 17:24:15.255, 30, 4, 12351, 21.83, 30
2026/08/15 17:24:17.255, 17, 2, 12311, 22.69, 30
2026/08/15 17:24:19.256, 14, 2, 12371, 23.11, 30
2026/08/15 17:24:21.256, 7, 1, 12327, 22.60, 30
2026/08/15 17:24:23.258, 14, 3, 12359, 22.19, 30
2026/08/15 17:24:25.259, 18, 3, 12403, 22.98, 30
2026/08/15 17:24:27.259, 11, 1, 12347, 22.69, 30
2026/08/15 17:24:29.260, 5, 1, 12383, 21.94, 30
2026/08/15 17:24:31.260, 7, 1, 12401, 22.62, 30
2026/08/15 17:24:33.261, 1, 2, 12313, 22.35, 30
2026/08/15 17:24:35.262, 22, 2, 12389, 22.63, 30
2026/08/15 17:24:37.262, 2, 1, 12361, 22.83, 30
2026/08/15 17:24:39.262, 14, 2, 12345, 23.05, 30
2026/08/15 17:24:41.263, 22, 5, 12413, 22.95, 30
2026/08/15 17:24:43.263, 1, 1, 12357, 22.12, 30
2026/08/15 17:24:45.264, 10, 2, 12345, 22.40, 30
2026/08/15 17:24:47.264, 1, 1, 12365, 22.71, 30
2026/08/15 17:24:49.265, 0, 0, 12317, 22.81, 30
2026/08/15 17:24:51.265, 2, 2, 12333, 23.12, 30
2026/08/15 17:24:53.267, 0, 0, 12365, 23.11, 30
2026/08/15 17:24:55.268, 0, 0, 12341, 22.67, 30
2026/08/15 17:24:57.269, 0, 0, 12337, 23.75, 30
2026/08/15 17:24:59.270, 10, 1, 12353, 23.35, 30
2026/08/15 17:25:01.271, 21, 3, 12353, 23.55, 30
2026/08/15 17:25:03.271, 16, 1, 12329, 23.45, 30
2026/08/15 17:25:05.272, 6, 1, 12361, 23.43, 30
2026/08/15 17:25:07.272, 0, 0, 12325, 22.37, 30
2026/08/15 17:25:09.273, 6, 1, 12361, 23.25, 30
2026/08/15 17:25:11.274, 22, 3, 12345, 23.09, 30
2026/08/15 17:25:13.274, 9, 1, 12353, 22.64, 30
2026/08/15 17:25:15.275, 17, 2, 12289, 22.54, 30
2026/08/15 17:25:17.275, 15, 3, 12373, 23.85, 30
2026/08/15 17:25:19.275, 19, 4, 12313, 22.65, 30
2026/08/15 17:25:21.276, 14, 2, 12333, 22.93, 30
2026/08/15 17:25:23.276, 19, 1, 12345, 22.56, 30
2026/08/15 17:25:25.277, 10, 0, 12337, 22.67, 30
2026/08/15 17:25:27.277, 14, 1, 12313, 22.45, 30
2026/08/15 17:25:29.278, 23, 4, 12373, 22.48, 30
2026/08/15 17:25:31.278, 46, 8, 12373, 23.60, 30
2026/08/15 17:25:33.279, 17, 1, 12329, 23.33, 30
2026/08/15 17:25:35.280, 10, 2, 12361, 22.61, 30
2026/08/15 17:25:37.280, 16, 2, 12341, 22.38, 30
2026/08/15 17:25:39.281, 12, 1, 12317, 22.32, 30
2026/08/15 17:25:41.282, 3, 1, 12353, 23.61, 30
2026/08/15 17:25:43.282, 13, 2, 12353, 22.30, 30
2026/08/15 17:25:45.282, 6, 1, 12301, 22.08, 30
2026/08/15 17:25:47.284, 50, 9, 12365, 23.73, 30
2026/08/15 17:25:49.287, 0, 0, 12309, 22.03, 30
2026/08/15 17:25:51.288, 16, 3, 12373, 22.25, 30
2026/08/15 17:25:53.288, 21, 4, 12333, 22.63, 30
2026/08/15 17:25:55.293, 5, 0, 12341, 22.10, 30
2026/08/15 17:25:57.294, 9, 0, 12341, 23.00, 30
2026/08/15 17:25:59.294, 4, 1, 12325, 22.54, 30
2026/08/15 17:26:01.295, 19, 3, 12373, 22.57, 30
2026/08/15 17:26:03.299, 6, 0, 12329, 22.15, 30
2026/08/15 17:26:05.300, 13, 2, 12353, 22.50, 30
2026/08/15 17:26:07.300, 16, 3, 12365, 22.52, 30
2026/08/15 17:26:09.300, 3, 0, 12353, 21.88, 30
2026/08/15 17:26:11.301, 18, 2, 12341, 23.19, 30
2026/08/15 17:26:13.301, 7, 0, 12349, 22.58, 30
2026/08/15 17:26:15.302, 26, 4, 12337, 22.77, 30
2026/08/15 17:26:17.302, 1, 1, 12341, 22.33, 30
2026/08/15 17:26:19.304, 26, 3, 12369, 22.55, 30
2026/08/15 17:26:21.305, 20, 3, 12353, 23.13, 30
2026/08/15 17:26:23.305, 7, 0, 12337, 22.95, 30
2026/08/15 17:26:25.307, 42, 6, 12381, 23.15, 30
2026/08/15 17:26:27.308, 12, 1, 12341, 22.63, 30
2026/08/15 17:26:29.308, 40, 8, 12365, 21.97, 30
2026/08/15 17:26:31.309, 0, 0, 12361, 21.98, 30
2026/08/15 17:26:33.309, 30, 4, 12341, 22.41, 30
2026/08/15 17:26:35.310, 1, 1, 12321, 22.27, 30
2026/08/15 17:26:37.310, 14, 1, 12361, 22.56, 30
2026/08/15 17:26:39.311, 6, 0, 12381, 22.63, 30
2026/08/15 17:26:41.311, 23, 2, 12341, 22.76, 30
2026/08/15 17:26:43.312, 23, 2, 12329, 22.84, 30
2026/08/15 17:26:45.314, 3, 0, 12393, 22.80, 30
2026/08/15 17:26:47.314, 21, 3, 12361, 23.01, 30
2026/08/15 17:26:49.315, 2, 1, 12329, 22.95, 30
2026/08/15 17:26:51.315, 27, 3, 12361, 22.61, 30
2026/08/15 17:26:53.316, 7, 2, 12373, 22.22, 30
2026/08/15 17:26:55.317, 9, 1, 12333, 21.77, 30
2026/08/15 17:26:57.318, 1, 1, 12301, 22.23, 30
2026/08/15 17:26:59.319, 0, 0, 12313, 22.33, 30
2026/08/15 17:27:01.319, 22, 3, 12373, 21.96, 30
2026/08/15 17:27:03.322, 0, 0, 12345, 22.44, 30
2026/08/15 17:27:05.323, 8, 1, 12393, 22.44, 30
2026/08/15 17:27:07.323, 16, 1, 12361, 22.17, 30
2026/08/15 17:27:09.324, 13, 2, 12365, 22.27, 30
2026/08/15 17:27:11.324, 3, 0, 12321, 22.43, 30
2026/08/15 17:27:13.325, 14, 1, 12341, 22.07, 30
2026/08/15 17:27:15.331, 10, 1, 12341, 22.30, 30
2026/08/15 17:27:17.332, 18, 3, 12353, 22.67, 30
2026/08/15 17:27:19.332, 23, 3, 12329, 22.31, 30
2026/08/15 17:27:21.333, 15, 2, 12345, 22.27, 30
2026/08/15 17:27:23.333, 13, 3, 12357, 22.79, 30
2026/08/15 17:27:25.334, 10, 4, 12325, 22.66, 30
2026/08/15 17:27:27.334, 17, 3, 12365, 22.89, 30
2026/08/15 17:27:29.335, 8, 1, 12365, 22.72, 30
2026/08/15 17:27:31.338, 10, 2, 12341, 22.29, 30
2026/08/15 17:27:33.338, 8, 1, 12361, 21.91, 30
2026/08/15 17:27:35.338, 28, 4, 12389, 22.10, 30
2026/08/15 17:27:37.339, 4, 1, 12373, 22.59, 30
2026/08/15 17:27:39.339, 13, 1, 12333, 22.65, 30
2026/08/15 17:27:41.340, 23, 3, 12321, 22.60, 30
2026/08/15 17:27:43.340, 24, 2, 12317, 22.40, 30
2026/08/15 17:27:45.341, 8, 1, 12333, 22.17, 30
2026/08/15 17:27:47.342, 13, 2, 12425, 23.35, 30
2026/08/15 17:27:49.343, 6, 1, 12325, 22.46, 30
2026/08/15 17:27:51.343, 10, 1, 12353, 22.87, 30
2026/08/15 17:27:53.344, 0, 1, 12333, 22.67, 30
2026/08/15 17:27:55.345, 16, 2, 12305, 22.94, 30
2026/08/15 17:27:57.345, 24, 4, 12357, 23.03, 30
2026/08/15 17:27:59.346, 51, 9, 12329, 22.35, 30
2026/08/15 17:28:01.347, 0, 0, 12377, 22.54, 30
2026/08/15 17:28:03.348, 7, 2, 12361, 22.50, 30
2026/08/15 17:28:05.349, 16, 2, 12353, 22.60, 30
2026/08/15 17:28:07.353, 14, 4, 12369, 22.39, 30
2026/08/15 17:28:09.354, 11, 2, 12365, 23.05, 30
2026/08/15 17:28:11.355, 0, 0, 12329, 22.43, 30
2026/08/15 17:28:13.355, 9, 3, 12365, 22.66, 30
2026/08/15 17:28:15.355, 0, 0, 12345, 22.98, 30
2026/08/15 17:28:17.356, 15, 2, 12341, 22.84, 30
2026/08/15 17:28:19.356, 10, 2, 12397, 23.17, 30
2026/08/15 17:28:21.357, 3, 2, 12337, 23.03, 30
2026/08/15 17:28:23.361, 11, 2, 12337, 22.55, 30
2026/08/15 17:28:25.362, 19, 3, 12337, 23.08, 30
2026/08/15 17:28:27.362, 8, 0, 12361, 22.35, 30
2026/08/15 17:28:29.362, 36, 7, 12401, 23.14, 30
2026/08/15 17:28:31.363, 17, 2, 12389, 22.46, 30
2026/08/15 17:28:33.363, 13, 2, 12349, 22.01, 30
2026/08/15 17:28:35.364, 3, 1, 12305, 22.75, 30
2026/08/15 17:28:37.364, 3, 1, 12329, 22.47, 30
2026/08/15 17:28:39.365, 24, 4, 12349, 22.78, 30
2026/08/15 17:28:41.365, 0, 0, 12341, 22.53, 30
2026/08/15 17:28:43.366, 10, 2, 12353, 22.65, 30
2026/08/15 17:28:45.367, 6, 1, 12293, 22.95, 30
2026/08/15 17:28:47.367, 18, 3, 12401, 23.42, 30
2026/08/15 17:28:49.368, 13, 1, 12309, 23.04, 30
2026/08/15 17:28:51.368, 3, 1, 12377, 22.59, 30
2026/08/15 17:28:53.369, 0, 0, 12373, 23.12, 30
2026/08/15 17:28:55.370, 18, 4, 12333, 22.72, 30
2026/08/15 17:28:57.370, 16, 2, 12357, 23.31, 30
2026/08/15 17:28:59.371, 32, 5, 12341, 22.54, 30
2026/08/15 17:29:01.371, 25, 4, 12385, 23.20, 30
2026/08/15 17:29:03.372, 16, 2, 12301, 22.28, 30
2026/08/15 17:29:05.373, 8, 1, 12337, 22.67, 30
2026/08/15 17:29:07.374, 9, 2, 12373, 23.05, 30
2026/08/15 17:29:09.374, 7, 1, 12329, 22.50, 30
2026/08/15 17:29:11.375, 2, 0, 12413, 22.57, 30
2026/08/15 17:29:13.376, 30, 4, 12341, 22.92, 30
2026/08/15 17:29:15.377, 17, 2, 12329, 22.79, 30
2026/08/15 17:29:17.378, 9, 1, 12357, 22.70, 30
2026/08/15 17:29:19.378, 1, 1, 12325, 22.62, 30
2026/08/15 17:29:21.379, 8, 1, 12381, 22.57, 30
2026/08/15 17:29:23.380, 10, 1, 12341, 22.57, 30
2026/08/15 17:29:25.380, 21, 2, 12353, 22.17, 30
2026/08/15 17:29:27.381, 35, 5, 12353, 22.79, 30
2026/08/15 17:29:29.381, 32, 5, 12381, 22.28, 30
2026/08/15 17:29:31.381, 0, 0, 12353, 22.78, 30
2026/08/15 17:29:33.382, 3, 0, 12373, 21.90, 30
2026/08/15 17:29:35.383, 20, 4, 12357, 23.10, 30
2026/08/15 17:29:37.384, 16, 2, 12325, 22.21, 30
2026/08/15 17:29:39.385, 28, 7, 12381, 22.19, 30
2026/08/15 17:29:41.385, 20, 2, 12333, 21.86, 30
2026/08/15 17:29:43.386, 11, 1, 12353, 22.59, 30
2026/08/15 17:29:45.387, 33, 7, 12397, 22.99, 30
2026/08/15 17:29:47.387, 11, 2, 12325, 22.59, 30
2026/08/15 17:29:49.387, 0, 0, 12357, 22.18, 30
2026/08/15 17:29:51.388, 20, 3, 12321, 21.93, 30
2026/08/15 17:29:53.389, 8, 1, 12353, 21.32, 30
2026/08/15 17:29:55.391, 2, 0, 12349, 21.89, 30
2026/08/15 17:29:57.392, 3, 0, 12361, 22.52, 30
2026/08/15 17:29:59.392, 23, 3, 12385, 22.72, 30
2026/08/15 17:30:01.393, 17, 2, 12329, 22.03, 30
2026/08/15 17:30:03.394, 0, 0, 12313, 21.76, 30
2026/08/15 17:30:05.397, 6, 1, 12389, 21.87, 30
2026/08/15 17:30:07.397, 19, 2, 12349, 22.21, 30
2026/08/15 17:30:09.398, 0, 0, 12389, 22.91, 30
2026/08/15 17:30:11.398, 9, 1, 12325, 21.65, 30
2026/08/15 17:30:13.399, 21, 2, 12353, 22.28, 30
2026/08/15 17:30:15.400, 19, 4, 12353, 22.42, 30
2026/08/15 17:30:17.400, 21, 3, 12353, 22.32, 30
2026/08/15 17:30:19.401, 43, 6, 12341, 21.91, 30
2026/08/15 17:30:21.401, 25, 3, 12341, 21.98, 30
2026/08/15 17:30:23.402, 3, 1, 12341, 21.76, 30
2026/08/15 17:30:25.402, 4, 1, 12333, 21.29, 30
2026/08/15 17:30:27.403, 8, 1, 12341, 22.47, 30
2026/08/15 17:30:29.403, 23, 4, 12353, 22.36, 30
2026/08/15 17:30:31.404, 3, 1, 12309, 21.92, 30
2026/08/15 17:30:33.405, 12, 0, 12365, 22.23, 30
2026/08/15 17:30:35.405, 17, 2, 12353, 22.64, 30
2026/08/15 17:30:37.406, 14, 2, 12329, 22.39, 30
2026/08/15 17:30:39.406, 0, 0, 12325, 22.29, 30
2026/08/15 17:30:41.407, 10, 1, 12313, 21.41, 30
2026/08/15 17:30:43.407, 7, 0, 12349, 22.67, 30
2026/08/15 17:30:45.407, 28, 5, 12373, 22.53, 30
2026/08/15 17:30:47.408, 10, 2, 12341, 22.88, 30
2026/08/15 17:30:49.408, 14, 2, 12365, 22.79, 30
2026/08/15 17:30:51.410, 25, 3, 12377, 22.71, 30
2026/08/15 17:30:53.410, 39, 7, 12333, 22.18, 30
2026/08/15 17:30:55.411, 8, 2, 12333, 22.46, 30
2026/08/15 17:30:57.411, 18, 3, 12401, 22.53, 30
2026/08/15 17:30:59.412, 28, 4, 12349, 22.15, 30
2026/08/15 17:31:01.413, 17, 2, 12365, 22.90, 30
2026/08/15 17:31:03.413, 26, 2, 12333, 22.17, 30
2026/08/15 17:31:05.414, 12, 1, 12393, 22.25, 30
2026/08/15 17:31:07.414, 19, 3, 12377, 22.31, 30
2026/08/15 17:31:09.415, 1, 1, 12321, 21.85, 30
2026/08/15 17:31:11.416, 55, 8, 12321, 22.23, 30
2026/08/15 17:31:13.416, 6, 0, 12353, 21.84, 30
2026/08/15 17:31:15.417, 0, 0, 12313, 21.98, 30
2026/08/15 17:31:17.417, 15, 3, 12345, 22.30, 30
2026/08/15 17:31:19.418, 30, 3, 12353, 22.11, 30
2026/08/15 17:31:21.421, 7, 1, 12309, 21.88, 30
2026/08/15 17:31:23.422, 47, 9, 12341, 21.70, 30
2026/08/15 17:31:25.423, 13, 2, 12389, 22.76, 30
2026/08/15 17:31:27.424, 52, 10, 12353, 21.69, 30
2026/08/15 17:31:29.424, 4, 0, 12333, 21.40, 30
2026/08/15 17:31:31.425, 13, 3, 12357, 21.47, 30
2026/08/15 17:31:33.425, 30, 4, 12329, 21.36, 30
2026/08/15 17:31:35.426, 0, 0, 12333, 21.41, 30
2026/08/15 17:31:37.426, 11, 2, 12353, 21.50, 30
2026/08/15 17:31:39.427, 12, 2, 12333, 21.52, 30
2026/08/15 17:31:41.427, 13, 1, 12321, 21.57, 30
2026/08/15 17:31:43.428, 18, 2, 12433, 22.62, 30
2026/08/15 17:31:45.429, 19, 3, 12397, 21.46, 30
2026/08/15 17:31:47.435, 14, 1, 12341, 21.51, 30
2026/08/15 17:31:49.435, 3, 1, 12345, 21.66, 30
2026/08/15 17:31:51.439, 11, 3, 12413, 22.00, 30
2026/08/15 17:31:53.440, 20, 5, 12377, 22.12, 30
2026/08/15 17:31:55.440, 16, 2, 12329, 21.92, 30
2026/08/15 17:31:57.441, 4, 1, 12373, 22.32, 30
2026/08/15 17:31:59.441, 10, 1, 12353, 22.14, 30
2026/08/15 17:32:01.443, 7, 1, 12301, 21.66, 30
2026/08/15 17:32:03.444, 0, 1, 12381, 23.01, 30
2026/08/15 17:32:05.444, 12, 1, 12333, 22.72, 30
2026/08/15 17:32:07.445, 8, 2, 12289, 21.66, 30
2026/08/15 17:32:09.446, 5, 1, 12405, 22.45, 30
2026/08/15 17:32:11.446, 17, 2, 12385, 22.47, 30
2026/08/15 17:32:13.447, 23, 3, 12325, 22.06, 30
2026/08/15 17:32:15.447, 13, 2, 12349, 22.92, 30
2026/08/15 17:32:17.448, 12, 2, 12385, 22.20, 30
2026/08/15 17:32:19.449, 16, 3, 12345, 22.12, 30
2026/08/15 17:32:21.449, 3, 1, 12345, 22.99, 30
2026/08/15 17:32:23.450, 6, 1, 12333, 22.26, 30
2026/08/15 17:32:25.451, 0, 0, 12321, 22.01, 30
2026/08/15 17:32:27.452, 27, 4, 12321, 21.21, 30
2026/08/15 17:32:29.452, 28, 3, 12353, 22.11, 30
2026/08/15 17:32:31.453, 27, 3, 12353, 22.45, 30
2026/08/15 17:32:33.453, 13, 2, 12353, 21.88, 30
2026/08/15 17:32:35.454, 25, 4, 12385, 22.87, 30
2026/08/15 17:32:37.454, 17, 3, 12365, 22.39, 30
2026/08/15 17:32:39.454, 5, 0, 12365, 22.43, 30
2026/08/15 17:32:41.455, 24, 4, 12397, 22.92, 30
2026/08/15 17:32:43.456, 4, 0, 12381, 22.76, 30
2026/08/15 17:32:45.456, 26, 3, 12385, 22.73, 30
2026/08/15 17:32:47.457, 2, 0, 12309, 22.10, 30
2026/08/15 17:32:49.457, 4, 1, 12345, 22.12, 30
2026/08/15 17:32:51.457, 2, 1, 12353, 23.31, 30
2026/08/15 17:32:53.458, 23, 3, 12345, 23.07, 30
2026/08/15 17:32:55.458, 34, 6, 12385, 22.60, 30
2026/08/15 17:32:57.459, 0, 0, 12309, 21.68, 30
2026/08/15 17:32:59.459, 16, 2, 12345, 21.99, 30
2026/08/15 17:33:01.460, 9, 1, 12329, 21.99, 30
2026/08/15 17:33:03.461, 14, 2, 12345, 22.54, 30
2026/08/15 17:33:05.461, 23, 2, 12349, 22.04, 30
2026/08/15 17:33:07.461, 0, 0, 12421, 22.49, 30
2026/08/15 17:33:09.462, 19, 4, 12349, 22.56, 30
2026/08/15 17:33:11.462, 0, 0, 12365, 22.29, 30
2026/08/15 17:33:13.463, 18, 2, 12345, 22.47, 30
2026/08/15 17:33:15.464, 9, 2, 12321, 22.22, 30
2026/08/15 17:33:17.464, 36, 5, 12353, 22.31, 30
2026/08/15 17:33:19.464, 15, 3, 12333, 21.74, 30
2026/08/15 17:33:21.465, 19, 3, 12341, 22.50, 30
2026/08/15 17:33:23.465, 7, 1, 12337, 22.07, 30
2026/08/15 17:33:25.466, 4, 2, 12337, 21.99, 30
2026/08/15 17:33:27.466, 14, 1, 12345, 22.20, 30
2026/08/15 17:33:29.467, 19, 2, 12321, 22.02, 30
2026/08/15 17:33:31.467, 8, 1, 12385, 22.91, 30
2026/08/15 17:33:33.468, 16, 1, 12325, 22.67, 30
2026/08/15 17:33:35.468, 10, 1, 12353, 22.27, 30
2026/08/15 17:33:37.469, 16, 2, 12389, 22.45, 30
2026/08/15 17:33:39.470, 14, 2, 12329, 22.08, 30
2026/08/15 17:33:41.470, 1, 2, 12293, 22.05, 30
2026/08/15 17:33:43.471, 17, 3, 12361, 21.98, 30
2026/08/15 17:33:45.472, 3, 1, 12309, 21.63, 30
2026/08/15 17:33:47.472, 3, 0, 12353, 22.19, 30
2026/08/15 17:33:49.473, 0, 0, 12377, 22.09, 30
2026/08/15 17:33:51.474, 13, 1, 12305, 21.73, 30
2026/08/15 17:33:53.474, 3, 2, 12321, 21.82, 30
2026/08/15 17:33:55.474, 14, 3, 12385, 22.12, 30
2026/08/15 17:33:57.475, 3, 1, 12329, 21.95, 30
2026/08/15 17:33:59.485, 19, 2, 12373, 22.80, 30
2026/08/15 17:34:01.486, 10, 1, 12341, 22.07, 30
2026/08/15 17:34:03.486, 15, 2, 12353, 22.22, 30
2026/08/15 17:34:05.486, 10, 1, 12317, 21.52, 30
2026/08/15 17:34:07.487, 2, 1, 12365, 22.31, 30
2026/08/15 17:34:09.488, 4, 1, 12313, 21.90, 30
2026/08/15 17:34:11.489, 0, 0, 12297, 21.69, 30
2026/08/15 17:34:13.489, 8, 1, 12369, 22.70, 30
2026/08/15 17:34:15.490, 39, 7, 12329, 21.65, 30
2026/08/15 17:34:17.491, 9, 1, 12341, 22.67, 30
2026/08/15 17:34:19.491, 17, 3, 12353, 22.96, 30
2026/08/15 17:34:21.492, 4, 1, 12341, 22.56, 30
2026/08/15 17:34:23.492, 23, 4, 12373, 22.42, 30
2026/08/15 17:34:25.493, 19, 2, 12349, 22.29, 30
2026/08/15 17:34:27.493, 11, 1, 12353, 22.25, 30
2026/08/15 17:34:29.493, 2, 1, 12353, 23.19, 30
2026/08/15 17:34:31.494, 0, 0, 12333, 22.36, 30
2026/08/15 17:34:33.495, 12, 2, 12345, 22.78, 30
2026/08/15 17:34:35.495, 27, 2, 12329, 21.62, 30
2026/08/15 17:34:37.496, 3, 0, 12333, 22.08, 30
2026/08/15 17:34:39.497, 47, 9, 12377, 22.50, 30
2026/08/15 17:34:41.497, 21, 3, 12353, 22.49, 30
2026/08/15 17:34:43.498, 10, 1, 12357, 21.59, 30
2026/08/15 17:34:45.498, 9, 2, 12345, 21.85, 30
2026/08/15 17:34:47.499, 11, 2, 12333, 21.70, 29
2026/08/15 17:34:49.500, 34, 5, 12361, 22.14, 29
2026/08/15 17:34:51.500, 31, 5, 12333, 22.32, 29
2026/08/15 17:34:53.501, 33, 6, 12353, 22.79, 29
2026/08/15 17:34:55.501, 44, 6, 12337, 22.77, 29
2026/08/15 17:34:57.501, 9, 1, 12365, 22.94, 29
2026/08/15 17:34:59.502, 8, 0, 12361, 22.23, 29
2026/08/15 17:35:01.502, 20, 4, 12345, 22.45, 29
2026/08/15 17:35:03.503, 7, 1, 12353, 22.04, 29
2026/08/15 17:35:05.503, 3, 1, 12337, 22.41, 29
2026/08/15 17:35:07.504, 8, 1, 12309, 22.01, 29
2026/08/15 17:35:09.504, 0, 0, 12377, 22.31, 29
2026/08/15 17:35:11.505, 3, 1, 12345, 22.18, 29
2026/08/15 17:35:13.505, 3, 2, 12377, 22.73, 29
2026/08/15 17:35:15.506, 20, 3, 12361, 23.04, 29
2026/08/15 17:35:17.506, 24, 5, 12349, 22.49, 29
2026/08/15 17:35:19.507, 17, 4, 12337, 23.12, 29
2026/08/15 17:35:21.507, 6, 1, 12353, 22.60, 29
2026/08/15 17:35:23.507, 37, 8, 12333, 22.70, 29
2026/08/15 17:35:25.508, 12, 2, 12353, 23.02, 29
2026/08/15 17:35:27.508, 12, 1, 12345, 22.05, 29
2026/08/15 17:35:29.509, 1, 1, 12337, 22.48, 29
2026/08/15 17:35:31.509, 13, 2, 12365, 22.70, 29
2026/08/15 17:35:33.510, 8, 2, 12345, 22.29, 29
2026/08/15 17:35:35.510, 10, 1, 12329, 22.17, 29
2026/08/15 17:35:37.515, 30, 4, 12301, 22.41, 29
2026/08/15 17:35:39.516, 10, 1, 12397, 22.71, 29
2026/08/15 17:35:41.517, 9, 2, 12305, 22.06, 29
2026/08/15 17:35:43.518, 22, 5, 12345, 23.44, 29
2026/08/15 17:35:45.518, 28, 5, 12321, 22.56, 29
2026/08/15 17:35:47.519, 19, 4, 12333, 22.26, 29
2026/08/15 17:35:49.520, 16, 2, 12365, 23.04, 29
2026/08/15 17:35:51.520, 15, 2, 12341, 22.28, 29
2026/08/15 17:35:53.522, 8, 1, 12293, 21.64, 29
2026/08/15 17:35:55.522, 26, 3, 12321, 22.27, 29
2026/08/15 17:35:57.523, 9, 1, 12377, 22.78, 29
2026/08/15 17:35:59.524, 0, 0, 12309, 22.42, 29
2026/08/15 17:36:01.524, 23, 4, 12385, 22.65, 29
2026/08/15 17:36:03.525, 0, 0, 12317, 22.04, 29
2026/08/15 17:36:05.525, 20, 4, 12397, 22.58, 29
2026/08/15 17:36:07.527, 4, 1, 12349, 22.24, 29
2026/08/15 17:36:09.527, 17, 2, 12349, 22.31, 29
2026/08/15 17:36:11.528, 12, 2, 12341, 22.44, 29
2026/08/15 17:36:13.528, 4, 0, 12341, 22.94, 29
2026/08/15 17:36:15.529, 12, 3, 12345, 22.95, 29
2026/08/15 17:36:17.530, 16, 1, 12353, 22.37, 29
2026/08/15 17:36:19.530, 43, 6, 12349, 22.82, 29
2026/08/15 17:36:21.531, 36, 7, 12349, 23.32, 29
2026/08/15 17:36:23.531, 28, 4, 12377, 22.98, 29
2026/08/15 17:36:25.532, 4, 2, 12309, 22.77, 29
2026/08/15 17:36:27.532, 0, 0, 12409, 22.39, 29
2026/08/15 17:36:29.533, 38, 6, 12329, 21.88, 29
2026/08/15 17:36:31.533, 18, 1, 12365, 22.53, 29
2026/08/15 17:36:33.534, 0, 0, 12333, 22.02, 29
2026/08/15 17:36:35.534, 26, 4, 12353, 22.40, 29
2026/08/15 17:36:37.534, 11, 1, 12345, 21.89, 29
2026/08/15 17:36:39.536, 0, 0, 12341, 22.66, 29
2026/08/15 17:36:41.536, 14, 2, 12341, 22.27, 29
2026/08/15 17:36:43.537, 19, 5, 12345, 22.64, 29
2026/08/15 17:36:45.538, 10, 2, 12385, 22.65, 29
2026/08/15 17:36:47.538, 25, 6, 12373, 22.04, 29
2026/08/15 17:36:49.539, 7, 0, 12345, 22.56, 29
2026/08/15 17:36:51.540, 18, 3, 12401, 23.05, 29
2026/08/15 17:36:53.540, 2, 1, 12349, 22.07, 29
2026/08/15 17:36:55.541, 36, 4, 12373, 23.49, 29
2026/08/15 17:36:57.542, 34, 4, 12289, 21.74, 29
2026/08/15 17:36:59.542, 22, 4, 12413, 22.19, 29
2026/08/15 17:37:01.543, 2, 1, 12337, 21.98, 29
2026/08/15 17:37:03.543, 14, 1, 12365, 22.22, 29
2026/08/15 17:37:05.544, 1, 0, 12329, 21.73, 29
2026/08/15 17:37:07.544, 0, 0, 12365, 22.60, 29
2026/08/15 17:37:09.545, 0, 0, 12337, 21.80, 29
2026/08/15 17:37:11.546, 8, 1, 12333, 22.17, 29
2026/08/15 17:37:13.546, 11, 2, 12365, 21.82, 29
2026/08/15 17:37:15.547, 6, 1, 12361, 21.41, 29
2026/08/15 17:37:17.547, 26, 4, 12385, 21.81, 29
2026/08/15 17:37:19.551, 16, 2, 12361, 21.57, 29
2026/08/15 17:37:21.552, 9, 2, 12345, 21.81, 29
2026/08/15 17:37:23.552, 10, 3, 12353, 21.53, 29
2026/08/15 17:37:25.553, 13, 2, 12321, 21.66, 29
2026/08/15 17:37:27.553, 10, 1, 12397, 22.68, 29
2026/08/15 17:37:29.554, 0, 0, 12337, 22.12, 29
2026/08/15 17:37:31.555, 17, 2, 12345, 21.78, 29
2026/08/15 17:37:33.556, 17, 3, 12365, 22.81, 29
2026/08/15 17:37:35.557, 29, 5, 12333, 22.65, 29
2026/08/15 17:37:37.557, 7, 2, 12353, 22.93, 29
2026/08/15 17:37:39.558, 10, 2, 12353, 22.43, 29
2026/08/15 17:37:41.558, 7, 1, 12361, 22.05, 29
2026/08/15 17:37:43.559, 0, 1, 12293, 22.18, 29
2026/08/15 17:37:45.559, 9, 2, 12353, 22.27, 29
2026/08/15 17:37:47.560, 13, 2, 12373, 22.65, 29
2026/08/15 17:37:49.561, 6, 2, 12321, 22.16, 29
2026/08/15 17:37:51.561, 6, 1, 12357, 23.48, 29
2026/08/15 17:37:53.562, 30, 4, 12321, 23.27, 29
2026/08/15 17:37:55.562, 19, 3, 12353, 22.72, 29
2026/08/15 17:37:57.563, 8, 1, 12353, 22.01, 29
2026/08/15 17:37:59.563, 15, 1, 12341, 21.69, 29
2026/08/15 17:38:01.563, 21, 3, 12345, 22.31, 29
2026/08/15 17:38:03.564, 8, 1, 12345, 22.10, 29
2026/08/15 17:38:05.564, 30, 3, 12341, 22.57, 29
2026/08/15 17:38:07.565, 16, 3, 12357, 22.35, 29
2026/08/15 17:38:09.568, 17, 3, 12353, 22.16, 29
2026/08/15 17:38:11.569, 15, 3, 12353, 21.93, 29
2026/08/15 17:38:13.569, 15, 2, 12321, 21.87, 29
2026/08/15 17:38:15.571, 2, 2, 12321, 21.87, 29
2026/08/15 17:38:17.572, 17, 2, 12345, 22.72, 29
2026/08/15 17:38:19.572, 15, 2, 12361, 21.93, 29
2026/08/15 17:38:21.572, 24, 3, 12333, 21.64, 30
2026/08/15 17:38:23.573, 32, 7, 12409, 21.82, 30
2026/08/15 17:38:25.573, 20, 2, 12349, 22.43, 30
2026/08/15 17:38:27.574, 5, 1, 12333, 21.93, 30
2026/08/15 17:38:29.578, 2, 1, 12381, 22.68, 30
2026/08/15 17:38:31.578, 22, 2, 12289, 22.27, 30
2026/08/15 17:38:33.578, 1, 0, 12401, 22.63, 30
2026/08/15 17:38:35.579, 20, 3, 12397, 22.41, 30
2026/08/15 17:38:37.579, 0, 0, 12313, 21.68, 30
2026/08/15 17:38:39.580, 4, 1, 12373, 22.22, 30
2026/08/15 17:38:41.581, 34, 7, 12433, 22.39, 30
2026/08/15 17:38:43.582, 22, 4, 12317, 22.13, 30
2026/08/15 17:38:45.582, 35, 6, 12353, 22.42, 30
2026/08/15 17:38:47.583, 37, 8, 12401, 22.65, 30
2026/08/15 17:38:49.583, 4, 0, 12333, 22.23, 30
2026/08/15 17:38:51.584, 20, 2, 12361, 22.49, 30
2026/08/15 17:38:53.584, 2, 0, 12409, 22.03, 30
2026/08/15 17:38:55.585, 42, 5, 12349, 22.70, 30
2026/08/15 17:38:57.586, 10, 2, 12353, 22.29, 30
2026/08/15 17:38:59.587, 13, 2, 12393, 22.44, 30
2026/08/15 17:39:01.587, 32, 5, 12361, 22.31, 30
2026/08/15 17:39:03.587, 20, 2, 12349, 22.38, 30
2026/08/15 17:39:05.588, 37, 8, 12409, 22.72, 30
2026/08/15 17:39:07.589, 6, 1, 12325, 22.37, 30
2026/08/15 17:39:09.593, 2, 1, 12353, 21.47, 30
2026/08/15 17:39:11.594, 10, 1, 12433, 22.69, 30
2026/08/15 17:39:13.594, 25, 4, 12329, 21.85, 30
2026/08/15 17:39:15.595, 26, 5, 12413, 22.55, 30
2026/08/15 17:39:17.595, 7, 2, 12421, 22.58, 30
2026/08/15 17:39:19.595, 16, 1, 12341, 22.41, 30
2026/08/15 17:39:21.596, 11, 2, 12401, 22.06, 30
2026/08/15 17:39:23.597, 13, 3, 12421, 22.28, 30
2026/08/15 17:39:25.597, 10, 3, 12325, 22.68, 30
2026/08/15 17:39:27.598, 26, 5, 12421, 22.82, 30
2026/08/15 17:39:29.598, 32, 5, 12409, 22.69, 30
2026/08/15 17:39:31.599, 13, 2, 12309, 21.89, 30
2026/08/15 17:39:33.599, 19, 2, 12357, 22.65, 30
2026/08/15 17:39:35.600, 5, 1, 12357, 22.68, 30
2026/08/15 17:39:37.602, 0, 0, 12353, 22.25, 30
2026/08/15 17:39:39.603, 23, 5, 12397, 22.38, 30
2026/08/15 17:39:41.603, 15, 2, 12329, 22.32, 30
2026/08/15 17:39:43.603, 9, 2, 12361, 22.77, 30
2026/08/15 17:39:45.604, 3, 1, 12313, 22.19, 30
2026/08/15 17:39:47.604, 13, 1, 12341, 22.50, 31
2026/08/15 17:39:49.605, 26, 3, 12341, 22.54, 31
2026/08/15 17:39:51.606, 3, 2, 12301, 21.83, 31
2026/08/15 17:39:53.606, 4, 1, 12361, 22.18, 31
2026/08/15 17:39:55.606, 24, 3, 12333, 22.45, 31
2026/08/15 17:39:57.607, 20, 2, 12361, 23.40, 31
2026/08/15 17:39:59.608, 18, 2, 12333, 22.93, 31
2026/08/15 17:40:01.609, 8, 0, 12341, 21.93, 31
2026/08/15 17:40:03.612, 15, 2, 12329, 22.17, 31
2026/08/15 17:40:05.613, 9, 1, 12365, 22.66, 31
2026/08/15 17:40:07.613, 12, 1, 12353, 22.58, 31
2026/08/15 17:40:09.614, 20, 1, 12361, 22.22, 31
2026/08/15 17:40:11.615, 3, 1, 12349, 21.74, 31
2026/08/15 17:40:13.615, 0, 0, 12313, 22.07, 31
2026/08/15 17:40:15.617, 20, 3, 12377, 22.20, 31
2026/08/15 17:40:17.618, 3, 0, 12349, 22.17, 31
2026/08/15 17:40:19.618, 12, 2, 12377, 22.53, 31
2026/08/15 17:40:21.619, 27, 3, 12309, 21.94, 31
2026/08/15 17:40:23.620, 0, 0, 12369, 22.61, 31
2026/08/15 17:40:25.620, 0, 0, 12321, 22.40, 31
2026/08/15 17:40:27.621, 20, 3, 12385, 22.36, 31
2026/08/15 17:40:29.621, 10, 1, 12305, 22.01, 31
2026/08/15 17:40:31.621, 13, 3, 12413, 24.02, 31
2026/08/15 17:40:33.622, 2, 1, 12325, 22.25, 31
2026/08/15 17:40:35.623, 6, 1, 12369, 22.89, 31
2026/08/15 17:40:37.623, 31, 4, 12341, 22.21, 31
2026/08/15 17:40:39.624, 1, 1, 12333, 23.25, 31
2026/08/15 17:40:41.624, 21, 3, 12345, 22.69, 31
2026/08/15 17:40:43.625, 19, 2, 12349, 22.37, 31
2026/08/15 17:40:45.625, 6, 1, 12385, 22.65, 31
2026/08/15 17:40:47.626, 0, 0, 12345, 22.37, 31
2026/08/15 17:40:49.627, 0, 0, 12377, 22.52, 31
2026/08/15 17:40:51.627, 0, 0, 12337, 21.79, 31
2026/08/15 17:40:53.628, 0, 0, 12333, 22.23, 31
2026/08/15 17:40:55.629, 19, 4, 12341, 22.48, 31
2026/08/15 17:40:57.629, 22, 5, 12333, 22.24, 31
2026/08/15 17:40:59.630, 9, 1, 12349, 22.60, 31
2026/08/15 17:41:01.631, 6, 1, 12361, 22.35, 31
2026/08/15 17:41:03.632, 2, 1, 12385, 21.98, 31
2026/08/15 17:41:05.634, 12, 2, 12329, 22.02, 31
2026/08/15 17:41:07.635, 24, 3, 12385, 22.43, 31
2026/08/15 17:41:09.636, 31, 6, 12309, 21.73, 31
2026/08/15 17:41:11.636, 13, 2, 12357, 21.98, 31
2026/08/15 17:41:13.638, 6, 0, 12361, 22.10, 31
2026/08/15 17:41:15.639, 10, 1, 12365, 22.00, 31
2026/08/15 17:41:17.640, 10, 1, 12361, 21.91, 31
2026/08/15 17:41:19.640, 19, 4, 12365, 22.42, 31
2026/08/15 17:41:21.641, 31, 6, 12313, 22.02, 32
2026/08/15 17:41:23.642, 7, 1, 12353, 22.45, 32
2026/08/15 17:41:25.642, 33, 5, 12361, 22.36, 32
2026/08/15 17:41:27.643, 36, 5, 12353, 21.48, 32
2026/08/15 17:41:29.643, 4, 1, 12345, 21.03, 32
2026/08/15 17:41:31.645, 16, 2, 12361, 21.61, 32
2026/08/15 17:41:33.646, 6, 2, 12385, 22.01, 32
2026/08/15 17:41:35.646, 9, 1, 12341, 21.66, 32
2026/08/15 17:41:37.647, 23, 2, 12333, 21.86, 32
2026/08/15 17:41:39.648, 28, 4, 12325, 21.64, 32
2026/08/15 17:41:41.649, 47, 11, 12377, 21.88, 32
2026/08/15 17:41:43.649, 15, 3, 12333, 21.44, 32
2026/08/15 17:41:45.650, 15, 3, 12357, 21.29, 32
2026/08/15 17:41:47.650, 7, 2, 12317, 21.77, 32
2026/08/15 17:41:49.651, 8, 1, 12349, 21.41, 32
2026/08/15 17:41:51.652, 10, 1, 12353, 21.01, 32
2026/08/15 17:41:53.653, 17, 2, 12337, 21.90, 32
2026/08/15 17:41:55.655, 15, 3, 12341, 22.35, 32
2026/08/15 17:41:57.656, 3, 1, 12353, 21.96, 32
2026/08/15 17:41:59.656, 0, 0, 12313, 20.55, 32
2026/08/15 17:42:01.657, 47, 7, 12373, 21.67, 32
2026/08/15 17:42:03.658, 16, 1, 12329, 21.70, 32
2026/08/15 17:42:05.659, 4, 1, 12341, 21.28, 32
2026/08/15 17:42:07.659, 2, 0, 12373, 22.75, 32
2026/08/15 17:42:09.659, 14, 2, 12361, 21.94, 32
2026/08/15 17:42:11.660, 24, 2, 12329, 22.33, 32
2026/08/15 17:42:13.660, 2, 0, 12345, 21.47, 32
2026/08/15 17:42:15.663, 22, 4, 12353, 22.02, 32
2026/08/15 17:42:17.663, 3, 0, 12321, 21.08, 32
2026/08/15 17:42:19.664, 22, 4, 12353, 21.26, 32
2026/08/15 17:42:21.664, 25, 5, 12365, 22.14, 32
2026/08/15 17:42:23.665, 20, 3, 12333, 21.46, 32
2026/08/15 17:42:25.665, 6, 1, 12377, 21.94, 32
2026/08/15 17:42:27.666, 26, 3, 12321, 21.54, 32
2026/08/15 17:42:29.667, 9, 1, 12365, 21.91, 32
2026/08/15 17:42:31.667, 17, 2, 12341, 21.64, 32
2026/08/15 17:42:33.668, 11, 0, 12373, 22.09, 32
2026/08/15 17:42:35.669, 4, 1, 12313, 22.08, 32
2026/08/15 17:42:37.670, 10, 1, 12317, 21.14, 32
2026/08/15 17:42:39.670, 31, 4, 12373, 21.81, 32
2026/08/15 17:42:41.671, 0, 0, 12337, 21.49, 32
2026/08/15 17:42:43.671, 26, 3, 12325, 21.48, 32
2026/08/15 17:42:45.672, 1, 1, 12341, 21.50, 32
2026/08/15 17:42:47.673, 14, 3, 12333, 21.58, 32
2026/08/15 17:42:49.675, 7, 2, 12301, 21.75, 32
2026/08/15 17:42:51.676, 25, 5, 12373, 22.55, 32
2026/08/15 17:42:53.677, 15, 3, 12385, 22.44, 32
2026/08/15 17:42:55.677, 6, 2, 12333, 21.78, 32
2026/08/15 17:42:57.678, 35, 6, 12385, 22.98, 33
2026/08/15 17:42:59.678, 18, 3, 12365, 22.32, 33
2026/08/15 17:43:01.679, 12, 2, 12341, 21.65, 33
2026/08/15 17:43:03.680, 11, 1, 12397, 22.56, 33
2026/08/15 17:43:05.680, 11, 2, 12341, 22.43, 33
2026/08/15 17:43:07.681, 29, 6, 12397, 22.50, 33
2026/08/15 17:43:09.682, 15, 3, 12321, 22.20, 33
2026/08/15 17:43:11.682, 21, 4, 12361, 21.77, 33
2026/08/15 17:43:13.683, 11, 2, 12325, 22.53, 33
2026/08/15 17:43:15.683, 44, 7, 12353, 21.87, 33
2026/08/15 17:43:17.686, 44, 7, 12349, 21.93, 33
2026/08/15 17:43:19.686, 14, 2, 12321, 21.98, 33
2026/08/15 17:43:21.687, 3, 0, 12369, 22.51, 33
2026/08/15 17:43:23.687, 15, 3, 12365, 22.49, 33
2026/08/15 17:43:25.688, 25, 3, 12353, 22.42, 33
2026/08/15 17:43:27.688, 8, 2, 12329, 21.71, 33
2026/08/15 17:43:29.690, 17, 2, 12341, 22.38, 33
2026/08/15 17:43:31.691, 19, 3, 12381, 22.39, 33
2026/08/15 17:43:33.691, 0, 0, 12321, 22.25, 33
2026/08/15 17:43:35.692, 10, 1, 12377, 22.16, 33
2026/08/15 17:43:37.693, 11, 2, 12329, 21.47, 33
2026/08/15 17:43:39.693, 6, 1, 12389, 22.71, 33
2026/08/15 17:43:41.694, 15, 2, 12341, 21.37, 33
2026/08/15 17:43:43.694, 8, 1, 12389, 22.43, 33
2026/08/15 17:43:45.694, 5, 2, 12313, 22.02, 33
2026/08/15 17:43:47.695, 31, 4, 12381, 22.60, 33
2026/08/15 17:43:49.696, 24, 4, 12353, 22.55, 33
2026/08/15 17:43:51.696, 18, 3, 12377, 22.48, 33
2026/08/15 17:43:53.697, 28, 4, 12333, 22.59, 33
2026/08/15 17:43:55.697, 3, 1, 12369, 22.02, 33
2026/08/15 17:43:57.700, 1, 1, 12333, 22.18, 33
2026/08/15 17:43:59.701, 20, 3, 12377, 22.35, 33
2026/08/15 17:44:01.704, 16, 2, 12369, 22.34, 33
2026/08/15 17:44:03.705, 14, 2, 12381, 22.32, 33
2026/08/15 17:44:05.706, 5, 1, 12365, 22.65, 33
2026/08/15 17:44:07.706, 2, 1, 12369, 22.54, 33
2026/08/15 17:44:09.707, 23, 5, 12373, 22.94, 33
2026/08/15 17:44:11.708, 12, 3, 12337, 22.52, 33
2026/08/15 17:44:13.709, 18, 4, 12353, 22.60, 33
2026/08/15 17:44:15.709, 8, 1, 12341, 22.47, 33
2026/08/15 17:44:17.710, 1, 1, 12313, 22.06, 33
2026/08/15 17:44:19.710, 28, 7, 12385, 23.31, 33
2026/08/15 17:44:21.711, 13, 2, 12317, 22.72, 33
2026/08/15 17:44:23.711, 0, 0, 12341, 22.89, 33
2026/08/15 17:44:25.712, 0, 0, 12361, 22.06, 33
2026/08/15 17:44:27.712, 14, 1, 12277, 22.24, 33
2026/08/15 17:44:29.714, 0, 0, 12345, 23.30, 33
2026/08/15 17:44:31.714, 8, 0, 12353, 22.82, 33
2026/08/15 17:44:33.715, 0, 0, 12385, 23.20, 33
2026/08/15 17:44:35.715, 32, 4, 12341, 22.05, 33
2026/08/15 17:44:37.715, 8, 2, 12325, 22.82, 33
2026/08/15 17:44:39.716, 7, 1, 12341, 22.82, 33
2026/08/15 17:44:41.717, 21, 2, 12361, 23.16, 33
2026/08/15 17:44:43.717, 16, 2, 12333, 22.87, 33
2026/08/15 17:44:45.718, 22, 3, 12341, 22.64, 33
2026/08/15 17:44:47.718, 27, 6, 12365, 23.21, 33
2026/08/15 17:44:49.719, 0, 0, 12309, 22.26, 33
2026/08/15 17:44:51.720, 13, 1, 12353, 22.51, 33
2026/08/15 17:44:53.721, 7, 1, 12393, 22.78, 33
2026/08/15 17:44:55.721, 17, 3, 12373, 22.61, 33
2026/08/15 17:44:57.722, 28, 5, 12341, 22.43, 33
2026/08/15 17:44:59.723, 23, 2, 12353, 22.26, 33
2026/08/15 17:45:01.723, 14, 2, 12337, 21.60, 33
2026/08/15 17:45:03.724, 1, 0, 12353, 22.72, 33
2026/08/15 17:45:05.725, 14, 2, 12385, 22.85, 33
2026/08/15 17:45:07.725, 10, 2, 12337, 21.71, 33
2026/08/15 17:45:09.726, 11, 2, 12333, 22.35, 33
2026/08/15 17:45:11.727, 0, 0, 12365, 22.66, 33
2026/08/15 17:45:13.727, 0, 0, 12313, 21.84, 33
2026/08/15 17:45:15.728, 10, 2, 12345, 22.17, 33
2026/08/15 17:45:17.728, 12, 2, 12349, 22.45, 33
2026/08/15 17:45:19.728, 8, 2, 12373, 21.69, 33
2026/08/15 17:45:21.729, 17, 3, 12373, 22.32, 33
2026/08/15 17:45:23.729, 22, 2, 12353, 22.27, 33
2026/08/15 17:45:25.730, 11, 1, 12389, 22.33, 33
2026/08/15 17:45:27.730, 0, 0, 12301, 21.94, 33
2026/08/15 17:45:29.731, 3, 1, 12365, 22.78, 33
2026/08/15 17:45:31.731, 19, 1, 12317, 21.44, 33
2026/08/15 17:45:33.732, 19, 3, 12333, 22.05, 33
2026/08/15 17:45:35.732, 3, 0, 12337, 21.62, 33
2026/08/15 17:45:37.733, 5, 1, 12321, 22.20, 33
2026/08/15 17:45:39.733, 0, 0, 12333, 22.25, 33
2026/08/15 17:45:41.734, 1, 1, 12341, 22.06, 33
2026/08/15 17:45:43.736, 12, 0, 12341, 22.60, 33
2026/08/15 17:45:45.736, 5, 0, 12361, 21.89, 33
2026/08/15 17:45:47.737, 12, 1, 12353, 21.71, 33
2026/08/15 17:45:49.737, 18, 3, 12353, 22.37, 33
2026/08/15 17:45:51.738, 5, 0, 12333, 21.67, 33
2026/08/15 17:45:53.738, 12, 1, 12353, 23.07, 33
2026/08/15 17:45:55.739, 13, 1, 12361, 22.23, 33
2026/08/15 17:45:57.739, 4, 1, 12297, 21.87, 33
2026/08/15 17:45:59.740, 20, 2, 12397, 23.20, 33
2026/08/15 17:46:01.742, 24, 2, 12337, 21.94, 33
2026/08/15 17:46:03.743, 11, 1, 12329, 21.94, 33
2026/08/15 17:46:05.743, 0, 0, 12373, 22.03, 33
2026/08/15 17:46:07.747, 0, 0, 12337, 22.60, 33
2026/08/15 17:46:09.748, 22, 4, 12361, 21.97, 33
2026/08/15 17:46:11.748, 21, 3, 12373, 22.15, 33
2026/08/15 17:46:13.748, 6, 2, 12321, 21.38, 33
2026/08/15 17:46:15.749, 9, 1, 12333, 21.38, 33
2026/08/15 17:46:17.749, 8, 1, 12313, 21.86, 33
2026/08/15 17:46:19.750, 2, 0, 12313, 21.74, 33
2026/08/15 17:46:21.750, 0, 0, 12341, 21.39, 33
2026/08/15 17:46:23.751, 4, 0, 12321, 22.58, 33
2026/08/15 17:46:25.751, 18, 3, 12313, 22.19, 33
2026/08/15 17:46:27.752, 13, 2, 12333, 21.99, 33
2026/08/15 17:46:29.752, 14, 2, 12337, 22.00, 33
2026/08/15 17:46:31.753, 39, 6, 12373, 22.03, 33
2026/08/15 17:46:33.756, 17, 2, 12349, 22.05, 33
2026/08/15 17:46:35.756, 15, 1, 12337, 22.37, 33
2026/08/15 17:46:37.756, 15, 3, 12365, 22.76, 33
2026/08/15 17:46:39.757, 0, 0, 12333, 21.74, 33
2026/08/15 17:46:41.758, 6, 0, 12333, 23.36, 33
2026/08/15 17:46:43.758, 19, 3, 12329, 22.22, 33
2026/08/15 17:46:45.759, 4, 1, 12333, 22.49, 33
2026/08/15 17:46:47.761, 8, 1, 12301, 22.47, 33
2026/08/15 17:46:49.762, 2, 1, 12313, 22.00, 33
2026/08/15 17:46:51.762, 3, 1, 12373, 22.79, 33
2026/08/15 17:46:53.762, 5, 1, 12365, 22.64, 33
2026/08/15 17:46:55.763, 15, 2, 12341, 22.24, 32
2026/08/15 17:46:57.763, 8, 2, 12353, 22.41, 33
2026/08/15 17:46:59.764, 1, 1, 12305, 22.70, 32
2026/08/15 17:47:01.764, 22, 2, 12349, 21.81, 32
2026/08/15 17:47:03.765, 4, 1, 12349, 21.79, 32
2026/08/15 17:47:05.766, 11, 2, 12329, 21.97, 32
2026/08/15 17:47:07.766, 12, 2, 12357, 21.89, 32
2026/08/15 17:47:09.767, 11, 2, 12341, 21.79, 32
2026/08/15 17:47:11.768, 2, 1, 12361, 21.88, 32
2026/08/15 17:47:13.768, 10, 2, 12301, 21.94, 32
2026/08/15 17:47:15.769, 15, 1, 12365, 21.95, 32
2026/08/15 17:47:17.770, 20, 3, 12365, 22.41, 32
2026/08/15 17:47:19.772, 11, 1, 12333, 21.94, 32
2026/08/15 17:47:21.773, 7, 1, 12329, 21.22, 32
2026/08/15 17:47:23.773, 9, 1, 12341, 21.71, 32
2026/08/15 17:47:25.774, 23, 4, 12357, 22.56, 32
2026/08/15 17:47:27.774, 2, 1, 12341, 22.30, 32
2026/08/15 17:47:29.774, 8, 1, 12357, 22.53, 32
2026/08/15 17:47:31.775, 6, 1, 12397, 22.62, 32
2026/08/15 17:47:33.775, 15, 1, 12337, 22.58, 32
2026/08/15 17:47:35.776, 27, 7, 12377, 22.67, 32
2026/08/15 17:47:37.776, 0, 0, 12305, 22.50, 32
2026/08/15 17:47:39.777, 35, 5, 12365, 22.71, 32
2026/08/15 17:47:41.777, 26, 4, 12329, 22.52, 32
2026/08/15 17:47:43.779, 31, 5, 12365, 22.49, 32
2026/08/15 17:47:45.780, 5, 1, 12349, 22.13, 32
2026/08/15 17:47:47.780, 17, 4, 12321, 23.22, 32
2026/08/15 17:47:49.782, 12, 1, 12341, 23.02, 32
2026/08/15 17:47:51.782, 7, 1, 12353, 23.03, 32
2026/08/15 17:47:53.783, 18, 2, 12329, 22.99, 32
2026/08/15 17:47:55.784, 24, 3, 12345, 22.45, 32
2026/08/15 17:47:57.784, 14, 1, 12337, 22.45, 32
2026/08/15 17:47:59.785, 0, 0, 12361, 21.61, 32
2026/08/15 17:48:01.785, 5, 2, 12393, 21.35, 32
2026/08/15 17:48:03.786, 20, 2, 12341, 22.32, 32
2026/08/15 17:48:05.786, 19, 2, 12385, 21.75, 32
2026/08/15 17:48:07.787, 5, 1, 12333, 22.44, 32
2026/08/15 17:48:09.787, 26, 4, 12341, 21.84, 32
2026/08/15 17:48:11.789, 9, 2, 12373, 22.65, 32
2026/08/15 17:48:13.790, 16, 2, 12345, 23.08, 32
2026/08/15 17:48:15.790, 33, 7, 12349, 22.75, 32
2026/08/15 17:48:17.791, 0, 0, 12389, 22.75, 32
2026/08/15 17:48:19.792, 6, 1, 12365, 23.11, 32
2026/08/15 17:48:21.793, 8, 1, 12361, 22.51, 32
2026/08/15 17:48:23.793, 0, 0, 12365, 21.91, 31
2026/08/15 17:48:25.798, 22, 3, 12341, 22.45, 31
2026/08/15 17:48:27.798, 17, 2, 12333, 23.00, 31
2026/08/15 17:48:29.799, 13, 1, 12373, 23.33, 31
2026/08/15 17:48:31.799, 24, 3, 12357, 22.86, 31
2026/08/15 17:48:33.800, 2, 1, 12361, 22.85, 31
2026/08/15 17:48:35.801, 22, 2, 12361, 22.31, 31
2026/08/15 17:48:37.801, 2, 1, 12345, 22.72, 31
2026/08/15 17:48:39.802, 10, 2, 12353, 22.98, 31
2026/08/15 17:48:41.803, 36, 5, 12333, 22.73, 31
2026/08/15 17:48:43.803, 22, 5, 12337, 23.42, 31
2026/08/15 17:48:45.804, 12, 3, 12345, 22.98, 31
2026/08/15 17:48:47.804, 2, 1, 12321, 22.95, 31
2026/08/15 17:48:49.805, 6, 2, 12361, 22.79, 31
2026/08/15 17:48:51.806, 8, 2, 12381, 23.03, 31
2026/08/15 17:48:53.806, 7, 1, 12321, 22.99, 31
2026/08/15 17:48:55.807, 22, 3, 12345, 23.13, 31
2026/08/15 17:48:57.807, 10, 2, 12357, 22.49, 31
2026/08/15 17:48:59.808, 11, 1, 12325, 23.06, 31
2026/08/15 17:49:01.808, 35, 4, 12361, 22.68, 31
2026/08/15 17:49:03.809, 18, 2, 12385, 22.97, 31
2026/08/15 17:49:05.809, 18, 2, 12353, 21.96, 31
2026/08/15 17:49:07.810, 3, 1, 12317, 22.84, 31
2026/08/15 17:49:09.810, 20, 4, 12385, 22.37, 31
2026/08/15 17:49:11.812, 11, 2, 12345, 22.54, 31
2026/08/15 17:49:13.812, 13, 1, 12341, 22.52, 31
2026/08/15 17:49:15.812, 9, 3, 12333, 23.40, 31
2026/08/15 17:49:17.815, 25, 4, 12369, 22.92, 31
2026/08/15 17:49:19.816, 0, 0, 12353, 23.01, 31
2026/08/15 17:49:21.816, 6, 2, 12333, 22.65, 31
2026/08/15 17:49:23.817, 13, 3, 12337, 22.00, 31
2026/08/15 17:49:25.818, 5, 0, 12385, 22.03, 31
2026/08/15 17:49:27.819, 28, 3, 12321, 22.37, 31
2026/08/15 17:49:29.819, 0, 0, 12369, 22.72, 31
2026/08/15 17:49:31.820, 5, 1, 12349, 22.08, 31
2026/08/15 17:49:33.821, 13, 2, 12377, 22.48, 31
2026/08/15 17:49:35.824, 9, 1, 12349, 22.37, 31
2026/08/15 17:49:37.825, 17, 4, 12361, 22.64, 31
2026/08/15 17:49:39.825, 18, 3, 12353, 22.07, 31
2026/08/15 17:49:41.826, 23, 8, 12317, 21.57, 31
2026/08/15 17:49:43.826, 32, 6, 12357, 22.17, 31
2026/08/15 17:49:45.826, 1, 1, 12333, 22.57, 31
2026/08/15 17:49:47.827, 5, 2, 12325, 21.40, 31
2026/08/15 17:49:49.827, 8, 1, 12325, 21.50, 31
2026/08/15 17:49:51.828, 14, 2, 12345, 22.60, 31
2026/08/15 17:49:53.829, 16, 2, 12333, 22.40, 31
2026/08/15 17:49:55.829, 12, 2, 12373, 22.37, 31
2026/08/15 17:49:57.830, 3, 0, 12321, 21.85, 31
2026/08/15 17:49:59.830, 19, 3, 12337, 21.82, 31
2026/08/15 17:50:01.833, 21, 2, 12361, 21.97, 31
2026/08/15 17:50:03.834, 5, 2, 12345, 21.93, 31
2026/08/15 17:50:05.835, 16, 3, 12353, 21.99, 31
2026/08/15 17:50:07.836, 7, 1, 12361, 22.74, 31
2026/08/15 17:50:09.836, 33, 4, 12333, 22.05, 31
2026/08/15 17:50:11.840, 8, 2, 12373, 21.80, 31
2026/08/15 17:50:13.841, 14, 1, 12337, 22.17, 30
2026/08/15 17:50:15.841, 9, 2, 12313, 22.11, 30
2026/08/15 17:50:17.842, 28, 4, 12369, 21.90, 30
2026/08/15 17:50:19.842, 17, 3, 12365, 22.03, 30
2026/08/15 17:50:21.842, 34, 4, 12297, 21.58, 30
2026/08/15 17:50:23.843, 17, 4, 12377, 22.85, 30
2026/08/15 17:50:25.843, 14, 2, 12349, 21.98, 30
2026/08/15 17:50:27.844, 7, 1, 12337, 22.00, 30
2026/08/15 17:50:29.844, 8, 1, 12365, 23.15, 30
2026/08/15 17:50:31.845, 0, 0, 12361, 21.94, 30
2026/08/15 17:50:33.845, 9, 2, 12365, 21.83, 30
2026/08/15 17:50:35.846, 3, 1, 12353, 22.22, 30
2026/08/15 17:50:37.846, 17, 1, 12325, 21.81, 30
2026/08/15 17:50:39.847, 4, 1, 12317, 21.27, 30
2026/08/15 17:50:41.847, 12, 1, 12377, 22.28, 30
2026/08/15 17:50:43.848, 7, 1, 12309, 22.09, 30
2026/08/15 17:50:45.849, 7, 2, 12325, 22.74, 30
2026/08/15 17:50:47.849, 7, 2, 12353, 22.17, 30
2026/08/15 17:50:49.850, 3, 0, 12313, 21.67, 30
2026/08/15 17:50:51.851, 0, 0, 12329, 22.12, 30
2026/08/15 17:50:53.852, 5, 1, 12365, 22.50, 30
2026/08/15 17:50:55.852, 14, 0, 12309, 22.52, 30
2026/08/15 17:50:57.853, 4, 1, 12333, 21.95, 30
2026/08/15 17:50:59.854, 0, 0, 12353, 22.55, 30
2026/08/15 17:51:01.854, 0, 0, 12361, 22.45, 30
2026/08/15 17:51:03.855, 13, 1, 12357, 22.30, 30
2026/08/15 17:51:05.856, 49, 6, 12337, 22.25, 30
2026/08/15 17:51:07.857, 12, 3, 12385, 22.79, 30
2026/08/15 17:51:09.857, 26, 7, 12385, 21.73, 30
2026/08/15 17:51:11.858, 5, 1, 12305, 20.85, 30
2026/08/15 17:51:13.858, 35, 7, 12385, 21.40, 30
2026/08/15 17:51:15.859, 8, 1, 12277, 20.70, 30
2026/08/15 17:51:17.859, 3, 1, 12337, 21.08, 30
2026/08/15 17:51:19.860, 7, 2, 12313, 21.07, 30
2026/08/15 17:51:21.860, 0, 0, 12349, 21.78, 30
2026/08/15 17:51:23.861, 2, 1, 12333, 21.73, 30
2026/08/15 17:51:25.861, 14, 2, 12353, 22.12, 30
2026/08/15 17:51:27.862, 8, 2, 12325, 21.97, 30
2026/08/15 17:51:29.862, 1, 0, 12329, 21.56, 30
2026/08/15 17:51:31.863, 3, 0, 12325, 21.47, 30
2026/08/15 17:51:33.863, 0, 0, 12353, 22.06, 30
2026/08/15 17:51:35.864, 13, 2, 12333, 21.15, 30
2026/08/15 17:51:37.864, 13, 2, 12333, 22.00, 30
2026/08/15 17:51:39.865, 28, 2, 12341, 21.46, 30
2026/08/15 17:51:41.865, 9, 1, 12361, 21.61, 30
2026/08/15 17:51:43.866, 0, 0, 12325, 21.28, 30
2026/08/15 17:51:45.867, 21, 4, 12345, 21.08, 30
2026/08/15 17:51:47.867, 10, 1, 12365, 22.05, 30
2026/08/15 17:51:49.867, 25, 3, 12373, 21.48, 30
2026/08/15 17:51:51.868, 3, 1, 12313, 22.04, 30
2026/08/15 17:51:53.868, 14, 1, 12361, 22.16, 30
2026/08/15 17:51:55.869, 1, 1, 12309, 21.83, 30
2026/08/15 17:51:57.870, 0, 0, 12325, 22.51, 30
2026/08/15 17:51:59.870, 2, 0, 12361, 22.26, 30
2026/08/15 17:52:01.871, 14, 2, 12373, 23.07, 30
2026/08/15 17:52:03.871, 15, 3, 12361, 22.35, 30
2026/08/15 17:52:05.874, 29, 6, 12365, 22.53, 30
2026/08/15 17:52:07.875, 22, 2, 12341, 22.18, 30
2026/08/15 17:52:09.875, 40, 6, 12373, 22.42, 30
2026/08/15 17:52:11.877, 5, 1, 12373, 22.80, 30
2026/08/15 17:52:13.878, 8, 1, 12333, 21.98, 30
2026/08/15 17:52:15.879, 18, 3, 12345, 23.05, 30
2026/08/15 17:52:17.879, 7, 2, 12345, 22.30, 30
2026/08/15 17:52:19.881, 32, 4, 12337, 22.40, 30
2026/08/15 17:52:21.881, 21, 4, 12309, 22.24, 30
2026/08/15 17:52:23.882, 13, 2, 12389, 22.56, 30
2026/08/15 17:52:25.883, 11, 2, 12337, 22.84, 30
2026/08/15 17:52:27.884, 7, 1, 12325, 22.89, 30
2026/08/15 17:52:29.884, 14, 3, 12377, 23.37, 30
2026/08/15 17:52:31.885, 11, 1, 12373, 23.48, 30
2026/08/15 17:52:33.885, 10, 1, 12377, 23.26, 30
2026/08/15 17:52:35.885, 32, 6, 12373, 22.77, 30
2026/08/15 17:52:37.886, 28, 7, 12357, 22.65, 30
2026/08/15 17:52:39.887, 13, 2, 12333, 22.39, 30
2026/08/15 17:52:41.888, 4, 1, 12321, 22.18, 30
2026/08/15 17:52:43.889, 32, 6, 12373, 22.39, 30
2026/08/15 17:52:45.889, 9, 1, 12329, 22.23, 30
2026/08/15 17:52:47.890, 0, 1, 12365, 22.50, 30
2026/08/15 17:52:49.890, 6, 1, 12333, 21.98, 30
2026/08/15 17:52:51.891, 0, 0, 12365, 22.03, 30
2026/08/15 17:52:53.892, 19, 3, 12353, 22.53, 30
2026/08/15 17:52:55.892, 17, 2, 12341, 22.36, 30
2026/08/15 17:52:57.893, 4, 1, 12365, 22.64, 30
2026/08/15 17:52:59.893, 0, 0, 12353, 22.57, 30
2026/08/15 17:53:01.894, 7, 1, 12353, 22.48, 30
2026/08/15 17:53:03.895, 3, 0, 12321, 22.29, 30
2026/08/15 17:53:05.895, 10, 2, 12373, 22.22, 30
2026/08/15 17:53:07.896, 6, 2, 12321, 22.41, 29
2026/08/15 17:53:09.896, 18, 4, 12337, 23.10, 30
2026/08/15 17:53:11.897, 12, 2, 12333, 22.04, 30
2026/08/15 17:53:13.898, 28, 6, 12357, 22.92, 30
2026/08/15 17:53:15.899, 4, 1, 12365, 22.47, 30
2026/08/15 17:53:17.899, 21, 3, 12333, 22.44, 30
2026/08/15 17:53:19.900, 4, 1, 12341, 21.97, 29
2026/08/15 17:53:21.901, 6, 2, 12317, 22.50, 29
2026/08/15 17:53:23.901, 6, 1, 12333, 21.79, 29
2026/08/15 17:53:25.902, 7, 1, 12353, 22.14, 29
2026/08/15 17:53:27.903, 17, 2, 12345, 22.28, 29
2026/08/15 17:53:29.905, 6, 1, 12305, 22.14, 29
2026/08/15 17:53:31.906, 1, 1, 12333, 22.79, 29
2026/08/15 17:53:33.906, 12, 1, 12341, 22.51, 29
2026/08/15 17:53:35.907, 18, 4, 12353, 22.74, 29
2026/08/15 17:53:37.913, 12, 1, 12321, 22.68, 29
2026/08/15 17:53:39.914, 27, 4, 12341, 22.28, 29
2026/08/15 17:53:41.914, 0, 0, 12321, 22.64, 29
2026/08/15 17:53:43.914, 0, 0, 12341, 22.30, 29
2026/08/15 17:53:45.915, 11, 0, 12365, 22.51, 29
2026/08/15 17:53:47.916, 20, 3, 12349, 22.57, 29
2026/08/15 17:53:49.917, 16, 4, 12357, 22.23, 29
2026/08/15 17:53:51.918, 32, 5, 12337, 22.37, 29
2026/08/15 17:53:53.919, 4, 0, 12365, 22.56, 29
2026/08/15 17:53:55.919, 15, 1, 12349, 22.59, 29
2026/08/15 17:53:57.920, 12, 2, 12345, 22.69, 29
2026/08/15 17:53:59.920, 5, 1, 12361, 22.36, 29
2026/08/15 17:54:01.921, 13, 4, 12341, 21.93, 29
2026/08/15 17:54:03.921, 11, 1, 12365, 22.63, 29
2026/08/15 17:54:05.922, 9, 1, 12361, 22.44, 29
2026/08/15 17:54:07.922, 6, 1, 12373, 22.52, 29
2026/08/15 17:54:09.923, 23, 3, 12353, 22.85, 29
2026/08/15 17:54:11.924, 5, 1, 12385, 22.76, 29
2026/08/15 17:54:13.924, 23, 4, 12349, 22.11, 29
2026/08/15 17:54:15.924, 14, 3, 12333, 22.00, 29
2026/08/15 17:54:17.926, 20, 3, 12353, 21.28, 29
2026/08/15 17:54:19.927, 3, 0, 12325, 21.06, 29
2026/08/15 17:54:21.927, 4, 1, 12329, 21.91, 29
2026/08/15 17:54:23.928, 6, 1, 12357, 22.67, 29
2026/08/15 17:54:25.929, 12, 2, 12345, 22.30, 29
2026/08/15 17:54:27.929, 12, 2, 12273, 21.92, 29
2026/08/15 17:54:29.930, 16, 3, 12385, 22.20, 29
2026/08/15 17:54:31.931, 7, 1, 12301, 22.50, 29
2026/08/15 17:54:33.931, 26, 4, 12385, 21.34, 29
2026/08/15 17:54:35.932, 12, 1, 12313, 21.70, 29
2026/08/15 17:54:37.932, 15, 2, 12357, 22.60, 29
2026/08/15 17:54:39.933, 0, 0, 12353, 21.82, 29
2026/08/15 17:54:41.933, 12, 1, 12341, 21.92, 29
2026/08/15 17:54:43.933, 18, 1, 12345, 22.25, 29
2026/08/15 17:54:45.934, 3, 1, 12373, 21.73, 29
2026/08/15 17:54:47.934, 53, 11, 12385, 23.04, 29
2026/08/15 17:54:49.935, 28, 2, 12325, 21.85, 29
2026/08/15 17:54:51.935, 12, 1, 12357, 21.75, 29
2026/08/15 17:54:53.936, 8, 0, 12333, 21.77, 29
2026/08/15 17:54:55.936, 19, 2, 12329, 21.89, 29
2026/08/15 17:54:57.938, 13, 2, 12325, 21.77, 29
2026/08/15 17:54:59.939, 4, 1, 12341, 21.64, 29
2026/08/15 17:55:01.940, 0, 0, 12341, 21.65, 29
2026/08/15 17:55:03.940, 9, 2, 12333, 22.33, 29
2026/08/15 17:55:05.941, 7, 1, 12309, 21.52, 29
2026/08/15 17:55:07.942, 4, 0, 12345, 21.91, 29
2026/08/15 17:55:09.942, 4, 1, 12381, 22.05, 29
2026/08/15 17:55:11.943, 9, 2, 12361, 21.67, 29
2026/08/15 17:55:13.947, 7, 1, 12361, 22.30, 29
2026/08/15 17:55:15.948, 9, 1, 12361, 22.08, 29
2026/08/15 17:55:17.948, 11, 0, 12361, 21.17, 29
2026/08/15 17:55:19.949, 0, 0, 12325, 21.85, 29
2026/08/15 17:55:21.950, 6, 0, 12361, 22.46, 29
2026/08/15 17:55:23.950, 5, 1, 12317, 22.16, 29
2026/08/15 17:55:25.951, 10, 1, 12305, 21.67, 29
2026/08/15 17:55:27.952, 26, 5, 12377, 22.62, 29
2026/08/15 17:55:29.953, 8, 1, 12321, 21.51, 29
2026/08/15 17:55:31.953, 4, 2, 12361, 21.50, 29
2026/08/15 17:55:33.954, 24, 4, 12333, 21.52, 29
2026/08/15 17:55:35.956, 24, 4, 12353, 21.20, 29
2026/08/15 17:55:37.957, 15, 2, 12345, 21.32, 29
2026/08/15 17:55:39.958, 18, 4, 12341, 21.61, 29
2026/08/15 17:55:41.958, 3, 0, 12329, 20.96, 29
2026/08/15 17:55:43.958, 7, 2, 12333, 20.50, 29
2026/08/15 17:55:45.959, 2, 1, 12385, 21.08, 29
2026/08/15 17:55:47.960, 4, 0, 12333, 21.49, 29
2026/08/15 17:55:49.960, 26, 5, 12377, 21.53, 29
2026/08/15 17:55:51.961, 4, 1, 12337, 20.74, 29
2026/08/15 17:55:53.961, 9, 2, 12313, 20.46, 29
2026/08/15 17:55:55.962, 25, 3, 12365, 21.51, 29
2026/08/15 17:55:57.963, 8, 2, 12353, 21.23, 29
2026/08/15 17:55:59.963, 36, 5, 12361, 20.80, 29
2026/08/15 17:56:01.964, 16, 3, 12345, 20.51, 29
2026/08/15 17:56:03.964, 14, 3, 12305, 21.29, 29
2026/08/15 17:56:05.965, 11, 0, 12345, 21.83, 29
2026/08/15 17:56:07.965, 17, 3, 12373, 21.25, 29
2026/08/15 17:56:09.967, 22, 3, 12301, 21.23, 29
2026/08/15 17:56:11.968, 12, 3, 12377, 21.63, 29
2026/08/15 17:56:13.969, 3, 1, 12309, 20.71, 29
2026/08/15 17:56:15.969, 0, 0, 12353, 21.80, 29
2026/08/15 17:56:17.969, 0, 0, 12341, 21.36, 29
2026/08/15 17:56:19.970, 6, 0, 12353, 21.16, 29
2026/08/15 17:56:21.971, 0, 0, 12345, 22.08, 29
2026/08/15 17:56:23.971, 30, 3, 12365, 21.55, 29
2026/08/15 17:56:25.972, 27, 5, 12345, 21.21, 29
2026/08/15 17:56:27.972, 10, 2, 12297, 21.15, 29
2026/08/15 17:56:29.973, 12, 2, 12373, 21.88, 29
2026/08/15 17:56:31.974, 0, 0, 12301, 21.26, 29
2026/08/15 17:56:33.975, 1, 0, 12365, 21.06, 29
2026/08/15 17:56:35.975, 15, 3, 12373, 21.39, 29
2026/08/15 17:56:37.975, 22, 2, 12329, 21.26, 29
2026/08/15 17:56:39.976, 21, 3, 12385, 21.94, 29
2026/08/15 17:56:41.977, 8, 2, 12297, 21.57, 29
2026/08/15 17:56:43.977, 17, 2, 12373, 21.70, 29
2026/08/15 17:56:45.978, 15, 1, 12373, 21.32, 29
2026/08/15 17:56:47.979, 19, 2, 12337, 20.92, 29
2026/08/15 17:56:49.980, 19, 2, 12333, 21.21, 29
2026/08/15 17:56:51.980, 22, 3, 12353, 21.17, 29
2026/08/15 17:56:53.983, 25, 2, 12341, 21.43, 29
2026/08/15 17:56:55.984, 6, 1, 12373, 21.31, 29
2026/08/15 17:56:57.985, 22, 3, 12369, 21.85, 29
2026/08/15 17:56:59.985, 13, 1, 12349, 21.58, 29
2026/08/15 17:57:01.986, 16, 2, 12353, 21.19, 29
2026/08/15 17:57:03.986, 38, 9, 12357, 22.66, 29
2026/08/15 17:57:05.987, 19, 2, 12341, 21.86, 29
2026/08/15 17:57:07.988, 10, 2, 12357, 21.66, 29
2026/08/15 17:57:09.989, 6, 1, 12345, 21.66, 29
2026/08/15 17:57:11.992, 11, 2, 12313, 21.43, 29
2026/08/15 17:57:13.993, 2, 1, 12357, 21.02, 29
2026/08/15 17:57:15.993, 7, 1, 12393, 21.68, 29
2026/08/15 17:57:17.994, 19, 2, 12321, 21.49, 29
2026/08/15 17:57:19.994, 7, 1, 12321, 21.40, 29
2026/08/15 17:57:21.995, 5, 0, 12433, 22.06, 29
2026/08/15 17:57:23.995, 28, 6, 12393, 21.15, 29
2026/08/15 17:57:25.996, 6, 1, 12385, 20.98, 29
2026/08/15 17:57:27.996, 36, 5, 12357, 21.72, 29
2026/08/15 17:57:29.997, 13, 1, 12365, 22.14, 30
2026/08/15 17:57:31.997, 22, 3, 12389, 21.92, 29
2026/08/15 17:57:33.998, 31, 4, 12341, 22.28, 29
2026/08/15 17:57:35.998, 13, 2, 12393, 21.36, 29
2026/08/15 17:57:37.999, 21, 3, 12397, 21.10, 30
2026/08/15 17:57:39.999, 0, 0, 12337, 21.20, 29
2026/08/15 17:57:42.000, 22, 4, 12421, 22.35, 30
2026/08/15 17:57:44.000, 1, 1, 12369, 21.88, 29
2026/08/15 17:57:46.000, 19, 3, 12341, 20.58, 29
2026/08/15 17:57:48.001, 3, 2, 12333, 21.20, 29
2026/08/15 17:57:50.001, 14, 1, 12397, 21.27, 29
2026/08/15 17:57:52.002, 6, 3, 12301, 21.32, 29
2026/08/15 17:57:54.003, 21, 5, 12409, 21.70, 30
2026/08/15 17:57:56.004, 4, 1, 12421, 21.01, 29
2026/08/15 17:57:58.004, 38, 7, 12349, 21.70, 30
2026/08/15 17:58:00.005, 0, 0, 12369, 22.27, 29
2026/08/15 17:58:02.006, 16, 3, 12353, 22.05, 30
2026/08/15 17:58:04.007, 4, 2, 12341, 21.83, 29
2026/08/15 17:58:06.007, 8, 2, 12369, 22.36, 29
2026/08/15 17:58:08.008, 13, 2, 12429, 22.57, 30
2026/08/15 17:58:10.008, 28, 7, 12321, 21.84, 30
2026/08/15 17:58:12.009, 0, 0, 12389, 22.61, 29
2026/08/15 17:58:14.010, 13, 1, 12437, 21.98, 29
2026/08/15 17:58:16.010, 12, 2, 12317, 22.08, 29
2026/08/15 17:58:18.011, 20, 2, 12429, 22.92, 30
2026/08/15 17:58:20.012, 9, 3, 12317, 21.53, 29
2026/08/15 17:58:22.012, 5, 2, 12333, 21.69, 29
2026/08/15 17:58:24.013, 7, 1, 12389, 21.37, 29
2026/08/15 17:58:26.013, 10, 2, 12389, 21.58, 30
2026/08/15 17:58:28.014, 24, 3, 12373, 21.41, 29
2026/08/15 17:58:30.014, 7, 1, 12309, 21.06, 29
2026/08/15 17:58:32.014, 21, 4, 12345, 21.40, 29
2026/08/15 17:58:34.015, 0, 0, 12305, 21.07, 29
2026/08/15 17:58:36.016, 40, 9, 12377, 22.38, 29
2026/08/15 17:58:38.016, 16, 2, 12337, 21.77, 29
2026/08/15 17:58:40.016, 0, 0, 12345, 21.95, 29
2026/08/15 17:58:42.017, 44, 4, 12349, 22.40, 29
2026/08/15 17:58:44.018, 6, 1, 12373, 22.45, 29
2026/08/15 17:58:46.018, 24, 2, 12341, 22.26, 29
2026/08/15 17:58:48.019, 11, 2, 12361, 22.12, 29
2026/08/15 17:58:50.019, 16, 2, 12317, 21.27, 29
2026/08/15 17:58:52.020, 6, 1, 12385, 21.46, 29
2026/08/15 17:58:54.020, 10, 2, 12285, 21.12, 29
2026/08/15 17:58:56.021, 8, 0, 12385, 22.56, 29
2026/08/15 17:58:58.023, 3, 1, 12309, 21.41, 29
2026/08/15 17:59:00.024, 9, 0, 12377, 22.16, 29
2026/08/15 17:59:02.024, 5, 0, 12329, 21.26, 29
2026/08/15 17:59:04.024, 30, 5, 12361, 21.73, 29
2026/08/15 17:59:06.025, 5, 1, 12373, 21.36, 29
2026/08/15 17:59:08.025, 17, 4, 12361, 22.10, 29
2026/08/15 17:59:10.026, 15, 1, 12349, 21.74, 29
2026/08/15 17:59:12.026, 31, 5, 12325, 22.09, 29
2026/08/15 17:59:14.027, 24, 2, 12361, 21.23, 29
2026/08/15 17:59:16.027, 0, 0, 12341, 21.10, 29
2026/08/15 17:59:18.028, 3, 0, 12329, 21.34, 29
2026/08/15 17:59:20.029, 20, 2, 12361, 21.80, 29
2026/08/15 17:59:22.029, 0, 0, 12341, 21.08, 29
2026/08/15 17:59:24.029, 13, 3, 12353, 21.48, 29
2026/08/15 17:59:26.030, 11, 1, 12373, 21.88, 29
2026/08/15 17:59:28.031, 19, 4, 12353, 22.47, 29
2026/08/15 17:59:30.031, 14, 2, 12353, 22.27, 29
2026/08/15 17:59:32.034, 5, 1, 12365, 21.50, 29
2026/08/15 17:59:34.038, 2, 1, 12293, 20.91, 29
2026/08/15 17:59:36.038, 9, 1, 12385, 22.15, 29
2026/08/15 17:59:38.039, 7, 2, 12381, 21.55, 29
2026/08/15 17:59:40.040, 12, 2, 12341, 21.83, 29
2026/08/15 17:59:42.040, 11, 3, 12361, 21.74, 29
2026/08/15 17:59:44.041, 3, 1, 12345, 21.51, 29
2026/08/15 17:59:46.041, 5, 1, 12349, 20.89, 29
2026/08/15 17:59:48.042, 11, 1, 12373, 22.24, 29
2026/08/15 17:59:50.042, 29, 3, 12373, 21.95, 29
2026/08/15 17:59:52.043, 6, 1, 12361, 21.27, 29
2026/08/15 17:59:54.043, 9, 2, 12285, 21.36, 29
2026/08/15 17:59:56.044, 9, 2, 12361, 21.27, 29
2026/08/15 17:59:58.045, 40, 5, 12361, 21.27, 29
2026/08/15 18:00:00.045, 22, 3, 12353, 21.28, 29
2026/08/15 18:00:02.045, 6, 1, 12385, 21.14, 29
2026/08/15 18:00:04.046, 5, 1, 12353, 21.32, 29
2026/08/15 18:00:06.047, 9, 2, 12353, 20.76, 29
2026/08/15 18:00:08.048, 0, 0, 12281, 20.95, 29
2026/08/15 18:00:10.048, 0, 0, 12385, 21.43, 29
2026/08/15 18:00:12.048, 16, 2, 12389, 21.65, 29
2026/08/15 18:00:14.049, 24, 4, 12365, 21.36, 29
2026/08/15 18:00:16.050, 19, 2, 12329, 21.63, 29
2026/08/15 18:00:18.051, 38, 6, 12333, 21.72, 29
2026/08/15 18:00:20.052, 12, 2, 12333, 21.00, 29
2026/08/15 18:00:22.052, 3, 0, 12325, 20.79, 29
2026/08/15 18:00:24.053, 1, 1, 12297, 22.48, 29
2026/08/15 18:00:26.053, 7, 1, 12341, 21.36, 29
2026/08/15 18:00:28.054, 6, 1, 12373, 23.12, 29
2026/08/15 18:00:30.054, 0, 0, 12329, 22.43, 29
2026/08/15 18:00:32.055, 18, 3, 12373, 22.00, 29
2026/08/15 18:00:34.055, 11, 2, 12293, 21.47, 29
2026/08/15 18:00:36.056, 17, 3, 12361, 21.78, 29
2026/08/15 18:00:38.056, 13, 2, 12341, 21.77, 29
2026/08/15 18:00:40.057, 27, 5, 12329, 21.36, 29
2026/08/15 18:00:42.057, 15, 3, 12337, 21.90, 29
2026/08/15 18:00:44.058, 2, 1, 12325, 21.26, 29
2026/08/15 18:00:46.059, 29, 3, 12353, 21.06, 29
2026/08/15 18:00:48.059, 0, 0, 12357, 20.81, 29
2026/08/15 18:00:50.060, 6, 0, 12333, 20.88, 29
2026/08/15 18:00:52.061, 5, 1, 12361, 22.06, 29
2026/08/15 18:00:54.065, 16, 2, 12333, 21.55, 29
2026/08/15 18:00:56.066, 4, 0, 12329, 21.18, 29
2026/08/15 18:00:58.066, 6, 1, 12313, 21.10, 29
2026/08/15 18:01:00.067, 12, 2, 12365, 21.70, 29
2026/08/15 18:01:02.067, 0, 0, 12373, 22.19, 29
2026/08/15 18:01:04.068, 6, 2, 12353, 20.96, 29
2026/08/15 18:01:06.068, 19, 4, 12353, 20.83, 29
2026/08/15 18:01:08.069, 17, 1, 12341, 20.85, 29
2026/08/15 18:01:10.069, 46, 9, 12361, 21.76, 29
2026/08/15 18:01:12.069, 26, 4, 12301, 20.93, 29
2026/08/15 18:01:14.070, 6, 0, 12385, 22.43, 29
2026/08/15 18:01:16.071, 9, 2, 12317, 21.15, 29
2026/08/15 18:01:18.071, 17, 3, 12397, 21.37, 29
2026/08/15 18:01:20.098, 17, 1, 12337, 21.78, 29
2026/08/15 18:01:22.099, 10, 2, 12353, 21.63, 29
2026/08/15 18:01:24.099, 15, 1, 12341, 21.68, 29
2026/08/15 18:01:26.100, 24, 2, 12361, 22.05, 29
2026/08/15 18:01:28.100, 10, 1, 12329, 21.57, 29
2026/08/15 18:01:30.101, 15, 2, 12373, 22.23, 29
2026/08/15 18:01:32.102, 21, 3, 12329, 21.56, 29
2026/08/15 18:01:34.102, 3, 1, 12373, 21.80, 29
2026/08/15 18:01:36.102, 20, 3, 12377, 21.66, 29
2026/08/15 18:01:38.103, 4, 1, 12341, 21.58, 29
2026/08/15 18:01:40.103, 7, 2, 12353, 21.71, 29
2026/08/15 18:01:42.104, 5, 1, 12313, 21.57, 29
2026/08/15 18:01:44.104, 3, 0, 12353, 21.43, 29
2026/08/15 18:01:46.105, 6, 2, 12333, 21.87, 29
2026/08/15 18:01:48.105, 6, 1, 12357, 21.56, 29
2026/08/15 18:01:50.107, 28, 4, 12349, 21.67, 29
2026/08/15 18:01:52.107, 21, 2, 12333, 21.59, 29
2026/08/15 18:01:54.108, 7, 2, 12341, 21.07, 29
2026/08/15 18:01:56.108, 4, 1, 12365, 21.71, 29
2026/08/15 18:01:58.109, 0, 0, 12341, 20.82, 29
2026/08/15 18:02:00.110, 6, 1, 12341, 20.90, 29
2026/08/15 18:02:02.110, 2, 1, 12357, 21.55, 29
2026/08/15 18:02:04.111, 24, 3, 12377, 21.66, 29
2026/08/15 18:02:06.111, 20, 4, 12401, 21.58, 29
2026/08/15 18:02:08.112, 17, 2, 12361, 20.47, 29
2026/08/15 18:02:10.113, 7, 1, 12345, 21.11, 29
2026/08/15 18:02:12.113, 19, 2, 12341, 20.85, 29
2026/08/15 18:02:14.114, 26, 3, 12341, 20.95, 29
2026/08/15 18:02:16.114, 10, 2, 12357, 21.25, 29
2026/08/15 18:02:18.114, 0, 0, 12313, 21.55, 29
2026/08/15 18:02:20.115, 3, 0, 12381, 21.56, 29
2026/08/15 18:02:22.115, 16, 2, 12341, 20.80, 29
2026/08/15 18:02:24.116, 17, 3, 12337, 20.47, 30
2026/08/15 18:02:26.117, 4, 1, 12341, 21.09, 29
2026/08/15 18:02:28.117, 27, 3, 12309, 20.95, 30
2026/08/15 18:02:30.118, 23, 3, 12365, 22.31, 30
2026/08/15 18:02:32.119, 25, 4, 12313, 20.87, 30
2026/08/15 18:02:34.119, 13, 0, 12349, 21.36, 30
2026/08/15 18:02:36.120, 19, 2, 12397, 21.85, 30
2026/08/15 18:02:38.122, 35, 4, 12329, 21.74, 30
2026/08/15 18:02:40.123, 35, 6, 12361, 21.33, 30
2026/08/15 18:02:42.123, 19, 2, 12361, 22.20, 30
2026/08/15 18:02:44.123, 11, 2, 12293, 21.65, 30
2026/08/15 18:02:46.124, 9, 1, 12361, 21.50, 30
2026/08/15 18:02:48.124, 0, 0, 12333, 20.78, 30
2026/08/15 18:02:50.125, 16, 2, 12341, 21.03, 30
2026/08/15 18:02:52.126, 3, 1, 12333, 21.34, 30
2026/08/15 18:02:54.126, 9, 1, 12361, 21.67, 30
2026/08/15 18:02:56.127, 0, 0, 12321, 21.21, 30
2026/08/15 18:02:58.127, 0, 0, 12321, 21.29, 30
2026/08/15 18:03:00.128, 18, 2, 12385, 21.77, 30
2026/08/15 18:03:02.128, 13, 2, 12349, 21.37, 30
2026/08/15 18:03:04.132, 1, 1, 12353, 21.76, 30
2026/08/15 18:03:06.132, 57, 8, 12337, 21.23, 30
2026/08/15 18:03:08.133, 8, 2, 12377, 20.94, 30
2026/08/15 18:03:10.133, 25, 3, 12313, 21.43, 30
2026/08/15 18:03:12.134, 12, 1, 12361, 21.73, 30
2026/08/15 18:03:14.134, 7, 1, 12349, 20.98, 30
2026/08/15 18:03:16.135, 3, 0, 12341, 21.52, 30
2026/08/15 18:03:18.135, 0, 0, 12337, 21.17, 30
2026/08/15 18:03:20.136, 16, 2, 12409, 22.01, 30
2026/08/15 18:03:22.137, 21, 3, 12321, 21.70, 30
2026/08/15 18:03:24.137, 26, 4, 12329, 20.92, 30
2026/08/15 18:03:27.391, 22, 5, 12353, 21.51, 30
2026/08/15 18:03:29.391, 22, 5, 12357, 20.90, 30
2026/08/15 18:03:31.392, 11, 1, 12409, 21.27, 30
2026/08/15 18:03:33.393, 0, 0, 12329, 21.42, 30
2026/08/15 18:03:35.393, 6, 1, 12389, 21.66, 30
2026/08/15 18:03:37.394, 21, 3, 12337, 21.70, 30
2026/08/15 18:03:39.394, 29, 6, 12357, 21.91, 30
2026/08/15 18:03:41.395, 12, 2, 12329, 21.40, 30
2026/08/15 18:03:43.396, 8, 2, 12273, 21.75, 30
2026/08/15 18:03:45.396, 0, 0, 12389, 21.58, 30
2026/08/15 18:03:47.397, 7, 1, 12361, 21.44, 30
2026/08/15 18:03:49.397, 5, 1, 12373, 21.60, 30
2026/08/15 18:03:51.398, 15, 4, 12341, 21.91, 31
2026/08/15 18:03:53.398, 20, 2, 12369, 22.17, 31
2026/08/15 18:03:55.399, 13, 2, 12321, 21.65, 31
2026/08/15 18:03:57.399, 20, 4, 12369, 21.46, 31
2026/08/15 18:03:59.400, 17, 1, 12349, 21.41, 31
2026/08/15 18:04:01.401, 4, 0, 12385, 21.02, 31
2026/08/15 18:04:03.401, 0, 0, 12321, 21.41, 31
2026/08/15 18:04:05.401, 10, 2, 12357, 21.43, 31
2026/08/15 18:04:07.402, 12, 4, 12369, 21.18, 31
2026/08/15 18:04:09.403, 24, 2, 12313, 22.06, 31
2026/08/15 18:04:11.404, 24, 3, 12389, 22.52, 31
2026/08/15 18:04:13.411, 17, 2, 12337, 21.92, 31
2026/08/15 18:04:15.411, 15, 3, 12305, 22.08, 31
2026/08/15 18:04:17.412, 10, 0, 12361, 21.71, 31
2026/08/15 18:04:19.413, 33, 6, 12313, 21.78, 31
2026/08/15 18:04:21.414, 10, 2, 12365, 22.09, 31
2026/08/15 18:04:23.417, 8, 2, 12337, 21.76, 31
2026/08/15 18:04:25.418, 7, 1, 12397, 21.18, 31
2026/08/15 18:04:27.418, 0, 0, 12341, 21.38, 31
2026/08/15 18:04:29.418, 22, 3, 12353, 22.43, 31
2026/08/15 18:04:31.419, 35, 6, 12313, 22.05, 31
2026/08/15 18:04:33.420, 12, 2, 12361, 21.94, 31
2026/08/15 18:04:35.421, 13, 1, 12325, 22.01, 31
2026/08/15 18:04:37.422, 19, 3, 12401, 21.64, 31
2026/08/15 18:04:39.423, 5, 1, 12333, 21.73, 31
2026/08/15 18:04:41.423, 8, 1, 12365, 21.45, 31
2026/08/15 18:04:43.424, 15, 2, 12393, 21.17, 31
2026/08/15 18:04:45.427, 28, 3, 12361, 21.93, 31
2026/08/15 18:04:47.428, 6, 0, 12341, 21.60, 31
2026/08/15 18:04:49.428, 24, 4, 12345, 21.23, 31
2026/08/15 18:04:51.429, 14, 3, 12321, 21.39, 31
2026/08/15 18:04:53.429, 15, 4, 12385, 21.50, 31
2026/08/15 18:04:55.430, 0, 0, 12417, 21.64, 31
2026/08/15 18:04:57.430, 1, 2, 12341, 22.18, 31
2026/08/15 18:04:59.432, 11, 1, 12333, 21.32, 31
2026/08/15 18:05:01.433, 36, 5, 12373, 21.97, 31
2026/08/15 18:05:03.433, 47, 12, 12373, 22.00, 31
2026/08/15 18:05:05.434, 8, 3, 12365, 21.68, 31
2026/08/15 18:05:07.434, 4, 0, 12361, 21.39, 31
2026/08/15 18:05:09.434, 17, 3, 12381, 21.30, 31
2026/08/15 18:05:11.435, 1, 1, 12341, 20.93, 31
2026/08/15 18:05:13.435, 19, 4, 12357, 21.62, 31
2026/08/15 18:05:15.435, 34, 7, 12405, 21.95, 31
2026/08/15 18:05:17.436, 24, 3, 12349, 21.32, 31
2026/08/15 18:05:19.436, 2, 0, 12401, 21.62, 31
2026/08/15 18:05:21.437, 22, 3, 12377, 21.52, 31
2026/08/15 18:05:23.438, 13, 2, 12349, 21.79, 31
2026/08/15 18:05:25.439, 9, 1, 12373, 21.56, 32
2026/08/15 18:05:27.440, 9, 1, 12369, 21.49, 31
2026/08/15 18:05:29.441, 9, 2, 12337, 20.97, 32
2026/08/15 18:05:31.441, 11, 2, 12361, 21.53, 32
2026/08/15 18:05:33.442, 21, 6, 12373, 21.76, 32
2026/08/15 18:05:35.443, 12, 2, 12361, 21.65, 32
2026/08/15 18:05:37.443, 8, 2, 12361, 21.75, 32
2026/08/15 18:05:39.443, 8, 2, 12353, 21.29, 32
2026/08/15 18:05:41.444, 17, 2, 12425, 21.77, 32
2026/08/15 18:05:43.445, 19, 3, 12341, 21.61, 32
2026/08/15 18:05:45.445, 1, 1, 12305, 21.30, 32
2026/08/15 18:05:47.446, 14, 3, 12353, 22.06, 32
2026/08/15 18:05:49.447, 2, 0, 12309, 21.56, 32
2026/08/15 18:05:51.448, 19, 3, 12365, 22.68, 32
2026/08/15 18:05:53.448, 10, 2, 12301, 22.82, 32
2026/08/15 18:05:55.449, 14, 2, 12421, 23.01, 32
2026/08/15 18:05:57.449, 25, 3, 12353, 22.58, 32
2026/08/15 18:05:59.450, 9, 1, 12353, 22.83, 32
2026/08/15 18:06:01.450, 21, 2, 12373, 22.52, 32
2026/08/15 18:06:03.450, 8, 2, 12337, 21.74, 32
2026/08/15 18:06:05.451, 0, 0, 12333, 21.75, 32
2026/08/15 18:06:07.451, 18, 2, 12325, 22.35, 32
2026/08/15 18:06:09.452, 8, 2, 12361, 22.56, 32
2026/08/15 18:06:11.452, 10, 2, 12337, 22.19, 32
2026/08/15 18:06:13.453, 15, 2, 12373, 22.19, 32
2026/08/15 18:06:15.454, 18, 1, 12373, 21.58, 32
2026/08/15 18:06:17.455, 7, 1, 12389, 22.33, 32
2026/08/15 18:06:19.455, 6, 1, 12401, 22.73, 32
2026/08/15 18:06:21.456, 0, 0, 12329, 21.88, 32
2026/08/15 18:06:23.457, 3, 1, 12365, 22.70, 32
2026/08/15 18:06:25.457, 16, 1, 12385, 22.38, 32
2026/08/15 18:06:27.458, 16, 2, 12317, 21.87, 32
2026/08/15 18:06:29.459, 15, 1, 12401, 22.33, 32
2026/08/15 18:06:31.460, 18, 2, 12341, 22.68, 32
2026/08/15 18:06:33.461, 5, 1, 12357, 22.04, 32
2026/08/15 18:06:35.461, 11, 2, 12365, 21.80, 32
2026/08/15 18:06:37.462, 22, 3, 12369, 21.78, 32
2026/08/15 18:06:39.462, 11, 1, 12333, 21.97, 32
2026/08/15 18:06:41.463, 18, 2, 12313, 22.69, 32
2026/08/15 18:06:43.464, 29, 6, 12409, 22.86, 32
2026/08/15 18:06:45.464, 31, 5, 12349, 21.55, 32
2026/08/15 18:06:47.465, 2, 0, 12377, 21.69, 32
2026/08/15 18:06:49.466, 23, 3, 12353, 21.91, 32
2026/08/15 18:06:51.468, 10, 2, 12321, 22.00, 32
2026/08/15 18:06:53.468, 15, 3, 12325, 21.97, 32
2026/08/15 18:06:55.469, 17, 2, 12345, 22.55, 32
2026/08/15 18:06:57.470, 17, 3, 12385, 22.56, 32
2026/08/15 18:06:59.470, 16, 2, 12349, 22.15, 32
2026/08/15 18:07:01.471, 13, 1, 12345, 22.59, 32
2026/08/15 18:07:03.471, 10, 1, 12373, 22.68, 32
2026/08/15 18:07:05.472, 7, 1, 12345, 21.75, 32
2026/08/15 18:07:07.473, 7, 2, 12329, 21.34, 32
2026/08/15 18:07:09.474, 11, 2, 12345, 21.87, 32
2026/08/15 18:07:11.474, 17, 2, 12341, 22.49, 32
2026/08/15 18:07:13.474, 8, 1, 12337, 21.62, 32
2026/08/15 18:07:15.475, 21, 2, 12337, 21.22, 32
2026/08/15 18:07:17.476, 7, 1, 12349, 21.77, 32
2026/08/15 18:07:19.477, 32, 4, 12361, 21.55, 32
2026/08/15 18:07:21.478, 6, 2, 12293, 21.63, 32
2026/08/15 18:07:23.478, 0, 0, 12389, 21.85, 32
2026/08/15 18:07:25.479, 6, 1, 12385, 21.85, 32
2026/08/15 18:07:27.480, 38, 7, 12341, 21.37, 32
2026/08/15 18:07:29.480, 9, 1, 12353, 21.42, 32
2026/08/15 18:07:31.481, 13, 2, 12373, 21.84, 32
2026/08/15 18:07:33.481, 0, 0, 12373, 21.49, 32
2026/08/15 18:07:35.482, 16, 2, 12341, 21.82, 32
2026/08/15 18:07:37.483, 12, 0, 12345, 21.73, 32
2026/08/15 18:07:39.484, 0, 0, 12329, 21.65, 32
2026/08/15 18:07:41.485, 3, 1, 12337, 22.07, 32
2026/08/15 18:07:43.485, 11, 2, 12353, 21.64, 32
2026/08/15 18:07:45.486, 10, 1, 12365, 22.61, 32
2026/08/15 18:07:47.486, 6, 1, 12385, 22.53, 33
2026/08/15 18:07:49.489, 11, 1, 12353, 22.08, 33
2026/08/15 18:07:51.489, 15, 3, 12361, 21.75, 33
2026/08/15 18:07:53.490, 11, 2, 12321, 22.17, 33
2026/08/15 18:07:55.490, 0, 0, 12321, 21.87, 33
2026/08/15 18:07:57.491, 14, 3, 12361, 22.91, 33
2026/08/15 18:07:59.492, 31, 6, 12345, 22.54, 33
2026/08/15 18:08:01.495, 4, 1, 12317, 21.60, 33
2026/08/15 18:08:03.495, 17, 3, 12365, 22.47, 33
2026/08/15 18:08:05.496, 5, 1, 12373, 22.02, 33
2026/08/15 18:08:07.496, 5, 1, 12317, 21.70, 33
2026/08/15 18:08:09.496, 11, 1, 12389, 22.23, 33
2026/08/15 18:08:11.497, 3, 1, 12301, 21.85, 33
2026/08/15 18:08:13.498, 30, 6, 12353, 22.24, 33
2026/08/15 18:08:15.498, 10, 2, 12365, 22.69, 33
2026/08/15 18:08:17.505, 15, 2, 12349, 22.49, 33
2026/08/15 18:08:19.506, 17, 2, 12325, 21.84, 33
2026/08/15 18:08:21.508, 14, 2, 12377, 21.86, 33
2026/08/15 18:08:23.509, 0, 0, 12309, 21.87, 33
2026/08/15 18:08:25.509, 10, 2, 12373, 22.26, 33
2026/08/15 18:08:27.510, 15, 4, 12321, 22.33, 33
2026/08/15 18:08:29.512, 6, 1, 12337, 22.45, 33
2026/08/15 18:08:31.513, 7, 1, 12365, 23.15, 33
2026/08/15 18:08:33.513, 0, 0, 12337, 22.39, 33
2026/08/15 18:08:35.514, 36, 7, 12333, 22.37, 33
2026/08/15 18:08:37.514, 21, 2, 12353, 23.02, 33
2026/08/15 18:08:39.515, 4, 1, 12301, 22.39, 33
2026/08/15 18:08:41.515, 5, 1, 12369, 23.34, 33
2026/08/15 18:08:43.516, 19, 2, 12321, 21.92, 33
2026/08/15 18:08:45.516, 3, 1, 12361, 22.50, 33
2026/08/15 18:08:47.517, 9, 2, 12349, 22.55, 33
2026/08/15 18:08:49.517, 5, 2, 12321, 22.43, 33
2026/08/15 18:08:51.518, 18, 2, 12361, 23.11, 33
2026/08/15 18:08:53.519, 3, 1, 12333, 22.68, 33
2026/08/15 18:08:55.519, 27, 2, 12353, 22.54, 33
2026/08/15 18:08:57.520, 19, 2, 12385, 22.54, 33
2026/08/15 18:08:59.520, 36, 7, 12313, 23.13, 33
2026/08/15 18:09:01.521, 30, 5, 12349, 22.67, 33
2026/08/15 18:09:03.522, 13, 3, 12333, 22.55, 33
2026/08/15 18:09:05.522, 16, 3, 12321, 23.00, 33
2026/08/15 18:09:07.523, 24, 4, 12349, 22.83, 33
2026/08/15 18:09:09.524, 0, 0, 12345, 22.13, 33
2026/08/15 18:09:11.524, 42, 8, 12365, 23.28, 33
2026/08/15 18:09:13.525, 1, 0, 12421, 22.14, 33
2026/08/15 18:09:15.525, 29, 3, 12333, 22.27, 33
2026/08/15 18:09:17.525, 17, 2, 12377, 22.50, 33
2026/08/15 18:09:19.526, 3, 0, 12313, 21.53, 33
2026/08/15 18:09:21.527, 12, 1, 12345, 22.38, 33
2026/08/15 18:09:23.527, 12, 1, 12365, 22.69, 33
2026/08/15 18:09:25.528, 14, 1, 12365, 22.87, 33
2026/08/15 18:09:27.529, 25, 3, 12309, 22.36, 33
2026/08/15 18:09:29.529, 5, 1, 12405, 22.83, 33
2026/08/15 18:09:31.530, 10, 1, 12325, 22.09, 33
2026/08/15 18:09:33.530, 3, 1, 12333, 22.33, 33
2026/08/15 18:09:35.531, 30, 3, 12385, 23.19, 33
2026/08/15 18:09:37.536, 25, 4, 12317, 22.48, 33
2026/08/15 18:09:39.536, 13, 1, 12373, 23.64, 33
2026/08/15 18:09:41.537, 29, 5, 12353, 22.78, 33
2026/08/15 18:09:43.537, 40, 5, 12341, 22.77, 33
2026/08/15 18:09:45.538, 11, 3, 12385, 22.40, 33
2026/08/15 18:09:47.538, 3, 1, 12357, 22.30, 33
2026/08/15 18:09:49.539, 0, 0, 12357, 22.42, 33
2026/08/15 18:09:51.540, 14, 1, 12365, 22.53, 33
2026/08/15 18:09:53.541, 23, 2, 12321, 22.70, 33
2026/08/15 18:09:55.552, 2, 0, 12353, 22.45, 33
2026/08/15 18:09:57.553, 20, 3, 12361, 22.52, 33
2026/08/15 18:09:59.553, 25, 5, 12373, 22.67, 33
2026/08/15 18:10:01.553, 16, 2, 12361, 22.47, 33
2026/08/15 18:10:03.556, 13, 2, 12353, 22.47, 33
2026/08/15 18:10:05.556, 7, 0, 12373, 22.34, 33
2026/08/15 18:10:07.557, 2, 1, 12345, 22.88, 33
2026/08/15 18:10:09.558, 9, 1, 12345, 22.37, 33
2026/08/15 18:10:11.558, 0, 0, 12333, 22.61, 33
2026/08/15 18:10:13.561, 0, 0, 12333, 22.33, 33
2026/08/15 18:10:15.562, 44, 8, 12397, 22.78, 33
2026/08/15 18:10:17.562, 8, 1, 12321, 22.41, 33
2026/08/15 18:10:19.563, 22, 4, 12377, 22.58, 33
2026/08/15 18:10:21.563, 0, 0, 12301, 22.62, 33
2026/08/15 18:10:23.563, 16, 3, 12373, 22.43, 33
2026/08/15 18:10:25.564, 44, 5, 12365, 22.19, 33
2026/08/15 18:10:27.564, 23, 3, 12353, 21.98, 33
2026/08/15 18:10:29.565, 8, 2, 12361, 21.66, 33
2026/08/15 18:10:31.565, 32, 4, 12321, 22.20, 33
2026/08/15 18:10:33.566, 5, 2, 12317, 21.95, 33
2026/08/15 18:10:35.566, 9, 2, 12373, 22.59, 33
2026/08/15 18:10:37.567, 10, 2, 12341, 22.15, 33
2026/08/15 18:10:39.567, 22, 2, 12373, 22.26, 33
2026/08/15 18:10:41.568, 1, 0, 12353, 22.83, 33
2026/08/15 18:10:43.568, 10, 1, 12325, 22.05, 33
2026/08/15 18:10:45.569, 28, 4, 12345, 23.01, 33
2026/08/15 18:10:47.569, 5, 1, 12333, 22.15, 33
2026/08/15 18:10:49.570, 32, 7, 12357, 22.34, 33
2026/08/15 18:10:51.570, 17, 4, 12329, 21.81, 33
2026/08/15 18:10:53.571, 12, 3, 12365, 21.89, 33
2026/08/15 18:10:55.571, 21, 5, 12313, 21.72, 33
2026/08/15 18:10:57.572, 15, 1, 12341, 21.65, 33
2026/08/15 18:10:59.572, 10, 2, 12341, 21.79, 33
2026/08/15 18:11:01.573, 0, 0, 12365, 21.97, 33
2026/08/15 18:11:03.574, 8, 2, 12333, 21.92, 33
2026/08/15 18:11:05.574, 15, 1, 12373, 22.55, 33
2026/08/15 18:11:07.575, 9, 1, 12385, 22.10, 33
2026/08/15 18:11:09.576, 29, 3, 12349, 21.87, 33
2026/08/15 18:11:11.576, 30, 4, 12333, 22.37, 33
2026/08/15 18:11:13.576, 11, 2, 12353, 22.23, 33
2026/08/15 18:11:15.577, 13, 1, 12377, 22.65, 33
2026/08/15 18:11:17.577, 24, 3, 12345, 22.38, 33
2026/08/15 18:11:19.578, 32, 7, 12365, 22.97, 33
2026/08/15 18:11:21.578, 2, 1, 12377, 22.79, 33
2026/08/15 18:11:23.579, 24, 4, 12373, 22.44, 33
2026/08/15 18:11:25.579, 19, 2, 12377, 22.44, 33
2026/08/15 18:11:27.580, 3, 0, 12321, 21.27, 33
2026/08/15 18:11:29.580, 16, 4, 12317, 21.61, 33
2026/08/15 18:11:31.581, 21, 4, 12293, 22.19, 33
2026/08/15 18:11:33.582, 7, 1, 12365, 21.43, 33
2026/08/15 18:11:35.582, 19, 3, 12349, 21.83, 33
2026/08/15 18:11:37.583, 20, 4, 12357, 21.88, 33
2026/08/15 18:11:39.583, 9, 1, 12321, 21.19, 33
2026/08/15 18:11:41.584, 29, 4, 12373, 21.90, 33
2026/08/15 18:11:43.585, 40, 4, 12349, 21.45, 33
2026/08/15 18:11:45.586, 0, 0, 12361, 22.14, 32
2026/08/15 18:11:47.587, 16, 2, 12341, 22.02, 32
2026/08/15 18:11:49.587, 9, 2, 12365, 21.80, 32
2026/08/15 18:11:51.588, 16, 1, 12341, 22.49, 32
2026/08/15 18:11:53.588, 24, 3, 12357, 22.29, 32
2026/08/15 18:11:55.588, 9, 2, 12349, 22.02, 32
2026/08/15 18:11:57.589, 5, 1, 12333, 22.67, 32
2026/08/15 18:11:59.589, 3, 1, 12385, 21.04, 32
2026/08/15 18:12:01.590, 35, 5, 12297, 21.28, 32
2026/08/15 18:12:03.590, 12, 2, 12385, 22.32, 32
2026/08/15 18:12:05.591, 14, 1, 12361, 21.48, 32
2026/08/15 18:12:07.592, 29, 5, 12313, 21.94, 32
2026/08/15 18:12:09.592, 37, 5, 12321, 22.27, 32
2026/08/15 18:12:11.593, 32, 6, 12373, 22.14, 32
2026/08/15 18:12:13.593, 35, 4, 12361, 21.63, 32
2026/08/15 18:12:15.594, 16, 2, 12389, 21.63, 32
2026/08/15 18:12:17.595, 7, 1, 12345, 22.00, 32
2026/08/15 18:12:19.595, 0, 0, 12353, 21.85, 32
2026/08/15 18:12:21.596, 7, 1, 12377, 22.29, 32
2026/08/15 18:12:23.597, 12, 2, 12337, 22.27, 32
2026/08/15 18:12:25.597, 5, 1, 12353, 22.22, 32
2026/08/15 18:12:27.598, 13, 2, 12329, 21.43, 32
2026/08/15 18:12:29.598, 15, 1, 12385, 21.95, 32
2026/08/15 18:12:31.599, 32, 4, 12329, 22.50, 32
2026/08/15 18:12:33.600, 2, 0, 12365, 22.04, 32
2026/08/15 18:12:35.600, 9, 2, 12353, 22.02, 32
2026/08/15 18:12:37.601, 17, 1, 12341, 21.89, 32
2026/08/15 18:12:39.601, 19, 3, 12353, 21.77, 32
2026/08/15 18:12:41.602, 20, 2, 12357, 21.88, 32
2026/08/15 18:12:43.602, 0, 0, 12353, 21.02, 32
2026/08/15 18:12:45.603, 10, 2, 12333, 21.78, 32
2026/08/15 18:12:47.604, 0, 0, 12337, 21.48, 32
2026/08/15 18:12:49.604, 2, 1, 12369, 22.43, 32
2026/08/15 18:12:51.605, 13, 2, 12341, 21.51, 32
2026/08/15 18:12:53.609, 28, 3, 12369, 21.09, 32
2026/08/15 18:12:55.609, 8, 1, 12357, 22.10, 32
2026/08/15 18:12:57.610, 3, 0, 12361, 22.06, 32
2026/08/15 18:12:59.611, 25, 4, 12353, 21.90, 32
2026/08/15 18:13:01.611, 12, 1, 12345, 22.42, 32
2026/08/15 18:13:03.612, 10, 1, 12341, 22.12, 32
2026/08/15 18:13:05.612, 32, 6, 12345, 22.75, 32
2026/08/15 18:13:07.613, 20, 3, 12373, 21.71, 32
2026/08/15 18:13:09.614, 7, 1, 12401, 22.01, 32
2026/08/15 18:13:11.615, 4, 1, 12329, 22.23, 32
2026/08/15 18:13:13.615, 4, 1, 12397, 22.33, 32
2026/08/15 18:13:15.616, 15, 2, 12369, 22.62, 32
2026/08/15 18:13:17.617, 13, 2, 12369, 21.74, 32
2026/08/15 18:13:19.617, 7, 1, 12413, 22.02, 32
2026/08/15 18:13:21.618, 31, 5, 12409, 23.46, 32
2026/08/15 18:13:23.618, 13, 2, 12361, 22.31, 32
2026/08/15 18:13:25.619, 21, 4, 12349, 21.91, 32
2026/08/15 18:13:27.619, 10, 0, 12321, 22.30, 32
2026/08/15 18:13:29.622, 0, 1, 12329, 22.35, 32
2026/08/15 18:13:31.623, 17, 2, 12361, 23.35, 32
2026/08/15 18:13:33.623, 11, 1, 12361, 22.40, 32
2026/08/15 18:13:35.623, 17, 2, 12337, 22.53, 32
2026/08/15 18:13:37.624, 20, 3, 12293, 22.53, 32
2026/08/15 18:13:39.625, 18, 2, 12345, 22.53, 32
2026/08/15 18:13:41.625, 20, 3, 12361, 22.90, 32
2026/08/15 18:13:43.626, 15, 1, 12353, 22.58, 32
2026/08/15 18:13:45.626, 18, 3, 12349, 22.77, 32
2026/08/15 18:13:47.627, 21, 2, 12321, 23.54, 32
2026/08/15 18:13:49.627, 9, 2, 12365, 22.51, 31
2026/08/15 18:13:51.628, 18, 4, 12365, 22.82, 31
2026/08/15 18:13:53.628, 6, 1, 12333, 22.15, 31
2026/08/15 18:13:55.629, 31, 4, 12373, 23.53, 31
2026/08/15 18:13:57.629, 8, 0, 12341, 22.88, 31
2026/08/15 18:13:59.630, 16, 1, 12373, 23.15, 31
2026/08/15 18:14:01.631, 7, 1, 12333, 22.36, 31
2026/08/15 18:14:03.631, 18, 3, 12333, 21.93, 31
2026/08/15 18:14:05.631, 17, 3, 12333, 22.85, 31
2026/08/15 18:14:07.632, 3, 1, 12373, 22.04, 31
2026/08/15 18:14:09.633, 18, 4, 12361, 22.70, 31
2026/08/15 18:14:11.633, 0, 0, 12349, 22.71, 31
2026/08/15 18:14:13.634, 16, 2, 12333, 22.05, 31
2026/08/15 18:14:15.635, 45, 9, 12325, 23.30, 31
2026/08/15 18:14:17.635, 9, 1, 12329, 22.67, 31
2026/08/15 18:14:19.636, 17, 3, 12397, 22.65, 31
2026/08/15 18:14:21.636, 15, 1, 12353, 22.19, 31
2026/08/15 18:14:23.637, 15, 1, 12345, 22.62, 31
2026/08/15 18:14:25.637, 22, 5, 12317, 22.33, 31
2026/08/15 18:14:27.638, 16, 3, 12377, 22.21, 31
2026/08/15 18:14:29.639, 4, 1, 12313, 21.76, 31
2026/08/15 18:14:31.640, 0, 0, 12373, 22.78, 31
2026/08/15 18:14:33.641, 9, 1, 12349, 22.09, 31
2026/08/15 18:14:35.641, 6, 1, 12373, 22.55, 31
2026/08/15 18:14:37.642, 34, 6, 12361, 22.58, 31
2026/08/15 18:14:39.643, 25, 4, 12313, 22.58, 31
2026/08/15 18:14:41.644, 36, 8, 12365, 22.49, 31
2026/08/15 18:14:43.644, 1, 1, 12317, 22.16, 31
2026/08/15 18:14:45.645, 20, 3, 12385, 22.39, 31
2026/08/15 18:14:47.645, 22, 5, 12337, 22.62, 31
2026/08/15 18:14:49.646, 2, 0, 12373, 22.44, 31
2026/08/15 18:14:51.646, 8, 1, 12341, 22.13, 31
2026/08/15 18:14:53.647, 0, 0, 12341, 22.22, 31
2026/08/15 18:14:55.648, 19, 4, 12373, 22.67, 31
2026/08/15 18:14:57.648, 16, 3, 12373, 22.36, 31
2026/08/15 18:14:59.650, 5, 1, 12333, 22.03, 31
2026/08/15 18:15:01.651, 22, 3, 12353, 22.72, 31
2026/08/15 18:15:03.651, 23, 3, 12365, 21.75, 31
2026/08/15 18:15:05.652, 34, 4, 12317, 22.01, 31
2026/08/15 18:15:07.655, 3, 1, 12349, 22.72, 31
2026/08/15 18:15:09.656, 14, 1, 12333, 22.28, 31
2026/08/15 18:15:11.656, 12, 2, 12349, 22.09, 31
2026/08/15 18:15:13.656, 19, 2, 12373, 22.22, 31
2026/08/15 18:15:15.657, 15, 1, 12365, 22.66, 31
2026/08/15 18:15:17.657, 6, 2, 12349, 22.39, 31
2026/08/15 18:15:19.658, 2, 1, 12341, 22.60, 31
2026/08/15 18:15:21.658, 8, 1, 12353, 22.05, 31
2026/08/15 18:15:23.659, 24, 2, 12341, 22.58, 31
2026/08/15 18:15:25.659, 5, 1, 12357, 22.68, 31
2026/08/15 18:15:27.660, 4, 1, 12361, 21.77, 31
2026/08/15 18:15:29.660, 11, 3, 12321, 22.31, 31
2026/08/15 18:15:31.661, 19, 2, 12373, 22.81, 31
2026/08/15 18:15:33.662, 5, 1, 12341, 22.10, 31
2026/08/15 18:15:35.663, 3, 1, 12377, 22.38, 31
2026/08/15 18:15:37.663, 14, 2, 12333, 22.03, 31
2026/08/15 18:15:39.664, 27, 3, 12321, 22.07, 31
2026/08/15 18:15:41.664, 0, 0, 12373, 22.01, 31
2026/08/15 18:15:43.666, 14, 1, 12361, 21.58, 31
2026/08/15 18:15:45.667, 14, 2, 12337, 22.41, 31
2026/08/15 18:15:47.667, 26, 4, 12349, 22.65, 31
2026/08/15 18:15:49.668, 34, 5, 12357, 22.39, 31
2026/08/15 18:15:51.668, 38, 4, 12341, 22.93, 31
2026/08/15 18:15:53.669, 49, 9, 12341, 22.32, 31
2026/08/15 18:15:55.669, 4, 1, 12353, 22.39, 31
2026/08/15 18:15:57.670, 0, 0, 12337, 21.61, 31
2026/08/15 18:15:59.670, 5, 1, 12437, 22.59, 31
2026/08/15 18:16:01.671, 5, 1, 12309, 22.52, 31
2026/08/15 18:16:03.675, 4, 1, 12353, 22.49, 31
2026/08/15 18:16:05.676, 11, 1, 12345, 22.85, 31
2026/08/15 18:16:07.676, 5, 2, 12329, 22.51, 31
2026/08/15 18:16:09.677, 34, 5, 12345, 22.17, 31
2026/08/15 18:16:11.677, 11, 2, 12361, 21.60, 31
2026/08/15 18:16:13.678, 21, 3, 12345, 22.30, 31
2026/08/15 18:16:15.681, 14, 2, 12353, 21.97, 31
2026/08/15 18:16:17.682, 11, 1, 12349, 22.58, 31
2026/08/15 18:16:19.682, 12, 0, 12373, 22.20, 31
2026/08/15 18:16:21.689, 9, 0, 12361, 23.01, 31
2026/08/15 18:16:23.690, 7, 0, 12341, 22.08, 31
2026/08/15 18:16:25.693, 36, 7, 12397, 23.10, 31
2026/08/15 18:16:27.694, 1, 1, 12313, 22.73, 31
2026/08/15 18:16:29.694, 4, 0, 12401, 21.91, 31
2026/08/15 18:16:31.694, 1, 2, 12329, 22.48, 31
2026/08/15 18:16:33.697, 0, 0, 12401, 21.80, 31
2026/08/15 18:16:35.703, 15, 3, 12337, 22.30, 31
2026/08/15 18:16:37.706, 0, 0, 12373, 21.61, 31
2026/08/15 18:16:39.707, 3, 1, 12393, 21.94, 31
2026/08/15 18:16:41.710, 6, 1, 12321, 21.57, 31
2026/08/15 18:16:43.711, 0, 0, 12353, 22.57, 31
2026/08/15 18:16:45.711, 22, 2, 12341, 22.32, 31
2026/08/15 18:16:47.713, 18, 1, 12373, 22.21, 31
2026/08/15 18:16:49.714, 6, 2, 12333, 21.34, 31
2026/08/15 18:16:51.714, 4, 1, 12373, 21.24, 31
2026/08/15 18:16:53.714, 24, 3, 12401, 22.48, 31
2026/08/15 18:16:55.715, 21, 4, 12341, 21.73, 31
2026/08/15 18:16:57.716, 21, 3, 12329, 21.69, 31
2026/08/15 18:16:59.716, 10, 1, 12377, 22.03, 31
2026/08/15 18:17:01.717, 0, 0, 12317, 21.74, 31
2026/08/15 18:17:03.717, 16, 3, 12373, 22.54, 31
2026/08/15 18:17:05.718, 0, 0, 12385, 21.99, 31
2026/08/15 18:17:07.718, 6, 0, 12321, 22.74, 31
2026/08/15 18:17:09.719, 18, 3, 12357, 21.95, 31
2026/08/15 18:17:11.719, 21, 3, 12337, 22.20, 31
2026/08/15 18:17:13.720, 9, 2, 12345, 22.61, 30
2026/08/15 18:17:15.721, 1, 1, 12341, 22.44, 31
2026/08/15 18:17:17.721, 6, 0, 12333, 22.66, 30
2026/08/15 18:17:19.721, 12, 1, 12365, 23.08, 30
2026/08/15 18:17:21.722, 20, 4, 12373, 22.94, 31
2026/08/15 18:17:23.723, 13, 2, 12349, 21.87, 31
2026/08/15 18:17:25.723, 39, 5, 12333, 22.50, 30
2026/08/15 18:17:27.724, 16, 3, 12349, 21.47, 30
2026/08/15 18:17:29.724, 1, 1, 12333, 22.02, 30
2026/08/15 18:17:31.725, 8, 1, 12397, 22.21, 30
2026/08/15 18:17:33.725, 18, 3, 12361, 22.06, 30
2026/08/15 18:17:35.726, 26, 3, 12365, 22.50, 30
2026/08/15 18:17:37.726, 9, 2, 12353, 22.31, 30
2026/08/15 18:17:39.726, 6, 0, 12365, 22.39, 30
2026/08/15 18:17:41.727, 27, 6, 12373, 21.92, 30
2026/08/15 18:17:43.727, 0, 0, 12329, 22.07, 30
2026/08/15 18:17:45.728, 0, 0, 12325, 22.18, 30
2026/08/15 18:17:47.728, 4, 1, 12373, 21.79, 30
2026/08/15 18:17:49.729, 21, 3, 12353, 21.99, 30
2026/08/15 18:17:51.729, 0, 0, 12341, 21.81, 30
2026/08/15 18:17:53.730, 0, 0, 12365, 21.83, 30
2026/08/15 18:17:55.730, 8, 2, 12345, 22.28, 30
2026/08/15 18:17:57.731, 4, 1, 12373, 21.73, 30
2026/08/15 18:17:59.731, 8, 2, 12333, 22.35, 30
2026/08/15 18:18:01.732, 15, 3, 12381, 22.15, 30
2026/08/15 18:18:03.732, 12, 1, 12345, 22.20, 30
2026/08/15 18:18:05.733, 1, 0, 12321, 21.73, 30
2026/08/15 18:18:07.733, 17, 2, 12373, 22.14, 30
2026/08/15 18:18:09.734, 26, 5, 12333, 22.25, 30
2026/08/15 18:18:11.734, 25, 2, 12361, 21.45, 30
2026/08/15 18:18:13.735, 13, 1, 12325, 21.61, 30
2026/08/15 18:18:15.736, 15, 1, 12365, 22.06, 30
2026/08/15 18:18:17.736, 12, 2, 12377, 21.51, 30
2026/08/15 18:18:19.737, 0, 0, 12361, 22.16, 30
2026/08/15 18:18:21.737, 0, 0, 12349, 21.53, 30
2026/08/15 18:18:23.738, 6, 0, 12349, 22.14, 30
2026/08/15 18:18:25.739, 27, 3, 12373, 21.72, 30
2026/08/15 18:18:27.739, 25, 4, 12349, 21.95, 30
2026/08/15 18:18:29.739, 36, 5, 12321, 21.87, 30
2026/08/15 18:18:31.740, 9, 1, 12341, 22.18, 30
2026/08/15 18:18:33.741, 20, 4, 12397, 22.23, 30
2026/08/15 18:18:35.742, 18, 3, 12313, 21.78, 30
2026/08/15 18:18:37.742, 20, 2, 12365, 22.69, 30
2026/08/15 18:18:39.744, 9, 0, 12353, 21.76, 30
2026/08/15 18:18:41.745, 1, 1, 12365, 21.35, 30
2026/08/15 18:18:43.749, 11, 1, 12377, 21.11, 30
2026/08/15 18:18:45.750, 28, 5, 12353, 21.62, 30
2026/08/15 18:18:47.750, 28, 5, 12377, 21.21, 30
2026/08/15 18:18:49.750, 15, 2, 12317, 21.01, 30
2026/08/15 18:18:51.751, 11, 1, 12353, 21.81, 30
2026/08/15 18:18:53.752, 18, 3, 12361, 21.94, 30
2026/08/15 18:18:55.753, 0, 1, 12345, 21.67, 30
2026/08/15 18:18:57.753, 24, 4, 12365, 22.31, 30
2026/08/15 18:18:59.753, 20, 3, 12353, 21.52, 30
2026/08/15 18:19:01.754, 0, 0, 12377, 21.77, 30
2026/08/15 18:19:03.755, 34, 4, 12329, 21.03, 30
2026/08/15 18:19:05.755, 10, 1, 12385, 21.61, 30
2026/08/15 18:19:07.756, 7, 1, 12333, 21.00, 30
2026/08/15 18:19:09.756, 13, 3, 12313, 20.98, 30
2026/08/15 18:19:11.757, 4, 2, 12329, 20.80, 30
2026/08/15 18:19:13.757, 1, 1, 12333, 21.53, 30
2026/08/15 18:19:15.758, 29, 5, 12365, 22.30, 30
2026/08/15 18:19:17.758, 18, 2, 12341, 22.20, 30
2026/08/15 18:19:19.759, 8, 0, 12365, 21.91, 30
2026/08/15 18:19:21.759, 16, 2, 12353, 21.77, 30
2026/08/15 18:19:23.760, 20, 3, 12373, 21.86, 30
2026/08/15 18:19:25.760, 0, 0, 12361, 20.96, 30
2026/08/15 18:19:27.762, 6, 1, 12321, 21.52, 30
2026/08/15 18:19:29.763, 1, 1, 12345, 22.16, 30
2026/08/15 18:19:31.763, 13, 2, 12385, 20.96, 30
2026/08/15 18:19:33.764, 0, 0, 12345, 21.00, 30
2026/08/15 18:19:35.764, 12, 2, 12345, 20.70, 30
2026/08/15 18:19:37.765, 17, 2, 12333, 21.73, 30
2026/08/15 18:19:39.766, 12, 3, 12373, 21.73, 30
2026/08/15 18:19:41.766, 19, 3, 12329, 21.50, 30
2026/08/15 18:19:43.767, 13, 1, 12369, 21.97, 30
2026/08/15 18:19:45.767, 0, 0, 12337, 22.39, 30
2026/08/15 18:19:47.768, 13, 1, 12353, 21.44, 30
2026/08/15 18:19:49.768, 3, 1, 12373, 20.86, 30
2026/08/15 18:19:51.769, 13, 2, 12353, 21.43, 30
2026/08/15 18:19:53.769, 29, 4, 12365, 21.82, 30
2026/08/15 18:19:55.770, 21, 2, 12317, 21.50, 30
2026/08/15 18:19:57.770, 19, 2, 12365, 21.65, 30
2026/08/15 18:19:59.771, 17, 2, 12349, 21.76, 30
2026/08/15 18:20:01.772, 10, 1, 12341, 21.38, 30
2026/08/15 18:20:03.772, 2, 1, 12357, 21.70, 30
2026/08/15 18:20:05.772, 10, 1, 12317, 20.97, 30
2026/08/15 18:20:07.773, 6, 0, 12377, 22.38, 30
2026/08/15 18:20:09.774, 19, 3, 12325, 21.43, 30
2026/08/15 18:20:11.774, 23, 5, 12401, 21.63, 30
2026/08/15 18:20:13.775, 41, 7, 12357, 21.41, 30
2026/08/15 18:20:15.775, 0, 0, 12341, 21.59, 30
2026/08/15 18:20:17.776, 0, 0, 12377, 21.49, 30
2026/08/15 18:20:19.776, 15, 0, 12353, 21.33, 30
2026/08/15 18:20:21.777, 12, 1, 12329, 21.60, 30
2026/08/15 18:20:23.778, 21, 4, 12325, 21.75, 30
2026/08/15 18:20:25.778, 0, 0, 12353, 21.07, 30
2026/08/15 18:20:27.779, 30, 3, 12357, 22.47, 30
2026/08/15 18:20:29.779, 14, 3, 12365, 21.47, 30
2026/08/15 18:20:31.779, 0, 0, 12361, 20.93, 30
2026/08/15 18:20:33.780, 10, 1, 12409, 21.57, 30
2026/08/15 18:20:35.781, 12, 1, 12341, 21.83, 30
2026/08/15 18:20:37.781, 9, 1, 12341, 21.27, 30
2026/08/15 18:20:39.782, 35, 5, 12365, 21.79, 30
2026/08/15 18:20:41.782, 4, 2, 12309, 20.94, 30
2026/08/15 18:20:43.783, 3, 0, 12373, 20.83, 30
2026/08/15 18:20:45.784, 8, 1, 12325, 21.39, 30
2026/08/15 18:20:47.784, 14, 1, 12361, 20.85, 30
2026/08/15 18:20:49.785, 7, 1, 12373, 21.10, 30
2026/08/15 18:20:51.785, 20, 1, 12337, 21.69, 30
2026/08/15 18:20:53.786, 8, 1, 12329, 21.66, 30
2026/08/15 18:20:55.786, 0, 0, 12353, 21.16, 30
2026/08/15 18:20:57.787, 23, 3, 12341, 21.70, 30
2026/08/15 18:20:59.788, 0, 0, 12341, 20.94, 30
2026/08/15 18:21:01.788, 3, 1, 12345, 21.77, 30
2026/08/15 18:21:03.789, 0, 0, 12337, 21.13, 30
2026/08/15 18:21:05.790, 12, 2, 12373, 21.32, 30
2026/08/15 18:21:07.791, 8, 2, 12333, 20.91, 30
2026/08/15 18:21:09.791, 0, 0, 12349, 21.65, 30
2026/08/15 18:21:11.792, 23, 3, 12361, 22.57, 30
2026/08/15 18:21:13.792, 3, 0, 12353, 21.54, 30
2026/08/15 18:21:15.793, 11, 2, 12329, 21.57, 30
2026/08/15 18:21:17.794, 4, 0, 12361, 21.21, 30
2026/08/15 18:21:19.795, 8, 0, 12361, 22.09, 30
2026/08/15 18:21:21.796, 8, 2, 12329, 22.21, 30
2026/08/15 18:21:23.796, 15, 3, 12353, 21.77, 30
2026/08/15 18:21:25.797, 1, 1, 12333, 22.26, 30
2026/08/15 18:21:27.797, 23, 4, 12353, 22.43, 30
2026/08/15 18:21:29.798, 2, 0, 12345, 21.59, 30
2026/08/15 18:21:31.798, 1, 1, 12361, 21.91, 30
2026/08/15 18:21:33.799, 0, 0, 12321, 22.69, 30
2026/08/15 18:21:35.800, 3, 2, 12373, 21.89, 30
2026/08/15 18:21:37.800, 10, 0, 12345, 22.40, 30
2026/08/15 18:21:39.801, 52, 7, 12341, 22.39, 30
2026/08/15 18:21:41.801, 0, 0, 12325, 21.59, 30
2026/08/15 18:21:43.801, 19, 4, 12365, 22.55, 30
2026/08/15 18:21:45.802, 0, 0, 12353, 22.03, 30
2026/08/15 18:21:47.802, 18, 3, 12373, 22.05, 30
2026/08/15 18:21:49.803, 22, 3, 12357, 22.18, 30
2026/08/15 18:21:51.803, 7, 1, 12281, 22.37, 30
2026/08/15 18:21:53.804, 0, 0, 12321, 22.08, 30
2026/08/15 18:21:55.804, 17, 2, 12393, 21.96, 30
2026/08/15 18:21:57.804, 35, 8, 12349, 22.13, 30
2026/08/15 18:21:59.805, 9, 1, 12341, 21.35, 30
2026/08/15 18:22:01.806, 1, 1, 12333, 22.33, 30
2026/08/15 18:22:03.806, 19, 4, 12361, 22.49, 30
2026/08/15 18:22:05.807, 10, 2, 12373, 21.70, 30
2026/08/15 18:22:07.808, 24, 3, 12365, 22.06, 30
2026/08/15 18:22:09.808, 18, 3, 12341, 21.32, 30
2026/08/15 18:22:11.809, 19, 4, 12353, 21.32, 30
2026/08/15 18:22:13.809, 51, 9, 12377, 22.19, 30
2026/08/15 18:22:15.810, 8, 1, 12341, 21.12, 30
2026/08/15 18:22:17.810, 52, 8, 12353, 21.40, 30
2026/08/15 18:22:19.811, 0, 0, 12353, 22.77, 30
2026/08/15 18:22:21.811, 13, 1, 12321, 21.78, 30
2026/08/15 18:22:23.812, 13, 2, 12373, 21.73, 30
2026/08/15 18:22:25.813, 1, 1, 12289, 22.01, 30
2026/08/15 18:22:27.813, 20, 3, 12373, 21.72, 30
2026/08/15 18:22:29.814, 17, 3, 12345, 21.70, 30
2026/08/15 18:22:31.816, 5, 1, 12365, 21.18, 30
2026/08/15 18:22:33.816, 4, 0, 12337, 21.30, 30
2026/08/15 18:22:35.817, 4, 1, 12341, 21.01, 30
2026/08/15 18:22:37.818, 1, 1, 12333, 21.67, 30
2026/08/15 18:22:39.819, 0, 0, 12345, 22.03, 30
2026/08/15 18:22:41.819, 21, 2, 12349, 21.46, 30
2026/08/15 18:22:43.820, 14, 0, 12365, 21.81, 30
2026/08/15 18:22:45.821, 11, 1, 12329, 21.06, 30
2026/08/15 18:22:47.821, 9, 2, 12341, 20.92, 30
2026/08/15 18:22:49.823, 4, 0, 12345, 21.25, 30
2026/08/15 18:22:51.823, 4, 1, 12293, 21.62, 30
2026/08/15 18:22:53.823, 0, 0, 12317, 21.58, 30
2026/08/15 18:22:55.824, 19, 4, 12361, 20.78, 30
2026/08/15 18:22:57.827, 3, 1, 12381, 22.47, 30
2026/08/15 18:22:59.828, 11, 1, 12349, 21.45, 30
2026/08/15 18:23:01.828, 3, 1, 12389, 21.25, 30
2026/08/15 18:23:03.829, 15, 3, 12373, 21.59, 30
2026/08/15 18:23:05.829, 16, 2, 12361, 21.22, 30
2026/08/15 18:23:07.830, 16, 2, 12333, 21.93, 30
2026/08/15 18:23:09.831, 10, 2, 12361, 22.60, 30
2026/08/15 18:23:11.832, 38, 6, 12353, 21.86, 30
2026/08/15 18:23:13.833, 6, 1, 12353, 21.75, 30
2026/08/15 18:23:15.833, 24, 5, 12361, 22.36, 30
2026/08/15 18:23:17.834, 19, 4, 12397, 22.13, 30
2026/08/15 18:23:19.834, 16, 2, 12357, 21.78, 30
2026/08/15 18:23:21.835, 11, 2, 12345, 21.90, 30
2026/08/15 18:23:23.835, 22, 3, 12409, 22.07, 30
2026/08/15 18:23:25.836, 0, 0, 12341, 21.48, 30
2026/08/15 18:23:27.837, 20, 3, 12353, 22.35, 30
2026/08/15 18:23:29.837, 23, 3, 12349, 21.59, 30
2026/08/15 18:23:31.837, 35, 8, 12349, 22.20, 30
2026/08/15 18:23:33.838, 21, 2, 12341, 21.83, 30
2026/08/15 18:23:35.839, 11, 3, 12373, 22.59, 30
2026/08/15 18:23:37.840, 4, 0, 12377, 21.94, 30
2026/08/15 18:23:39.840, 23, 3, 12397, 21.81, 30
2026/08/15 18:23:41.840, 15, 2, 12329, 22.03, 30
2026/08/15 18:23:43.841, 17, 1, 12365, 22.23, 30
2026/08/15 18:23:45.841, 2, 2, 12313, 22.05, 30
2026/08/15 18:23:47.842, 23, 4, 12365, 22.25, 30
2026/08/15 18:23:49.842, 7, 3, 12333, 21.91, 30
2026/08/15 18:23:51.843, 24, 4, 12293, 21.98, 30
2026/08/15 18:23:53.843, 11, 1, 12345, 22.22, 30
2026/08/15 18:23:55.844, 37, 7, 12377, 22.41, 30
2026/08/15 18:23:57.845, 6, 1, 12337, 21.57, 30
2026/08/15 18:23:59.845, 5, 0, 12373, 21.94, 30
2026/08/15 18:24:01.846, 34, 6, 12325, 22.24, 30
2026/08/15 18:24:03.846, 9, 2, 12309, 21.83, 30
2026/08/15 18:24:05.847, 3, 1, 12341, 22.04, 30
2026/08/15 18:24:07.850, 16, 2, 12365, 22.32, 30
2026/08/15 18:24:09.850, 19, 2, 12349, 21.82, 30
2026/08/15 18:24:11.851, 31, 6, 12377, 22.71, 30
2026/08/15 18:24:13.851, 20, 3, 12357, 21.57, 30
2026/08/15 18:24:15.852, 29, 3, 12361, 21.38, 30
2026/08/15 18:24:17.853, 18, 1, 12353, 21.98, 30
2026/08/15 18:24:19.853, 26, 4, 12373, 22.24, 30
2026/08/15 18:24:21.853, 7, 1, 12305, 21.09, 30
2026/08/15 18:24:23.854, 22, 5, 12365, 22.35, 30
2026/08/15 18:24:25.855, 17, 1, 12317, 22.06, 30
2026/08/15 18:24:27.855, 5, 1, 12369, 20.65, 30
2026/08/15 18:24:32.811, 14, 1, 12381, 23.21, 30
2026/08/15 18:24:34.812, 18, 2, 12345, 22.15, 30
2026/08/15 18:24:36.813, 31, 4, 12361, 22.28, 30
2026/08/15 18:24:38.813, 28, 5, 12333, 21.74, 30
2026/08/15 18:24:40.814, 15, 2, 12377, 21.42, 30
2026/08/15 18:24:42.815, 13, 2, 12329, 21.75, 30
2026/08/15 18:24:44.816, 0, 0, 12365, 22.37, 30
2026/08/15 18:24:46.816, 12, 2, 12369, 21.48, 30
2026/08/15 18:24:48.817, 24, 4, 12353, 23.02, 30
2026/08/15 18:24:50.817, 3, 1, 12329, 21.65, 30
2026/08/15 18:24:52.818, 7, 1, 12377, 22.58, 30
2026/08/15 18:24:54.818, 11, 1, 12353, 21.79, 30
2026/08/15 18:24:56.819, 13, 3, 12389, 21.92, 30
2026/08/15 18:24:58.819, 8, 1, 12329, 21.51, 30
2026/08/15 18:25:00.820, 7, 1, 12329, 21.29, 30
2026/08/15 18:25:02.821, 17, 2, 12341, 22.47, 30
2026/08/15 18:25:04.822, 20, 2, 12373, 22.42, 30
2026/08/15 18:25:06.823, 21, 3, 12361, 22.17, 30
2026/08/15 18:25:08.826, 42, 9, 12365, 22.67, 30
2026/08/15 18:25:10.827, 29, 4, 12341, 21.94, 30
2026/08/15 18:25:12.828, 15, 2, 12365, 22.08, 30
2026/08/15 18:25:14.828, 15, 2, 12321, 22.09, 30
2026/08/15 18:25:16.829, 28, 5, 12373, 22.35, 30
2026/08/15 18:25:18.830, 24, 3, 12361, 22.03, 30
2026/08/15 18:25:20.830, 27, 4, 12373, 22.31, 30
2026/08/15 18:25:22.831, 42, 9, 12353, 22.01, 30
2026/08/15 18:25:24.832, 17, 3, 12361, 22.11, 30
2026/08/15 18:25:26.832, 15, 3, 12333, 21.71, 30
2026/08/15 18:25:28.833, 35, 7, 12361, 22.18, 30
2026/08/15 18:25:30.834, 7, 1, 12329, 21.27, 29
2026/08/15 18:25:32.835, 8, 1, 12369, 21.75, 29
2026/08/15 18:25:34.835, 8, 2, 12341, 21.31, 29
2026/08/15 18:25:36.836, 31, 6, 12333, 21.56, 29
2026/08/15 18:25:38.836, 15, 1, 12305, 21.19, 29
2026/08/15 18:25:40.837, 8, 2, 12353, 21.99, 29
2026/08/15 18:25:42.839, 20, 2, 12341, 21.96, 29
2026/08/15 18:25:44.844, 0, 0, 12373, 21.56, 29
2026/08/15 18:25:46.845, 12, 2, 12421, 21.51, 29
2026/08/15 18:25:48.845, 0, 0, 12329, 22.24, 29
2026/08/15 18:25:50.846, 4, 1, 12365, 21.60, 29
2026/08/15 18:25:52.851, 19, 3, 12341, 21.96, 29
2026/08/15 18:25:54.852, 4, 1, 12329, 21.25, 29
2026/08/15 18:25:56.852, 4, 0, 12341, 22.63, 29
2026/08/15 18:25:58.853, 16, 2, 12353, 22.40, 29
2026/08/15 18:26:00.855, 15, 3, 12329, 21.44, 29
2026/08/15 18:26:02.856, 3, 0, 12345, 21.67, 29
2026/08/15 18:26:04.856, 12, 1, 12329, 21.82, 29
2026/08/15 18:26:06.857, 4, 1, 12385, 22.16, 29
2026/08/15 18:26:08.857, 11, 1, 12321, 21.63, 29
2026/08/15 18:26:10.858, 7, 1, 12357, 21.35, 29
2026/08/15 18:26:12.858, 14, 1, 12325, 22.52, 29
2026/08/15 18:26:14.861, 7, 2, 12329, 22.27, 29
2026/08/15 18:26:16.861, 30, 6, 12385, 22.03, 29
2026/08/15 18:26:18.862, 16, 2, 12361, 22.13, 29
2026/08/15 18:26:20.862, 12, 2, 12333, 21.91, 29
2026/08/15 18:26:22.863, 14, 3, 12365, 22.15, 30
2026/08/15 18:26:24.864, 10, 2, 12349, 22.40, 29
2026/08/15 18:26:26.864, 10, 1, 12349, 21.93, 30
2026/08/15 18:26:28.865, 24, 5, 12373, 23.36, 30
2026/08/15 18:26:30.865, 16, 2, 12329, 22.51, 30
2026/08/15 18:26:32.866, 11, 1, 12373, 22.10, 30
2026/08/15 18:26:34.867, 24, 3, 12365, 22.47, 30
2026/08/15 18:26:36.867, 6, 1, 12317, 21.68, 30
2026/08/15 18:26:38.868, 4, 2, 12337, 22.37, 30
2026/08/15 18:26:40.869, 0, 0, 12309, 22.00, 30
2026/08/15 18:26:42.869, 0, 0, 12373, 22.75, 30
2026/08/15 18:26:44.870, 4, 1, 12349, 22.21, 30
2026/08/15 18:26:46.870, 20, 4, 12345, 22.26, 30
2026/08/15 18:26:48.871, 10, 1, 12333, 22.09, 30
2026/08/15 18:26:50.872, 42, 8, 12361, 22.75, 30
2026/08/15 18:26:52.872, 1, 1, 12361, 22.39, 30
2026/08/15 18:26:54.873, 4, 2, 12341, 21.54, 30
2026/08/15 18:26:56.874, 2, 1, 12341, 22.54, 30
2026/08/15 18:26:58.876, 7, 1, 12373, 22.58, 30
2026/08/15 18:27:00.876, 8, 0, 12317, 21.68, 30
2026/08/15 18:27:02.876, 23, 3, 12401, 22.49, 30
2026/08/15 18:27:04.877, 17, 2, 12329, 22.23, 30
2026/08/15 18:27:06.880, 4, 1, 12361, 23.22, 30
2026/08/15 18:27:08.881, 16, 1, 12341, 22.74, 30
2026/08/15 18:27:10.882, 34, 6, 12329, 23.12, 30
2026/08/15 18:27:12.882, 18, 4, 12333, 21.33, 30
2026/08/15 18:27:14.883, 11, 1, 12377, 22.84, 30
2026/08/15 18:27:16.883, 21, 3, 12317, 21.77, 30
2026/08/15 18:27:18.884, 15, 2, 12385, 23.25, 30
2026/08/15 18:27:20.885, 3, 1, 12313, 22.69, 30
2026/08/15 18:27:22.885, 13, 2, 12369, 22.06, 30
2026/08/15 18:27:24.886, 4, 1, 12369, 22.36, 30
2026/08/15 18:27:26.887, 14, 2, 12461, 23.78, 30
2026/08/15 18:27:28.888, 0, 0, 12349, 22.60, 30
2026/08/15 18:27:30.888, 0, 0, 12421, 22.12, 30
2026/08/15 18:27:32.889, 12, 4, 12313, 23.20, 30
2026/08/15 18:27:34.899, 0, 0, 12369, 22.28, 30
2026/08/15 18:27:36.900, 0, 0, 12377, 22.70, 30
2026/08/15 18:27:38.900, 24, 2, 12413, 22.61, 30
2026/08/15 18:27:40.901, 0, 0, 12353, 22.11, 30
2026/08/15 18:27:42.901, 13, 1, 12397, 22.05, 30
2026/08/15 18:27:44.902, 0, 0, 12341, 21.93, 30
2026/08/15 18:27:46.902, 3, 1, 12393, 21.50, 30
2026/08/15 18:27:48.903, 7, 0, 12417, 22.92, 30
2026/08/15 18:27:50.903, 27, 4, 12385, 22.59, 30
2026/08/15 18:27:52.903, 18, 4, 12361, 22.28, 30
2026/08/15 18:27:54.905, 16, 2, 12373, 22.74, 30
2026/08/15 18:27:56.905, 0, 0, 12377, 22.73, 30
2026/08/15 18:27:58.905, 11, 2, 12321, 22.60, 30
2026/08/15 18:28:00.906, 17, 2, 12361, 22.86, 30
2026/08/15 18:28:02.907, 25, 3, 12361, 22.50, 31
2026/08/15 18:28:04.907, 14, 3, 12317, 22.79, 31
2026/08/15 18:28:06.908, 17, 3, 12385, 22.40, 31
2026/08/15 18:28:08.908, 0, 0, 12341, 21.92, 31
2026/08/15 18:28:10.909, 20, 2, 12333, 22.09, 31
2026/08/15 18:28:12.909, 9, 1, 12353, 21.97, 31
2026/08/15 18:28:14.909, 17, 1, 12365, 22.08, 31
2026/08/15 18:28:16.910, 2, 1, 12313, 21.73, 31
2026/08/15 18:28:18.911, 62, 13, 12385, 22.74, 31
2026/08/15 18:28:20.911, 10, 2, 12329, 21.57, 31
2026/08/15 18:28:22.912, 23, 4, 12373, 22.93, 31
2026/08/15 18:28:24.912, 7, 1, 12341, 21.82, 31
2026/08/15 18:28:26.913, 0, 0, 12357, 22.21, 31
2026/08/15 18:28:28.913, 8, 2, 12341, 21.84, 31
2026/08/15 18:28:30.914, 21, 3, 12349, 21.90, 31
2026/08/15 18:28:32.914, 17, 1, 12329, 21.92, 31
2026/08/15 18:28:34.915, 0, 0, 12385, 21.91, 31
2026/08/15 18:28:36.915, 10, 2, 12325, 20.99, 31
2026/08/15 18:28:38.916, 8, 1, 12377, 22.01, 31
2026/08/15 18:28:40.917, 4, 0, 12349, 21.22, 31
2026/08/15 18:28:42.917, 14, 2, 12329, 22.05, 31
2026/08/15 18:28:44.918, 21, 4, 12373, 21.09, 31
2026/08/15 18:28:46.918, 0, 0, 12309, 21.73, 31
2026/08/15 18:28:48.919, 6, 0, 12373, 22.33, 31
2026/08/15 18:28:50.920, 14, 1, 12337, 21.90, 31
2026/08/15 18:28:52.921, 14, 2, 12365, 21.80, 31
2026/08/15 18:28:54.922, 13, 2, 12341, 22.39, 31
2026/08/15 18:28:56.922, 9, 0, 12385, 22.62, 31
2026/08/15 18:28:58.923, 4, 1, 12373, 21.83, 31
2026/08/15 18:29:00.923, 1, 1, 12329, 22.05, 31
2026/08/15 18:29:02.924, 12, 2, 12357, 22.47, 31
2026/08/15 18:29:04.926, 9, 2, 12309, 22.08, 31
2026/08/15 18:29:06.927, 13, 0, 12357, 22.68, 31
2026/08/15 18:29:08.927, 9, 0, 12349, 22.01, 31
2026/08/15 18:29:10.928, 8, 2, 12325, 22.15, 31
2026/08/15 18:29:12.928, 0, 0, 12321, 22.09, 31
2026/08/15 18:29:14.929, 5, 1, 12377, 21.71, 31
2026/08/15 18:29:16.933, 16, 1, 12341, 21.62, 31
2026/08/15 18:29:18.934, 16, 3, 12353, 22.99, 31
2026/08/15 18:29:20.934, 0, 0, 12333, 21.44, 31
2026/08/15 18:29:22.935, 8, 1, 12353, 22.44, 31
2026/08/15 18:29:24.935, 4, 1, 12373, 22.36, 31
2026/08/15 18:29:26.936, 9, 2, 12345, 22.30, 31
2026/08/15 18:29:28.937, 22, 3, 12353, 22.63, 31
2026/08/15 18:29:30.937, 8, 1, 12345, 22.45, 31
2026/08/15 18:29:32.938, 18, 2, 12349, 22.60, 31
2026/08/15 18:29:34.938, 13, 4, 12309, 22.38, 31
2026/08/15 18:29:36.939, 3, 2, 12329, 22.75, 31
2026/08/15 18:29:38.939, 5, 1, 12321, 22.21, 31
2026/08/15 18:29:40.940, 17, 3, 12333, 21.92, 31
2026/08/15 18:29:42.940, 11, 1, 12357, 22.50, 31
2026/08/15 18:29:44.940, 9, 1, 12341, 22.36, 32
2026/08/15 18:29:46.941, 0, 0, 12353, 22.16, 32
2026/08/15 18:29:48.942, 26, 4, 12365, 21.84, 32
2026/08/15 18:29:50.943, 6, 1, 12353, 22.10, 32
2026/08/15 18:29:52.943, 27, 3, 12353, 22.33, 32
2026/08/15 18:29:54.944, 22, 5, 12345, 21.71, 32
2026/08/15 18:29:56.944, 0, 0, 12349, 21.90, 32
2026/08/15 18:29:58.945, 10, 2, 12341, 22.05, 32
2026/08/15 18:30:00.945, 5, 0, 12341, 22.99, 32
2026/08/15 18:30:02.946, 15, 3, 12365, 22.00, 32
2026/08/15 18:30:04.946, 22, 3, 12345, 22.33, 32
2026/08/15 18:30:06.947, 3, 1, 12333, 22.08, 32
2026/08/15 18:30:08.947, 19, 3, 12357, 22.09, 32
2026/08/15 18:30:10.948, 31, 4, 12373, 21.92, 32
2026/08/15 18:30:12.948, 23, 3, 12353, 21.96, 32
2026/08/15 18:30:14.949, 32, 5, 12361, 21.58, 32
2026/08/15 18:30:16.949, 3, 0, 12385, 22.21, 32
2026/08/15 18:30:18.950, 3, 0, 12361, 21.78, 32
2026/08/15 18:30:20.950, 8, 1, 12377, 21.61, 32
2026/08/15 18:30:22.950, 7, 1, 12353, 21.64, 32
2026/08/15 18:30:24.951, 8, 1, 12373, 20.80, 32
2026/08/15 18:30:26.952, 29, 3, 12353, 21.28, 32
2026/08/15 18:30:28.953, 10, 2, 12361, 21.71, 32
2026/08/15 18:30:30.954, 12, 0, 12345, 21.49, 32
2026/08/15 18:30:32.955, 3, 1, 12321, 21.52, 32
2026/08/15 18:30:34.955, 2, 0, 12357, 22.71, 32
2026/08/15 18:30:36.956, 12, 1, 12341, 21.58, 32
2026/08/15 18:30:38.957, 3, 0, 12393, 21.80, 32
2026/08/15 18:30:40.957, 4, 0, 12321, 22.37, 32
2026/08/15 18:30:42.958, 11, 2, 12349, 22.24, 32
2026/08/15 18:30:44.959, 7, 1, 12353, 22.15, 32
2026/08/15 18:30:46.959, 6, 1, 12353, 22.29, 32
2026/08/15 18:30:48.960, 8, 1, 12341, 22.31, 32
2026/08/15 18:30:50.960, 14, 1, 12385, 22.34, 32
2026/08/15 18:30:52.961, 25, 4, 12301, 21.90, 32
2026/08/15 18:30:54.962, 22, 4, 12357, 22.54, 32
2026/08/15 18:30:56.962, 31, 7, 12365, 22.06, 32
2026/08/15 18:30:58.964, 6, 1, 12341, 22.17, 32
2026/08/15 18:31:00.965, 10, 1, 12345, 21.79, 32
2026/08/15 18:31:02.965, 29, 5, 12361, 23.18, 32
2026/08/15 18:31:04.966, 19, 2, 12369, 23.00, 32
2026/08/15 18:31:06.966, 6, 2, 12345, 22.42, 32
2026/08/15 18:31:08.967, 25, 3, 12353, 22.66, 32
2026/08/15 18:31:10.967, 0, 1, 12353, 22.50, 32
2026/08/15 18:31:12.968, 21, 5, 12405, 22.90, 32
2026/08/15 18:31:14.970, 34, 6, 12317, 22.60, 32
2026/08/15 18:31:16.971, 8, 1, 12353, 23.87, 32
2026/08/15 18:31:18.972, 9, 3, 12329, 22.78, 32
2026/08/15 18:31:20.972, 9, 0, 12405, 22.95, 32
2026/08/15 18:31:22.973, 26, 5, 12321, 22.46, 33
2026/08/15 18:31:24.973, 0, 0, 12361, 23.05, 33
2026/08/15 18:31:26.974, 21, 3, 12377, 22.87, 33
2026/08/15 18:31:28.974, 15, 3, 12349, 22.40, 33
2026/08/15 18:31:30.975, 7, 1, 12321, 21.84, 33
2026/08/15 18:31:32.975, 0, 0, 12313, 22.21, 33
2026/08/15 18:31:34.976, 12, 1, 12377, 22.91, 33
2026/08/15 18:31:36.976, 13, 1, 12337, 21.66, 33
2026/08/15 18:31:38.977, 9, 3, 12345, 22.36, 33
2026/08/15 18:31:40.977, 2, 1, 12373, 22.48, 33
2026/08/15 18:31:42.978, 7, 1, 12341, 22.74, 33
2026/08/15 18:31:44.978, 1, 0, 12309, 21.94, 33
2026/08/15 18:31:46.979, 16, 2, 12385, 23.23, 33
2026/08/15 18:31:48.980, 5, 1, 12341, 23.31, 33
2026/08/15 18:31:50.980, 3, 2, 12373, 23.30, 33
2026/08/15 18:31:52.982, 0, 0, 12333, 22.67, 33
2026/08/15 18:31:54.983, 26, 3, 12333, 22.73, 33
2026/08/15 18:31:56.987, 12, 2, 12385, 23.20, 33
2026/08/15 18:31:58.988, 21, 2, 12321, 21.91, 33
2026/08/15 18:32:00.988, 12, 2, 12357, 22.03, 33
2026/08/15 18:32:02.990, 14, 3, 12325, 22.62, 33
2026/08/15 18:32:04.990, 19, 3, 12329, 22.27, 33
2026/08/15 18:32:06.991, 3, 1, 12365, 22.91, 33
2026/08/15 18:32:08.991, 16, 1, 12361, 22.52, 33
2026/08/15 18:32:10.992, 5, 1, 12373, 22.51, 33
2026/08/15 18:32:12.992, 9, 0, 12373, 22.53, 33
2026/08/15 18:32:14.993, 12, 1, 12353, 22.07, 33
2026/08/15 18:32:16.994, 19, 3, 12341, 22.60, 33
2026/08/15 18:32:18.995, 0, 0, 12377, 22.02, 33
2026/08/15 18:32:20.995, 0, 0, 12345, 22.31, 33
2026/08/15 18:32:22.995, 3, 1, 12321, 22.27, 33
2026/08/15 18:32:24.997, 8, 1, 12373, 22.04, 33
2026/08/15 18:32:26.997, 20, 2, 12333, 22.09, 33
2026/08/15 18:32:28.998, 0, 0, 12365, 22.19, 33
2026/08/15 18:32:30.998, 20, 3, 12345, 21.93, 33
2026/08/15 18:32:32.999, 11, 1, 12353, 22.15, 33
2026/08/15 18:32:34.999, 28, 6, 12361, 21.99, 33
2026/08/15 18:32:37.000, 25, 3, 12369, 22.60, 33
2026/08/15 18:32:39.000, 11, 2, 12337, 22.60, 33
2026/08/15 18:32:41.000, 18, 2, 12333, 22.72, 33
2026/08/15 18:32:43.001, 7, 1, 12385, 23.02, 33
2026/08/15 18:32:45.002, 4, 0, 12329, 21.67, 33
2026/08/15 18:32:47.002, 21, 4, 12373, 21.95, 33
2026/08/15 18:32:49.003, 11, 2, 12373, 21.47, 33
2026/08/15 18:32:51.003, 11, 2, 12341, 21.42, 33
2026/08/15 18:32:53.004, 3, 2, 12329, 22.11, 33
2026/08/15 18:32:55.004, 9, 1, 12353, 21.37, 33
2026/08/15 18:32:57.005, 12, 1, 12385, 21.90, 33
2026/08/15 18:32:59.005, 5, 1, 12337, 21.20, 33
2026/08/15 18:33:01.006, 4, 1, 12333, 22.64, 33
2026/08/15 18:33:03.006, 14, 2, 12309, 22.46, 33
2026/08/15 18:33:05.007, 11, 2, 12377, 22.37, 33
2026/08/15 18:33:07.008, 30, 7, 12353, 22.48, 33
2026/08/15 18:33:09.011, 17, 2, 12349, 22.00, 33
2026/08/15 18:33:11.012, 6, 1, 12333, 22.37, 33
2026/08/15 18:33:13.012, 21, 4, 12377, 21.64, 33
2026/08/15 18:33:15.013, 17, 2, 12361, 21.31, 33
2026/08/15 18:33:17.013, 7, 1, 12317, 21.64, 33
2026/08/15 18:33:19.014, 14, 2, 12285, 22.51, 33
2026/08/15 18:33:21.014, 11, 1, 12377, 22.04, 33
2026/08/15 18:33:23.015, 25, 6, 12357, 22.69, 33
2026/08/15 18:33:25.015, 12, 2, 12385, 22.10, 33
2026/08/15 18:33:27.018, 19, 3, 12329, 21.41, 33
2026/08/15 18:33:29.019, 3, 0, 12365, 22.47, 33
2026/08/15 18:33:31.019, 0, 0, 12361, 22.22, 33
2026/08/15 18:33:33.020, 17, 4, 12333, 21.93, 33
2026/08/15 18:33:35.021, 9, 1, 12365, 21.94, 33
2026/08/15 18:33:37.021, 27, 3, 12329, 22.10, 33
2026/08/15 18:33:39.022, 16, 3, 12365, 22.80, 33
2026/08/15 18:33:41.022, 27, 6, 12345, 23.10, 33
2026/08/15 18:33:43.022, 9, 2, 12361, 22.06, 33
2026/08/15 18:33:45.023, 0, 0, 12353, 21.69, 33
2026/08/15 18:33:47.023, 17, 3, 12345, 21.58, 33
2026/08/15 18:33:49.024, 4, 1, 12341, 21.40, 33
2026/08/15 18:33:51.024, 35, 6, 12373, 21.64, 33
2026/08/15 18:33:53.025, 5, 1, 12325, 22.04, 33
2026/08/15 18:33:55.026, 7, 2, 12373, 21.64, 33
2026/08/15 18:33:57.026, 17, 1, 12333, 21.68, 33
2026/08/15 18:33:59.027, 27, 6, 12389, 21.84, 33
2026/08/15 18:34:01.027, 6, 2, 12373, 21.94, 33
2026/08/15 18:34:03.028, 14, 3, 12337, 21.96, 33
2026/08/15 18:34:05.029, 13, 2, 12365, 22.26, 33
2026/08/15 18:34:07.030, 24, 2, 12341, 22.64, 33
2026/08/15 18:34:09.031, 22, 2, 12373, 22.24, 33
2026/08/15 18:34:11.031, 12, 2, 12377, 21.73, 33
2026/08/15 18:34:13.032, 21, 3, 12281, 21.48, 33
2026/08/15 18:34:15.033, 12, 2, 12377, 22.64, 33
2026/08/15 18:34:17.034, 8, 0, 12353, 23.07, 33
2026/08/15 18:34:19.034, 33, 4, 12361, 22.49, 33
2026/08/15 18:34:21.035, 4, 1, 12361, 21.85, 33
2026/08/15 18:34:23.038, 0, 0, 12341, 22.18, 33
2026/08/15 18:34:25.039, 10, 2, 12369, 22.09, 33
2026/08/15 18:34:27.039, 24, 4, 12353, 21.95, 33
2026/08/15 18:34:29.040, 21, 2, 12329, 21.95, 33
2026/08/15 18:34:31.040, 14, 2, 12373, 22.21, 33
2026/08/15 18:34:33.040, 12, 3, 12329, 22.08, 33
2026/08/15 18:34:35.041, 0, 0, 12301, 22.03, 33
2026/08/15 18:34:37.041, 9, 2, 12373, 22.16, 33
2026/08/15 18:34:39.042, 24, 4, 12365, 22.74, 33
2026/08/15 18:34:41.043, 11, 1, 12341, 21.71, 33
2026/08/15 18:34:43.043, 7, 2, 12345, 21.95, 33
2026/08/15 18:34:45.044, 17, 2, 12365, 22.08, 33
2026/08/15 18:34:47.044, 5, 1, 12337, 22.09, 33
2026/08/15 18:34:49.045, 19, 2, 12333, 21.57, 33
2026/08/15 18:34:51.045, 13, 3, 12329, 21.30, 33
2026/08/15 18:34:53.046, 15, 3, 12357, 22.90, 33
2026/08/15 18:34:55.046, 10, 1, 12385, 22.35, 33
2026/08/15 18:34:57.047, 4, 1, 12321, 22.45, 33
2026/08/15 18:34:59.047, 11, 1, 12365, 22.74, 33
2026/08/15 18:35:01.048, 21, 2, 12349, 22.54, 32
2026/08/15 18:35:03.048, 12, 2, 12365, 22.29, 32
2026/08/15 18:35:05.049, 30, 5, 12321, 22.10, 32
2026/08/15 18:35:07.049, 18, 2, 12385, 21.94, 32
2026/08/15 18:35:09.051, 10, 1, 12345, 22.15, 32
2026/08/15 18:35:11.051, 10, 2, 12377, 22.57, 32
2026/08/15 18:35:13.052, 17, 2, 12345, 22.82, 32
2026/08/15 18:35:15.052, 18, 3, 12373, 22.82, 32
2026/08/15 18:35:17.053, 16, 3, 12345, 22.95, 32
2026/08/15 18:35:19.054, 3, 1, 12349, 22.49, 32
2026/08/15 18:35:21.055, 29, 4, 12345, 21.80, 32
2026/08/15 18:35:23.055, 0, 0, 12313, 22.02, 32
2026/08/15 18:35:25.056, 10, 2, 12345, 21.50, 32
2026/08/15 18:35:27.057, 3, 1, 12353, 22.23, 32
2026/08/15 18:35:29.057, 3, 1, 12341, 21.62, 32
2026/08/15 18:35:31.058, 18, 3, 12365, 22.13, 32
2026/08/15 18:35:33.059, 5, 1, 12345, 22.08, 32
2026/08/15 18:35:35.059, 8, 2, 12377, 22.15, 32
2026/08/15 18:35:37.060, 0, 0, 12333, 21.73, 32
2026/08/15 18:35:39.060, 31, 6, 12341, 21.59, 32
2026/08/15 18:35:41.061, 0, 0, 12305, 21.63, 32
2026/08/15 18:35:43.062, 5, 1, 12361, 21.92, 32
2026/08/15 18:35:45.062, 11, 1, 12341, 22.56, 32
2026/08/15 18:35:47.063, 1, 0, 12353, 22.25, 32
2026/08/15 18:35:49.063, 12, 0, 12333, 22.42, 32
2026/08/15 18:35:51.063, 2, 1, 12333, 21.92, 32
2026/08/15 18:35:53.064, 25, 5, 12397, 22.37, 32
2026/08/15 18:35:55.064, 15, 2, 12317, 22.40, 32
2026/08/15 18:35:57.065, 9, 1, 12381, 22.15, 32
2026/08/15 18:35:59.066, 5, 0, 12349, 22.12, 32
2026/08/15 18:36:01.066, 23, 6, 12349, 22.29, 32
2026/08/15 18:36:03.069, 32, 5, 12361, 22.03, 32
2026/08/15 18:36:05.070, 4, 1, 12365, 22.42, 32
2026/08/15 18:36:07.070, 9, 1, 12389, 21.99, 32
2026/08/15 18:36:09.071, 3, 1, 12389, 21.76, 32
2026/08/15 18:36:11.071, 0, 0, 12417, 22.88, 32
2026/08/15 18:36:13.072, 10, 2, 12341, 22.40, 32
2026/08/15 18:36:15.073, 11, 1, 12401, 22.60, 32
2026/08/15 18:36:17.073, 34, 7, 12345, 23.00, 32
2026/08/15 18:36:19.074, 30, 4, 12397, 22.74, 32
2026/08/15 18:36:21.075, 24, 3, 12381, 23.07, 32
2026/08/15 18:36:23.076, 31, 5, 12341, 22.43, 32
2026/08/15 18:36:25.077, 11, 2, 12397, 22.91, 32
2026/08/15 18:36:27.077, 14, 0, 12333, 22.74, 32
2026/08/15 18:36:29.078, 46, 8, 12373, 23.59, 32
2026/08/15 18:36:31.079, 0, 0, 12401, 22.71, 31
2026/08/15 18:36:33.079, 5, 1, 12353, 23.17, 31
2026/08/15 18:36:35.080, 16, 3, 12385, 22.46, 31
2026/08/15 18:36:37.080, 25, 5, 12325, 21.89, 31
2026/08/15 18:36:39.081, 26, 4, 12401, 22.82, 31
2026/08/15 18:36:41.081, 12, 1, 12373, 22.43, 31
2026/08/15 18:36:43.082, 17, 3, 12353, 22.66, 31
2026/08/15 18:36:45.083, 21, 4, 12357, 22.01, 31
2026/08/15 18:36:47.084, 7, 2, 12389, 21.60, 31
2026/08/15 18:36:49.084, 10, 2, 12353, 22.57, 31
2026/08/15 18:36:51.085, 0, 0, 12377, 21.76, 31
2026/08/15 18:36:53.085, 3, 1, 12385, 21.62, 31
2026/08/15 18:36:55.086, 11, 1, 12341, 21.81, 31
2026/08/15 18:36:57.086, 22, 2, 12369, 22.08, 31
2026/08/15 18:36:59.087, 22, 2, 12349, 22.04, 31
2026/08/15 18:37:01.087, 4, 0, 12421, 22.32, 31
2026/08/15 18:37:03.089, 15, 2, 12389, 22.74, 31
2026/08/15 18:37:05.090, 21, 2, 12349, 22.51, 31
2026/08/15 18:37:07.090, 6, 1, 12389, 22.70, 31
2026/08/15 18:37:09.091, 20, 4, 12341, 22.16, 31
2026/08/15 18:37:11.093, 3, 2, 12333, 22.32, 31
2026/08/15 18:37:13.093, 22, 4, 12401, 22.28, 31
2026/08/15 18:37:15.093, 15, 3, 12337, 21.82, 31
2026/08/15 18:37:17.094, 5, 1, 12345, 23.44, 31
2026/08/15 18:37:19.094, 4, 1, 12337, 21.81, 31
2026/08/15 18:37:21.095, 26, 5, 12397, 22.28, 31
2026/08/15 18:37:23.096, 12, 2, 12341, 21.88, 31
2026/08/15 18:37:25.096, 26, 4, 12329, 22.48, 31
2026/08/15 18:37:27.097, 35, 6, 12317, 23.04, 31
2026/08/15 18:37:29.097, 7, 1, 12353, 22.23, 31
2026/08/15 18:37:31.097, 2, 1, 12373, 21.87, 31
2026/08/15 18:37:33.098, 3, 1, 12333, 22.08, 31
2026/08/15 18:37:35.098, 43, 6, 12365, 22.23, 31
2026/08/15 18:37:37.099, 34, 4, 12349, 22.17, 31
2026/08/15 18:37:39.100, 7, 1, 12373, 21.78, 31
2026/08/15 18:37:41.100, 7, 1, 12353, 22.43, 31
2026/08/15 18:37:43.100, 4, 0, 12349, 21.95, 31
2026/08/15 18:37:45.101, 10, 2, 12317, 23.04, 31
2026/08/15 18:37:47.102, 2, 0, 12309, 21.87, 31
2026/08/15 18:37:49.102, 29, 6, 12365, 22.59, 31
2026/08/15 18:37:51.103, 20, 2, 12337, 22.20, 31
2026/08/15 18:37:53.103, 4, 1, 12353, 21.35, 31
2026/08/15 18:37:55.104, 12, 1, 12377, 23.00, 31
2026/08/15 18:37:57.104, 5, 1, 12321, 22.39, 31
2026/08/15 18:37:59.105, 0, 0, 12337, 22.89, 31
2026/08/15 18:38:01.106, 0, 0, 12333, 23.21, 31
2026/08/15 18:38:03.110, 21, 3, 12341, 22.38, 31
2026/08/15 18:38:05.111, 22, 2, 12389, 22.58, 31
2026/08/15 18:38:07.111, 21, 3, 12353, 22.18, 31
2026/08/15 18:38:09.112, 16, 4, 12325, 22.37, 31
2026/08/15 18:38:11.112, 2, 1, 12365, 23.25, 31
2026/08/15 18:38:13.113, 6, 1, 12361, 22.25, 31
2026/08/15 18:38:15.113, 39, 5, 12381, 22.50, 31
2026/08/15 18:38:17.114, 22, 2, 12365, 22.42, 31
2026/08/15 18:38:19.115, 11, 2, 12377, 22.79, 31
2026/08/15 18:38:21.115, 24, 3, 12405, 22.88, 31
2026/08/15 18:38:23.116, 20, 3, 12341, 21.56, 31
2026/08/15 18:38:25.116, 15, 2, 12373, 22.12, 31
2026/08/15 18:38:27.117, 8, 2, 12389, 22.76, 31
2026/08/15 18:38:29.117, 0, 0, 12353, 23.05, 31
2026/08/15 18:38:31.117, 11, 1, 12365, 22.57, 31
2026/08/15 18:38:33.118, 0, 0, 12353, 22.88, 31
2026/08/15 18:38:35.118, 30, 6, 12345, 23.54, 31
2026/08/15 18:38:37.119, 28, 4, 12397, 23.10, 31
2026/08/15 18:38:39.120, 9, 2, 12373, 22.33, 31
2026/08/15 18:38:41.120, 0, 0, 12381, 22.17, 30
2026/08/15 18:38:43.121, 7, 2, 12325, 22.02, 30
2026/08/15 18:38:45.121, 1, 1, 12341, 22.68, 30
2026/08/15 18:38:47.122, 16, 2, 12369, 22.25, 30
2026/08/15 18:38:49.122, 21, 4, 12377, 21.83, 30
2026/08/15 18:38:51.122, 17, 3, 12373, 22.22, 30
2026/08/15 18:38:53.123, 17, 2, 12385, 22.98, 30
2026/08/15 18:38:55.124, 7, 2, 12313, 22.45, 30
2026/08/15 18:38:57.125, 12, 0, 12389, 22.78, 30
2026/08/15 18:38:59.127, 4, 1, 12373, 22.27, 30
2026/08/15 18:39:01.127, 26, 3, 12373, 22.63, 30
2026/08/15 18:39:03.128, 1, 1, 12325, 22.30, 30
2026/08/15 18:39:05.129, 0, 0, 12369, 23.17, 30
2026/08/15 18:39:07.130, 24, 4, 12397, 22.30, 30
2026/08/15 18:39:09.133, 4, 1, 12301, 22.17, 30
2026/08/15 18:39:11.134, 7, 1, 12385, 22.76, 30
2026/08/15 18:39:13.134, 24, 3, 12301, 22.65, 30
2026/08/15 18:39:15.134, 5, 1, 12385, 23.21, 30
2026/08/15 18:39:17.135, 0, 0, 12385, 22.50, 30
2026/08/15 18:39:19.136, 4, 1, 12325, 22.39, 30
2026/08/15 18:39:21.137, 3, 1, 12369, 22.13, 30
2026/08/15 18:39:23.138, 6, 1, 12313, 22.64, 30
2026/08/15 18:39:25.138, 13, 3, 12325, 23.06, 30
2026/08/15 18:39:27.139, 1, 1, 12377, 22.42, 30
2026/08/15 18:39:29.140, 19, 2, 12349, 22.75, 30
2026/08/15 18:39:31.141, 18, 1, 12361, 22.51, 30
2026/08/15 18:39:33.141, 21, 4, 12313, 22.69, 30
2026/08/15 18:39:35.142, 25, 5, 12365, 22.59, 30
2026/08/15 18:39:37.142, 30, 3, 12353, 22.17, 30
2026/08/15 18:39:39.143, 0, 0, 12341, 23.03, 30
2026/08/15 18:39:41.143, 5, 1, 12377, 22.17, 30
2026/08/15 18:39:43.144, 10, 3, 12333, 22.52, 30
2026/08/15 18:39:45.144, 2, 1, 12341, 21.80, 30
2026/08/15 18:39:47.145, 16, 1, 12365, 23.09, 30
2026/08/15 18:39:49.146, 38, 8, 12385, 23.80, 30
2026/08/15 18:39:51.152, 6, 2, 12329, 22.19, 30
2026/08/15 18:39:53.153, 1, 0, 12329, 23.33, 30
2026/08/15 18:39:55.153, 3, 1, 12321, 22.24, 30
2026/08/15 18:39:57.153, 7, 1, 12377, 22.19, 30
2026/08/15 18:39:59.154, 18, 2, 12385, 22.39, 30
2026/08/15 18:40:01.158, 11, 1, 12325, 22.00, 30
2026/08/15 18:40:03.159, 5, 1, 12337, 22.08, 30
2026/08/15 18:40:05.159, 13, 2, 12377, 22.79, 30
2026/08/15 18:40:07.159, 3, 1, 12321, 21.76, 30
2026/08/15 18:40:09.160, 8, 1, 12377, 22.47, 30
2026/08/15 18:40:11.161, 2, 1, 12325, 22.35, 30
2026/08/15 18:40:13.161, 4, 0, 12341, 22.10, 30
2026/08/15 18:40:15.162, 24, 5, 12337, 22.65, 30
2026/08/15 18:40:17.163, 23, 3, 12337, 22.21, 30
2026/08/15 18:40:19.163, 9, 1, 12345, 22.50, 30
2026/08/15 18:40:21.164, 27, 4, 12385, 23.01, 30
2026/08/15 18:40:23.164, 19, 3, 12353, 22.10, 30
2026/08/15 18:40:25.165, 14, 3, 12341, 22.31, 30
2026/08/15 18:40:27.166, 3, 0, 12373, 21.97, 30
2026/08/15 18:40:29.166, 4, 1, 12361, 21.58, 30
2026/08/15 18:40:31.167, 0, 0, 12321, 21.83, 30
2026/08/15 18:40:33.167, 12, 2, 12345, 22.83, 30
2026/08/15 18:40:35.168, 7, 1, 12337, 22.22, 30
2026/08/15 18:40:37.168, 24, 5, 12385, 23.27, 30
2026/08/15 18:40:39.170, 29, 4, 12301, 21.85, 30
2026/08/15 18:40:41.170, 12, 1, 12341, 22.32, 30
2026/08/15 18:40:43.171, 12, 3, 12345, 22.24, 30
2026/08/15 18:40:45.172, 44, 10, 12373, 22.23, 30
2026/08/15 18:40:47.172, 1, 1, 12317, 21.99, 30
2026/08/15 18:40:49.173, 2, 1, 12385, 22.15, 30
2026/08/15 18:40:51.174, 36, 8, 12353, 22.68, 30
2026/08/15 18:40:53.174, 25, 3, 12353, 22.57, 30
2026/08/15 18:40:55.175, 20, 2, 12337, 22.02, 30
2026/08/15 18:40:57.176, 17, 1, 12369, 23.09, 30
2026/08/15 18:40:59.176, 21, 3, 12393, 22.04, 30
2026/08/15 18:41:01.177, 2, 0, 12365, 22.32, 30
2026/08/15 18:41:03.177, 0, 0, 12393, 21.25, 29
2026/08/15 18:41:05.178, 9, 2, 12333, 22.78, 30
2026/08/15 18:41:07.178, 8, 1, 12373, 21.89, 29
2026/08/15 18:41:09.179, 3, 0, 12353, 21.58, 29
2026/08/15 18:41:11.180, 15, 2, 12373, 22.87, 29
2026/08/15 18:41:13.180, 29, 6, 12393, 22.58, 29
2026/08/15 18:41:15.181, 18, 3, 12301, 22.39, 29
2026/08/15 18:41:17.182, 31, 6, 12393, 22.19, 29
2026/08/15 18:41:19.183, 8, 2, 12333, 22.33, 29
2026/08/15 18:41:21.184, 16, 2, 12353, 22.21, 29
2026/08/15 18:41:23.185, 4, 1, 12361, 22.49, 29
2026/08/15 18:41:25.185, 0, 0, 12345, 22.38, 29
2026/08/15 18:41:27.186, 12, 1, 12341, 21.90, 29
2026/08/15 18:41:29.187, 19, 3, 12401, 22.53, 29
2026/08/15 18:41:31.187, 16, 3, 12341, 22.05, 29
2026/08/15 18:41:33.188, 13, 2, 12341, 21.96, 29
2026/08/15 18:41:35.189, 23, 4, 12401, 21.70, 29
2026/08/15 18:41:37.190, 11, 2, 12293, 21.84, 29
2026/08/15 18:41:39.190, 27, 4, 12401, 21.97, 29
2026/08/15 18:41:41.191, 20, 4, 12345, 22.07, 29
2026/08/15 18:41:43.192, 0, 0, 12317, 21.71, 29
2026/08/15 18:41:45.192, 15, 1, 12389, 22.34, 29
2026/08/15 18:41:47.193, 3, 2, 12321, 22.73, 29
2026/08/15 18:41:49.193, 4, 1, 12361, 21.70, 29
2026/08/15 18:41:51.193, 21, 4, 12393, 22.94, 29
2026/08/15 18:41:53.194, 0, 0, 12333, 22.53, 29
2026/08/15 18:41:55.194, 0, 0, 12353, 22.18, 29
2026/08/15 18:41:57.195, 26, 5, 12381, 22.44, 29
2026/08/15 18:41:59.195, 35, 5, 12329, 21.86, 29
2026/08/15 18:42:01.196, 28, 3, 12381, 21.57, 29
2026/08/15 18:42:03.196, 15, 2, 12365, 22.81, 29
2026/08/15 18:42:05.201, 8, 1, 12349, 21.51, 29
2026/08/15 18:42:07.202, 5, 0, 12341, 22.51, 29
2026/08/15 18:42:09.202, 6, 0, 12397, 23.15, 29
2026/08/15 18:42:11.202, 21, 3, 12357, 22.48, 29
2026/08/15 18:42:13.203, 0, 0, 12361, 22.93, 29
2026/08/15 18:42:15.203, 11, 2, 12393, 22.27, 29
2026/08/15 18:42:17.204, 23, 2, 12329, 22.71, 29
2026/08/15 18:42:19.205, 5, 1, 12381, 22.57, 29
2026/08/15 18:42:21.205, 21, 4, 12333, 22.55, 29
2026/08/15 18:42:23.205, 5, 1, 12357, 22.50, 29
2026/08/15 18:42:25.206, 11, 1, 12401, 22.93, 29
2026/08/15 18:42:27.206, 13, 2, 12353, 22.45, 29
2026/08/15 18:42:29.207, 44, 8, 12409, 22.49, 29
2026/08/15 18:42:31.207, 12, 2, 12317, 22.02, 29
2026/08/15 18:42:33.207, 19, 2, 12357, 22.54, 29
2026/08/15 18:42:35.208, 16, 2, 12333, 22.16, 29
2026/08/15 18:42:37.208, 5, 1, 12325, 22.17, 29
2026/08/15 18:42:39.209, 13, 1, 12341, 22.74, 29
2026/08/15 18:42:41.209, 25, 3, 12313, 22.01, 29
2026/08/15 18:42:43.209, 0, 0, 12389, 23.85, 29
2026/08/15 18:42:45.210, 10, 1, 12333, 21.46, 29
2026/08/15 18:42:47.210, 29, 8, 12365, 23.42, 29
2026/08/15 18:42:49.211, 16, 3, 12373, 22.87, 29
2026/08/15 18:42:51.211, 5, 0, 12317, 21.81, 29
2026/08/15 18:42:53.212, 23, 5, 12393, 22.35, 29
2026/08/15 18:42:55.213, 1, 1, 12361, 22.00, 29
2026/08/15 18:42:57.213, 29, 6, 12345, 22.90, 29
2026/08/15 18:42:59.214, 22, 3, 12373, 22.45, 29
2026/08/15 18:43:01.214, 29, 4, 12389, 22.37, 29
2026/08/15 18:43:03.215, 10, 2, 12329, 21.55, 29
2026/08/15 18:43:05.215, 12, 2, 12365, 22.10, 29
2026/08/15 18:43:07.222, 46, 7, 12329, 21.94, 29
2026/08/15 18:43:09.223, 31, 4, 12313, 22.67, 29
2026/08/15 18:43:11.223, 8, 1, 12353, 22.47, 29
2026/08/15 18:43:13.224, 23, 3, 12321, 22.64, 29
2026/08/15 18:43:15.224, 8, 0, 12333, 22.53, 29
2026/08/15 18:43:17.225, 33, 5, 12365, 22.33, 29
2026/08/15 18:43:19.226, 14, 1, 12313, 21.76, 29
2026/08/15 18:43:21.226, 20, 4, 12357, 22.42, 29
2026/08/15 18:43:23.227, 0, 0, 12309, 21.33, 29
2026/08/15 18:43:25.228, 22, 4, 12345, 22.39, 29
2026/08/15 18:43:27.228, 18, 2, 12353, 22.33, 29
2026/08/15 18:43:29.229, 22, 3, 12325, 21.95, 29
2026/08/15 18:43:31.229, 47, 9, 12365, 22.22, 29
2026/08/15 18:43:33.230, 12, 2, 12365, 21.88, 29
2026/08/15 18:43:35.230, 2, 1, 12333, 21.60, 29
2026/08/15 18:43:37.231, 23, 5, 12353, 21.83, 29
2026/08/15 18:43:39.231, 9, 0, 12373, 21.83, 29
2026/08/15 18:43:41.235, 17, 1, 12353, 21.73, 29
2026/08/15 18:43:43.236, 15, 3, 12365, 21.45, 29
2026/08/15 18:43:45.236, 6, 1, 12361, 21.91, 29
2026/08/15 18:43:47.237, 25, 2, 12301, 21.49, 29
2026/08/15 18:43:49.237, 15, 3, 12377, 22.03, 29
2026/08/15 18:43:51.238, 0, 0, 12361, 21.78, 29
2026/08/15 18:43:53.241, 15, 2, 12365, 21.57, 29
2026/08/15 18:43:55.242, 10, 2, 12333, 21.38, 29
2026/08/15 18:43:57.243, 6, 2, 12321, 22.25, 29
2026/08/15 18:43:59.243, 5, 0, 12385, 22.53, 29
2026/08/15 18:44:01.243, 19, 2, 12349, 20.97, 29
2026/08/15 18:44:03.244, 4, 1, 12353, 21.75, 29
2026/08/15 18:44:05.245, 25, 5, 12401, 21.33, 29
2026/08/15 18:44:07.246, 32, 4, 12377, 20.78, 29
2026/08/15 18:44:09.246, 12, 2, 12345, 21.14, 29
2026/08/15 18:44:11.247, 13, 1, 12417, 22.10, 29
2026/08/15 18:44:13.248, 33, 9, 12349, 21.37, 29
2026/08/15 18:44:15.248, 22, 4, 12389, 21.09, 29
2026/08/15 18:44:17.249, 5, 0, 12333, 21.63, 29
2026/08/15 18:44:19.249, 2, 1, 12329, 21.89, 29
2026/08/15 18:44:21.249, 14, 2, 12357, 21.06, 29
2026/08/15 18:44:23.250, 22, 3, 12349, 21.25, 29
2026/08/15 18:44:25.253, 4, 0, 12361, 20.92, 29
2026/08/15 18:44:27.253, 11, 1, 12313, 21.84, 29
2026/08/15 18:44:29.254, 24, 4, 12373, 21.20, 29
2026/08/15 18:44:31.254, 23, 3, 12313, 20.95, 29
2026/08/15 18:44:33.255, 14, 3, 12325, 21.30, 29
2026/08/15 18:44:35.255, 31, 5, 12337, 21.63, 29
2026/08/15 18:44:37.256, 38, 4, 12353, 22.18, 29
2026/08/15 18:44:39.257, 18, 2, 12353, 21.36, 29
2026/08/15 18:44:41.258, 36, 8, 12401, 22.02, 29
2026/08/15 18:44:43.262, 19, 2, 12377, 21.51, 29
2026/08/15 18:44:45.263, 11, 3, 12321, 21.21, 29
2026/08/15 18:44:47.263, 40, 8, 12365, 23.05, 29
2026/08/15 18:44:49.264, 6, 0, 12341, 21.91, 29
2026/08/15 18:44:51.264, 16, 3, 12385, 21.76, 29
2026/08/15 18:44:53.265, 0, 0, 12361, 21.33, 29
2026/08/15 18:44:55.266, 12, 3, 12313, 21.70, 29
2026/08/15 18:44:57.266, 7, 0, 12333, 22.24, 29
2026/08/15 18:44:59.266, 24, 4, 12369, 21.97, 29
2026/08/15 18:45:01.267, 2, 1, 12305, 21.57, 29
2026/08/15 18:45:03.267, 9, 1, 12401, 22.33, 29
2026/08/15 18:45:05.268, 6, 1, 12321, 21.48, 29
2026/08/15 18:45:07.269, 37, 7, 12389, 21.77, 29
2026/08/15 18:45:09.270, 12, 2, 12365, 21.10, 29
2026/08/15 18:45:11.271, 3, 0, 12353, 21.08, 29
2026/08/15 18:45:13.271, 4, 1, 12329, 21.89, 29
2026/08/15 18:45:15.272, 1, 1, 12313, 21.82, 29
2026/08/15 18:45:17.272, 7, 2, 12301, 21.95, 29
2026/08/15 18:45:19.273, 10, 1, 12373, 21.79, 29
2026/08/15 18:45:21.273, 8, 2, 12361, 21.90, 29
2026/08/15 18:45:23.274, 19, 4, 12373, 21.57, 29
2026/08/15 18:45:25.274, 32, 5, 12329, 21.76, 29
2026/08/15 18:45:27.275, 16, 3, 12361, 20.37, 29
2026/08/15 18:45:29.281, 14, 3, 12345, 21.48, 29
2026/08/15 18:45:31.282, 22, 4, 12381, 22.11, 29
2026/08/15 18:45:33.282, 21, 2, 12345, 21.55, 29
2026/08/15 18:45:35.283, 6, 1, 12357, 21.62, 29
2026/08/15 18:45:37.284, 23, 3, 12361, 21.52, 29
2026/08/15 18:45:39.285, 15, 3, 12369, 22.09, 29
2026/08/15 18:45:41.285, 12, 1, 12329, 21.78, 29
2026/08/15 18:45:43.286, 5, 0, 12357, 22.01, 29
2026/08/15 18:45:45.286, 25, 3, 12333, 22.11, 29
2026/08/15 18:45:47.287, 16, 3, 12333, 21.40, 29
2026/08/15 18:45:49.287, 30, 7, 12357, 21.37, 29
2026/08/15 18:45:51.288, 0, 0, 12317, 21.54, 29
2026/08/15 18:45:53.288, 25, 5, 12357, 21.41, 29
2026/08/15 18:45:55.289, 0, 0, 12277, 21.32, 29
2026/08/15 18:45:57.290, 6, 1, 12341, 22.00, 29
2026/08/15 18:45:59.290, 29, 3, 12353, 22.05, 29
2026/08/15 18:46:01.291, 9, 1, 12345, 22.36, 29
2026/08/15 18:46:03.291, 9, 2, 12349, 21.18, 29
2026/08/15 18:46:05.292, 31, 5, 12373, 21.27, 29
2026/08/15 18:46:07.293, 27, 5, 12345, 21.29, 29
2026/08/15 18:46:09.293, 27, 3, 12341, 21.34, 29
2026/08/15 18:46:11.294, 17, 2, 12365, 20.72, 29
2026/08/15 18:46:13.296, 7, 1, 12353, 21.58, 29
2026/08/15 18:46:15.297, 20, 3, 12341, 21.68, 29
2026/08/15 18:46:17.297, 5, 0, 12357, 21.59, 29
2026/08/15 18:46:19.298, 28, 3, 12333, 21.69, 29
2026/08/15 18:46:21.299, 2, 1, 12353, 21.93, 29
2026/08/15 18:46:23.299, 6, 2, 12333, 22.90, 29
2026/08/15 18:46:25.300, 10, 2, 12345, 22.91, 29
2026/08/15 18:46:27.300, 30, 5, 12329, 21.81, 29
2026/08/15 18:46:29.301, 10, 2, 12373, 22.49, 29
2026/08/15 18:46:31.301, 8, 0, 12329, 22.41, 29
2026/08/15 18:46:33.302, 4, 1, 12365, 22.34, 29
2026/08/15 18:46:35.303, 29, 3, 12361, 21.87, 29
2026/08/15 18:46:37.303, 15, 1, 12333, 22.26, 29
2026/08/15 18:46:39.304, 9, 2, 12321, 21.87, 29
2026/08/15 18:46:41.305, 4, 1, 12337, 21.98, 29
2026/08/15 18:46:43.305, 0, 0, 12353, 21.59, 29
2026/08/15 18:46:45.306, 17, 2, 12365, 22.03, 29
2026/08/15 18:46:47.306, 11, 2, 12349, 22.05, 29
2026/08/15 18:46:49.307, 0, 0, 12345, 21.82, 29
2026/08/15 18:46:51.307, 13, 2, 12345, 22.88, 29
2026/08/15 18:46:53.308, 9, 1, 12341, 22.07, 29
2026/08/15 18:46:55.308, 0, 0, 12361, 21.96, 29
2026/08/15 18:46:57.309, 7, 0, 12361, 22.22, 29
2026/08/15 18:46:59.310, 7, 1, 12373, 22.23, 29
2026/08/15 18:47:01.310, 24, 3, 12361, 22.02, 29
2026/08/15 18:47:03.311, 13, 2, 12341, 21.68, 29
2026/08/15 18:47:05.312, 2, 0, 12317, 21.83, 29
2026/08/15 18:47:07.312, 8, 1, 12385, 21.88, 29
2026/08/15 18:47:09.313, 9, 1, 12345, 21.72, 29
2026/08/15 18:47:11.313, 4, 1, 12341, 21.45, 29
2026/08/15 18:47:13.314, 35, 7, 12377, 21.74, 29
2026/08/15 18:47:15.314, 3, 0, 12329, 21.40, 29
2026/08/15 18:47:17.315, 10, 1, 12377, 22.95, 29
2026/08/15 18:47:19.320, 9, 1, 12377, 22.05, 29
2026/08/15 18:47:21.321, 0, 0, 12389, 21.58, 29
2026/08/15 18:47:23.321, 28, 4, 12369, 22.46, 29
2026/08/15 18:47:25.322, 1, 1, 12361, 21.81, 29
2026/08/15 18:47:27.323, 1, 1, 12325, 22.33, 29
2026/08/15 18:47:29.323, 28, 5, 12353, 22.15, 29
2026/08/15 18:47:31.323, 12, 2, 12353, 22.23, 29
2026/08/15 18:47:33.324, 27, 4, 12369, 21.89, 29
2026/08/15 18:47:35.325, 31, 8, 12333, 21.77, 29
2026/08/15 18:47:37.326, 15, 1, 12385, 22.22, 29
2026/08/15 18:47:39.327, 1, 1, 12337, 21.57, 29
2026/08/15 18:47:41.327, 20, 3, 12305, 22.32, 29
2026/08/15 18:47:43.327, 3, 0, 12381, 22.79, 29
2026/08/15 18:47:45.328, 9, 1, 12349, 22.40, 29
2026/08/15 18:47:47.328, 7, 1, 12369, 22.21, 29
2026/08/15 18:47:49.329, 38, 6, 12389, 22.14, 29
2026/08/15 18:47:51.329, 23, 3, 12365, 22.05, 29
2026/08/15 18:47:53.330, 15, 1, 12357, 22.78, 29
2026/08/15 18:47:55.330, 52, 10, 12357, 22.93, 29
2026/08/15 18:47:57.331, 10, 1, 12405, 22.43, 29
2026/08/15 18:47:59.331, 26, 5, 12329, 22.38, 29
2026/08/15 18:48:01.332, 19, 3, 12349, 22.37, 29
2026/08/15 18:48:03.332, 2, 1, 12289, 22.62, 29
2026/08/15 18:48:05.333, 7, 0, 12377, 21.89, 29
2026/08/15 18:48:07.334, 4, 1, 12349, 22.48, 29
2026/08/15 18:48:09.334, 32, 4, 12369, 22.33, 29
2026/08/15 18:48:11.335, 29, 4, 12365, 23.11, 29
2026/08/15 18:48:13.336, 7, 1, 12361, 22.67, 29
2026/08/15 18:48:15.336, 1, 1, 12321, 22.63, 29
2026/08/15 18:48:17.337, 27, 5, 12361, 22.63, 29
2026/08/15 18:48:19.337, 13, 1, 12361, 22.04, 29
2026/08/15 18:48:21.338, 43, 11, 12297, 22.91, 29
2026/08/15 18:48:23.338, 9, 0, 12353, 22.89, 29
2026/08/15 18:48:25.341, 25, 3, 12325, 21.83, 29
2026/08/15 18:48:27.342, 18, 3, 12285, 22.17, 29
2026/08/15 18:48:29.342, 11, 2, 12345, 21.97, 29
2026/08/15 18:48:31.343, 10, 1, 12349, 22.53, 29
2026/08/15 18:48:33.344, 29, 6, 12373, 22.46, 29
2026/08/15 18:48:35.344, 37, 8, 12365, 22.27, 29
2026/08/15 18:48:37.345, 0, 0, 12353, 22.10, 29
2026/08/15 18:48:39.345, 8, 0, 12341, 21.98, 29
2026/08/15 18:48:41.346, 18, 3, 12377, 22.40, 29
2026/08/15 18:48:43.347, 27, 3, 12385, 22.30, 29
2026/08/15 18:48:45.348, 6, 1, 12345, 21.77, 29
2026/08/15 18:48:47.349, 15, 2, 12349, 22.20, 29
2026/08/15 18:48:49.350, 16, 2, 12365, 22.24, 29
2026/08/15 18:48:51.350, 18, 3, 12337, 22.44, 29
2026/08/15 18:48:53.351, 24, 4, 12365, 22.49, 29
2026/08/15 18:48:55.351, 22, 3, 12345, 22.58, 29
2026/08/15 18:48:57.352, 13, 2, 12333, 23.07, 29
2026/08/15 18:48:59.352, 12, 2, 12377, 22.17, 29
2026/08/15 18:49:01.353, 6, 1, 12325, 22.02, 29
2026/08/15 18:49:03.353, 11, 1, 12341, 22.42, 30
2026/08/15 18:49:05.354, 6, 0, 12365, 21.91, 30
2026/08/15 18:49:07.355, 19, 4, 12341, 22.50, 30
2026/08/15 18:49:09.355, 6, 1, 12353, 21.99, 30
2026/08/15 18:49:11.356, 8, 2, 12313, 21.72, 30
2026/08/15 18:49:13.357, 9, 1, 12345, 22.55, 30
2026/08/15 18:49:15.357, 22, 3, 12357, 22.09, 30
2026/08/15 18:49:17.357, 16, 2, 12361, 21.58, 30
2026/08/15 18:49:19.358, 7, 1, 12333, 21.33, 30
2026/08/15 18:49:21.358, 10, 2, 12313, 22.18, 30
2026/08/15 18:49:23.359, 5, 1, 12329, 21.26, 30
2026/08/15 18:49:25.360, 28, 4, 12345, 22.36, 30
2026/08/15 18:49:27.360, 7, 1, 12341, 22.41, 30
2026/08/15 18:49:29.365, 2, 0, 12341, 22.25, 30
2026/08/15 18:49:31.366, 3, 0, 12357, 22.37, 30
2026/08/15 18:49:33.366, 25, 3, 12349, 22.05, 30
2026/08/15 18:49:35.367, 34, 6, 12361, 22.11, 30
2026/08/15 18:49:37.367, 9, 1, 12325, 22.55, 30
2026/08/15 18:49:39.367, 18, 3, 12369, 22.07, 30
2026/08/15 18:49:41.368, 0, 0, 12377, 21.70, 30
2026/08/15 18:49:43.369, 19, 1, 12373, 21.82, 30
2026/08/15 18:49:45.369, 18, 2, 12389, 21.15, 30
2026/08/15 18:49:47.370, 0, 0, 12389, 21.63, 30
2026/08/15 18:49:49.370, 10, 1, 12365, 21.72, 30
2026/08/15 18:49:51.371, 13, 1, 12389, 21.41, 30
2026/08/15 18:49:53.371, 5, 2, 12389, 22.24, 30
2026/08/15 18:49:55.372, 14, 1, 12337, 21.24, 30
2026/08/15 18:49:57.372, 37, 8, 12365, 22.72, 30
2026/08/15 18:49:59.373, 1, 1, 12329, 22.05, 30
2026/08/15 18:50:01.373, 24, 4, 12389, 21.75, 30
2026/08/15 18:50:03.373, 0, 0, 12349, 21.07, 30
2026/08/15 18:50:05.374, 3, 1, 12393, 21.41, 30
2026/08/15 18:50:07.375, 7, 0, 12417, 22.24, 30
2026/08/15 18:50:09.375, 7, 1, 12365, 21.49, 30
2026/08/15 18:50:11.376, 5, 0, 12357, 21.13, 30
2026/08/15 18:50:13.377, 9, 2, 12353, 21.21, 30
2026/08/15 18:50:15.377, 6, 1, 12353, 20.93, 30
2026/08/15 18:50:17.377, 0, 0, 12417, 21.56, 30
2026/08/15 18:50:19.378, 20, 2, 12329, 21.35, 30
2026/08/15 18:50:21.380, 15, 2, 12357, 21.60, 30
2026/08/15 18:50:23.381, 15, 2, 12341, 21.40, 30
2026/08/15 18:50:25.381, 21, 4, 12373, 21.58, 31
2026/08/15 18:50:27.382, 26, 3, 12361, 21.99, 31
2026/08/15 18:50:29.383, 13, 2, 12361, 21.33, 31
2026/08/15 18:50:31.383, 7, 2, 12385, 22.10, 31
2026/08/15 18:50:33.384, 11, 2, 12353, 21.40, 31
2026/08/15 18:50:35.384, 22, 4, 12353, 22.23, 31
2026/08/15 18:50:37.386, 15, 1, 12317, 21.79, 31
2026/08/15 18:50:39.387, 25, 3, 12357, 21.89, 31
2026/08/15 18:50:41.387, 40, 11, 12353, 22.59, 31
2026/08/15 18:50:43.388, 2, 0, 12365, 21.63, 31
2026/08/15 18:50:45.388, 5, 1, 12333, 21.46, 31
2026/08/15 18:50:47.389, 7, 1, 12349, 21.72, 31
2026/08/15 18:50:49.389, 18, 3, 12357, 21.92, 31
2026/08/15 18:50:51.390, 18, 2, 12329, 21.45, 31
2026/08/15 18:50:53.391, 14, 1, 12361, 21.73, 31
2026/08/15 18:50:55.391, 0, 0, 12385, 22.22, 31
2026/08/15 18:50:57.391, 10, 2, 12325, 21.68, 31
2026/08/15 18:50:59.392, 24, 4, 12349, 21.26, 31
2026/08/15 18:51:01.392, 18, 3, 12325, 22.46, 31
2026/08/15 18:51:03.393, 4, 1, 12333, 22.44, 31
2026/08/15 18:51:05.393, 5, 1, 12333, 21.41, 31
2026/08/15 18:51:07.394, 15, 3, 12337, 22.06, 31
2026/08/15 18:51:09.394, 10, 1, 12337, 22.02, 31
2026/08/15 18:51:11.395, 3, 0, 12373, 22.43, 31
2026/08/15 18:51:13.396, 26, 3, 12353, 21.69, 31
2026/08/15 18:51:15.396, 3, 1, 12333, 21.89, 31
2026/08/15 18:51:17.397, 14, 2, 12341, 22.13, 31
2026/08/15 18:51:19.398, 7, 1, 12353, 22.09, 31
2026/08/15 18:51:21.399, 4, 2, 12349, 21.43, 31
2026/08/15 18:51:23.399, 23, 4, 12353, 22.28, 31
2026/08/15 18:51:25.399, 24, 5, 12349, 21.65, 31
2026/08/15 18:51:27.400, 26, 2, 12353, 22.66, 31
2026/08/15 18:51:29.401, 8, 2, 12365, 22.54, 31
2026/08/15 18:51:31.401, 11, 2, 12341, 22.05, 31
2026/08/15 18:51:33.402, 42, 6, 12341, 22.01, 31
2026/08/15 18:51:35.403, 8, 0, 12373, 22.52, 31
2026/08/15 18:51:37.403, 3, 1, 12337, 21.93, 31
2026/08/15 18:51:39.404, 6, 1, 12357, 22.26, 31
2026/08/15 18:51:41.406, 7, 1, 12349, 21.95, 31
2026/08/15 18:51:43.406, 7, 1, 12389, 21.76, 31
2026/08/15 18:51:45.407, 3, 1, 12317, 21.27, 31
2026/08/15 18:51:47.408, 8, 1, 12377, 22.01, 31
2026/08/15 18:51:49.408, 5, 1, 12329, 21.71, 31
2026/08/15 18:51:51.409, 27, 6, 12385, 22.44, 31
2026/08/15 18:51:53.409, 7, 1, 12361, 21.59, 31
2026/08/15 18:51:55.410, 11, 1, 12345, 22.31, 31
2026/08/15 18:51:57.412, 17, 1, 12361, 21.54, 31
2026/08/15 18:51:59.413, 30, 5, 12353, 22.08, 31
2026/08/15 18:52:01.413, 3, 1, 12357, 22.22, 31
2026/08/15 18:52:03.414, 28, 5, 12365, 21.97, 31
2026/08/15 18:52:05.414, 1, 1, 12321, 21.85, 31
2026/08/15 18:52:07.414, 18, 4, 12373, 22.24, 31
2026/08/15 18:52:09.415, 7, 1, 12345, 22.72, 31
2026/08/15 18:52:11.416, 9, 1, 12329, 21.76, 31
2026/08/15 18:52:13.417, 5, 1, 12377, 22.34, 31
2026/08/15 18:52:15.419, 4, 1, 12385, 21.70, 31
2026/08/15 18:52:17.420, 4, 0, 12341, 21.98, 32
2026/08/15 18:52:19.421, 57, 12, 12365, 21.74, 32
2026/08/15 18:52:21.421, 0, 0, 12385, 21.93, 32
2026/08/15 18:52:23.422, 1, 1, 12321, 21.51, 32
2026/08/15 18:52:25.422, 18, 3, 12317, 22.19, 32
2026/08/15 18:52:27.423, 22, 4, 12357, 22.89, 32
2026/08/15 18:52:29.423, 9, 1, 12349, 21.90, 32
2026/08/15 18:52:31.424, 9, 0, 12389, 21.93, 32
2026/08/15 18:52:33.424, 0, 0, 12305, 21.75, 32
2026/08/15 18:52:35.425, 18, 3, 12361, 21.57, 32
2026/08/15 18:52:37.425, 21, 2, 12373, 21.40, 32
2026/08/15 18:52:39.426, 9, 1, 12337, 21.49, 32
2026/08/15 18:52:41.427, 21, 3, 12373, 21.66, 32
2026/08/15 18:52:43.427, 7, 1, 12421, 21.72, 32
2026/08/15 18:52:45.428, 0, 0, 12329, 21.21, 32
2026/08/15 18:52:47.428, 0, 0, 12365, 21.72, 32
2026/08/15 18:52:49.429, 0, 0, 12337, 21.46, 32
2026/08/15 18:52:51.430, 17, 2, 12365, 22.06, 32
2026/08/15 18:52:53.430, 13, 1, 12329, 21.88, 32
2026/08/15 18:52:55.435, 13, 2, 12361, 21.72, 32
2026/08/15 18:52:57.437, 11, 1, 12341, 21.92, 32
2026/08/15 18:52:59.438, 9, 1, 12377, 22.45, 32
2026/08/15 18:53:01.440, 31, 3, 12349, 21.77, 32
2026/08/15 18:53:03.440, 25, 5, 12337, 22.53, 32
2026/08/15 18:53:05.441, 12, 1, 12329, 22.13, 32
2026/08/15 18:53:07.441, 12, 2, 12381, 22.11, 32
2026/08/15 18:53:09.441, 10, 2, 12353, 22.14, 32
2026/08/15 18:53:11.442, 9, 2, 12333, 21.91, 32
2026/08/15 18:53:13.443, 18, 4, 12341, 22.01, 32
2026/08/15 18:53:15.443, 2, 0, 12353, 21.40, 32
2026/08/15 18:53:17.444, 23, 3, 12373, 21.53, 32
2026/08/15 18:53:19.444, 6, 2, 12329, 21.44, 32
2026/08/15 18:53:21.445, 14, 1, 12365, 21.90, 32
2026/08/15 18:53:23.445, 19, 2, 12365, 22.17, 32
2026/08/15 18:53:25.446, 9, 2, 12301, 21.67, 32
2026/08/15 18:53:27.447, 20, 4, 12413, 21.96, 32
2026/08/15 18:53:29.448, 22, 2, 12329, 21.45, 32
2026/08/15 18:53:31.448, 10, 2, 12397, 21.61, 32
2026/08/15 18:53:33.449, 9, 1, 12361, 22.36, 32
2026/08/15 18:53:35.450, 5, 2, 12361, 20.20, 32
2026/08/15 18:53:42.846, 17, 3, 12397, 21.82, 32
2026/08/15 18:53:44.846, 3, 1, 12305, 21.21, 32
2026/08/15 18:53:46.846, 31, 6, 12385, 21.59, 32
2026/08/15 18:53:48.847, 19, 2, 12397, 21.54, 32
2026/08/15 18:53:50.848, 11, 3, 12365, 21.60, 32
2026/08/15 18:53:52.848, 6, 1, 12365, 21.93, 32
2026/08/15 18:53:54.849, 13, 4, 12369, 22.10, 32
2026/08/15 18:53:56.849, 12, 2, 12369, 21.71, 32
2026/08/15 18:53:58.850, 10, 2, 12321, 21.77, 32
2026/08/15 18:54:00.851, 20, 4, 12369, 22.14, 32
2026/08/15 18:54:02.851, 9, 2, 12333, 21.27, 32
2026/08/15 18:54:04.851, 5, 2, 12337, 22.69, 32
2026/08/15 18:54:06.852, 16, 3, 12337, 22.31, 32
2026/08/15 18:54:08.853, 9, 0, 12361, 22.51, 32
2026/08/15 18:54:10.853, 11, 1, 12385, 22.30, 32
2026/08/15 18:54:12.854, 16, 4, 12321, 21.94, 32
2026/08/15 18:54:14.854, 11, 1, 12377, 23.35, 32
2026/08/15 18:54:16.855, 10, 1, 12341, 22.37, 32
2026/08/15 18:54:18.857, 17, 2, 12393, 23.40, 32
2026/08/15 18:54:20.857, 22, 3, 12333, 22.52, 32
2026/08/15 18:54:22.858, 10, 1, 12365, 22.69, 32
2026/08/15 18:54:24.859, 3, 0, 12361, 22.85, 32
2026/08/15 18:54:26.859, 2, 0, 12397, 22.54, 32
2026/08/15 18:54:28.860, 5, 1, 12329, 22.15, 32
2026/08/15 18:54:30.860, 21, 3, 12341, 22.36, 32
2026/08/15 18:54:32.861, 4, 1, 12341, 22.08, 32
2026/08/15 18:54:34.861, 4, 0, 12353, 22.64, 32
2026/08/15 18:54:36.862, 7, 0, 12361, 21.87, 32
2026/08/15 18:54:38.862, 6, 1, 12333, 21.91, 32
2026/08/15 18:54:40.863, 34, 8, 12333, 22.67, 33
2026/08/15 18:54:42.863, 0, 0, 12329, 21.72, 32
2026/08/15 18:54:44.864, 0, 0, 12365, 22.16, 33
2026/08/15 18:54:46.864, 11, 1, 12329, 21.84, 33
2026/08/15 18:54:48.865, 14, 2, 12365, 22.23, 33
2026/08/15 18:54:50.865, 9, 3, 12321, 21.76, 33
2026/08/15 18:54:52.866, 9, 0, 12353, 21.95, 33
2026/08/15 18:54:54.866, 5, 2, 12333, 21.70, 33
2026/08/15 18:54:56.867, 11, 2, 12365, 21.70, 33
2026/08/15 18:54:58.868, 11, 1, 12365, 22.16, 33
2026/08/15 18:55:00.868, 7, 2, 12329, 21.59, 33
2026/08/15 18:55:02.869, 6, 1, 12389, 21.78, 33
2026/08/15 18:55:04.870, 40, 7, 12389, 22.75, 33
2026/08/15 18:55:06.870, 12, 2, 12313, 21.92, 33
2026/08/15 18:55:08.871, 20, 2, 12393, 22.54, 33
2026/08/15 18:55:10.871, 27, 5, 12397, 22.37, 33
2026/08/15 18:55:12.871, 0, 0, 12353, 21.67, 33
2026/08/15 18:55:14.872, 19, 3, 12389, 21.90, 33
2026/08/15 18:55:16.873, 17, 2, 12389, 21.56, 33
2026/08/15 18:55:18.874, 0, 0, 12321, 21.94, 33
2026/08/15 18:55:20.875, 19, 3, 12405, 22.22, 33
2026/08/15 18:55:22.875, 0, 0, 12341, 22.04, 33
2026/08/15 18:55:24.876, 14, 1, 12377, 21.95, 33
2026/08/15 18:55:26.877, 9, 1, 12413, 23.20, 33
2026/08/15 18:55:28.878, 29, 3, 12357, 22.38, 33
2026/08/15 18:55:30.878, 8, 2, 12393, 21.82, 33
2026/08/15 18:55:32.878, 6, 0, 12421, 22.76, 33
2026/08/15 18:55:34.879, 0, 0, 12333, 22.27, 33
2026/08/15 18:55:36.880, 0, 0, 12389, 23.38, 33
2026/08/15 18:55:38.882, 10, 2, 12341, 22.68, 33
2026/08/15 18:55:40.883, 4, 1, 12381, 22.61, 33
2026/08/15 18:55:42.884, 39, 8, 12457, 22.97, 33
2026/08/15 18:55:44.886, 3, 1, 12321, 22.06, 33
2026/08/15 18:55:46.887, 8, 1, 12389, 21.92, 33
2026/08/15 18:55:48.887, 11, 2, 12373, 22.82, 33
2026/08/15 18:55:50.888, 12, 1, 12409, 22.77, 33
2026/08/15 18:55:52.888, 32, 4, 12357, 22.07, 33
2026/08/15 18:55:54.889, 17, 3, 12337, 21.51, 33
2026/08/15 18:55:56.889, 13, 2, 12401, 22.34, 33
2026/08/15 18:55:58.890, 14, 1, 12361, 22.39, 33
2026/08/15 18:56:00.890, 17, 3, 12377, 22.03, 33
2026/08/15 18:56:02.891, 11, 1, 12413, 22.51, 33
2026/08/15 18:56:04.891, 19, 3, 12337, 22.05, 33
2026/08/15 18:56:06.892, 9, 2, 12325, 22.46, 33
2026/08/15 18:56:08.892, 13, 1, 12369, 21.50, 33
2026/08/15 18:56:10.893, 0, 0, 12353, 21.72, 33
2026/08/15 18:56:12.893, 17, 1, 12417, 22.92, 33
2026/08/15 18:56:14.893, 29, 4, 12325, 21.42, 33
2026/08/15 18:56:16.894, 10, 1, 12377, 22.14, 33
2026/08/15 18:56:18.895, 8, 1, 12353, 21.83, 33
2026/08/15 18:56:20.896, 9, 1, 12321, 21.39, 33
2026/08/15 18:56:22.897, 5, 1, 12385, 21.38, 33
2026/08/15 18:56:24.897, 22, 2, 12349, 22.09, 33
2026/08/15 18:56:26.901, 15, 3, 12333, 22.77, 33
2026/08/15 18:56:28.902, 38, 8, 12325, 21.74, 33
2026/08/15 18:56:30.902, 0, 0, 12353, 20.98, 33
2026/08/15 18:56:32.903, 7, 1, 12373, 21.36, 33
2026/08/15 18:56:34.904, 7, 1, 12309, 21.28, 33
2026/08/15 18:56:36.904, 4, 0, 12385, 21.43, 33
2026/08/15 18:56:38.905, 11, 3, 12325, 21.06, 33
2026/08/15 18:56:40.905, 0, 0, 12353, 21.32, 32
2026/08/15 18:56:42.906, 5, 1, 12341, 20.97, 32
2026/08/15 18:56:44.907, 0, 0, 12361, 20.93, 32
2026/08/15 18:56:46.907, 26, 4, 12341, 22.61, 32
2026/08/15 18:56:48.917, 37, 4, 12349, 22.19, 32
2026/08/15 18:56:50.917, 8, 2, 12365, 21.65, 32
2026/08/15 18:56:52.917, 9, 2, 12329, 21.27, 32
2026/08/15 18:56:54.918, 12, 1, 12401, 22.01, 32
2026/08/15 18:56:56.918, 26, 4, 12309, 21.94, 32
2026/08/15 18:56:58.919, 0, 1, 12365, 21.93, 32
2026/08/15 18:57:00.919, 22, 3, 12381, 21.74, 32
2026/08/15 18:57:02.920, 19, 2, 12353, 22.79, 32
2026/08/15 18:57:04.920, 22, 4, 12389, 22.44, 32
2026/08/15 18:57:06.920, 8, 1, 12345, 22.54, 32
2026/08/15 18:57:08.921, 54, 11, 12389, 21.97, 32
2026/08/15 18:57:10.921, 21, 3, 12325, 21.83, 32
2026/08/15 18:57:12.922, 14, 1, 12385, 21.85, 32
2026/08/15 18:57:14.922, 11, 2, 12333, 21.96, 32
2026/08/15 18:57:16.923, 23, 3, 12353, 22.28, 32
2026/08/15 18:57:18.923, 11, 1, 12401, 21.79, 32
2026/08/15 18:57:20.924, 9, 1, 12341, 21.98, 32
2026/08/15 18:57:22.924, 6, 1, 12341, 22.32, 32
2026/08/15 18:57:24.925, 35, 7, 12345, 22.56, 32
2026/08/15 18:57:26.925, 18, 2, 12357, 22.23, 32
2026/08/15 18:57:28.926, 4, 0, 12341, 22.33, 32
2026/08/15 18:57:30.926, 5, 1, 12361, 22.62, 32
2026/08/15 18:57:32.926, 0, 0, 12389, 22.29, 32
2026/08/15 18:57:34.927, 9, 1, 12401, 22.91, 32
2026/08/15 18:57:36.928, 12, 2, 12341, 21.89, 32
2026/08/15 18:57:38.929, 0, 1, 12341, 21.74, 32
2026/08/15 18:57:40.929, 7, 1, 12413, 22.26, 32
2026/08/15 18:57:42.930, 14, 2, 12309, 22.04, 32
2026/08/15 18:57:44.930, 41, 8, 12389, 22.48, 32
2026/08/15 18:57:46.931, 20, 3, 12293, 21.37, 32
2026/08/15 18:57:48.931, 16, 1, 12377, 22.22, 32
2026/08/15 18:57:50.932, 19, 3, 12317, 21.94, 32
2026/08/15 18:57:52.932, 23, 6, 12313, 21.65, 32
2026/08/15 18:57:54.933, 6, 0, 12341, 22.57, 32
2026/08/15 18:57:56.934, 2, 1, 12333, 22.01, 32
2026/08/15 18:57:58.935, 2, 1, 12353, 22.89, 32
2026/08/15 18:58:00.935, 29, 5, 12385, 22.48, 32
2026/08/15 18:58:02.936, 25, 4, 12349, 21.60, 32
2026/08/15 18:58:04.936, 2, 1, 12365, 22.02, 32
2026/08/15 18:58:06.937, 1, 2, 12345, 22.22, 32
2026/08/15 18:58:08.937, 6, 1, 12353, 22.25, 32
2026/08/15 18:58:10.938, 35, 5, 12341, 22.08, 32
2026/08/15 18:58:12.939, 12, 2, 12365, 22.00, 32
2026/08/15 18:58:14.940, 2, 1, 12329, 22.36, 32
2026/08/15 18:58:16.940, 29, 5, 12377, 21.79, 32
2026/08/15 18:58:18.941, 8, 1, 12373, 21.67, 32
2026/08/15 18:58:20.941, 26, 3, 12365, 22.02, 32
2026/08/15 18:58:22.942, 5, 0, 12397, 21.98, 32
2026/08/15 18:58:24.942, 0, 0, 12289, 21.33, 32
2026/08/15 18:58:26.943, 17, 3, 12409, 22.17, 32
2026/08/15 18:58:28.943, 21, 2, 12341, 21.50, 32
2026/08/15 18:58:30.948, 15, 1, 12353, 21.35, 31
2026/08/15 18:58:32.949, 8, 2, 12397, 22.23, 31
2026/08/15 18:58:34.949, 6, 2, 12333, 22.05, 31
2026/08/15 18:58:36.950, 22, 4, 12397, 22.77, 31
2026/08/15 18:58:38.950, 4, 2, 12329, 22.05, 31
2026/08/15 18:58:40.951, 10, 2, 12345, 22.01, 31
2026/08/15 18:58:42.952, 6, 1, 12353, 22.62, 31
2026/08/15 18:58:44.953, 6, 2, 12333, 22.20, 31
2026/08/15 18:58:46.953, 14, 3, 12357, 22.55, 31
2026/08/15 18:58:48.954, 14, 1, 12373, 22.43, 31
2026/08/15 18:58:50.955, 16, 1, 12345, 21.60, 31
2026/08/15 18:58:52.955, 7, 2, 12293, 22.65, 31
2026/08/15 18:58:54.955, 10, 1, 12377, 23.51, 31
2026/08/15 18:58:56.956, 26, 4, 12353, 22.17, 31
2026/08/15 18:58:58.956, 15, 1, 12353, 22.00, 31
2026/08/15 18:59:00.957, 33, 8, 12345, 22.46, 31
2026/08/15 18:59:02.958, 0, 0, 12337, 21.80, 31
2026/08/15 18:59:04.958, 4, 1, 12389, 22.16, 31
2026/08/15 18:59:06.958, 13, 3, 12313, 22.36, 31
2026/08/15 18:59:08.959, 19, 3, 12385, 22.53, 31
2026/08/15 18:59:10.959, 36, 6, 12333, 22.78, 31
2026/08/15 18:59:12.960, 14, 1, 12341, 22.55, 31
2026/08/15 18:59:14.961, 7, 0, 12365, 23.04, 31
2026/08/15 18:59:16.961, 6, 1, 12385, 23.27, 31
2026/08/15 18:59:18.962, 17, 4, 12361, 22.24, 31
2026/08/15 18:59:20.962, 51, 13, 12325, 22.74, 31
2026/08/15 18:59:22.963, 16, 2, 12353, 22.69, 31
2026/08/15 18:59:24.963, 4, 1, 12309, 21.58, 31
2026/08/15 18:59:26.964, 4, 1, 12377, 22.39, 31
2026/08/15 18:59:28.965, 9, 1, 12353, 22.08, 31
2026/08/15 18:59:30.965, 12, 0, 12349, 22.26, 31
2026/08/15 18:59:32.966, 21, 2, 12313, 22.00, 31
2026/08/15 18:59:34.966, 27, 2, 12353, 22.10, 31
2026/08/15 18:59:36.967, 12, 0, 12361, 22.19, 31
2026/08/15 18:59:38.968, 15, 2, 12365, 22.14, 31
2026/08/15 18:59:40.968, 11, 1, 12361, 22.09, 31
2026/08/15 18:59:42.970, 15, 2, 12353, 22.35, 31
2026/08/15 18:59:44.970, 3, 0, 12373, 22.25, 31
2026/08/15 18:59:46.971, 10, 2, 12349, 21.86, 31
2026/08/15 18:59:48.971, 0, 0, 12321, 22.31, 31
2026/08/15 18:59:50.971, 4, 0, 12361, 21.19, 31
2026/08/15 18:59:52.972, 0, 0, 12337, 21.94, 31
2026/08/15 18:59:54.974, 8, 1, 12337, 21.52, 31
2026/08/15 18:59:56.975, 23, 4, 12377, 22.64, 31
2026/08/15 18:59:58.975, 24, 3, 12337, 21.82, 31
2026/08/15 19:00:00.976, 5, 0, 12349, 21.97, 31
2026/08/15 19:00:02.976, 44, 7, 12369, 22.33, 31
2026/08/15 19:00:04.977, 10, 2, 12341, 22.12, 31
2026/08/15 19:00:06.977, 4, 1, 12333, 21.29, 31
2026/08/15 19:00:08.979, 22, 2, 12385, 22.32, 31
2026/08/15 19:00:10.980, 10, 2, 12281, 21.89, 31
2026/08/15 19:00:12.980, 18, 4, 12377, 21.86, 31
2026/08/15 19:00:14.981, 8, 0, 12365, 21.87, 31
2026/08/15 19:00:16.981, 4, 0, 12389, 21.95, 31
2026/08/15 19:00:18.981, 7, 1, 12357, 23.08, 31
2026/08/15 19:00:20.986, 0, 0, 12333, 21.81, 31
2026/08/15 19:00:22.987, 0, 0, 12321, 22.07, 31
2026/08/15 19:00:24.988, 14, 2, 12457, 22.34, 31
2026/08/15 19:00:26.988, 17, 2, 12289, 22.01, 31
2026/08/15 19:00:28.989, 17, 3, 12365, 22.64, 31
2026/08/15 19:00:30.989, 17, 2, 12385, 22.19, 31
2026/08/15 19:00:32.990, 0, 0, 12313, 21.93, 31
2026/08/15 19:00:34.991, 19, 3, 12401, 22.41, 31
2026/08/15 19:00:36.991, 10, 3, 12313, 21.18, 31
2026/08/15 19:00:38.992, 14, 3, 12393, 21.83, 31
2026/08/15 19:00:40.993, 4, 0, 12409, 22.02, 31
2026/08/15 19:00:42.994, 4, 1, 12333, 22.46, 31
2026/08/15 19:00:44.994, 0, 0, 12337, 21.29, 30
2026/08/15 19:00:46.994, 10, 1, 12433, 22.45, 31
2026/08/15 19:00:48.995, 5, 1, 12329, 21.53, 30
2026/08/15 19:00:50.996, 11, 2, 12325, 21.95, 31
2026/08/15 19:00:52.996, 53, 13, 12361, 22.22, 31
2026/08/15 19:00:54.997, 10, 1, 12353, 21.79, 30
2026/08/15 19:00:56.997, 13, 2, 12357, 21.53, 30
2026/08/15 19:00:58.998, 0, 0, 12337, 21.29, 30
2026/08/15 19:01:00.999, 30, 4, 12365, 22.26, 30
2026/08/15 19:01:02.999, 43, 8, 12341, 21.68, 30
2026/08/15 19:01:05.000, 6, 0, 12313, 21.17, 30
2026/08/15 19:01:07.000, 13, 1, 12397, 21.98, 30
2026/08/15 19:01:09.001, 10, 1, 12337, 21.74, 30
2026/08/15 19:01:11.001, 14, 2, 12333, 22.85, 30
2026/08/15 19:01:13.002, 29, 5, 12353, 21.62, 30
2026/08/15 19:01:15.005, 6, 1, 12333, 21.64, 30
2026/08/15 19:01:17.006, 33, 5, 12353, 22.08, 30
2026/08/15 19:01:19.006, 7, 2, 12301, 22.33, 30
2026/08/15 19:01:21.007, 0, 0, 12373, 22.53, 30
2026/08/15 19:01:23.008, 1, 1, 12329, 22.66, 30
2026/08/15 19:01:25.008, 18, 3, 12377, 21.90, 30
2026/08/15 19:01:27.008, 21, 4, 12353, 21.96, 30
2026/08/15 19:01:29.009, 3, 0, 12341, 22.17, 30
2026/08/15 19:01:31.009, 4, 1, 12385, 23.42, 30
2026/08/15 19:01:33.010, 28, 3, 12337, 23.04, 30
2026/08/15 19:01:35.011, 1, 1, 12377, 22.90, 30
2026/08/15 19:01:37.011, 9, 1, 12317, 22.53, 30
2026/08/15 19:01:39.012, 11, 3, 12385, 22.66, 30
2026/08/15 19:01:41.012, 20, 2, 12341, 22.10, 30
2026/08/15 19:01:43.013, 9, 1, 12409, 22.66, 30
2026/08/15 19:01:45.013, 11, 2, 12353, 22.26, 30
2026/08/15 19:01:47.014, 21, 4, 12397, 23.32, 30
2026/08/15 19:01:49.014, 13, 2, 12361, 22.05, 30
2026/08/15 19:01:51.014, 7, 1, 12357, 23.14, 30
2026/08/15 19:01:53.015, 19, 4, 12361, 22.13, 30
2026/08/15 19:01:55.015, 0, 0, 12397, 22.28, 30
2026/08/15 19:01:57.016, 17, 3, 12341, 21.57, 30
2026/08/15 19:01:59.016, 16, 2, 12393, 22.24, 30
2026/08/15 19:02:01.017, 16, 1, 12333, 23.38, 30
2026/08/15 19:02:03.018, 11, 1, 12397, 22.43, 30
2026/08/15 19:02:05.018, 16, 2, 12329, 21.49, 30
2026/08/15 19:02:07.019, 3, 1, 12369, 22.84, 30
2026/08/15 19:02:09.019, 12, 2, 12361, 22.61, 30
2026/08/15 19:02:11.019, 13, 2, 12377, 21.94, 30
2026/08/15 19:02:13.020, 28, 2, 12361, 22.43, 30
2026/08/15 19:02:15.021, 37, 7, 12377, 22.05, 30
2026/08/15 19:02:17.021, 2, 1, 12301, 21.40, 30
2026/08/15 19:02:19.022, 15, 1, 12353, 22.69, 30
2026/08/15 19:02:21.022, 9, 1, 12365, 22.26, 30
2026/08/15 19:02:23.023, 0, 0, 12321, 21.90, 30
2026/08/15 19:02:25.024, 16, 1, 12409, 22.10, 30
2026/08/15 19:02:27.024, 5, 1, 12341, 22.38, 30
2026/08/15 19:02:29.025, 20, 2, 12345, 22.95, 30
2026/08/15 19:02:31.026, 5, 0, 12353, 22.35, 30
2026/08/15 19:02:33.029, 9, 2, 12333, 22.51, 30
2026/08/15 19:02:35.030, 1, 1, 12321, 21.27, 30
2026/08/15 19:02:37.030, 2, 1, 12301, 22.11, 30
2026/08/15 19:02:39.031, 0, 0, 12365, 22.47, 30
2026/08/15 19:02:41.031, 16, 1, 12353, 21.63, 30
2026/08/15 19:02:43.032, 4, 1, 12373, 21.60, 30
2026/08/15 19:02:45.032, 22, 3, 12329, 21.79, 30
2026/08/15 19:02:47.032, 10, 2, 12321, 21.62, 30
2026/08/15 19:02:49.033, 33, 5, 12353, 22.60, 30
2026/08/15 19:02:51.033, 7, 1, 12385, 22.58, 30
2026/08/15 19:02:53.034, 38, 8, 12345, 22.01, 30
2026/08/15 19:02:55.035, 4, 1, 12373, 21.83, 30
2026/08/15 19:02:57.036, 14, 2, 12341, 21.74, 30
2026/08/15 19:02:59.036, 2, 1, 12325, 21.21, 30
2026/08/15 19:03:01.037, 9, 2, 12321, 21.49, 30
2026/08/15 19:03:03.037, 12, 1, 12313, 21.74, 30
2026/08/15 19:03:05.037, 20, 2, 12373, 22.07, 30
2026/08/15 19:03:07.041, 15, 2, 12337, 21.79, 30
2026/08/15 19:03:09.042, 5, 2, 12329, 22.28, 30
2026/08/15 19:03:11.042, 5, 0, 12329, 21.36, 30
2026/08/15 19:03:13.042, 9, 2, 12385, 22.12, 30
2026/08/15 19:03:15.043, 26, 2, 12345, 22.31, 30
2026/08/15 19:03:17.043, 16, 3, 12401, 23.31, 30
2026/08/15 19:03:19.044, 17, 3, 12309, 21.71, 30
2026/08/15 19:03:21.044, 6, 1, 12385, 22.73, 30
2026/08/15 19:03:23.045, 20, 4, 12357, 21.16, 30
2026/08/15 19:03:25.045, 11, 1, 12333, 21.69, 30
2026/08/15 19:03:27.046, 16, 2, 12345, 21.23, 30
2026/08/15 19:03:29.046, 17, 2, 12345, 21.85, 30
2026/08/15 19:03:31.048, 26, 5, 12353, 21.39, 30
2026/08/15 19:03:33.049, 0, 0, 12361, 21.62, 30
2026/08/15 19:03:35.050, 7, 0, 12317, 21.46, 30
2026/08/15 19:03:37.050, 0, 0, 12401, 22.02, 30
2026/08/15 19:03:39.051, 7, 1, 12325, 20.99, 30
2026/08/15 19:03:41.051, 28, 4, 12401, 21.69, 30
2026/08/15 19:03:43.052, 13, 2, 12365, 21.72, 30
2026/08/15 19:03:45.052, 25, 4, 12381, 22.61, 30
2026/08/15 19:03:47.053, 17, 3, 12377, 21.78, 30
2026/08/15 19:03:49.053, 16, 1, 12337, 22.03, 30
2026/08/15 19:03:51.054, 11, 2, 12349, 21.25, 30
2026/08/15 19:03:53.054, 2, 1, 12325, 22.53, 30
2026/08/15 19:03:55.055, 9, 2, 12349, 22.99, 30
2026/08/15 19:03:57.055, 8, 2, 12365, 22.02, 30
2026/08/15 19:03:59.056, 7, 1, 12373, 21.75, 30
2026/08/15 19:04:01.057, 20, 3, 12345, 21.94, 30
2026/08/15 19:04:03.057, 50, 9, 12341, 22.27, 30
2026/08/15 19:04:05.057, 15, 2, 12365, 22.41, 30
2026/08/15 19:04:07.058, 18, 2, 12329, 22.70, 30
2026/08/15 19:04:09.059, 16, 2, 12353, 22.76, 30
2026/08/15 19:04:11.059, 6, 1, 12313, 22.43, 30
2026/08/15 19:04:13.060, 4, 0, 12373, 23.12, 30
2026/08/15 19:04:15.061, 9, 1, 12297, 22.02, 30
2026/08/15 19:04:17.062, 10, 2, 12353, 22.90, 30
2026/08/15 19:04:19.063, 10, 1, 12349, 22.52, 30
2026/08/15 19:04:21.064, 19, 3, 12353, 22.98, 30
2026/08/15 19:04:23.064, 22, 3, 12349, 21.99, 30
2026/08/15 19:04:25.065, 13, 1, 12357, 22.50, 30
2026/08/15 19:04:27.065, 6, 1, 12361, 21.64, 30
2026/08/15 19:04:29.066, 11, 2, 12353, 22.05, 30
2026/08/15 19:04:31.066, 28, 4, 12373, 22.76, 30
2026/08/15 19:04:33.067, 12, 2, 12321, 22.23, 30
2026/08/15 19:04:35.067, 11, 3, 12345, 22.41, 30
2026/08/15 19:04:37.068, 19, 3, 12349, 22.80, 30
2026/08/15 19:04:39.068, 13, 2, 12341, 22.65, 30
2026/08/15 19:04:41.069, 0, 0, 12373, 22.41, 30
2026/08/15 19:04:43.069, 5, 1, 12333, 22.08, 30
2026/08/15 19:04:45.070, 10, 0, 12361, 21.66, 30
2026/08/15 19:04:47.071, 14, 1, 12341, 22.31, 30
2026/08/15 19:04:49.071, 19, 2, 12329, 22.37, 30
2026/08/15 19:04:51.071, 6, 1, 12341, 22.77, 30
2026/08/15 19:04:53.072, 21, 3, 12353, 22.72, 30
2026/08/15 19:04:55.072, 2, 1, 12341, 22.34, 30
2026/08/15 19:04:57.073, 5, 1, 12353, 21.72, 30
2026/08/15 19:04:59.073, 8, 1, 12333, 21.93, 30
2026/08/15 19:05:01.074, 17, 3, 12321, 22.14, 30
2026/08/15 19:05:03.074, 24, 5, 12365, 22.32, 30
2026/08/15 19:05:05.075, 6, 0, 12337, 21.50, 30
2026/08/15 19:05:07.075, 14, 3, 12325, 22.15, 30
2026/08/15 19:05:09.075, 4, 1, 12353, 21.72, 30
2026/08/15 19:05:11.076, 7, 2, 12353, 22.06, 30
2026/08/15 19:05:13.076, 0, 0, 12353, 21.72, 30
2026/08/15 19:05:15.077, 20, 2, 12321, 21.59, 30
2026/08/15 19:05:17.078, 32, 4, 12353, 21.48, 30
2026/08/15 19:05:19.078, 0, 0, 12329, 21.70, 30
2026/08/15 19:05:21.079, 16, 2, 12349, 21.53, 30
2026/08/15 19:05:23.079, 43, 9, 12361, 21.61, 30
2026/08/15 19:05:25.080, 36, 7, 12353, 22.27, 30
2026/08/15 19:05:27.080, 0, 0, 12361, 21.54, 30
2026/08/15 19:05:29.081, 14, 1, 12365, 22.18, 30
2026/08/15 19:05:31.081, 1, 0, 12349, 21.58, 30
2026/08/15 19:05:33.082, 5, 2, 12325, 21.51, 30
2026/08/15 19:05:35.083, 14, 3, 12345, 21.09, 30
2026/08/15 19:05:37.083, 0, 0, 12345, 21.43, 30
2026/08/15 19:05:39.084, 18, 1, 12365, 22.01, 30
2026/08/15 19:05:41.084, 30, 7, 12361, 22.50, 30
2026/08/15 19:05:43.085, 6, 1, 12365, 21.74, 30
2026/08/15 19:05:45.085, 0, 0, 12361, 21.30, 29
2026/08/15 19:05:47.086, 15, 0, 12353, 21.75, 30
2026/08/15 19:05:49.086, 9, 1, 12365, 21.46, 29
2026/08/15 19:05:51.087, 9, 2, 12321, 21.83, 29
2026/08/15 19:05:53.087, 22, 3, 12365, 22.18, 30
2026/08/15 19:05:55.088, 7, 1, 12365, 22.01, 29
2026/08/15 19:05:57.088, 11, 2, 12353, 21.37, 29
2026/08/15 19:05:59.089, 24, 3, 12361, 21.72, 30
2026/08/15 19:06:01.089, 12, 2, 12361, 21.61, 29
2026/08/15 19:06:03.090, 7, 1, 12373, 22.47, 29
2026/08/15 19:06:05.091, 22, 2, 12373, 21.60, 29
2026/08/15 19:06:07.091, 10, 1, 12329, 21.80, 29
2026/08/15 19:06:09.091, 0, 0, 12377, 22.19, 29
2026/08/15 19:06:11.092, 20, 2, 12341, 22.27, 29
2026/08/15 19:06:13.092, 47, 12, 12385, 22.26, 29
2026/08/15 19:06:15.093, 14, 2, 12353, 22.06, 29
2026/08/15 19:06:17.093, 4, 2, 12301, 22.18, 29
2026/08/15 19:06:19.094, 25, 3, 12365, 22.25, 29
2026/08/15 19:06:21.094, 0, 0, 12385, 22.20, 29
2026/08/15 19:06:23.095, 3, 1, 12321, 22.44, 29
2026/08/15 19:06:25.096, 0, 0, 12361, 23.28, 29
2026/08/15 19:06:27.096, 29, 7, 12325, 22.09, 29
2026/08/15 19:06:29.098, 7, 1, 12353, 21.86, 29
2026/08/15 19:06:31.099, 6, 1, 12365, 22.28, 29
2026/08/15 19:06:33.100, 18, 3, 12385, 22.68, 29
2026/08/15 19:06:35.101, 32, 3, 12313, 21.56, 29
2026/08/15 19:06:37.101, 12, 2, 12345, 22.74, 29
2026/08/15 19:06:39.102, 47, 8, 12361, 22.69, 29
2026/08/15 19:06:41.102, 24, 2, 12321, 22.00, 29
2026/08/15 19:06:43.103, 6, 0, 12365, 22.40, 29
2026/08/15 19:06:45.103, 31, 5, 12341, 22.12, 29
2026/08/15 19:06:47.103, 1, 1, 12353, 22.47, 29
2026/08/15 19:06:49.104, 33, 8, 12385, 22.75, 29
2026/08/15 19:06:51.104, 7, 1, 12357, 22.13, 29
2026/08/15 19:06:53.105, 10, 1, 12357, 22.31, 29
2026/08/15 19:06:55.105, 11, 2, 12341, 22.29, 29
2026/08/15 19:06:57.106, 0, 0, 12385, 21.46, 29
2026/08/15 19:06:59.106, 19, 3, 12365, 22.82, 29
2026/08/15 19:07:01.107, 4, 1, 12357, 21.78, 29
2026/08/15 19:07:03.107, 13, 3, 12333, 21.31, 29
2026/08/15 19:07:05.108, 21, 2, 12357, 21.85, 29
2026/08/15 19:07:07.109, 5, 0, 12333, 22.70, 29
2026/08/15 19:07:09.109, 3, 1, 12357, 22.06, 29
2026/08/15 19:07:11.110, 18, 2, 12365, 21.92, 29
2026/08/15 19:07:13.110, 18, 3, 12365, 21.58, 29
2026/08/15 19:07:15.111, 3, 1, 12333, 21.93, 29
2026/08/15 19:07:17.112, 32, 3, 12361, 22.29, 29
2026/08/15 19:07:19.112, 11, 0, 12337, 22.56, 29
2026/08/15 19:07:21.112, 0, 0, 12345, 22.53, 29
2026/08/15 19:07:23.113, 13, 3, 12377, 22.16, 29
2026/08/15 19:07:25.114, 19, 2, 12309, 21.83, 29
2026/08/15 19:07:27.115, 41, 8, 12369, 22.40, 30
2026/08/15 19:07:29.115, 23, 4, 12329, 22.57, 29
2026/08/15 19:07:31.116, 0, 0, 12397, 22.45, 29
2026/08/15 19:07:33.116, 15, 3, 12341, 22.41, 29
2026/08/15 19:07:35.116, 25, 4, 12385, 22.78, 29
2026/08/15 19:07:37.117, 0, 0, 12349, 21.46, 29
2026/08/15 19:07:39.117, 18, 2, 12369, 22.37, 29
2026/08/15 19:07:41.119, 18, 3, 12341, 21.87, 29
2026/08/15 19:07:43.122, 24, 4, 12353, 22.30, 29
2026/08/15 19:07:45.122, 5, 0, 12325, 22.20, 29
2026/08/15 19:07:47.122, 4, 2, 12341, 22.02, 29
2026/08/15 19:07:49.123, 18, 3, 12361, 22.82, 29
2026/08/15 19:07:51.123, 20, 3, 12309, 21.56, 29
2026/08/15 19:07:53.124, 11, 3, 12337, 23.17, 29
2026/08/15 19:07:55.124, 13, 1, 12341, 21.96, 29
2026/08/15 19:07:57.125, 44, 8, 12385, 23.20, 29
2026/08/15 19:07:59.125, 4, 1, 12321, 21.78, 29
2026/08/15 19:08:01.125, 13, 2, 12381, 23.06, 29
2026/08/15 19:08:03.128, 6, 0, 12361, 22.30, 29
2026/08/15 19:08:05.128, 0, 0, 12313, 22.16, 29
2026/08/15 19:08:07.129, 0, 1, 12369, 22.27, 29
2026/08/15 19:08:09.129, 16, 2, 12341, 22.33, 29
2026/08/15 19:08:11.130, 8, 1, 12341, 22.72, 29
2026/08/15 19:08:13.130, 29, 4, 12353, 22.52, 29
2026/08/15 19:08:15.131, 26, 4, 12361, 22.16, 29
2026/08/15 19:08:17.131, 12, 1, 12365, 22.70, 29
2026/08/15 19:08:19.132, 18, 4, 12385, 21.96, 29
2026/08/15 19:08:21.133, 1, 1, 12321, 21.80, 29
2026/08/15 19:08:23.134, 4, 0, 12365, 22.87, 29
2026/08/15 19:08:25.134, 10, 2, 12353, 21.83, 29
2026/08/15 19:08:27.135, 9, 2, 12333, 21.69, 29
2026/08/15 19:08:29.135, 21, 5, 12365, 22.03, 29
2026/08/15 19:08:31.135, 6, 1, 12341, 21.48, 29
2026/08/15 19:08:33.136, 7, 1, 12349, 21.81, 29
2026/08/15 19:08:35.136, 22, 3, 12353, 22.39, 29
2026/08/15 19:08:37.137, 30, 7, 12361, 22.05, 29
2026/08/15 19:08:39.137, 9, 0, 12357, 21.71, 29
2026/08/15 19:08:41.138, 0, 0, 12321, 22.00, 29
2026/08/15 19:08:43.139, 16, 2, 12373, 21.74, 29
2026/08/15 19:08:45.139, 3, 1, 12321, 21.92, 29
2026/08/15 19:08:47.140, 13, 3, 12373, 21.53, 29
2026/08/15 19:08:49.140, 13, 3, 12345, 21.87, 29
2026/08/15 19:08:51.142, 18, 4, 12333, 21.26, 29
2026/08/15 19:08:53.143, 11, 2, 12305, 21.29, 29
2026/08/15 19:08:55.143, 0, 0, 12353, 22.00, 29
2026/08/15 19:08:57.144, 21, 3, 12333, 21.52, 29
2026/08/15 19:08:59.145, 5, 0, 12373, 22.34, 29
2026/08/15 19:09:01.146, 7, 1, 12353, 22.39, 29
2026/08/15 19:09:03.146, 34, 4, 12349, 22.26, 29
2026/08/15 19:09:05.147, 13, 2, 12377, 21.93, 29
2026/08/15 19:09:07.148, 4, 1, 12341, 21.53, 29
2026/08/15 19:09:09.149, 11, 2, 12333, 23.00, 29
2026/08/15 19:09:11.150, 30, 5, 12349, 22.00, 29
2026/08/15 19:09:13.150, 20, 2, 12373, 22.31, 29
2026/08/15 19:09:15.150, 44, 8, 12349, 21.86, 29
2026/08/15 19:09:17.151, 11, 2, 12297, 21.35, 29
2026/08/15 19:09:19.152, 28, 5, 12373, 21.46, 29
2026/08/15 19:09:21.152, 20, 3, 12329, 21.68, 29
2026/08/15 19:09:23.153, 14, 2, 12345, 22.39, 29
2026/08/15 19:09:25.153, 6, 1, 12365, 22.34, 29
2026/08/15 19:09:27.154, 17, 3, 12333, 22.54, 29
2026/08/15 19:09:29.156, 45, 8, 12345, 22.19, 29
2026/08/15 19:09:31.157, 7, 1, 12361, 21.47, 29
2026/08/15 19:09:33.157, 22, 2, 12353, 21.91, 29
2026/08/15 19:09:35.158, 2, 0, 12361, 21.58, 29
2026/08/15 19:09:37.158, 22, 4, 12341, 22.76, 29
2026/08/15 19:09:39.158, 17, 2, 12345, 22.13, 29
2026/08/15 19:09:41.159, 25, 4, 12337, 22.23, 29
2026/08/15 19:09:43.159, 0, 1, 12333, 21.80, 29
2026/08/15 19:09:45.160, 12, 1, 12373, 22.21, 29
2026/08/15 19:09:47.160, 26, 4, 12373, 21.62, 29
2026/08/15 19:09:49.161, 23, 4, 12337, 22.02, 29
2026/08/15 19:09:51.161, 32, 3, 12373, 21.88, 29
2026/08/15 19:09:53.162, 21, 3, 12345, 21.42, 29
2026/08/15 19:09:55.163, 15, 2, 12373, 22.50, 29
2026/08/15 19:09:57.164, 12, 1, 12325, 21.57, 29
2026/08/15 19:09:59.164, 35, 8, 12337, 22.45, 29
2026/08/15 19:10:01.165, 5, 1, 12321, 21.80, 29
2026/08/15 19:10:03.165, 22, 2, 12421, 22.13, 29
2026/08/15 19:10:05.166, 7, 1, 12341, 23.28, 29
2026/08/15 19:10:07.167, 22, 3, 12313, 22.08, 29
2026/08/15 19:10:09.167, 26, 4, 12365, 22.16, 29
2026/08/15 19:10:11.168, 34, 6, 12353, 22.53, 29
2026/08/15 19:10:13.168, 12, 2, 12353, 21.94, 29
2026/08/15 19:10:15.168, 11, 1, 12345, 22.50, 29
2026/08/15 19:10:17.169, 1, 1, 12305, 22.11, 29
2026/08/15 19:10:19.169, 13, 2, 12385, 22.45, 29
2026/08/15 19:10:21.170, 4, 1, 12333, 21.93, 29
2026/08/15 19:10:23.170, 13, 2, 12365, 21.65, 29
2026/08/15 19:10:25.171, 4, 0, 12377, 22.82, 29
2026/08/15 19:10:27.172, 13, 2, 12337, 21.76, 29
2026/08/15 19:10:29.172, 1, 1, 12365, 22.49, 29
2026/08/15 19:10:31.173, 2, 1, 12317, 21.36, 29
2026/08/15 19:10:33.173, 11, 3, 12353, 21.55, 29
2026/08/15 19:10:35.175, 34, 6, 12329, 21.08, 29
2026/08/15 19:10:37.175, 11, 1, 12369, 21.83, 29
2026/08/15 19:10:39.177, 14, 2, 12341, 21.14, 29
2026/08/15 19:10:41.177, 4, 1, 12365, 21.34, 29
2026/08/15 19:10:43.177, 9, 1, 12361, 21.48, 29
2026/08/15 19:10:45.178, 20, 3, 12329, 22.08, 29
2026/08/15 19:10:47.178, 0, 1, 12333, 21.30, 29
2026/08/15 19:10:49.179, 10, 3, 12349, 21.81, 29
2026/08/15 19:10:51.180, 36, 7, 12353, 22.41, 29
2026/08/15 19:10:53.180, 6, 1, 12329, 22.01, 29
2026/08/15 19:10:55.181, 9, 1, 12353, 21.54, 29
2026/08/15 19:10:57.181, 17, 1, 12317, 21.26, 29
2026/08/15 19:10:59.182, 7, 1, 12357, 21.90, 29
2026/08/15 19:11:01.182, 24, 2, 12309, 21.49, 29
2026/08/15 19:11:03.183, 3, 0, 12385, 22.03, 29
2026/08/15 19:11:05.189, 0, 0, 12349, 21.29, 29
2026/08/15 19:11:07.190, 1, 1, 12333, 21.38, 29
2026/08/15 19:11:09.194, 6, 1, 12353, 21.60, 29
2026/08/15 19:11:11.195, 20, 2, 12341, 21.74, 29
2026/08/15 19:11:13.195, 14, 2, 12361, 22.17, 29
2026/08/15 19:11:15.195, 0, 0, 12317, 21.83, 29
2026/08/15 19:11:17.196, 7, 1, 12325, 22.18, 29
2026/08/15 19:11:19.196, 7, 1, 12333, 21.93, 29
2026/08/15 19:11:21.197, 22, 3, 12377, 21.81, 29
2026/08/15 19:11:23.197, 0, 0, 12373, 21.21, 29
2026/08/15 19:11:25.198, 3, 0, 12317, 21.00, 29
2026/08/15 19:11:27.200, 1, 1, 12325, 21.74, 29
2026/08/15 19:11:29.201, 8, 0, 12361, 20.92, 29
2026/08/15 19:11:31.201, 0, 0, 12361, 21.75, 29
2026/08/15 19:11:33.202, 2, 0, 12361, 21.87, 29
2026/08/15 19:11:35.202, 17, 1, 12385, 21.75, 29
2026/08/15 19:11:37.203, 0, 0, 12305, 21.35, 29
2026/08/15 19:11:39.204, 4, 1, 12385, 21.77, 29
2026/08/15 19:11:41.204, 4, 1, 12333, 21.70, 29
2026/08/15 19:11:43.205, 2, 1, 12341, 21.56, 29
2026/08/15 19:11:45.205, 9, 2, 12357, 21.75, 29
2026/08/15 19:11:47.206, 21, 2, 12337, 21.37, 29
2026/08/15 19:11:49.207, 18, 3, 12377, 21.57, 29
2026/08/15 19:11:51.207, 4, 1, 12329, 21.56, 29
2026/08/15 19:11:53.208, 8, 2, 12385, 21.30, 29
2026/08/15 19:11:55.209, 4, 0, 12353, 22.13, 29
2026/08/15 19:11:57.209, 22, 2, 12353, 21.75, 29
2026/08/15 19:11:59.210, 34, 4, 12345, 22.36, 29
2026/08/15 19:12:01.211, 9, 1, 12329, 21.91, 29
2026/08/15 19:12:03.211, 40, 9, 12405, 22.08, 29
2026/08/15 19:12:05.212, 17, 3, 12333, 21.81, 29
2026/08/15 19:12:07.212, 0, 0, 12365, 21.91, 29
2026/08/15 19:12:09.213, 14, 2, 12341, 22.20, 29
2026/08/15 19:12:11.213, 17, 2, 12361, 22.38, 29
2026/08/15 19:12:13.214, 4, 1, 12345, 22.03, 29
2026/08/15 19:12:15.214, 4, 1, 12393, 21.79, 29
2026/08/15 19:12:17.214, 21, 4, 12357, 22.91, 29
2026/08/15 19:12:19.215, 7, 2, 12341, 22.06, 29
2026/08/15 19:12:21.215, 2, 1, 12377, 22.23, 29
2026/08/15 19:12:23.216, 13, 2, 12353, 22.09, 29
2026/08/15 19:12:25.217, 14, 2, 12321, 22.40, 29
2026/08/15 19:12:27.217, 0, 0, 12385, 22.22, 29
2026/08/15 19:12:29.218, 8, 2, 12329, 21.64, 29
2026/08/15 19:12:31.218, 6, 1, 12397, 22.55, 29
2026/08/15 19:12:33.219, 13, 1, 12353, 22.45, 29
2026/08/15 19:12:35.222, 3, 1, 12333, 21.88, 29
2026/08/15 19:12:37.223, 14, 1, 12361, 21.65, 29
2026/08/15 19:12:39.223, 7, 2, 12333, 21.21, 29
2026/08/15 19:12:41.223, 8, 2, 12337, 22.09, 29
2026/08/15 19:12:43.225, 20, 4, 12349, 22.06, 29
2026/08/15 19:12:45.226, 12, 2, 12385, 21.75, 29
2026/08/15 19:12:47.226, 0, 0, 12361, 21.70, 29
2026/08/15 19:12:49.227, 7, 1, 12325, 22.20, 29
2026/08/15 19:12:51.227, 16, 4, 12345, 22.36, 29
2026/08/15 19:12:53.228, 7, 2, 12285, 22.02, 29
2026/08/15 19:12:55.228, 16, 4, 12357, 21.93, 29
2026/08/15 19:12:57.229, 0, 0, 12373, 22.17, 29
2026/08/15 19:12:59.229, 0, 0, 12341, 22.01, 29
2026/08/15 19:13:01.230, 7, 2, 12349, 22.28, 29
2026/08/15 19:13:03.231, 10, 2, 12361, 22.15, 29
2026/08/15 19:13:05.231, 28, 4, 12341, 22.17, 29
2026/08/15 19:13:07.232, 23, 2, 12377, 21.96, 29
2026/08/15 19:13:09.232, 17, 1, 12325, 21.39, 29
2026/08/15 19:13:11.232, 10, 1, 12377, 21.90, 29
2026/08/15 19:13:13.233, 28, 3, 12329, 21.70, 29
2026/08/15 19:13:15.233, 0, 0, 12341, 22.00, 29
2026/08/15 19:13:17.234, 15, 2, 12345, 22.35, 29
2026/08/15 19:13:19.234, 34, 7, 12341, 21.98, 29
2026/08/15 19:13:21.235, 23, 3, 12345, 22.08, 29
2026/08/15 19:13:23.235, 30, 4, 12397, 21.64, 29
2026/08/15 19:13:25.235, 39, 6, 12321, 22.61, 29
2026/08/15 19:13:27.236, 0, 0, 12361, 22.37, 29
2026/08/15 19:13:29.236, 15, 1, 12361, 22.33, 29
2026/08/15 19:13:31.238, 10, 1, 12361, 21.99, 30
2026/08/15 19:13:33.239, 16, 3, 12345, 21.83, 29
2026/08/15 19:13:35.239, 23, 4, 12329, 21.40, 30
2026/08/15 19:13:37.240, 15, 2, 12361, 21.58, 30
2026/08/15 19:13:39.240, 36, 5, 12349, 21.65, 30
2026/08/15 19:13:41.240, 2, 0, 12385, 21.45, 30
2026/08/15 19:13:43.261, 39, 7, 12353, 21.33, 30
2026/08/15 19:13:45.262, 7, 0, 12361, 22.30, 30
2026/08/15 19:13:47.263, 15, 2, 12361, 21.86, 30
2026/08/15 19:13:49.264, 11, 2, 12353, 22.06, 30
2026/08/15 19:13:51.266, 22, 2, 12349, 21.87, 30
2026/08/15 19:13:53.267, 0, 0, 12365, 21.84, 30
2026/08/15 19:13:55.267, 14, 2, 12333, 21.51, 30
2026/08/15 19:13:57.268, 2, 1, 12321, 21.82, 30
2026/08/15 19:13:59.269, 8, 1, 12385, 22.92, 30
2026/08/15 19:14:01.269, 1, 0, 12361, 22.25, 30
2026/08/15 19:14:03.270, 10, 2, 12385, 21.27, 30
2026/08/15 19:14:05.270, 6, 0, 12353, 22.05, 30
2026/08/15 19:14:07.271, 3, 1, 12325, 22.02, 30
2026/08/15 19:14:09.271, 13, 2, 12365, 21.96, 30
2026/08/15 19:14:11.272, 7, 1, 12361, 21.84, 30
2026/08/15 19:14:13.275, 10, 1, 12341, 22.31, 30
2026/08/15 19:14:15.276, 20, 3, 12373, 22.21, 30
2026/08/15 19:14:17.276, 14, 3, 12397, 22.02, 30
2026/08/15 19:14:19.277, 36, 5, 12333, 22.46, 30
2026/08/15 19:14:21.277, 9, 1, 12385, 21.46, 30
2026/08/15 19:14:23.278, 19, 2, 12377, 21.74, 30
2026/08/15 19:14:25.279, 16, 2, 12349, 22.33, 30
2026/08/15 19:14:27.279, 4, 1, 12369, 21.83, 30
2026/08/15 19:14:29.281, 2, 1, 12317, 22.25, 30
2026/08/15 19:14:31.282, 0, 0, 12385, 21.63, 30
2026/08/15 19:14:33.282, 41, 8, 12333, 22.15, 30
2026/08/15 19:14:35.283, 35, 5, 12333, 22.05, 30
2026/08/15 19:14:37.283, 14, 2, 12341, 21.93, 30
2026/08/15 19:14:39.283, 12, 1, 12353, 21.26, 30
2026/08/15 19:14:41.284, 0, 1, 12349, 21.54, 30
2026/08/15 19:14:43.284, 2, 1, 12341, 22.70, 30
2026/08/15 19:14:45.285, 17, 2, 12377, 22.11, 30
2026/08/15 19:14:47.285, 32, 3, 12361, 22.13, 30
2026/08/15 19:14:49.287, 1, 1, 12321, 21.98, 30
2026/08/15 19:14:51.288, 11, 1, 12377, 22.12, 30
2026/08/15 19:14:53.289, 32, 4, 12329, 21.84, 30
2026/08/15 19:14:55.292, 0, 0, 12365, 22.29, 30
2026/08/15 19:14:57.292, 12, 3, 12337, 21.83, 30
2026/08/15 19:14:59.293, 15, 1, 12353, 21.71, 30
2026/08/15 19:15:01.293, 12, 1, 12341, 21.71, 30
2026/08/15 19:15:03.294, 0, 0, 12341, 21.19, 30
2026/08/15 19:15:05.294, 18, 3, 12321, 22.32, 30
2026/08/15 19:15:07.295, 18, 2, 12353, 22.06, 30
2026/08/15 19:15:09.296, 18, 2, 12365, 21.71, 30
2026/08/15 19:15:11.296, 27, 3, 12329, 21.92, 30
2026/08/15 19:15:13.297, 7, 1, 12377, 21.82, 30
2026/08/15 19:15:15.297, 10, 2, 12345, 21.62, 31
2026/08/15 19:15:17.297, 3, 1, 12385, 21.54, 31
2026/08/15 19:15:19.298, 12, 2, 12373, 21.34, 31
2026/08/15 19:15:21.299, 1, 1, 12345, 20.81, 31
2026/08/15 19:15:23.299, 13, 2, 12385, 21.09, 31
2026/08/15 19:15:25.299, 8, 1, 12397, 21.23, 31
2026/08/15 19:15:27.300, 9, 2, 12353, 20.90, 31
2026/08/15 19:15:29.300, 2, 1, 12353, 21.16, 31
2026/08/15 19:15:31.301, 26, 5, 12377, 21.21, 31
2026/08/15 19:15:33.301, 11, 2, 12385, 20.64, 31
2026/08/15 19:15:35.306, 16, 3, 12373, 21.19, 31
2026/08/15 19:15:37.306, 4, 1, 12345, 20.74, 31
2026/08/15 19:15:39.307, 9, 3, 12337, 20.23, 31
2026/08/15 19:15:41.307, 19, 4, 12329, 21.58, 31
2026/08/15 19:15:43.308, 8, 2, 12357, 20.92, 31
2026/08/15 19:15:45.309, 8, 0, 12341, 21.29, 31
2026/08/15 19:15:47.312, 7, 0, 12365, 21.01, 31
2026/08/15 19:15:49.313, 3, 1, 12325, 21.78, 31
2026/08/15 19:15:51.314, 9, 2, 12325, 22.31, 31
2026/08/15 19:15:53.315, 31, 5, 12377, 21.77, 31
2026/08/15 19:15:55.315, 12, 2, 12385, 21.88, 31
2026/08/15 19:15:57.316, 9, 1, 12397, 22.08, 31
2026/08/15 19:15:59.316, 16, 2, 12397, 22.09, 31
2026/08/15 19:16:01.317, 8, 1, 12329, 22.10, 31
2026/08/15 19:16:03.318, 26, 6, 12377, 22.51, 31
2026/08/15 19:16:05.318, 47, 9, 12329, 22.09, 31
2026/08/15 19:16:07.319, 38, 10, 12377, 22.33, 31
2026/08/15 19:16:09.320, 0, 0, 12341, 21.41, 31
2026/08/15 19:16:11.320, 4, 0, 12373, 21.80, 31
2026/08/15 19:16:13.321, 14, 2, 12325, 21.49, 31
2026/08/15 19:16:15.321, 17, 2, 12325, 21.60, 31
2026/08/15 19:16:17.322, 15, 2, 12365, 21.95, 31
2026/08/15 19:16:19.322, 8, 0, 12361, 21.88, 31
2026/08/15 19:16:21.323, 0, 0, 12365, 21.58, 31
2026/08/15 19:16:23.323, 13, 2, 12317, 21.55, 31
2026/08/15 19:16:25.324, 3, 2, 12353, 23.23, 31
2026/08/15 19:16:27.324, 19, 4, 12333, 22.87, 31
2026/08/15 19:16:29.325, 32, 4, 12357, 22.33, 31
2026/08/15 19:16:31.325, 3, 1, 12329, 22.43, 31
2026/08/15 19:16:33.325, 8, 2, 12325, 22.73, 31
2026/08/15 19:16:35.326, 0, 0, 12385, 21.53, 31
2026/08/15 19:16:37.327, 39, 7, 12373, 22.33, 31
2026/08/15 19:16:39.327, 20, 1, 12349, 21.50, 31
2026/08/15 19:16:41.328, 29, 4, 12353, 21.98, 31
2026/08/15 19:16:43.328, 8, 1, 12321, 22.17, 31
2026/08/15 19:16:45.329, 24, 3, 12385, 22.07, 31
2026/08/15 19:16:47.330, 10, 1, 12321, 22.03, 31
2026/08/15 19:16:49.330, 7, 1, 12385, 22.41, 31
2026/08/15 19:16:51.332, 2, 1, 12361, 21.63, 31
2026/08/15 19:16:53.333, 7, 2, 12329, 21.81, 31
2026/08/15 19:16:55.334, 0, 0, 12325, 21.90, 31
2026/08/15 19:16:57.335, 15, 2, 12361, 22.02, 31
2026/08/15 19:16:59.336, 2, 0, 12361, 22.73, 31
2026/08/15 19:17:01.336, 29, 4, 12341, 22.11, 31
2026/08/15 19:17:03.337, 9, 1, 12341, 21.72, 31
2026/08/15 19:17:05.337, 10, 1, 12357, 21.78, 31
2026/08/15 19:17:07.342, 6, 1, 12349, 22.63, 31
2026/08/15 19:17:09.342, 12, 3, 12353, 22.53, 31
2026/08/15 19:17:11.343, 12, 1, 12333, 22.24, 31
2026/08/15 19:17:13.343, 16, 3, 12349, 22.26, 31
2026/08/15 19:17:15.344, 10, 1, 12385, 22.43, 31
2026/08/15 19:17:17.344, 32, 3, 12341, 22.30, 31
2026/08/15 19:17:19.347, 4, 0, 12321, 21.44, 31
2026/08/15 19:17:21.348, 29, 4, 12385, 22.79, 32
2026/08/15 19:17:23.348, 11, 1, 12361, 22.20, 31
2026/08/15 19:17:25.349, 23, 4, 12353, 22.40, 31
2026/08/15 19:17:27.350, 30, 5, 12373, 21.47, 31
2026/08/15 19:17:29.350, 12, 2, 12349, 21.49, 31
2026/08/15 19:17:31.351, 9, 1, 12381, 21.66, 32
2026/08/15 19:17:33.351, 17, 3, 12309, 21.75, 31
2026/08/15 19:17:35.352, 22, 1, 12365, 21.81, 32
2026/08/15 19:17:37.352, 1, 1, 12373, 21.67, 31
2026/08/15 19:17:39.353, 3, 1, 12321, 22.41, 32
2026/08/15 19:17:41.353, 42, 5, 12373, 22.45, 32
2026/08/15 19:17:43.354, 6, 2, 12345, 21.51, 32
2026/08/15 19:17:45.354, 23, 2, 12329, 22.35, 32
2026/08/15 19:17:47.355, 13, 3, 12321, 21.86, 32
2026/08/15 19:17:49.356, 0, 0, 12333, 21.35, 32
2026/08/15 19:17:51.356, 29, 6, 12325, 21.91, 32
2026/08/15 19:17:53.357, 16, 3, 12365, 21.59, 32
2026/08/15 19:17:55.357, 13, 2, 12353, 21.25, 32
2026/08/15 19:17:57.358, 2, 1, 12325, 21.48, 32
2026/08/15 19:17:59.358, 10, 1, 12373, 22.40, 32
2026/08/15 19:18:01.359, 5, 1, 12365, 22.10, 32
2026/08/15 19:18:03.359, 10, 1, 12341, 22.30, 32
2026/08/15 19:18:05.360, 14, 1, 12345, 22.62, 32
2026/08/15 19:18:07.360, 4, 1, 12345, 21.88, 32
2026/08/15 19:18:09.361, 16, 3, 12329, 21.39, 32
2026/08/15 19:18:11.361, 13, 1, 12409, 22.48, 32
2026/08/15 19:18:13.361, 3, 0, 12381, 22.20, 32
2026/08/15 19:18:15.362, 0, 0, 12361, 21.75, 32
2026/08/15 19:18:17.363, 2, 0, 12333, 23.52, 32
2026/08/15 19:18:19.363, 12, 2, 12321, 22.02, 32
2026/08/15 19:18:21.364, 19, 2, 12409, 22.79, 32
2026/08/15 19:18:23.364, 2, 1, 12329, 22.17, 32
2026/08/15 19:18:25.365, 9, 2, 12349, 21.87, 32
2026/08/15 19:18:27.366, 0, 1, 12365, 22.24, 32
2026/08/15 19:18:29.367, 17, 3, 12381, 21.90, 32
2026/08/15 19:18:31.367, 11, 2, 12401, 21.84, 32
2026/08/15 19:18:33.367, 0, 0, 12405, 22.41, 32
2026/08/15 19:18:35.368, 17, 3, 12353, 22.90, 32
2026/08/15 19:18:37.368, 24, 3, 12429, 22.49, 32
2026/08/15 19:18:39.369, 19, 2, 12321, 21.83, 32
2026/08/15 19:18:41.369, 8, 1, 12361, 22.41, 32
2026/08/15 19:18:43.370, 13, 1, 12361, 22.74, 32
2026/08/15 19:18:45.374, 22, 2, 12341, 22.31, 32
2026/08/15 19:18:47.375, 0, 0, 12373, 22.06, 32
2026/08/15 19:18:49.375, 12, 1, 12389, 22.33, 32
2026/08/15 19:18:51.378, 31, 6, 12321, 22.42, 32
2026/08/15 19:18:53.379, 13, 2, 12317, 21.27, 32
2026/08/15 19:18:55.380, 13, 2, 12357, 21.42, 32
2026/08/15 19:18:57.381, 15, 2, 12353, 21.69, 32
2026/08/15 19:18:59.382, 13, 1, 12389, 21.38, 32
2026/08/15 19:19:01.383, 44, 8, 12369, 22.35, 32
2026/08/15 19:19:03.384, 21, 2, 12361, 21.99, 32
2026/08/15 19:19:05.384, 7, 1, 12329, 21.87, 32
2026/08/15 19:19:07.385, 15, 2, 12365, 22.32, 32
2026/08/15 19:19:09.385, 2, 0, 12341, 21.64, 32
2026/08/15 19:19:11.386, 4, 0, 12353, 21.67, 32
2026/08/15 19:19:13.386, 4, 1, 12337, 21.51, 32
2026/08/15 19:19:15.387, 23, 2, 12361, 21.71, 32
2026/08/15 19:19:17.387, 12, 1, 12345, 22.09, 32
2026/08/15 19:19:19.387, 0, 0, 12337, 22.37, 32
2026/08/15 19:19:21.388, 12, 1, 12385, 22.29, 32
2026/08/15 19:19:23.388, 22, 2, 12349, 22.32, 32
2026/08/15 19:19:25.389, 0, 0, 12313, 21.52, 32
2026/08/15 19:19:27.389, 5, 1, 12377, 21.86, 32
2026/08/15 19:19:29.390, 3, 1, 12333, 22.61, 32
2026/08/15 19:19:31.391, 16, 3, 12373, 21.93, 32
2026/08/15 19:19:33.392, 7, 0, 12309, 21.76, 32
2026/08/15 19:19:35.392, 18, 2, 12385, 22.58, 32
2026/08/15 19:19:37.392, 22, 4, 12353, 22.78, 32
2026/08/15 19:19:39.393, 3, 0, 12385, 22.02, 32
2026/08/15 19:19:41.393, 27, 3, 12349, 22.18, 32
2026/08/15 19:19:43.394, 3, 1, 12333, 21.86, 32
2026/08/15 19:19:45.394, 15, 2, 12357, 21.68, 32
2026/08/15 19:19:47.396, 12, 2, 12385, 21.43, 32
2026/08/15 19:19:49.396, 17, 2, 12349, 21.83, 32
2026/08/15 19:19:51.397, 5, 1, 12385, 21.88, 33
2026/08/15 19:19:53.397, 15, 1, 12317, 22.27, 32
2026/08/15 19:19:55.398, 2, 1, 12369, 23.07, 33
2026/08/15 19:19:57.398, 20, 4, 12341, 22.70, 33
2026/08/15 19:19:59.398, 9, 1, 12305, 21.86, 33
2026/08/15 19:20:01.399, 1, 1, 12361, 21.34, 33
2026/08/15 19:20:03.399, 1, 1, 12333, 22.39, 33
2026/08/15 19:20:05.400, 24, 6, 12333, 22.28, 33
2026/08/15 19:20:07.401, 3, 1, 12353, 21.94, 33
2026/08/15 19:20:09.402, 7, 1, 12365, 21.63, 33
2026/08/15 19:20:11.402, 3, 0, 12345, 22.06, 33
2026/08/15 19:20:13.402, 22, 2, 12329, 21.92, 33
2026/08/15 19:20:15.403, 20, 3, 12365, 22.41, 33
2026/08/15 19:20:17.404, 8, 2, 12345, 21.08, 33
2026/08/15 19:20:19.405, 0, 1, 12333, 21.42, 33
2026/08/15 19:20:21.405, 26, 4, 12377, 22.02, 33
2026/08/15 19:20:23.406, 2, 0, 12349, 22.08, 33
2026/08/15 19:20:25.407, 13, 1, 12361, 21.62, 33
2026/08/15 19:20:27.407, 11, 1, 12389, 21.58, 33
2026/08/15 19:20:29.408, 10, 3, 12297, 20.92, 33
2026/08/15 19:20:31.408, 2, 1, 12365, 22.40, 33
2026/08/15 19:20:33.409, 24, 2, 12361, 21.56, 33
2026/08/15 19:20:35.409, 21, 3, 12333, 21.90, 33
2026/08/15 19:20:37.410, 12, 2, 12321, 20.85, 33
2026/08/15 19:20:39.410, 18, 3, 12341, 21.82, 33
2026/08/15 19:20:41.410, 11, 2, 12345, 21.76, 33
2026/08/15 19:20:43.411, 3, 0, 12341, 22.20, 33
2026/08/15 19:20:45.412, 2, 1, 12361, 21.79, 33
2026/08/15 19:20:47.412, 4, 0, 12333, 21.55, 33
2026/08/15 19:20:49.413, 0, 0, 12345, 22.05, 33
2026/08/15 19:20:51.414, 21, 3, 12333, 22.12, 33
2026/08/15 19:20:53.415, 5, 2, 12349, 22.15, 33
2026/08/15 19:20:55.416, 44, 10, 12353, 22.42, 33
2026/08/15 19:20:57.416, 47, 7, 12337, 21.85, 33
2026/08/15 19:20:59.417, 33, 7, 12365, 23.26, 33
2026/08/15 19:21:01.417, 15, 2, 12373, 21.70, 33
2026/08/15 19:21:03.418, 13, 3, 12293, 22.05, 33
2026/08/15 19:21:05.418, 12, 2, 12361, 22.49, 33
2026/08/15 19:21:07.419, 12, 1, 12345, 21.97, 33
2026/08/15 19:21:09.420, 8, 1, 12365, 21.86, 33
2026/08/15 19:21:11.420, 3, 0, 12289, 21.16, 33
2026/08/15 19:21:13.421, 4, 1, 12397, 22.13, 33
2026/08/15 19:21:15.421, 0, 0, 12321, 21.64, 33
2026/08/15 19:21:17.422, 13, 2, 12385, 22.30, 33
2026/08/15 19:21:19.423, 0, 0, 12373, 21.38, 33
2026/08/15 19:21:21.423, 12, 1, 12353, 21.00, 33
2026/08/15 19:21:23.424, 10, 0, 12353, 21.03, 33
2026/08/15 19:21:25.424, 6, 2, 12333, 21.27, 33
2026/08/15 19:21:27.425, 9, 2, 12345, 21.81, 33
2026/08/15 19:21:29.426, 9, 2, 12373, 21.56, 33
2026/08/15 19:21:31.426, 19, 2, 12349, 21.90, 33
2026/08/15 19:21:33.427, 0, 0, 12377, 21.26, 32
2026/08/15 19:21:35.429, 0, 0, 12325, 21.16, 32
2026/08/15 19:21:37.430, 21, 2, 12353, 22.25, 33
2026/08/15 19:21:39.431, 4, 1, 12333, 21.56, 32
2026/08/15 19:21:41.431, 11, 2, 12353, 21.62, 32
2026/08/15 19:21:43.432, 9, 1, 12329, 21.34, 32
2026/08/15 19:21:45.432, 2, 1, 12333, 22.92, 32
2026/08/15 19:21:47.433, 35, 8, 12353, 21.80, 32
2026/08/15 19:21:49.433, 19, 3, 12353, 22.16, 32
2026/08/15 19:21:51.434, 15, 2, 12353, 22.08, 32
2026/08/15 19:21:53.434, 6, 1, 12345, 22.34, 32
2026/08/15 19:21:55.435, 17, 2, 12337, 21.75, 32
2026/08/15 19:21:57.435, 5, 1, 12361, 21.60, 32
2026/08/15 19:21:59.436, 6, 1, 12337, 22.22, 32
2026/08/15 19:22:01.436, 17, 2, 12361, 22.00, 32
2026/08/15 19:22:03.437, 31, 3, 12353, 21.76, 32
2026/08/15 19:22:05.437, 5, 2, 12325, 21.65, 32
2026/08/15 19:22:07.438, 6, 0, 12373, 22.32, 32
2026/08/15 19:22:09.438, 19, 3, 12377, 21.93, 32
2026/08/15 19:22:11.439, 5, 2, 12325, 21.39, 32
2026/08/15 19:22:13.439, 28, 2, 12349, 22.18, 32
2026/08/15 19:22:15.440, 0, 0, 12385, 22.03, 32
2026/08/15 19:22:17.440, 3, 1, 12333, 21.88, 32
2026/08/15 19:22:19.440, 5, 1, 12365, 21.71, 32
2026/08/15 19:22:21.441, 17, 2, 12333, 21.91, 32
2026/08/15 19:22:23.442, 10, 2, 12341, 21.76, 32
2026/08/15 19:22:25.442, 6, 1, 12361, 21.85, 32
2026/08/15 19:22:27.443, 10, 1, 12313, 21.71, 32
2026/08/15 19:22:29.445, 5, 0, 12329, 21.32, 32
2026/08/15 19:22:31.446, 17, 2, 12357, 22.64, 32
2026/08/15 19:22:33.446, 13, 2, 12341, 22.02, 32
2026/08/15 19:22:35.447, 3, 1, 12353, 21.81, 32
2026/08/15 19:22:37.447, 39, 6, 12361, 22.11, 32
2026/08/15 19:22:39.448, 10, 2, 12321, 22.24, 32
2026/08/15 19:22:41.448, 3, 0, 12353, 22.02, 32
2026/08/15 19:22:43.449, 0, 0, 12385, 22.58, 32
2026/08/15 19:22:45.449, 3, 0, 12325, 21.90, 32
2026/08/15 19:22:47.450, 24, 5, 12373, 22.14, 32
2026/08/15 19:22:49.450, 0, 0, 12361, 21.86, 32
2026/08/15 19:22:51.450, 20, 4, 12321, 22.21, 32
2026/08/15 19:22:53.451, 17, 2, 12353, 22.97, 32
2026/08/15 19:22:55.452, 1, 0, 12397, 22.89, 32
2026/08/15 19:22:57.453, 24, 2, 12329, 22.61, 32
2026/08/15 19:22:59.453, 10, 2, 12385, 22.60, 32
2026/08/15 19:23:01.454, 24, 4, 12333, 22.54, 32
2026/08/15 19:23:03.454, 17, 3, 12361, 22.59, 32
2026/08/15 19:23:05.455, 9, 2, 12353, 22.63, 31
2026/08/15 19:23:07.455, 18, 1, 12373, 22.54, 31
2026/08/15 19:23:09.456, 23, 2, 12361, 22.65, 31
2026/08/15 19:23:11.457, 4, 1, 12341, 22.12, 31
2026/08/15 19:23:13.457, 0, 0, 12349, 21.77, 31
2026/08/15 19:23:15.458, 4, 1, 12397, 22.54, 31
2026/08/15 19:23:17.458, 24, 6, 12321, 22.34, 31
2026/08/15 19:23:19.459, 18, 4, 12385, 21.82, 31
2026/08/15 19:23:21.459, 6, 2, 12301, 22.83, 31
2026/08/15 19:23:23.460, 12, 1, 12385, 21.82, 31
2026/08/15 19:23:25.461, 32, 7, 12373, 22.80, 31
2026/08/15 19:23:27.461, 4, 1, 12337, 22.18, 31
2026/08/15 19:23:29.462, 7, 2, 12353, 22.69, 31
2026/08/15 19:23:31.463, 12, 1, 12337, 22.28, 31
2026/08/15 19:23:33.463, 21, 2, 12365, 22.44, 31
2026/08/15 19:23:35.463, 13, 2, 12341, 21.79, 31
2026/08/15 19:23:37.464, 1, 1, 12341, 21.80, 31
2026/08/15 19:23:39.465, 27, 4, 12397, 22.71, 31
2026/08/15 19:23:41.465, 16, 2, 12301, 21.98, 31
2026/08/15 19:23:43.466, 5, 1, 12385, 22.50, 31
2026/08/15 19:23:45.466, 12, 1, 12345, 21.94, 31
2026/08/15 19:23:47.467, 1, 1, 12365, 21.72, 31
2026/08/15 19:23:49.468, 0, 0, 12365, 22.72, 31
2026/08/15 19:23:51.468, 0, 0, 12337, 22.15, 31
2026/08/15 19:23:53.468, 30, 6, 12345, 22.71, 31
2026/08/15 19:23:55.469, 15, 1, 12321, 21.84, 31
2026/08/15 19:23:57.469, 23, 4, 12353, 22.69, 31
2026/08/15 19:23:59.470, 0, 0, 12365, 22.42, 31
2026/08/15 19:24:01.471, 3, 1, 12373, 22.02, 31
2026/08/15 19:24:03.471, 0, 0, 12341, 23.06, 31
2026/08/15 19:24:05.474, 4, 0, 12361, 23.07, 31
2026/08/15 19:24:07.475, 22, 3, 12373, 22.87, 31
2026/08/15 19:24:09.475, 11, 1, 12333, 23.16, 31
2026/08/15 19:24:11.475, 27, 3, 12365, 22.85, 31
2026/08/15 19:24:13.476, 21, 3, 12377, 21.91, 31
2026/08/15 19:24:15.476, 8, 2, 12361, 22.06, 31
2026/08/15 19:24:17.477, 39, 5, 12385, 23.51, 31
2026/08/15 19:24:19.477, 5, 1, 12313, 22.65, 31
2026/08/15 19:24:21.478, 3, 1, 12377, 22.07, 31
2026/08/15 19:24:23.478, 0, 0, 12353, 21.98, 31
2026/08/15 19:24:25.479, 0, 0, 12345, 22.19, 31
2026/08/15 19:24:27.480, 1, 1, 12321, 21.86, 31
2026/08/15 19:24:29.480, 4, 1, 12365, 22.88, 31
2026/08/15 19:24:31.481, 14, 2, 12321, 22.37, 31
2026/08/15 19:24:33.481, 20, 3, 12361, 22.78, 31
2026/08/15 19:24:35.482, 15, 1, 12321, 22.48, 31
2026/08/15 19:24:37.483, 11, 1, 12349, 22.21, 31
2026/08/15 19:24:39.483, 2, 0, 12333, 22.04, 31
2026/08/15 19:24:41.484, 12, 2, 12357, 21.74, 31
2026/08/15 19:24:43.484, 31, 4, 12353, 21.95, 31
2026/08/15 19:24:45.485, 1, 0, 12321, 22.59, 31
2026/08/15 19:24:47.486, 48, 10, 12385, 22.05, 31
2026/08/15 19:24:49.486, 20, 2, 12325, 21.91, 31
2026/08/15 19:24:51.487, 21, 2, 12349, 22.06, 31
2026/08/15 19:24:53.487, 15, 2, 12313, 21.70, 30
2026/08/15 19:24:55.488, 10, 1, 12325, 22.14, 30
2026/08/15 19:24:57.489, 4, 0, 12337, 21.45, 30
2026/08/15 19:24:59.490, 0, 0, 12385, 22.10, 30
2026/08/15 19:25:01.490, 8, 1, 12317, 21.68, 30
2026/08/15 19:25:03.491, 28, 4, 12341, 22.47, 30
2026/08/15 19:25:05.492, 17, 3, 12397, 21.75, 30
2026/08/15 19:25:07.492, 0, 0, 12321, 21.93, 30
2026/08/15 19:25:09.493, 19, 3, 12341, 21.75, 30
2026/08/15 19:25:11.494, 3, 1, 12361, 22.13, 30
2026/08/15 19:25:13.494, 19, 2, 12361, 22.25, 30
2026/08/15 19:25:15.495, 3, 1, 12313, 22.05, 30
2026/08/15 19:25:17.495, 32, 6, 12353, 22.08, 30
2026/08/15 19:25:19.496, 20, 4, 12341, 22.30, 30
2026/08/15 19:25:21.496, 29, 3, 12317, 21.99, 30
2026/08/15 19:25:23.496, 5, 1, 12377, 22.19, 30
2026/08/15 19:25:25.497, 0, 0, 12317, 22.21, 30
2026/08/15 19:25:27.498, 13, 1, 12333, 22.63, 30
2026/08/15 19:25:29.498, 7, 1, 12385, 21.77, 30
2026/08/15 19:25:31.499, 1, 1, 12309, 21.86, 30
2026/08/15 19:25:33.499, 9, 1, 12377, 22.85, 30
2026/08/15 19:25:35.500, 7, 1, 12289, 21.63, 30
2026/08/15 19:25:37.501, 11, 1, 12373, 22.17, 30
2026/08/15 19:25:39.501, 16, 2, 12341, 21.66, 30
2026/08/15 19:25:41.502, 7, 0, 12361, 22.41, 30
2026/08/15 19:25:43.503, 1, 0, 12305, 21.68, 30
2026/08/15 19:25:45.503, 21, 5, 12321, 23.06, 30
2026/08/15 19:25:47.504, 3, 1, 12353, 22.21, 30
2026/08/15 19:25:49.504, 27, 2, 12361, 21.55, 30
2026/08/15 19:25:51.505, 4, 1, 12341, 22.05, 30
2026/08/15 19:25:53.505, 22, 4, 12373, 21.87, 30
2026/08/15 19:25:55.506, 19, 4, 12361, 21.59, 30
2026/08/15 19:25:57.506, 9, 1, 12357, 21.30, 30
2026/08/15 19:25:59.506, 7, 1, 12349, 21.85, 30
2026/08/15 19:26:01.507, 7, 2, 12333, 21.63, 30
2026/08/15 19:26:03.508, 9, 2, 12325, 21.88, 30
2026/08/15 19:26:05.509, 7, 2, 12353, 21.61, 30
2026/08/15 19:26:07.509, 0, 0, 12373, 22.18, 30
2026/08/15 19:26:09.510, 25, 3, 12341, 21.64, 30
2026/08/15 19:26:11.511, 11, 1, 12349, 22.11, 30
2026/08/15 19:26:13.511, 36, 9, 12345, 21.74, 30
2026/08/15 19:26:15.512, 21, 4, 12341, 21.70, 30
2026/08/15 19:26:17.513, 17, 2, 12353, 21.86, 30
2026/08/15 19:26:19.513, 17, 3, 12385, 22.08, 30
2026/08/15 19:26:21.513, 12, 1, 12329, 22.24, 30
2026/08/15 19:26:23.514, 0, 0, 12385, 22.81, 30
2026/08/15 19:26:25.514, 9, 2, 12353, 21.61, 30
2026/08/15 19:26:27.515, 0, 0, 12333, 21.80, 30
2026/08/15 19:26:29.516, 9, 1, 12365, 22.04, 30
2026/08/15 19:26:31.516, 17, 2, 12361, 21.80, 30
2026/08/15 19:26:33.517, 16, 2, 12325, 21.74, 30
2026/08/15 19:26:35.517, 12, 2, 12397, 21.80, 30
2026/08/15 19:26:37.518, 8, 1, 12345, 21.73, 30
2026/08/15 19:26:39.519, 1, 1, 12341, 20.79, 30
2026/08/15 19:26:41.519, 1, 0, 12377, 21.89, 30
2026/08/15 19:26:43.520, 13, 1, 12345, 21.20, 30
2026/08/15 19:26:45.520, 10, 3, 12341, 21.35, 30
2026/08/15 19:26:47.521, 3, 1, 12377, 22.41, 30
2026/08/15 19:26:49.521, 9, 1, 12373, 21.61, 30
2026/08/15 19:26:51.522, 6, 2, 12293, 21.51, 30
2026/08/15 19:26:53.522, 27, 6, 12385, 21.64, 30
2026/08/15 19:26:55.523, 8, 1, 12309, 21.36, 30
2026/08/15 19:26:57.523, 17, 2, 12389, 21.39, 30
2026/08/15 19:26:59.524, 9, 2, 12341, 21.17, 30
2026/08/15 19:27:01.524, 19, 3, 12397, 22.08, 30
2026/08/15 19:27:03.525, 21, 2, 12341, 21.42, 30
2026/08/15 19:27:05.525, 1, 1, 12329, 21.12, 30
2026/08/15 19:27:07.526, 15, 1, 12353, 21.58, 30
2026/08/15 19:27:09.527, 8, 0, 12305, 21.70, 30
2026/08/15 19:27:11.527, 4, 1, 12385, 21.30, 30
2026/08/15 19:27:13.527, 7, 1, 12377, 21.20, 30
2026/08/15 19:27:15.528, 15, 3, 12317, 21.10, 30
2026/08/15 19:27:17.528, 22, 3, 12373, 20.76, 30
2026/08/15 19:27:19.529, 0, 0, 12389, 20.80, 30
2026/08/15 19:27:21.531, 13, 2, 12313, 20.54, 30
2026/08/15 19:27:23.531, 23, 3, 12357, 21.50, 30
2026/08/15 19:27:25.532, 17, 2, 12353, 20.87, 30
2026/08/15 19:27:27.532, 6, 2, 12397, 21.03, 30
2026/08/15 19:27:29.533, 52, 11, 12333, 21.88, 30
2026/08/15 19:27:31.533, 15, 1, 12373, 21.73, 30
2026/08/15 19:27:33.534, 13, 1, 12349, 21.81, 30
2026/08/15 19:27:35.534, 0, 0, 12365, 21.93, 30
2026/08/15 19:27:37.534, 0, 0, 12397, 21.99, 30
2026/08/15 19:27:39.535, 6, 1, 12341, 21.19, 30
2026/08/15 19:27:41.535, 5, 1, 12353, 21.71, 30
2026/08/15 19:27:43.536, 13, 2, 12365, 21.54, 30
2026/08/15 19:27:45.536, 21, 3, 12365, 21.67, 30
2026/08/15 19:27:47.537, 23, 3, 12377, 21.54, 30
2026/08/15 19:27:49.538, 10, 2, 12337, 21.78, 30
2026/08/15 19:27:51.538, 22, 3, 12377, 22.12, 30
2026/08/15 19:27:53.539, 9, 1, 12301, 21.64, 30
2026/08/15 19:27:55.540, 32, 6, 12333, 22.28, 30
2026/08/15 19:27:57.541, 31, 3, 12353, 21.84, 30
2026/08/15 19:27:59.542, 10, 2, 12385, 22.05, 30
2026/08/15 19:28:01.542, 19, 3, 12337, 21.56, 30
2026/08/15 19:28:03.543, 7, 1, 12345, 21.91, 30
2026/08/15 19:28:05.544, 15, 2, 12353, 21.78, 30
2026/08/15 19:28:07.544, 0, 0, 12345, 21.73, 30
2026/08/15 19:28:09.545, 7, 2, 12313, 21.56, 30
2026/08/15 19:28:11.545, 11, 2, 12377, 22.85, 30
2026/08/15 19:28:13.546, 4, 1, 12365, 21.67, 30
2026/08/15 19:28:15.546, 12, 1, 12361, 21.92, 30
2026/08/15 19:28:17.547, 26, 5, 12333, 22.16, 30
2026/08/15 19:28:19.547, 4, 0, 12345, 21.86, 30
2026/08/15 19:28:21.548, 20, 3, 12373, 21.71, 30
2026/08/15 19:28:23.549, 20, 4, 12389, 23.01, 30
2026/08/15 19:28:25.549, 23, 2, 12385, 21.88, 30
2026/08/15 19:28:27.550, 5, 1, 12269, 22.51, 30
2026/08/15 19:28:29.551, 2, 0, 12389, 22.68, 30
2026/08/15 19:28:31.552, 0, 0, 12345, 22.13, 29
2026/08/15 19:28:33.552, 16, 2, 12361, 21.44, 30
2026/08/15 19:28:35.553, 20, 3, 12301, 21.86, 30
2026/08/15 19:28:37.553, 0, 0, 12385, 21.94, 29
2026/08/15 19:28:39.554, 25, 3, 12353, 21.70, 29
2026/08/15 19:28:41.554, 8, 1, 12409, 21.43, 29
2026/08/15 19:28:43.555, 22, 4, 12357, 21.46, 29
2026/08/15 19:28:45.555, 1, 0, 12385, 21.89, 29
2026/08/15 19:28:47.555, 37, 10, 12393, 22.53, 30
2026/08/15 19:28:49.556, 7, 1, 12361, 22.45, 29
2026/08/15 19:28:51.556, 0, 0, 12381, 22.10, 29
2026/08/15 19:28:53.557, 9, 2, 12361, 20.86, 29
2026/08/15 19:28:55.557, 10, 3, 12385, 21.80, 29
2026/08/15 19:28:57.558, 2, 1, 12365, 21.80, 29
2026/08/15 19:28:59.558, 6, 2, 12365, 21.18, 29
2026/08/15 19:29:01.559, 2, 1, 12377, 21.38, 29
2026/08/15 19:29:03.559, 9, 0, 12361, 21.61, 29
2026/08/15 19:29:05.560, 17, 3, 12397, 22.63, 29
2026/08/15 19:29:07.560, 10, 1, 12341, 21.81, 29
2026/08/15 19:29:09.561, 9, 1, 12373, 22.10, 29
2026/08/15 19:29:11.561, 12, 2, 12361, 20.91, 29
2026/08/15 19:29:13.562, 23, 4, 12381, 22.17, 29
2026/08/15 19:29:15.562, 42, 8, 12353, 21.83, 29
2026/08/15 19:29:17.563, 15, 1, 12329, 21.02, 29
2026/08/15 19:29:19.563, 3, 0, 12397, 22.30, 29
2026/08/15 19:29:21.566, 10, 1, 12329, 21.42, 29
2026/08/15 19:29:23.567, 15, 1, 12389, 21.66, 29
2026/08/15 19:29:25.567, 5, 1, 12337, 21.39, 29
2026/08/15 19:29:27.567, 15, 1, 12385, 21.27, 29
2026/08/15 19:29:29.568, 25, 4, 12333, 21.20, 29
2026/08/15 19:29:31.568, 0, 0, 12393, 21.12, 29
2026/08/15 19:29:33.569, 6, 0, 12373, 21.02, 29
2026/08/15 19:29:35.570, 6, 1, 12349, 21.45, 29
2026/08/15 19:29:37.571, 13, 2, 12397, 21.21, 29
2026/08/15 19:29:39.571, 16, 3, 12317, 21.99, 29
2026/08/15 19:29:41.572, 22, 3, 12345, 21.86, 29
2026/08/15 19:29:43.573, 6, 0, 12373, 21.60, 29
2026/08/15 19:29:45.573, 21, 3, 12301, 21.95, 29
2026/08/15 19:29:47.574, 7, 2, 12337, 21.25, 29
2026/08/15 19:29:49.574, 0, 1, 12325, 21.08, 29
2026/08/15 19:29:51.574, 18, 2, 12353, 21.75, 29
2026/08/15 19:29:53.575, 19, 4, 12353, 21.34, 29
2026/08/15 19:29:55.575, 17, 3, 12365, 21.35, 29
2026/08/15 19:29:57.576, 19, 4, 12333, 21.13, 29
2026/08/15 19:29:59.576, 3, 0, 12309, 21.07, 29
2026/08/15 19:30:01.577, 20, 2, 12353, 22.00, 29
2026/08/15 19:30:03.577, 8, 0, 12349, 21.53, 29
2026/08/15 19:30:05.577, 21, 2, 12353, 22.08, 29
2026/08/15 19:30:07.578, 2, 0, 12385, 21.98, 29
2026/08/15 19:30:09.583, 2, 1, 12341, 20.91, 29
2026/08/15 19:30:11.583, 20, 2, 12377, 21.99, 29
2026/08/15 19:30:13.584, 6, 1, 12353, 21.72, 29
2026/08/15 19:30:15.585, 30, 3, 12341, 21.23, 29
2026/08/15 19:30:17.586, 13, 3, 12345, 21.07, 29
2026/08/15 19:30:19.586, 7, 2, 12345, 20.75, 29
2026/08/15 19:30:21.587, 11, 1, 12369, 20.71, 29
2026/08/15 19:30:23.587, 15, 3, 12345, 21.26, 29
2026/08/15 19:30:25.588, 3, 1, 12329, 20.31, 29
2026/08/15 19:30:27.589, 15, 3, 12377, 20.77, 29
2026/08/15 19:30:29.589, 13, 2, 12321, 20.98, 29
2026/08/15 19:30:31.590, 18, 2, 12353, 20.35, 29
2026/08/15 19:30:33.591, 9, 2, 12377, 21.74, 29
2026/08/15 19:30:35.591, 0, 0, 12349, 20.95, 29
2026/08/15 19:30:37.592, 3, 1, 12353, 20.80, 29
2026/08/15 19:30:39.592, 0, 0, 12385, 21.12, 29
2026/08/15 19:30:41.593, 0, 0, 12301, 21.81, 29
2026/08/15 19:30:43.594, 21, 3, 12365, 21.69, 29
2026/08/15 19:30:45.594, 0, 0, 12353, 21.73, 29
2026/08/15 19:30:47.594, 3, 0, 12361, 21.53, 29
2026/08/15 19:30:49.595, 22, 4, 12345, 22.14, 29
2026/08/15 19:30:51.595, 24, 3, 12353, 21.91, 29
2026/08/15 19:30:53.596, 15, 1, 12377, 22.29, 29
2026/08/15 19:30:55.597, 22, 5, 12357, 21.87, 29
2026/08/15 19:30:57.597, 19, 4, 12377, 22.18, 29
2026/08/15 19:30:59.598, 7, 2, 12365, 21.56, 29
2026/08/15 19:31:01.598, 10, 2, 12345, 21.45, 29
2026/08/15 19:31:03.598, 21, 5, 12329, 22.19, 29
2026/08/15 19:31:05.599, 19, 3, 12353, 21.74, 29
2026/08/15 19:31:07.600, 15, 1, 12313, 21.63, 29
2026/08/15 19:31:09.601, 11, 2, 12385, 21.69, 29
2026/08/15 19:31:11.609, 0, 0, 12349, 21.50, 29
2026/08/15 19:31:13.610, 5, 1, 12353, 21.20, 29
2026/08/15 19:31:15.610, 0, 0, 12325, 21.80, 29
2026/08/15 19:31:17.610, 7, 1, 12365, 21.44, 29
2026/08/15 19:31:19.613, 0, 0, 12373, 21.56, 29
2026/08/15 19:31:21.613, 0, 0, 12353, 21.67, 29
2026/08/15 19:31:23.613, 2, 0, 12349, 21.71, 29
2026/08/15 19:31:25.614, 33, 6, 12361, 21.65, 29
2026/08/15 19:31:27.615, 0, 0, 12349, 21.52, 29
2026/08/15 19:31:29.615, 8, 1, 12361, 21.94, 29
2026/08/15 19:31:31.616, 13, 2, 12341, 22.35, 29
2026/08/15 19:31:33.616, 17, 3, 12333, 22.25, 29
2026/08/15 19:31:35.617, 20, 2, 12373, 21.22, 29
2026/08/15 19:31:37.617, 3, 2, 12333, 21.66, 29
2026/08/15 19:31:39.617, 16, 3, 12385, 21.99, 29
2026/08/15 19:31:41.618, 6, 1, 12377, 21.66, 29
2026/08/15 19:31:43.619, 16, 1, 12349, 21.18, 29
2026/08/15 19:31:45.619, 14, 2, 12333, 21.10, 29
2026/08/15 19:31:47.620, 10, 2, 12345, 21.41, 29
2026/08/15 19:31:49.621, 7, 1, 12345, 21.10, 29
2026/08/15 19:31:51.621, 5, 2, 12345, 21.13, 29
2026/08/15 19:31:53.622, 3, 1, 12341, 21.77, 29
2026/08/15 19:31:55.625, 19, 2, 12353, 22.10, 29
2026/08/15 19:31:57.626, 14, 1, 12333, 22.12, 29
2026/08/15 19:31:59.627, 0, 0, 12353, 21.81, 29
2026/08/15 19:32:01.628, 19, 3, 12373, 22.38, 29
2026/08/15 19:32:03.628, 5, 1, 12385, 22.11, 29
2026/08/15 19:32:05.629, 0, 0, 12329, 22.20, 29
2026/08/15 19:32:07.630, 31, 6, 12357, 22.84, 29
2026/08/15 19:32:09.633, 13, 2, 12341, 21.91, 29
2026/08/15 19:32:11.634, 11, 1, 12377, 22.78, 29
2026/08/15 19:32:13.634, 1, 1, 12353, 22.48, 29
2026/08/15 19:32:15.635, 16, 2, 12365, 22.77, 29
2026/08/15 19:32:17.635, 10, 1, 12337, 22.35, 29
2026/08/15 19:32:19.635, 24, 5, 12377, 22.26, 29
2026/08/15 19:32:21.636, 36, 3, 12325, 22.47, 29
2026/08/15 19:32:23.637, 43, 9, 12361, 22.94, 29
2026/08/15 19:32:25.637, 31, 5, 12333, 22.10, 29
2026/08/15 19:32:27.638, 7, 0, 12349, 22.28, 29
2026/08/15 19:32:29.639, 17, 1, 12365, 22.26, 29
2026/08/15 19:32:31.640, 10, 1, 12317, 21.58, 29
2026/08/15 19:32:33.641, 6, 2, 12377, 22.78, 29
2026/08/15 19:32:35.646, 8, 2, 12329, 22.26, 29
2026/08/15 19:32:37.646, 21, 3, 12373, 22.30, 29
2026/08/15 19:32:39.647, 7, 1, 12329, 22.17, 29
2026/08/15 19:32:41.651, 4, 0, 12365, 22.32, 29
2026/08/15 19:32:43.652, 25, 3, 12321, 21.64, 29
2026/08/15 19:32:45.652, 8, 2, 12373, 21.88, 29
2026/08/15 19:32:47.652, 3, 1, 12317, 21.34, 29
2026/08/15 19:32:49.653, 17, 2, 12401, 22.92, 29
2026/08/15 19:32:51.654, 11, 2, 12357, 21.11, 29
2026/08/15 19:32:53.654, 30, 5, 12401, 21.21, 29
2026/08/15 19:32:55.655, 14, 2, 12377, 21.08, 29
2026/08/15 19:32:57.655, 12, 1, 12337, 21.59, 29
2026/08/15 19:32:59.656, 20, 3, 12381, 21.86, 29
2026/08/15 19:33:01.657, 18, 2, 12341, 20.95, 29
2026/08/15 19:33:03.657, 10, 2, 12357, 21.63, 29
2026/08/15 19:33:05.658, 26, 3, 12353, 22.05, 29
2026/08/15 19:33:07.662, 0, 0, 12341, 21.93, 29
2026/08/15 19:33:09.663, 7, 1, 12349, 21.96, 29
2026/08/15 19:33:11.663, 14, 3, 12345, 22.12, 29
2026/08/15 19:33:13.664, 27, 4, 12381, 21.42, 29
2026/08/15 19:33:15.665, 18, 2, 12305, 21.57, 29
2026/08/15 19:33:17.665, 0, 0, 12349, 21.29, 29
2026/08/15 19:33:19.666, 21, 4, 12345, 21.90, 29
2026/08/15 19:33:21.666, 36, 5, 12361, 21.92, 29
2026/08/15 19:33:23.667, 3, 0, 12389, 21.07, 29
2026/08/15 19:33:25.667, 18, 2, 12373, 21.72, 29
2026/08/15 19:33:27.668, 27, 2, 12329, 21.68, 29
2026/08/15 19:33:29.668, 3, 0, 12373, 21.76, 29
2026/08/15 19:33:31.669, 9, 1, 12293, 21.72, 29
2026/08/15 19:33:33.669, 3, 0, 12409, 21.20, 29
2026/08/15 19:33:35.671, 0, 0, 12349, 21.06, 29
2026/08/15 19:33:37.672, 9, 1, 12373, 21.36, 29
2026/08/15 19:33:39.672, 11, 2, 12421, 21.39, 29
2026/08/15 19:33:41.673, 3, 1, 12389, 21.93, 29
2026/08/15 19:33:43.673, 4, 1, 12353, 21.11, 29
2026/08/15 19:33:45.673, 22, 3, 12369, 21.62, 29
2026/08/15 19:33:47.676, 20, 2, 12365, 21.29, 29
2026/08/15 19:33:49.677, 0, 0, 12389, 22.02, 29
2026/08/15 19:33:51.677, 16, 2, 12353, 21.72, 29
2026/08/15 19:33:53.678, 11, 1, 12361, 21.91, 29
2026/08/15 19:33:55.678, 12, 2, 12333, 21.16, 29
2026/08/15 19:33:57.679, 2, 0, 12361, 21.19, 29
2026/08/15 19:33:59.679, 9, 1, 12373, 21.69, 29
2026/08/15 19:34:01.680, 10, 1, 12341, 21.19, 29
2026/08/15 19:34:03.680, 8, 1, 12365, 21.64, 29
2026/08/15 19:34:05.681, 18, 2, 12329, 21.21, 29
2026/08/15 19:34:07.681, 27, 4, 12377, 22.16, 29
2026/08/15 19:34:09.682, 15, 2, 12317, 21.74, 29
2026/08/15 19:34:11.682, 4, 0, 12385, 22.15, 29
2026/08/15 19:34:13.683, 44, 6, 12353, 21.65, 29
2026/08/15 19:34:15.683, 7, 1, 12333, 22.16, 29
2026/08/15 19:34:17.684, 3, 1, 12361, 22.03, 29
2026/08/15 19:34:19.685, 26, 3, 12385, 21.31, 29
2026/08/15 19:34:21.686, 31, 5, 12341, 21.91, 29
2026/08/15 19:34:23.687, 3, 2, 12353, 22.27, 29
2026/08/15 19:34:25.687, 11, 1, 12341, 21.32, 29
2026/08/15 19:34:27.688, 11, 2, 12357, 22.04, 29
2026/08/15 19:34:29.689, 15, 1, 12341, 21.46, 29
2026/08/15 19:34:31.690, 10, 1, 12321, 20.80, 29
2026/08/15 19:34:33.690, 11, 2, 12365, 21.59, 29
2026/08/15 19:34:35.690, 3, 0, 12333, 21.42, 29
2026/08/15 19:34:37.691, 25, 4, 12365, 21.90, 29
2026/08/15 19:34:39.691, 0, 0, 12309, 21.66, 29
2026/08/15 19:34:41.692, 19, 2, 12385, 21.51, 29
2026/08/15 19:34:43.693, 8, 2, 12353, 23.19, 29
2026/08/15 19:34:45.693, 16, 2, 12345, 22.08, 29
2026/08/15 19:34:47.694, 5, 1, 12333, 21.63, 29
2026/08/15 19:34:49.695, 10, 1, 12365, 22.11, 29
2026/08/15 19:34:51.696, 15, 1, 12377, 21.79, 29
2026/08/15 19:34:53.696, 19, 3, 12361, 22.13, 29
2026/08/15 19:34:55.697, 30, 4, 12317, 21.92, 29
2026/08/15 19:34:57.697, 1, 1, 12353, 22.34, 29
2026/08/15 19:34:59.698, 15, 1, 12341, 22.33, 29
2026/08/15 19:35:01.698, 6, 1, 12353, 22.02, 29
2026/08/15 19:35:03.699, 11, 1, 12345, 22.24, 29
2026/08/15 19:35:05.700, 9, 1, 12357, 21.36, 29
2026/08/15 19:35:07.700, 6, 1, 12381, 22.01, 29
2026/08/15 19:35:09.701, 9, 1, 12325, 22.17, 29
2026/08/15 19:35:11.701, 34, 6, 12385, 23.03, 29
2026/08/15 19:35:13.701, 0, 1, 12329, 21.59, 29
2026/08/15 19:35:15.702, 5, 0, 12365, 22.94, 29
2026/08/15 19:35:17.702, 11, 1, 12357, 21.70, 29
2026/08/15 19:35:19.703, 27, 4, 12361, 21.62, 29
2026/08/15 19:35:21.703, 12, 1, 12417, 22.11, 29
2026/08/15 19:35:23.704, 19, 2, 12353, 21.30, 29
2026/08/15 19:35:25.704, 7, 1, 12337, 22.04, 29
2026/08/15 19:35:27.705, 8, 2, 12353, 21.89, 29
2026/08/15 19:35:29.705, 15, 1, 12345, 21.32, 29
2026/08/15 19:35:31.705, 11, 2, 12385, 21.59, 29
2026/08/15 19:35:33.706, 0, 0, 12321, 21.28, 29
2026/08/15 19:35:35.707, 15, 3, 12373, 21.68, 29
2026/08/15 19:35:37.707, 13, 2, 12321, 21.41, 29
2026/08/15 19:35:39.708, 6, 0, 12405, 21.59, 29
2026/08/15 19:35:41.708, 7, 1, 12361, 21.74, 29
2026/08/15 19:35:43.709, 18, 2, 12385, 22.31, 29
2026/08/15 19:35:45.709, 8, 1, 12345, 22.46, 29
2026/08/15 19:35:47.710, 6, 0, 12353, 21.55, 29
2026/08/15 19:35:49.711, 10, 2, 12325, 21.89, 29
2026/08/15 19:35:51.712, 21, 3, 12393, 21.63, 29
2026/08/15 19:35:53.714, 27, 2, 12345, 21.80, 29
2026/08/15 19:35:55.715, 3, 1, 12365, 21.02, 29
2026/08/15 19:35:57.715, 5, 0, 12349, 22.19, 29
2026/08/15 19:35:59.716, 24, 3, 12361, 21.92, 29
2026/08/15 19:36:01.717, 0, 0, 12345, 21.72, 29
2026/08/15 19:36:03.717, 0, 0, 12329, 21.45, 29
2026/08/15 19:36:05.718, 30, 5, 12377, 22.24, 29
2026/08/15 19:36:07.718, 3, 1, 12329, 20.87, 29
2026/08/15 19:36:09.719, 3, 1, 12385, 21.62, 29
2026/08/15 19:36:11.721, 17, 1, 12353, 21.50, 29
2026/08/15 19:36:13.722, 2, 0, 12353, 22.19, 29
2026/08/15 19:36:15.726, 3, 1, 12373, 21.13, 29
2026/08/15 19:36:17.727, 24, 3, 12333, 22.31, 29
2026/08/15 19:36:19.727, 18, 3, 12333, 21.83, 29
2026/08/15 19:36:21.727, 2, 1, 12305, 21.55, 29
2026/08/15 19:36:23.728, 8, 2, 12369, 21.73, 29
2026/08/15 19:36:25.729, 3, 1, 12333, 21.56, 29
2026/08/15 19:36:27.729, 25, 5, 12353, 22.15, 29
2026/08/15 19:36:29.730, 14, 1, 12385, 21.93, 29
2026/08/15 19:36:31.730, 10, 1, 12321, 21.06, 29
2026/08/15 19:36:33.731, 8, 1, 12329, 20.93, 29
2026/08/15 19:36:35.731, 4, 2, 12365, 21.90, 29
2026/08/15 19:36:37.732, 9, 1, 12329, 21.70, 29
2026/08/15 19:36:39.732, 14, 1, 12317, 22.13, 29
2026/08/15 19:36:41.733, 17, 2, 12333, 22.24, 29
2026/08/15 19:36:43.733, 26, 3, 12373, 22.06, 29
2026/08/15 19:36:45.734, 11, 1, 12345, 22.26, 30
2026/08/15 19:36:47.734, 20, 3, 12357, 21.94, 30
2026/08/15 19:36:49.735, 8, 1, 12349, 21.63, 30
2026/08/15 19:36:51.735, 0, 0, 12365, 21.95, 30
2026/08/15 19:36:53.736, 10, 1, 12373, 21.50, 30
2026/08/15 19:36:55.736, 4, 1, 12337, 21.15, 30
2026/08/15 19:36:57.737, 19, 2, 12373, 21.24, 30
2026/08/15 19:36:59.737, 31, 3, 12321, 21.26, 30
2026/08/15 19:37:01.737, 23, 4, 12385, 21.63, 30
2026/08/15 19:37:03.738, 25, 5, 12337, 22.02, 30
2026/08/15 19:37:05.744, 13, 2, 12341, 21.36, 30
2026/08/15 19:37:07.745, 7, 1, 12397, 22.11, 30
2026/08/15 19:37:09.746, 0, 0, 12357, 20.51, 30
2026/08/15 19:37:11.746, 2, 1, 12301, 21.08, 30
2026/08/15 19:37:13.747, 0, 0, 12317, 22.18, 30
2026/08/15 19:37:15.747, 5, 0, 12377, 21.94, 30
2026/08/15 19:37:17.748, 0, 0, 12385, 22.79, 30
2026/08/15 19:37:19.748, 2, 1, 12317, 21.88, 30
2026/08/15 19:37:21.749, 18, 3, 12385, 22.49, 30
2026/08/15 19:37:23.749, 4, 0, 12353, 21.70, 30
2026/08/15 19:37:25.750, 5, 1, 12313, 21.35, 30
2026/08/15 19:37:27.751, 34, 6, 12345, 22.37, 30
2026/08/15 19:37:29.751, 8, 1, 12361, 22.36, 30
2026/08/15 19:37:31.752, 27, 4, 12333, 21.54, 30
2026/08/15 19:37:33.753, 18, 2, 12385, 22.01, 30
2026/08/15 19:37:35.754, 10, 2, 12341, 20.92, 30
2026/08/15 19:37:37.755, 0, 0, 12353, 21.51, 30
2026/08/15 19:37:39.755, 0, 0, 12365, 20.99, 30
2026/08/15 19:37:41.760, 7, 1, 12341, 21.54, 30
2026/08/15 19:37:43.761, 25, 3, 12385, 21.85, 30
2026/08/15 19:37:45.761, 22, 3, 12349, 21.30, 30
2026/08/15 19:37:47.762, 0, 0, 12337, 21.98, 30
2026/08/15 19:37:49.762, 16, 2, 12341, 21.60, 30
2026/08/15 19:37:51.763, 14, 0, 12365, 22.68, 30
2026/08/15 19:37:53.763, 12, 0, 12321, 21.76, 30
2026/08/15 19:37:55.763, 24, 4, 12365, 21.74, 30
2026/08/15 19:37:57.764, 32, 4, 12341, 21.45, 30
2026/08/15 19:37:59.765, 0, 0, 12333, 21.47, 30
2026/08/15 19:38:01.766, 8, 1, 12353, 22.36, 30
2026/08/15 19:38:03.766, 27, 3, 12361, 21.77, 30
2026/08/15 19:38:05.767, 14, 1, 12341, 21.84, 30
2026/08/15 19:38:07.767, 27, 4, 12361, 22.19, 30
2026/08/15 19:38:09.768, 14, 2, 12361, 22.26, 30
2026/08/15 19:38:11.768, 11, 1, 12385, 21.75, 30
2026/08/15 19:38:13.769, 5, 2, 12305, 21.66, 30
2026/08/15 19:38:15.769, 0, 0, 12341, 21.66, 30
2026/08/15 19:38:17.770, 12, 3, 12345, 21.84, 30
2026/08/15 19:38:19.771, 4, 0, 12349, 22.40, 30
2026/08/15 19:38:21.771, 39, 8, 12365, 22.28, 30
2026/08/15 19:38:23.772, 21, 3, 12333, 21.85, 30
2026/08/15 19:38:25.772, 6, 1, 12373, 22.28, 30
2026/08/15 19:38:27.773, 16, 1, 12385, 22.51, 30
2026/08/15 19:38:29.774, 26, 4, 12333, 22.05, 30
2026/08/15 19:38:31.774, 14, 0, 12349, 22.10, 30
2026/08/15 19:38:33.775, 12, 1, 12397, 21.84, 30
2026/08/15 19:38:35.776, 11, 3, 12341, 21.05, 30
2026/08/15 19:38:37.776, 4, 1, 12365, 22.03, 30
2026/08/15 19:38:39.777, 32, 4, 12365, 22.18, 30
2026/08/15 19:38:41.777, 7, 1, 12345, 21.50, 30
2026/08/15 19:38:43.778, 35, 7, 12377, 21.23, 30
2026/08/15 19:38:45.779, 9, 1, 12333, 21.07, 30
2026/08/15 19:38:47.780, 42, 7, 12365, 21.71, 30
2026/08/15 19:38:49.780, 3, 1, 12289, 21.12, 30
2026/08/15 19:38:51.780, 12, 1, 12345, 22.23, 30
2026/08/15 19:38:53.781, 9, 1, 12365, 21.31, 30
2026/08/15 19:38:55.782, 4, 1, 12321, 20.87, 30
2026/08/15 19:38:57.782, 13, 2, 12385, 22.07, 31
2026/08/15 19:38:59.783, 0, 0, 12313, 21.45, 30
2026/08/15 19:39:01.783, 8, 1, 12357, 22.33, 30
2026/08/15 19:39:03.788, 12, 1, 12349, 22.44, 31
2026/08/15 19:39:05.789, 6, 0, 12373, 21.99, 31
2026/08/15 19:39:07.789, 23, 2, 12365, 22.37, 31
2026/08/15 19:39:09.790, 0, 0, 12333, 22.30, 31
2026/08/15 19:39:11.790, 0, 0, 12349, 22.23, 31
2026/08/15 19:39:13.791, 18, 3, 12365, 22.45, 31
2026/08/15 19:39:15.792, 0, 0, 12309, 22.39, 31
2026/08/15 19:39:17.792, 24, 2, 12361, 22.38, 31
2026/08/15 19:39:19.793, 12, 1, 12333, 22.04, 31
2026/08/15 19:39:21.793, 14, 3, 12373, 21.95, 31
2026/08/15 19:39:23.793, 2, 1, 12353, 21.62, 31
2026/08/15 19:39:25.794, 2, 1, 12341, 22.08, 31
2026/08/15 19:39:27.794, 26, 5, 12373, 23.20, 31
2026/08/15 19:39:29.795, 14, 1, 12329, 22.27, 31
2026/08/15 19:39:31.796, 12, 2, 12397, 21.85, 31
2026/08/15 19:39:33.797, 9, 1, 12329, 22.73, 31
2026/08/15 19:39:35.797, 15, 1, 12385, 22.59, 31
2026/08/15 19:39:37.797, 5, 1, 12321, 22.20, 31
2026/08/15 19:39:39.798, 9, 1, 12385, 22.09, 31
2026/08/15 19:39:41.799, 11, 1, 12333, 21.83, 31
2026/08/15 19:39:43.799, 0, 1, 12341, 22.41, 31
2026/08/15 19:39:45.800, 10, 1, 12377, 21.36, 31
2026/08/15 19:39:47.801, 9, 1, 12373, 21.57, 31
2026/08/15 19:39:49.802, 0, 0, 12353, 21.88, 31
2026/08/15 19:39:51.802, 19, 2, 12373, 21.57, 31
2026/08/15 19:39:53.803, 4, 1, 12333, 21.89, 31
2026/08/15 19:39:55.803, 8, 2, 12365, 21.32, 31
2026/08/15 19:39:57.804, 0, 0, 12333, 22.23, 31
2026/08/15 19:39:59.804, 5, 1, 12345, 22.59, 31
2026/08/15 19:40:01.805, 0, 0, 12361, 21.40, 31
2026/08/15 19:40:03.805, 13, 3, 12353, 21.70, 31
2026/08/15 19:40:05.806, 24, 5, 12425, 22.86, 31
2026/08/15 19:40:07.806, 13, 2, 12341, 21.86, 31
2026/08/15 19:40:09.806, 14, 2, 12337, 21.84, 31
2026/08/15 19:40:11.807, 5, 1, 12341, 22.04, 31
2026/08/15 19:40:13.807, 11, 1, 12349, 23.00, 31
2026/08/15 19:40:15.808, 6, 2, 12361, 21.49, 31
2026/08/15 19:40:17.808, 18, 3, 12337, 22.60, 31
2026/08/15 19:40:19.809, 7, 1, 12345, 23.37, 31
2026/08/15 19:40:21.813, 9, 2, 12361, 21.51, 31
2026/08/15 19:40:23.814, 6, 1, 12361, 22.74, 31
2026/08/15 19:40:25.814, 17, 2, 12353, 22.47, 31
2026/08/15 19:40:27.815, 41, 8, 12333, 22.07, 31
2026/08/15 19:40:29.815, 11, 2, 12337, 21.88, 31
2026/08/15 19:40:31.815, 7, 1, 12373, 22.00, 31
2026/08/15 19:40:33.816, 28, 3, 12373, 22.22, 31
2026/08/15 19:40:35.816, 5, 1, 12385, 22.18, 31
2026/08/15 19:40:37.817, 2, 1, 12353, 22.17, 31
2026/08/15 19:40:39.817, 19, 3, 12397, 21.98, 31
2026/08/15 19:40:41.818, 19, 5, 12353, 22.07, 31
2026/08/15 19:40:43.818, 4, 1, 12361, 22.55, 31
2026/08/15 19:40:45.819, 8, 1, 12401, 21.54, 31
2026/08/15 19:40:47.820, 15, 1, 12341, 22.33, 31
2026/08/15 19:40:49.820, 22, 4, 12365, 22.05, 31
2026/08/15 19:40:51.821, 6, 1, 12373, 22.79, 31
2026/08/15 19:40:53.821, 3, 1, 12345, 21.67, 31
2026/08/15 19:40:55.822, 13, 1, 12345, 22.33, 31
2026/08/15 19:40:57.822, 12, 1, 12357, 22.21, 31
2026/08/15 19:40:59.823, 10, 1, 12337, 21.00, 31
2026/08/15 19:41:01.823, 5, 1, 12365, 22.02, 31
2026/08/15 19:41:03.827, 11, 2, 12361, 22.58, 31
2026/08/15 19:41:05.828, 15, 1, 12365, 22.08, 31
2026/08/15 19:41:07.828, 13, 2, 12345, 21.22, 31
2026/08/15 19:41:09.828, 18, 3, 12341, 21.57, 31
2026/08/15 19:41:11.829, 7, 2, 12357, 21.82, 31
2026/08/15 19:41:13.832, 13, 3, 12321, 20.91, 31
2026/08/15 19:41:15.833, 27, 3, 12333, 21.27, 31
2026/08/15 19:41:17.833, 17, 3, 12353, 21.76, 31
2026/08/15 19:41:19.833, 9, 1, 12341, 21.43, 31
2026/08/15 19:41:21.834, 4, 0, 12377, 21.19, 31
2026/08/15 19:41:23.834, 0, 0, 12341, 21.21, 31
2026/08/15 19:41:25.835, 0, 0, 12385, 21.63, 31
2026/08/15 19:41:27.835, 10, 2, 12373, 21.57, 31
2026/08/15 19:41:29.836, 1, 1, 12313, 21.26, 31
2026/08/15 19:41:31.837, 10, 1, 12385, 22.15, 31
2026/08/15 19:41:33.837, 6, 0, 12329, 21.63, 31
2026/08/15 19:41:35.838, 4, 1, 12377, 21.90, 31
2026/08/15 19:41:37.838, 36, 6, 12333, 22.18, 31
2026/08/15 19:41:39.839, 22, 2, 12341, 21.78, 31
2026/08/15 19:41:41.840, 17, 2, 12353, 21.79, 31
2026/08/15 19:41:43.840, 0, 0, 12385, 21.38, 31
2026/08/15 19:41:45.841, 30, 4, 12341, 21.61, 31
2026/08/15 19:41:47.841, 26, 4, 12377, 22.25, 32
2026/08/15 19:41:49.842, 7, 1, 12341, 21.67, 32
2026/08/15 19:41:51.842, 19, 4, 12365, 22.20, 32
2026/08/15 19:41:53.843, 0, 0, 12357, 21.18, 32
2026/08/15 19:41:55.843, 5, 1, 12341, 21.64, 32
2026/08/15 19:41:57.844, 12, 1, 12345, 22.27, 32
2026/08/15 19:41:59.844, 6, 1, 12349, 21.68, 32
2026/08/15 19:42:01.845, 34, 5, 12353, 22.48, 32
2026/08/15 19:42:03.845, 25, 3, 12333, 21.81, 32
2026/08/15 19:42:05.846, 10, 1, 12361, 21.89, 32
2026/08/15 19:42:07.846, 22, 3, 12365, 21.89, 32
2026/08/15 19:42:09.848, 8, 2, 12349, 21.64, 32
2026/08/15 19:42:11.849, 14, 2, 12333, 22.42, 32
2026/08/15 19:42:13.849, 8, 1, 12373, 21.97, 32
2026/08/15 19:42:15.850, 22, 3, 12369, 21.81, 32
2026/08/15 19:42:17.851, 30, 4, 12353, 22.48, 32
2026/08/15 19:42:19.852, 37, 4, 12333, 22.63, 32
2026/08/15 19:42:21.852, 6, 1, 12377, 22.66, 32
2026/08/15 19:42:23.857, 14, 3, 12321, 22.42, 32
2026/08/15 19:42:25.857, 15, 3, 12365, 22.56, 32
2026/08/15 19:42:27.858, 7, 0, 12365, 22.78, 32
2026/08/15 19:42:29.860, 4, 1, 12349, 21.63, 32
2026/08/15 19:42:31.860, 14, 2, 12345, 22.66, 32
2026/08/15 19:42:33.861, 17, 3, 12345, 23.01, 32
2026/08/15 19:42:35.861, 4, 0, 12349, 21.72, 32
2026/08/15 19:42:37.862, 10, 1, 12385, 22.51, 32
2026/08/15 19:42:39.863, 3, 0, 12309, 21.60, 32
2026/08/15 19:42:41.863, 8, 1, 12365, 23.07, 32
2026/08/15 19:42:43.864, 29, 4, 12409, 22.58, 32
2026/08/15 19:42:45.864, 5, 1, 12301, 21.60, 32
2026/08/15 19:42:47.865, 9, 2, 12397, 22.34, 32
2026/08/15 19:42:49.865, 10, 1, 12365, 22.09, 32
2026/08/15 19:42:51.866, 30, 6, 12373, 22.17, 32
2026/08/15 19:42:53.867, 16, 2, 12381, 21.92, 32
2026/08/15 19:42:55.867, 0, 0, 12333, 21.47, 32
2026/08/15 19:42:57.868, 23, 3, 12373, 22.68, 32
2026/08/15 19:42:59.868, 9, 1, 12357, 22.25, 32
2026/08/15 19:43:01.869, 12, 2, 12345, 21.90, 32
2026/08/15 19:43:03.869, 11, 1, 12377, 22.32, 32
2026/08/15 19:43:05.870, 4, 1, 12353, 21.74, 32
2026/08/15 19:43:07.870, 16, 2, 12357, 21.87, 32
2026/08/15 19:43:09.871, 15, 2, 12329, 21.98, 32
2026/08/15 19:43:11.872, 13, 2, 12357, 22.46, 32
2026/08/15 19:43:13.873, 19, 2, 12353, 22.39, 32
2026/08/15 19:43:15.874, 6, 1, 12365, 22.31, 32
2026/08/15 19:43:17.874, 14, 2, 12369, 21.84, 32
2026/08/15 19:43:19.875, 18, 1, 12333, 21.74, 32
2026/08/15 19:43:21.875, 8, 0, 12373, 22.48, 32
2026/08/15 19:43:23.876, 24, 3, 12385, 21.81, 32
2026/08/15 19:43:25.876, 19, 1, 12417, 22.12, 32
2026/08/15 19:43:27.877, 26, 2, 12337, 21.77, 32
2026/08/15 19:43:29.878, 0, 0, 12389, 21.53, 32
2026/08/15 19:43:31.878, 18, 2, 12301, 22.22, 32
2026/08/15 19:43:33.882, 9, 1, 12373, 21.43, 32
2026/08/15 19:43:35.883, 24, 4, 12325, 22.49, 32
2026/08/15 19:43:37.883, 10, 2, 12381, 21.78, 32
2026/08/15 19:43:39.884, 3, 0, 12393, 22.36, 32
2026/08/15 19:43:41.885, 28, 4, 12349, 22.35, 32
2026/08/15 19:43:43.886, 6, 0, 12385, 21.89, 32
2026/08/15 19:43:45.889, 13, 2, 12325, 21.20, 32
2026/08/15 19:43:47.890, 29, 5, 12405, 22.46, 32
2026/08/15 19:43:49.890, 2, 1, 12309, 21.41, 32
2026/08/15 19:43:51.890, 8, 1, 12417, 22.54, 32
2026/08/15 19:43:53.891, 2, 1, 12309, 21.28, 32
2026/08/15 19:43:55.891, 24, 4, 12393, 21.86, 32
2026/08/15 19:43:57.892, 13, 1, 12341, 21.86, 32
2026/08/15 19:43:59.892, 15, 1, 12381, 21.78, 32
2026/08/15 19:44:01.892, 10, 2, 12373, 21.94, 32
2026/08/15 19:44:03.894, 6, 1, 12341, 21.17, 32
2026/08/15 19:44:05.894, 0, 0, 12349, 22.05, 32
2026/08/15 19:44:07.895, 3, 0, 12341, 21.53, 32
2026/08/15 19:44:09.895, 17, 3, 12377, 22.22, 32
2026/08/15 19:44:11.896, 22, 3, 12317, 21.73, 32
2026/08/15 19:44:13.897, 64, 15, 12365, 22.85, 32
2026/08/15 19:44:15.897, 46, 5, 12321, 21.62, 32
2026/08/15 19:44:17.898, 4, 2, 12325, 22.36, 32
2026/08/15 19:44:19.900, 22, 3, 12361, 22.30, 32
2026/08/15 19:44:21.901, 30, 3, 12341, 22.75, 32
2026/08/15 19:44:23.901, 3, 0, 12345, 22.26, 32
2026/08/15 19:44:25.901, 0, 0, 12397, 21.78, 32
2026/08/15 19:44:27.902, 0, 1, 12341, 21.38, 32
2026/08/15 19:44:29.902, 17, 1, 12365, 22.27, 32
2026/08/15 19:44:31.903, 4, 1, 12333, 22.11, 32
2026/08/15 19:44:33.903, 4, 0, 12341, 21.83, 32
2026/08/15 19:44:35.904, 26, 3, 12353, 22.14, 32
2026/08/15 19:44:37.905, 23, 3, 12333, 22.40, 32
2026/08/15 19:44:39.907, 3, 1, 12353, 21.68, 32
2026/08/15 19:44:41.908, 8, 2, 12393, 21.99, 32
2026/08/15 19:44:43.908, 16, 2, 12337, 21.59, 32
2026/08/15 19:44:45.910, 12, 2, 12373, 21.82, 32
2026/08/15 19:44:47.910, 8, 1, 12337, 21.89, 32
2026/08/15 19:44:49.911, 13, 3, 12345, 21.09, 32
2026/08/15 19:44:51.911, 30, 7, 12385, 21.46, 32
2026/08/15 19:44:53.912, 1, 1, 12321, 21.74, 32
2026/08/15 19:44:55.912, 0, 0, 12373, 22.62, 32
2026/08/15 19:44:57.913, 7, 1, 12341, 22.12, 32
2026/08/15 19:44:59.914, 6, 1, 12369, 21.32, 32
2026/08/15 19:45:01.918, 14, 3, 12345, 21.64, 32
2026/08/15 19:45:03.919, 32, 5, 12361, 21.61, 32
2026/08/15 19:45:05.919, 4, 1, 12333, 20.97, 32
2026/08/15 19:45:07.920, 5, 1, 12365, 21.56, 32
2026/08/15 19:45:09.926, 16, 2, 12353, 21.73, 32
2026/08/15 19:45:11.927, 24, 2, 12341, 21.73, 32
2026/08/15 19:45:13.927, 31, 6, 12385, 22.01, 32
2026/08/15 19:45:15.927, 5, 1, 12321, 21.86, 32
2026/08/15 19:45:17.928, 15, 2, 12353, 21.87, 32
2026/08/15 19:45:19.934, 6, 0, 12329, 21.31, 32
2026/08/15 19:45:21.935, 31, 6, 12389, 22.28, 32
2026/08/15 19:45:23.936, 21, 2, 12325, 20.99, 32
2026/08/15 19:45:25.937, 0, 0, 12369, 22.11, 32
2026/08/15 19:45:27.937, 19, 1, 12361, 21.74, 32
2026/08/15 19:45:29.938, 0, 0, 12341, 22.13, 32
2026/08/15 19:45:31.938, 13, 2, 12365, 22.08, 32
2026/08/15 19:45:33.939, 15, 3, 12361, 22.26, 32
2026/08/15 19:45:35.939, 14, 2, 12341, 21.54, 32
2026/08/15 19:45:37.940, 5, 1, 12341, 20.82, 32
2026/08/15 19:45:39.942, 13, 2, 12421, 22.07, 31
2026/08/15 19:45:41.942, 0, 0, 12349, 21.58, 31
2026/08/15 19:45:43.943, 15, 4, 12361, 22.47, 31
2026/08/15 19:45:45.944, 15, 2, 12409, 22.16, 31
2026/08/15 19:45:47.945, 9, 2, 12329, 21.41, 31
2026/08/15 19:45:49.945, 21, 2, 12353, 22.45, 31
2026/08/15 19:45:51.946, 19, 2, 12353, 22.50, 31
2026/08/15 19:45:53.946, 0, 1, 12341, 22.07, 31
2026/08/15 19:45:55.947, 12, 2, 12385, 21.78, 31
2026/08/15 19:45:57.947, 7, 2, 12377, 21.70, 31
2026/08/15 19:45:59.948, 9, 3, 12313, 21.46, 31
2026/08/15 19:46:01.948, 3, 1, 12345, 22.37, 31
2026/08/15 19:46:03.949, 3, 1, 12369, 21.77, 31
2026/08/15 19:46:05.951, 16, 3, 12321, 21.52, 31
2026/08/15 19:46:07.952, 13, 1, 12369, 22.58, 31
2026/08/15 19:46:09.952, 10, 2, 12357, 22.71, 31
2026/08/15 19:46:11.954, 0, 0, 12333, 21.06, 31
2026/08/15 19:46:13.954, 20, 3, 12381, 21.85, 31
2026/08/15 19:46:15.959, 6, 1, 12389, 21.66, 31
2026/08/15 19:46:17.960, 7, 0, 12385, 22.27, 31
2026/08/15 19:46:19.960, 7, 1, 12397, 21.51, 31
2026/08/15 19:46:21.961, 9, 2, 12381, 22.39, 31
2026/08/15 19:46:23.961, 12, 1, 12373, 22.32, 31
2026/08/15 19:46:25.962, 27, 6, 12317, 21.78, 31
2026/08/15 19:46:27.963, 16, 3, 12385, 21.50, 31
2026/08/15 19:46:29.963, 0, 1, 12337, 20.97, 31
2026/08/15 19:46:31.963, 6, 2, 12361, 21.32, 31
2026/08/15 19:46:33.964, 7, 1, 12377, 21.42, 31
2026/08/15 19:46:35.965, 17, 1, 12353, 21.92, 31
2026/08/15 19:46:37.966, 35, 4, 12361, 22.02, 31
2026/08/15 19:46:39.967, 23, 2, 12349, 21.40, 31
2026/08/15 19:46:41.967, 15, 3, 12385, 21.29, 31
2026/08/15 19:46:43.968, 1, 1, 12361, 22.06, 31
2026/08/15 19:46:45.968, 24, 4, 12377, 22.39, 31
2026/08/15 19:46:47.969, 21, 3, 12365, 22.20, 31
2026/08/15 19:46:49.970, 18, 3, 12341, 21.10, 31
2026/08/15 19:46:51.970, 9, 2, 12353, 22.51, 31
2026/08/15 19:46:53.971, 13, 2, 12337, 21.91, 31
2026/08/15 19:46:55.972, 0, 0, 12373, 22.63, 31
2026/08/15 19:46:57.972, 12, 1, 12385, 22.20, 31
2026/08/15 19:46:59.974, 4, 0, 12341, 21.67, 31
2026/08/15 19:47:01.975, 2, 1, 12325, 21.32, 31
2026/08/15 19:47:03.975, 0, 0, 12365, 21.83, 31
2026/08/15 19:47:05.976, 9, 2, 12353, 21.97, 31
2026/08/15 19:47:07.977, 23, 3, 12341, 21.67, 31
2026/08/15 19:47:09.977, 10, 1, 12365, 21.67, 31
2026/08/15 19:47:11.977, 7, 0, 12353, 21.38, 31
2026/08/15 19:47:13.978, 19, 3, 12361, 21.42, 30
2026/08/15 19:47:15.979, 4, 1, 12337, 21.29, 30
2026/08/15 19:47:17.979, 12, 1, 12365, 21.23, 30
2026/08/15 19:47:19.979, 4, 2, 12333, 20.79, 30
2026/08/15 19:47:21.980, 17, 4, 12365, 20.86, 30
2026/08/15 19:47:23.980, 0, 0, 12325, 21.33, 30
2026/08/15 19:47:25.981, 11, 1, 12357, 21.31, 30
2026/08/15 19:47:27.981, 5, 0, 12341, 20.83, 30
2026/08/15 19:47:29.983, 13, 1, 12373, 21.98, 30
2026/08/15 19:47:31.983, 17, 3, 12325, 21.40, 30
2026/08/15 19:47:33.984, 12, 1, 12385, 21.27, 30
2026/08/15 19:47:35.985, 13, 1, 12317, 20.86, 30
2026/08/15 19:47:37.986, 5, 1, 12397, 22.17, 30
2026/08/15 19:47:39.986, 9, 3, 12289, 21.64, 30
2026/08/15 19:47:41.986, 21, 5, 12385, 21.59, 30
2026/08/15 19:47:43.987, 40, 4, 12373, 22.43, 30
2026/08/15 19:47:45.987, 3, 1, 12329, 22.15, 30
2026/08/15 19:47:47.988, 15, 1, 12373, 21.88, 30
2026/08/15 19:47:49.988, 17, 1, 12353, 22.30, 30
2026/08/15 19:47:51.989, 5, 0, 12345, 22.06, 30
2026/08/15 19:47:53.989, 10, 2, 12341, 21.68, 30
2026/08/15 19:47:55.990, 10, 1, 12385, 22.10, 30
2026/08/15 19:47:57.991, 12, 1, 12353, 21.80, 30
2026/08/15 19:47:59.991, 3, 0, 12397, 21.21, 30
2026/08/15 19:48:01.992, 6, 2, 12361, 20.88, 30
2026/08/15 19:48:03.992, 5, 1, 12361, 20.91, 30
2026/08/15 19:48:05.993, 11, 2, 12333, 20.47, 30
2026/08/15 19:48:07.994, 16, 3, 12397, 22.18, 30
2026/08/15 19:48:09.994, 4, 1, 12329, 21.22, 30
2026/08/15 19:48:11.995, 0, 0, 12361, 22.01, 30
2026/08/15 19:48:13.995, 17, 2, 12361, 21.86, 30
2026/08/15 19:48:15.995, 17, 2, 12333, 21.86, 30
2026/08/15 19:48:17.996, 21, 3, 12385, 21.56, 30
2026/08/15 19:48:19.996, 16, 1, 12373, 21.58, 30
2026/08/15 19:48:21.997, 17, 3, 12333, 21.89, 30
2026/08/15 19:48:24.001, 21, 3, 12385, 21.77, 30
2026/08/15 19:48:26.001, 13, 2, 12353, 21.48, 30
2026/08/15 19:48:28.002, 9, 2, 12313, 21.03, 30
2026/08/15 19:48:30.002, 19, 2, 12357, 22.08, 30
2026/08/15 19:48:32.003, 2, 1, 12341, 22.70, 30
2026/08/15 19:48:34.005, 3, 0, 12341, 22.07, 30
2026/08/15 19:48:36.005, 8, 0, 12385, 21.49, 30
2026/08/15 19:48:38.006, 11, 1, 12365, 21.98, 30
2026/08/15 19:48:40.009, 12, 2, 12361, 21.57, 30
2026/08/15 19:48:42.010, 0, 0, 12345, 22.11, 30
2026/08/15 19:48:44.010, 9, 1, 12333, 22.12, 30
2026/08/15 19:48:46.011, 31, 4, 12365, 21.91, 30
2026/08/15 19:48:48.011, 12, 2, 12349, 21.63, 30
2026/08/15 19:48:50.012, 9, 2, 12377, 22.11, 30
2026/08/15 19:48:52.012, 25, 5, 12365, 21.50, 30
2026/08/15 19:48:54.013, 1, 1, 12361, 21.48, 30
2026/08/15 19:48:56.017, 4, 1, 12345, 21.35, 30
2026/08/15 19:48:58.018, 7, 1, 12349, 21.36, 30
2026/08/15 19:49:00.019, 19, 4, 12385, 22.31, 30
2026/08/15 19:49:02.022, 9, 2, 12345, 21.86, 30
2026/08/15 19:49:04.022, 3, 1, 12365, 21.74, 30
2026/08/15 19:49:06.023, 35, 6, 12345, 22.42, 30
2026/08/15 19:49:08.023, 18, 3, 12309, 22.09, 30
2026/08/15 19:49:10.024, 27, 4, 12385, 21.84, 30
2026/08/15 19:49:12.024, 18, 4, 12345, 22.01, 30
2026/08/15 19:49:14.025, 19, 2, 12341, 21.96, 30
2026/08/15 19:49:16.025, 13, 1, 12333, 22.21, 30
2026/08/15 19:49:18.026, 7, 1, 12353, 22.27, 30
2026/08/15 19:49:20.026, 10, 2, 12365, 21.90, 30
2026/08/15 19:49:22.026, 23, 3, 12309, 20.99, 30
2026/08/15 19:49:24.029, 3, 1, 12341, 21.73, 30
2026/08/15 19:49:26.030, 0, 0, 12365, 22.13, 29
2026/08/15 19:49:28.030, 0, 0, 12353, 21.82, 29
2026/08/15 19:49:30.031, 30, 5, 12373, 21.69, 29
2026/08/15 19:49:32.037, 1, 0, 12341, 21.73, 29
2026/08/15 19:49:34.038, 9, 1, 12373, 21.42, 29
2026/08/15 19:49:36.038, 3, 2, 12341, 21.34, 29
2026/08/15 19:49:38.039, 8, 1, 12333, 21.47, 29
2026/08/15 19:49:40.040, 15, 2, 12365, 21.10, 29
2026/08/15 19:49:42.040, 8, 1, 12365, 22.22, 29
2026/08/15 19:49:44.041, 1, 1, 12373, 21.36, 29
2026/08/15 19:49:46.043, 3, 1, 12341, 22.03, 29
2026/08/15 19:49:48.044, 34, 4, 12309, 23.48, 29
2026/08/15 19:49:50.045, 14, 3, 12361, 22.56, 29
2026/08/15 19:49:52.046, 22, 3, 12341, 21.61, 29
2026/08/15 19:49:54.046, 3, 0, 12377, 22.20, 29
2026/08/15 19:49:56.046, 19, 2, 12353, 21.87, 29
2026/08/15 19:49:58.047, 22, 3, 12385, 21.74, 29
2026/08/15 19:50:00.047, 17, 3, 12341, 21.50, 29
2026/08/15 19:50:02.048, 11, 1, 12341, 21.77, 29
2026/08/15 19:50:04.049, 16, 1, 12365, 21.43, 29
2026/08/15 19:50:06.049, 11, 1, 12361, 21.66, 29
2026/08/15 19:50:08.050, 15, 2, 12341, 21.72, 29
2026/08/15 19:50:10.050, 2, 0, 12361, 22.08, 29
2026/08/15 19:50:12.051, 13, 1, 12365, 21.68, 29
2026/08/15 19:50:14.051, 16, 2, 12353, 20.92, 29
2026/08/15 19:50:16.051, 0, 1, 12337, 22.10, 29
2026/08/15 19:50:18.053, 14, 2, 12361, 22.20, 29
2026/08/15 19:50:20.053, 3, 1, 12361, 21.62, 29
2026/08/15 19:50:22.053, 0, 0, 12329, 21.67, 29
2026/08/15 19:50:24.054, 24, 5, 12345, 22.03, 29
2026/08/15 19:50:26.055, 22, 2, 12353, 21.07, 29
2026/08/15 19:50:28.056, 0, 0, 12365, 21.51, 29
2026/08/15 19:50:30.057, 27, 4, 12341, 21.57, 29
2026/08/15 19:50:32.058, 38, 8, 12377, 21.38, 29
2026/08/15 19:50:34.059, 11, 1, 12365, 21.46, 29
2026/08/15 19:50:36.059, 7, 2, 12345, 21.91, 29
2026/08/15 19:50:38.060, 3, 1, 12357, 21.42, 29
2026/08/15 19:50:40.060, 20, 4, 12345, 21.46, 29
2026/08/15 19:50:42.061, 21, 5, 12333, 21.38, 29
2026/08/15 19:50:44.062, 8, 1, 12365, 21.22, 29
2026/08/15 19:50:46.063, 0, 0, 12345, 21.10, 29
2026/08/15 19:50:48.063, 0, 0, 12365, 22.09, 29
2026/08/15 19:50:50.064, 5, 1, 12365, 21.58, 29
2026/08/15 19:50:52.065, 0, 1, 12285, 21.47, 29
2026/08/15 19:50:54.065, 37, 8, 12385, 22.48, 29
2026/08/15 19:50:56.066, 15, 2, 12329, 21.36, 29
2026/08/15 19:50:58.066, 13, 2, 12365, 21.71, 29
2026/08/15 19:51:00.067, 41, 10, 12353, 21.93, 29
2026/08/15 19:51:02.067, 25, 2, 12305, 21.81, 29
2026/08/15 19:51:04.068, 28, 3, 12373, 22.27, 29
2026/08/15 19:51:06.068, 4, 1, 12345, 21.58, 29
2026/08/15 19:51:08.069, 4, 1, 12385, 21.11, 29
2026/08/15 19:51:10.069, 3, 1, 12365, 21.47, 29
2026/08/15 19:51:12.070, 23, 4, 12349, 21.60, 29
2026/08/15 19:51:14.070, 11, 1, 12373, 21.70, 29
2026/08/15 19:51:16.071, 18, 2, 12349, 21.55, 29
2026/08/15 19:51:18.072, 15, 1, 12373, 21.71, 29
2026/08/15 19:51:20.072, 13, 2, 12353, 21.24, 29
2026/08/15 19:51:22.072, 10, 1, 12385, 21.97, 29
2026/08/15 19:51:24.073, 7, 1, 12321, 21.29, 29
2026/08/15 19:51:26.073, 20, 2, 12341, 21.69, 29
2026/08/15 19:51:28.074, 15, 1, 12333, 22.15, 29
2026/08/15 19:51:30.074, 0, 0, 12373, 21.56, 29
2026/08/15 19:51:32.075, 15, 1, 12353, 21.46, 29
2026/08/15 19:51:34.075, 3, 0, 12373, 21.43, 29
2026/08/15 19:51:36.076, 14, 1, 12337, 21.73, 29
2026/08/15 19:51:38.077, 19, 2, 12377, 22.22, 29
2026/08/15 19:51:40.077, 6, 1, 12341, 21.72, 29
2026/08/15 19:51:42.078, 7, 1, 12365, 22.26, 29
2026/08/15 19:51:44.079, 0, 0, 12373, 22.31, 29
2026/08/15 19:51:46.080, 6, 0, 12361, 21.82, 29
2026/08/15 19:51:48.080, 24, 3, 12385, 22.34, 29
2026/08/15 19:51:50.081, 24, 3, 12341, 21.92, 29
2026/08/15 19:51:52.081, 4, 2, 12361, 21.14, 29
2026/08/15 19:51:54.082, 13, 2, 12333, 21.76, 29
2026/08/15 19:51:56.082, 3, 1, 12341, 22.05, 29
2026/08/15 19:51:58.083, 5, 1, 12345, 22.04, 29
2026/08/15 19:52:00.083, 25, 4, 12365, 21.89, 29
2026/08/15 19:52:02.084, 0, 0, 12345, 21.67, 29
2026/08/15 19:52:04.092, 11, 2, 12353, 21.14, 29
2026/08/15 19:52:06.093, 2, 1, 12341, 21.17, 29
2026/08/15 19:52:08.093, 3, 0, 12385, 21.45, 29
2026/08/15 19:52:10.094, 6, 2, 12389, 22.09, 29
2026/08/15 19:52:12.095, 9, 1, 12361, 21.62, 29
2026/08/15 19:52:14.095, 17, 1, 12385, 21.34, 29
2026/08/15 19:52:16.096, 10, 2, 12365, 21.10, 29
2026/08/15 19:52:18.097, 3, 1, 12353, 21.03, 29
2026/08/15 19:52:20.097, 12, 2, 12377, 21.81, 29
2026/08/15 19:52:22.097, 0, 0, 12333, 20.95, 29
2026/08/15 19:52:24.098, 10, 2, 12337, 21.52, 29
2026/08/15 19:52:26.101, 0, 0, 12309, 21.52, 29
2026/08/15 19:52:28.101, 14, 2, 12397, 22.07, 29
2026/08/15 19:52:30.102, 0, 0, 12341, 21.05, 29
2026/08/15 19:52:32.104, 3, 0, 12385, 22.24, 29
2026/08/15 19:52:34.105, 32, 3, 12349, 22.24, 29
2026/08/15 19:52:36.105, 9, 1, 12385, 22.14, 29
2026/08/15 19:52:38.106, 28, 3, 12349, 21.79, 29
2026/08/15 19:52:40.106, 1, 1, 12361, 22.08, 29
2026/08/15 19:52:42.107, 12, 1, 12349, 21.53, 29
2026/08/15 19:52:44.107, 0, 0, 12385, 21.42, 29
2026/08/15 19:52:46.108, 11, 1, 12385, 21.51, 29
2026/08/15 19:52:48.108, 26, 3, 12409, 21.89, 29
2026/08/15 19:52:50.109, 29, 5, 12321, 21.36, 29
2026/08/15 19:52:52.109, 6, 0, 12409, 22.30, 29
2026/08/15 19:52:54.110, 30, 5, 12341, 22.11, 29
2026/08/15 19:52:56.111, 5, 2, 12353, 22.18, 29
2026/08/15 19:52:58.111, 20, 4, 12353, 22.08, 29
2026/08/15 19:53:00.112, 11, 2, 12373, 22.53, 29
2026/08/15 19:53:02.112, 17, 2, 12349, 22.15, 29
2026/08/15 19:53:04.113, 4, 1, 12373, 22.18, 29
2026/08/15 19:53:06.113, 1, 1, 12337, 21.55, 29
2026/08/15 19:53:08.114, 4, 2, 12341, 21.34, 29
2026/08/15 19:53:10.115, 6, 2, 12333, 21.50, 29
2026/08/15 19:53:12.116, 8, 1, 12353, 21.75, 29
2026/08/15 19:53:14.117, 4, 1, 12349, 21.56, 29
2026/08/15 19:53:16.117, 4, 0, 12353, 22.00, 29
2026/08/15 19:53:18.118, 4, 0, 12373, 22.13, 29
2026/08/15 19:53:20.118, 12, 2, 12333, 22.00, 29
2026/08/15 19:53:22.119, 7, 0, 12357, 21.89, 29
2026/08/15 19:53:24.119, 26, 7, 12345, 21.75, 29
2026/08/15 19:53:26.120, 36, 6, 12353, 21.36, 29
2026/08/15 19:53:28.121, 22, 4, 12333, 21.65, 29
2026/08/15 19:53:30.121, 8, 1, 12377, 21.75, 29
2026/08/15 19:53:32.122, 38, 6, 12329, 21.67, 29
2026/08/15 19:53:34.123, 19, 4, 12365, 21.81, 29
2026/08/15 19:53:36.124, 30, 4, 12317, 21.55, 29
2026/08/15 19:53:38.125, 10, 2, 12353, 22.04, 29
2026/08/15 19:53:40.126, 22, 6, 12333, 20.84, 29
2026/08/15 19:53:42.127, 11, 3, 12325, 21.39, 29
2026/08/15 19:53:44.127, 0, 0, 12365, 21.12, 29
2026/08/15 19:53:46.127, 0, 0, 12341, 21.30, 29
2026/08/15 19:53:48.128, 12, 1, 12353, 21.92, 29
2026/08/15 19:53:50.128, 5, 0, 12325, 21.42, 29
2026/08/15 19:53:52.129, 23, 2, 12353, 22.34, 29
2026/08/15 19:53:54.129, 9, 0, 12365, 22.43, 29
2026/08/15 19:53:56.130, 0, 0, 12333, 21.63, 29
2026/08/15 19:53:58.131, 0, 0, 12353, 22.07, 29
2026/08/15 19:54:00.132, 16, 3, 12353, 21.36, 29
2026/08/15 19:54:02.132, 3, 0, 12353, 22.25, 29
2026/08/15 19:54:04.132, 4, 1, 12401, 21.12, 29
2026/08/15 19:54:06.133, 15, 2, 12413, 21.83, 29
2026/08/15 19:54:08.134, 6, 2, 12333, 21.90, 29
2026/08/15 19:54:10.134, 9, 0, 12385, 21.95, 29
2026/08/15 19:54:12.135, 21, 5, 12381, 22.30, 29
2026/08/15 19:54:14.135, 27, 4, 12373, 22.11, 29
2026/08/15 19:54:16.136, 17, 1, 12381, 21.62, 29
2026/08/15 19:54:18.136, 13, 1, 12425, 22.53, 29
2026/08/15 19:54:20.137, 7, 2, 12321, 21.95, 29
2026/08/15 19:54:22.137, 10, 1, 12373, 22.07, 29
2026/08/15 19:54:24.138, 9, 1, 12373, 22.25, 29
2026/08/15 19:54:26.138, 16, 2, 12349, 22.15, 29
2026/08/15 19:54:28.139, 18, 2, 12377, 22.11, 29
2026/08/15 19:54:30.140, 8, 2, 12365, 22.62, 29
2026/08/15 19:54:32.140, 3, 1, 12333, 22.06, 29
2026/08/15 19:54:34.140, 42, 8, 12385, 23.16, 29
2026/08/15 19:54:36.142, 0, 0, 12369, 21.87, 29
2026/08/15 19:54:38.143, 8, 0, 12425, 22.08, 29
2026/08/15 19:54:40.148, 6, 1, 12317, 21.36, 29
2026/08/15 19:54:42.149, 30, 6, 12405, 22.15, 29
2026/08/15 19:54:44.149, 9, 2, 12389, 22.15, 29
2026/08/15 19:54:46.149, 7, 1, 12341, 22.04, 29
2026/08/15 19:54:48.152, 12, 3, 12341, 21.55, 29
2026/08/15 19:54:50.152, 12, 2, 12413, 22.36, 29
2026/08/15 19:54:52.153, 6, 1, 12369, 22.03, 29
2026/08/15 19:54:54.154, 15, 2, 12341, 21.92, 29
2026/08/15 19:54:56.155, 0, 0, 12361, 22.67, 29
2026/08/15 19:54:58.155, 1, 1, 12381, 22.34, 29
2026/08/15 19:55:00.156, 32, 3, 12401, 22.54, 29
2026/08/15 19:55:02.156, 17, 4, 12361, 22.07, 29
2026/08/15 19:55:04.157, 19, 2, 12361, 22.05, 29
2026/08/15 19:55:06.157, 5, 0, 12365, 21.50, 29
2026/08/15 19:55:08.158, 14, 2, 12381, 22.52, 29
2026/08/15 19:55:10.158, 19, 2, 12377, 22.24, 29
2026/08/15 19:55:12.159, 21, 2, 12413, 22.75, 29
2026/08/15 19:55:14.159, 18, 3, 12301, 21.60, 29
2026/08/15 19:55:16.160, 3, 0, 12325, 21.87, 29
2026/08/15 19:55:18.160, 8, 1, 12365, 22.34, 29
2026/08/15 19:55:20.161, 17, 2, 12345, 21.62, 29
2026/08/15 19:55:22.162, 13, 2, 12313, 21.17, 29
2026/08/15 19:55:24.163, 0, 0, 12341, 22.17, 28
2026/08/15 19:55:26.163, 2, 1, 12385, 21.87, 28
2026/08/15 19:55:28.168, 4, 0, 12313, 21.91, 29
2026/08/15 19:55:30.169, 21, 3, 12353, 23.01, 29
2026/08/15 19:55:32.169, 10, 1, 12333, 22.12, 29
2026/08/15 19:55:34.170, 5, 1, 12373, 22.31, 29
2026/08/15 19:55:36.170, 14, 1, 12341, 22.78, 29
2026/08/15 19:55:38.171, 11, 2, 12353, 22.24, 28
2026/08/15 19:55:40.171, 7, 1, 12361, 22.09, 28
2026/08/15 19:55:42.172, 13, 2, 12357, 22.04, 29
2026/08/15 19:55:44.172, 7, 1, 12341, 22.46, 28
2026/08/15 19:55:46.180, 11, 2, 12309, 21.55, 28
2026/08/15 19:55:48.181, 21, 4, 12353, 22.76, 29
2026/08/15 19:55:50.182, 20, 3, 12365, 22.69, 28
2026/08/15 19:55:52.182, 13, 3, 12341, 22.19, 29
2026/08/15 19:55:54.183, 18, 3, 12329, 22.33, 28
2026/08/15 19:55:56.183, 7, 1, 12361, 22.68, 28
2026/08/15 19:55:58.184, 0, 1, 12317, 22.12, 28
2026/08/15 19:56:00.186, 0, 0, 12357, 22.62, 28
2026/08/15 19:56:02.187, 8, 1, 12341, 22.82, 28
2026/08/15 19:56:04.188, 22, 4, 12345, 21.98, 28
2026/08/15 19:56:06.189, 16, 2, 12333, 21.62, 28
2026/08/15 19:56:08.190, 10, 0, 12353, 22.69, 28
2026/08/15 19:56:10.190, 21, 2, 12321, 22.14, 28
2026/08/15 19:56:12.191, 7, 1, 12373, 21.92, 28
2026/08/15 19:56:14.191, 14, 3, 12353, 22.53, 28
2026/08/15 19:56:16.192, 0, 0, 12333, 21.46, 28
2026/08/15 19:56:18.193, 0, 0, 12373, 21.87, 28
2026/08/15 19:56:20.194, 0, 0, 12373, 22.15, 28
2026/08/15 19:56:22.194, 15, 3, 12329, 21.84, 28
2026/08/15 19:56:24.195, 10, 1, 12377, 21.72, 28
2026/08/15 19:56:26.196, 14, 3, 12381, 22.35, 28
2026/08/15 19:56:28.197, 7, 1, 12341, 22.02, 28
2026/08/15 19:56:30.197, 10, 2, 12353, 21.40, 28
2026/08/15 19:56:32.198, 2, 1, 12333, 21.08, 28
2026/08/15 19:56:34.198, 4, 0, 12353, 21.33, 28
2026/08/15 19:56:36.199, 4, 1, 12385, 21.67, 28
2026/08/15 19:56:38.199, 2, 1, 12309, 21.62, 28
2026/08/15 19:56:40.200, 28, 6, 12365, 22.16, 28
2026/08/15 19:56:42.201, 22, 2, 12361, 21.68, 28
2026/08/15 19:56:44.201, 32, 5, 12385, 22.36, 28
2026/08/15 19:56:46.202, 16, 3, 12341, 22.31, 28
2026/08/15 19:56:48.205, 0, 0, 12333, 22.23, 28
2026/08/15 19:56:50.206, 4, 1, 12341, 22.35, 28
2026/08/15 19:56:52.206, 6, 1, 12385, 22.11, 28
2026/08/15 19:56:54.207, 7, 1, 12341, 22.01, 28
2026/08/15 19:56:56.211, 11, 2, 12373, 22.66, 28
2026/08/15 19:56:58.211, 29, 3, 12329, 22.18, 28
2026/08/15 19:57:00.211, 0, 0, 12385, 22.45, 28
2026/08/15 19:57:02.212, 27, 3, 12349, 22.74, 28
2026/08/15 19:57:04.212, 14, 1, 12377, 22.94, 28
2026/08/15 19:57:06.213, 0, 0, 12329, 21.73, 28
2026/08/15 19:57:08.214, 4, 0, 12385, 22.35, 28
2026/08/15 19:57:10.215, 0, 0, 12341, 21.69, 28
2026/08/15 19:57:12.215, 7, 1, 12353, 21.77, 28
2026/08/15 19:57:14.216, 11, 1, 12333, 21.77, 28
2026/08/15 19:57:16.217, 18, 1, 12373, 21.39, 28
2026/08/15 19:57:18.217, 2, 1, 12333, 21.42, 28
2026/08/15 19:57:20.218, 4, 2, 12349, 21.87, 28
2026/08/15 19:57:22.218, 4, 0, 12345, 22.09, 28
2026/08/15 19:57:24.219, 13, 3, 12333, 21.87, 28
2026/08/15 19:57:26.219, 4, 1, 12353, 22.08, 28
2026/08/15 19:57:28.220, 4, 1, 12353, 22.48, 28
2026/08/15 19:57:30.221, 16, 1, 12337, 21.63, 28
2026/08/15 19:57:32.222, 4, 1, 12369, 22.50, 28
2026/08/15 19:57:34.222, 8, 2, 12325, 21.50, 28
2026/08/15 19:57:36.223, 11, 0, 12385, 21.53, 29
2026/08/15 19:57:38.223, 4, 1, 12333, 21.90, 28
2026/08/15 19:57:40.227, 12, 2, 12349, 22.17, 29
2026/08/15 19:57:42.228, 46, 7, 12373, 22.09, 29
2026/08/15 19:57:44.228, 4, 0, 12313, 21.45, 29
2026/08/15 19:57:46.228, 10, 1, 12397, 22.72, 29
2026/08/15 19:57:48.229, 5, 1, 12357, 21.44, 29
2026/08/15 19:57:50.229, 20, 2, 12353, 21.54, 29
2026/08/15 19:57:52.230, 0, 0, 12377, 22.08, 29
2026/08/15 19:57:54.230, 4, 1, 12349, 21.31, 29
2026/08/15 19:57:56.231, 6, 1, 12385, 22.77, 29
2026/08/15 19:57:58.232, 12, 1, 12329, 21.74, 29
2026/08/15 19:58:00.233, 35, 7, 12365, 22.89, 29
2026/08/15 19:58:02.233, 12, 1, 12317, 22.25, 29
2026/08/15 19:58:04.234, 17, 2, 12373, 22.58, 29
2026/08/15 19:58:06.234, 42, 6, 12329, 22.22, 29
2026/08/15 19:58:08.235, 3, 1, 12357, 22.01, 29
2026/08/15 19:58:10.236, 17, 3, 12373, 22.47, 29
2026/08/15 19:58:12.236, 6, 1, 12361, 22.50, 29
2026/08/15 19:58:14.239, 11, 3, 12349, 22.06, 29
2026/08/15 19:58:16.240, 16, 2, 12361, 22.08, 29
2026/08/15 19:58:18.241, 11, 2, 12353, 22.75, 29
2026/08/15 19:58:20.241, 7, 1, 12357, 22.98, 29
2026/08/15 19:58:22.242, 20, 4, 12373, 22.34, 29
2026/08/15 19:58:24.242, 9, 3, 12321, 22.11, 29
2026/08/15 19:58:26.242, 6, 2, 12353, 22.74, 29
2026/08/15 19:58:28.243, 12, 2, 12313, 23.52, 29
2026/08/15 19:58:30.244, 22, 4, 12357, 23.77, 29
2026/08/15 19:58:32.244, 18, 2, 12389, 23.12, 29
2026/08/15 19:58:34.244, 35, 7, 12373, 22.85, 29
2026/08/15 19:58:36.245, 18, 4, 12385, 22.20, 29
2026/08/15 19:58:38.246, 8, 1, 12361, 22.51, 29
2026/08/15 19:58:40.246, 16, 2, 12341, 22.64, 29
2026/08/15 19:58:42.246, 0, 0, 12369, 22.78, 29
2026/08/15 19:58:44.247, 16, 2, 12349, 23.11, 29
2026/08/15 19:58:46.248, 22, 3, 12397, 23.76, 29
2026/08/15 19:58:48.248, 22, 3, 12373, 22.88, 29
2026/08/15 19:58:50.249, 1, 1, 12317, 22.63, 29
2026/08/15 19:58:52.250, 3, 1, 12377, 23.51, 29
2026/08/15 19:58:54.250, 4, 1, 12373, 23.12, 29
2026/08/15 19:58:56.251, 25, 4, 12341, 23.02, 29
2026/08/15 19:58:58.252, 2, 1, 12365, 23.14, 29
2026/08/15 19:59:00.253, 3, 1, 12373, 22.48, 29
2026/08/15 19:59:02.253, 30, 3, 12285, 22.35, 29
2026/08/15 19:59:04.254, 0, 0, 12353, 22.70, 29
2026/08/15 19:59:06.254, 5, 1, 12385, 23.09, 29
2026/08/15 19:59:08.255, 9, 2, 12337, 22.81, 29
2026/08/15 19:59:10.255, 29, 5, 12353, 22.96, 29
2026/08/15 19:59:12.255, 19, 4, 12333, 22.89, 29
2026/08/15 19:59:14.256, 31, 4, 12349, 23.16, 30
2026/08/15 19:59:16.257, 36, 8, 12353, 23.18, 30
2026/08/15 19:59:18.258, 10, 1, 12341, 22.90, 29
2026/08/15 19:59:20.259, 15, 3, 12345, 22.99, 30
2026/08/15 19:59:22.259, 21, 3, 12345, 22.91, 30
2026/08/15 19:59:24.260, 29, 3, 12385, 23.28, 30
2026/08/15 19:59:26.261, 23, 3, 12345, 22.89, 30
2026/08/15 19:59:28.261, 16, 2, 12365, 22.59, 30
2026/08/15 19:59:30.261, 18, 3, 12345, 22.71, 30
2026/08/15 19:59:32.262, 3, 0, 12341, 21.85, 30
2026/08/15 19:59:34.262, 4, 2, 12345, 23.45, 30
2026/08/15 19:59:36.263, 14, 1, 12341, 22.42, 30
2026/08/15 19:59:38.263, 4, 1, 12373, 23.12, 30
2026/08/15 19:59:40.264, 44, 6, 12333, 22.16, 30
2026/08/15 19:59:42.264, 5, 1, 12353, 22.24, 30
2026/08/15 19:59:44.265, 23, 4, 12389, 22.54, 30
2026/08/15 19:59:46.265, 7, 3, 12341, 22.47, 30
2026/08/15 19:59:48.266, 5, 0, 12373, 22.19, 30
2026/08/15 19:59:50.266, 25, 3, 12397, 22.03, 30
2026/08/15 19:59:52.267, 4, 1, 12405, 21.75, 30
2026/08/15 19:59:54.267, 4, 1, 12293, 22.13, 30
2026/08/15 19:59:56.267, 26, 5, 12365, 21.92, 30
2026/08/15 19:59:58.268, 11, 1, 12361, 21.71, 30
2026/08/15 20:00:00.269, 21, 3, 12337, 22.14, 30
2026/08/15 20:00:02.269, 13, 2, 12397, 22.66, 30
2026/08/15 20:00:04.270, 3, 2, 12313, 21.31, 30
2026/08/15 20:00:06.270, 7, 1, 12353, 22.32, 30
2026/08/15 20:00:08.271, 3, 1, 12381, 22.00, 30
2026/08/15 20:00:10.271, 11, 1, 12373, 22.54, 30
2026/08/15 20:00:12.272, 5, 1, 12437, 21.32, 30
2026/08/15 20:00:14.272, 10, 2, 12445, 22.80, 30
2026/08/15 20:00:16.273, 5, 1, 12333, 22.22, 30
2026/08/15 20:00:18.274, 12, 2, 12409, 22.68, 30
2026/08/15 20:00:20.274, 10, 1, 12361, 22.26, 30
2026/08/15 20:00:22.275, 5, 1, 12361, 22.42, 30
2026/08/15 20:00:24.276, 0, 0, 12413, 22.08, 30
2026/08/15 20:00:26.276, 24, 3, 12397, 23.49, 30
2026/08/15 20:00:28.276, 23, 2, 12353, 22.41, 30
2026/08/15 20:00:30.277, 7, 2, 12377, 22.49, 30
2026/08/15 20:00:32.277, 18, 2, 12389, 22.36, 30
2026/08/15 20:00:34.278, 11, 1, 12345, 22.40, 30
2026/08/15 20:00:36.278, 9, 1, 12373, 22.77, 30
2026/08/15 20:00:38.280, 26, 5, 12433, 23.65, 30
2026/08/15 20:00:40.280, 24, 3, 12329, 22.48, 30
2026/08/15 20:00:42.280, 26, 4, 12401, 23.30, 30
2026/08/15 20:00:44.281, 21, 3, 12353, 22.85, 30
2026/08/15 20:00:46.282, 4, 1, 12377, 22.24, 30
2026/08/15 20:00:48.283, 27, 5, 12457, 23.30, 30
2026/08/15 20:00:50.284, 28, 5, 12353, 22.75, 30
2026/08/15 20:00:52.284, 10, 2, 12409, 22.32, 30
2026/08/15 20:00:54.285, 17, 2, 12417, 22.70, 31
2026/08/15 20:00:56.285, 9, 3, 12377, 22.57, 31
2026/08/15 20:00:58.289, 2, 1, 12285, 22.18, 30
2026/08/15 20:01:00.290, 14, 2, 12437, 23.84, 31
2026/08/15 20:01:02.290, 2, 1, 12357, 22.51, 31
2026/08/15 20:01:04.291, 9, 2, 12401, 22.47, 31
2026/08/15 20:01:06.292, 8, 1, 12413, 23.28, 31
2026/08/15 20:01:08.292, 20, 2, 12401, 23.25, 31
2026/08/15 20:01:10.293, 11, 2, 12349, 22.63, 31
2026/08/15 20:01:12.294, 21, 3, 12341, 23.24, 31
2026/08/15 20:01:14.294, 23, 6, 12373, 23.33, 31
2026/08/15 20:01:16.295, 17, 2, 12329, 23.45, 31
2026/08/15 20:01:18.295, 3, 1, 12349, 22.51, 31
2026/08/15 20:01:20.296, 1, 2, 12337, 23.11, 31
2026/08/15 20:01:22.296, 15, 1, 12369, 23.35, 31
2026/08/15 20:01:24.297, 12, 2, 12389, 23.68, 31
2026/08/15 20:01:26.297, 13, 2, 12341, 22.74, 31
2026/08/15 20:01:28.298, 11, 1, 12369, 23.25, 31
2026/08/15 20:01:30.298, 19, 3, 12377, 23.57, 31
2026/08/15 20:01:32.299, 30, 4, 12373, 22.56, 31
2026/08/15 20:01:34.299, 17, 3, 12353, 22.77, 31
2026/08/15 20:01:36.299, 10, 1, 12357, 22.02, 31
2026/08/15 20:01:38.300, 7, 2, 12325, 22.65, 31
2026/08/15 20:01:40.300, 10, 2, 12333, 22.60, 31
2026/08/15 20:01:42.301, 0, 0, 12345, 22.59, 31
2026/08/15 20:01:44.301, 26, 3, 12385, 21.99, 31
2026/08/15 20:01:46.301, 23, 3, 12317, 21.57, 31
2026/08/15 20:01:48.303, 0, 0, 12361, 22.16, 31
2026/08/15 20:01:50.303, 9, 1, 12369, 22.93, 31
2026/08/15 20:01:52.303, 11, 2, 12313, 22.93, 31
2026/08/15 20:01:54.304, 10, 1, 12361, 21.77, 31
2026/08/15 20:01:56.304, 34, 7, 12357, 22.35, 31
2026/08/15 20:01:58.305, 10, 1, 12349, 22.24, 31
2026/08/15 20:02:00.305, 16, 3, 12357, 22.39, 31
2026/08/15 20:02:02.306, 14, 1, 12365, 22.79, 31
2026/08/15 20:02:04.307, 13, 2, 12361, 22.13, 31
2026/08/15 20:02:06.307, 15, 2, 12365, 22.81, 31
2026/08/15 20:02:08.308, 29, 4, 12377, 22.69, 31
2026/08/15 20:02:10.308, 7, 1, 12353, 22.00, 31
2026/08/15 20:02:12.309, 22, 3, 12373, 22.51, 31
2026/08/15 20:02:14.310, 0, 0, 12333, 22.51, 31
2026/08/15 20:02:16.310, 9, 2, 12341, 22.81, 31
2026/08/15 20:02:18.311, 11, 2, 12373, 22.31, 31
2026/08/15 20:02:20.312, 9, 1, 12365, 22.04, 31
2026/08/15 20:02:22.312, 21, 5, 12361, 21.91, 31
2026/08/15 20:02:24.313, 4, 2, 12301, 21.87, 31
2026/08/15 20:02:26.314, 8, 1, 12385, 22.94, 31
2026/08/15 20:02:28.314, 13, 1, 12353, 22.70, 31
2026/08/15 20:02:30.316, 18, 1, 12317, 22.77, 31
2026/08/15 20:02:32.317, 12, 1, 12365, 23.85, 31
2026/08/15 20:02:34.319, 2, 1, 12329, 22.24, 31
2026/08/15 20:02:36.320, 16, 3, 12345, 22.67, 31
2026/08/15 20:02:38.320, 21, 2, 12353, 22.13, 31
2026/08/15 20:02:40.321, 0, 0, 12361, 22.71, 31
2026/08/15 20:02:42.322, 14, 1, 12341, 22.25, 31
2026/08/15 20:02:44.322, 16, 3, 12337, 22.71, 31
2026/08/15 20:02:46.323, 9, 0, 12373, 22.74, 31
2026/08/15 20:02:48.323, 17, 2, 12353, 23.22, 31
2026/08/15 20:02:50.328, 46, 9, 12349, 23.41, 31
2026/08/15 20:02:52.331, 0, 0, 12365, 22.96, 31
2026/08/15 20:02:54.331, 0, 0, 12321, 23.07, 31
2026/08/15 20:02:56.331, 10, 2, 12361, 22.87, 31
2026/08/15 20:02:58.332, 21, 2, 12361, 23.13, 31
2026/08/15 20:03:00.332, 15, 1, 12353, 22.45, 31
2026/08/15 20:03:02.333, 2, 0, 12333, 22.55, 31
2026/08/15 20:03:04.333, 13, 2, 12349, 22.24, 31
2026/08/15 20:03:06.333, 26, 5, 12321, 22.79, 31
2026/08/15 20:03:08.334, 0, 0, 12361, 22.91, 31
2026/08/15 20:03:10.335, 12, 1, 12365, 23.92, 31
2026/08/15 20:03:12.336, 1, 0, 12349, 22.13, 31
2026/08/15 20:03:14.337, 4, 1, 12341, 22.65, 31
2026/08/15 20:03:16.337, 8, 2, 12353, 23.79, 31
2026/08/15 20:03:18.337, 14, 2, 12365, 22.56, 31
2026/08/15 20:03:20.338, 14, 2, 12373, 22.47, 32
2026/08/15 20:03:22.339, 17, 3, 12353, 22.10, 32
2026/08/15 20:03:24.339, 0, 0, 12333, 22.03, 32
2026/08/15 20:03:26.340, 0, 0, 12349, 22.81, 32
2026/08/15 20:03:28.340, 0, 0, 12329, 22.27, 32
2026/08/15 20:03:30.341, 9, 1, 12333, 22.16, 32
2026/08/15 20:03:32.342, 8, 1, 12373, 22.34, 32
2026/08/15 20:03:34.342, 8, 1, 12361, 21.49, 32
2026/08/15 20:03:36.343, 32, 5, 12353, 22.49, 32
2026/08/15 20:03:38.344, 1, 1, 12373, 22.20, 32
2026/08/15 20:03:40.345, 0, 0, 12373, 22.27, 32
2026/08/15 20:03:42.345, 11, 1, 12325, 22.56, 32
2026/08/15 20:03:44.346, 24, 6, 12341, 22.57, 32
2026/08/15 20:03:46.346, 38, 5, 12353, 22.84, 32
2026/08/15 20:03:48.347, 0, 0, 12361, 22.51, 32
2026/08/15 20:03:50.347, 30, 5, 12329, 22.12, 32
2026/08/15 20:03:52.348, 7, 1, 12373, 22.37, 32
2026/08/15 20:03:54.349, 18, 3, 12341, 22.08, 32
2026/08/15 20:03:56.349, 10, 2, 12373, 21.30, 32
2026/08/15 20:03:58.350, 20, 1, 12325, 22.95, 32
2026/08/15 20:04:00.350, 4, 1, 12373, 21.88, 32
2026/08/15 20:04:02.351, 10, 2, 12325, 21.97, 32
2026/08/15 20:04:04.351, 10, 1, 12373, 22.37, 32
2026/08/15 20:04:06.352, 0, 0, 12349, 22.36, 32
2026/08/15 20:04:08.352, 15, 2, 12373, 22.19, 32
2026/08/15 20:04:10.353, 0, 0, 12321, 22.44, 32
2026/08/15 20:04:12.354, 0, 0, 12329, 22.00, 32
2026/08/15 20:04:14.355, 10, 2, 12373, 22.46, 32
2026/08/15 20:04:16.355, 4, 1, 12313, 22.03, 32
2026/08/15 20:04:18.355, 0, 0, 12373, 21.69, 32
2026/08/15 20:04:20.356, 0, 0, 12301, 22.63, 32
2026/08/15 20:04:22.357, 34, 7, 12361, 22.70, 32
2026/08/15 20:04:24.357, 25, 2, 12361, 22.21, 32
2026/08/15 20:04:26.358, 12, 1, 12333, 22.44, 32
2026/08/15 20:04:28.358, 21, 3, 12373, 23.36, 32
2026/08/15 20:04:30.359, 25, 4, 12365, 22.88, 32
2026/08/15 20:04:32.360, 22, 3, 12361, 22.98, 32
2026/08/15 20:04:34.360, 11, 2, 12365, 22.32, 32
2026/08/15 20:04:36.361, 13, 1, 12313, 22.30, 32
2026/08/15 20:04:38.361, 27, 4, 12353, 22.01, 32
2026/08/15 20:04:40.366, 18, 3, 12333, 22.06, 32
2026/08/15 20:04:42.367, 19, 3, 12329, 21.88, 32
2026/08/15 20:04:44.367, 12, 1, 12397, 22.78, 32
2026/08/15 20:04:46.368, 7, 1, 12353, 22.15, 32
2026/08/15 20:04:48.368, 9, 1, 12373, 22.96, 32
2026/08/15 20:04:50.369, 31, 5, 12353, 22.95, 32
2026/08/15 20:04:52.369, 21, 3, 12341, 22.71, 32
2026/08/15 20:04:54.370, 8, 1, 12333, 22.71, 32
2026/08/15 20:04:56.370, 11, 2, 12397, 22.36, 32
2026/08/15 20:04:58.371, 4, 2, 12353, 22.07, 32
2026/08/15 20:05:00.371, 11, 2, 12321, 22.46, 32
2026/08/15 20:05:02.372, 13, 3, 12401, 22.62, 32
2026/08/15 20:05:04.373, 19, 2, 12325, 22.31, 32
2026/08/15 20:05:06.374, 13, 2, 12377, 22.77, 32
2026/08/15 20:05:08.374, 22, 1, 12373, 23.07, 32
2026/08/15 20:05:10.375, 20, 2, 12365, 22.76, 32
2026/08/15 20:05:12.380, 3, 1, 12365, 22.49, 32
2026/08/15 20:05:14.381, 9, 0, 12409, 22.81, 32
2026/08/15 20:05:16.381, 28, 3, 12365, 23.18, 32
2026/08/15 20:05:18.382, 0, 0, 12301, 21.97, 32
2026/08/15 20:05:20.383, 9, 1, 12353, 24.30, 32
2026/08/15 20:05:22.383, 3, 0, 12373, 22.79, 32
2026/08/15 20:05:24.384, 3, 0, 12377, 22.38, 32
2026/08/15 20:05:26.385, 21, 3, 12313, 22.64, 32
2026/08/15 20:05:28.386, 16, 2, 12385, 23.14, 32
2026/08/15 20:05:30.386, 6, 1, 12365, 23.37, 32
2026/08/15 20:05:32.386, 8, 2, 12365, 22.44, 32
2026/08/15 20:05:34.387, 15, 1, 12353, 23.14, 32
2026/08/15 20:05:36.388, 0, 0, 12397, 23.90, 32
2026/08/15 20:05:38.389, 5, 1, 12301, 22.45, 32
2026/08/15 20:05:40.390, 10, 1, 12377, 23.03, 32
2026/08/15 20:05:42.390, 3, 1, 12329, 23.00, 32
2026/08/15 20:05:44.390, 25, 5, 12357, 23.43, 32
2026/08/15 20:05:46.391, 19, 2, 12321, 22.47, 32
2026/08/15 20:05:48.392, 23, 3, 12357, 23.23, 32
2026/08/15 20:05:50.393, 23, 3, 12333, 22.71, 32
2026/08/15 20:05:52.393, 11, 3, 12341, 22.88, 32
2026/08/15 20:05:54.394, 14, 2, 12361, 23.13, 32
2026/08/15 20:05:56.395, 4, 1, 12353, 22.88, 32
2026/08/15 20:05:58.396, 14, 2, 12333, 22.55, 32
2026/08/15 20:06:00.422, 22, 2, 12397, 22.76, 32
2026/08/15 20:06:02.422, 0, 0, 12377, 23.18, 32
2026/08/15 20:06:04.423, 11, 1, 12349, 22.90, 32
2026/08/15 20:06:06.423, 9, 1, 12409, 23.10, 32
2026/08/15 20:06:08.424, 6, 1, 12377, 22.73, 32
2026/08/15 20:06:10.424, 7, 2, 12369, 22.37, 32
2026/08/15 20:06:12.425, 26, 4, 12353, 23.22, 32
2026/08/15 20:06:14.425, 13, 1, 12401, 22.92, 32
2026/08/15 20:06:16.426, 17, 1, 12377, 22.61, 32
2026/08/15 20:06:18.430, 0, 0, 12345, 22.46, 32
2026/08/15 20:06:20.431, 8, 2, 12321, 21.76, 32
2026/08/15 20:06:22.432, 24, 4, 12421, 22.37, 32
2026/08/15 20:06:24.433, 18, 2, 12397, 23.66, 32
2026/08/15 20:06:26.433, 13, 1, 12341, 22.60, 32
2026/08/15 20:06:28.434, 38, 7, 12361, 22.94, 32
2026/08/15 20:06:30.434, 7, 2, 12361, 22.26, 32
2026/08/15 20:06:32.435, 17, 1, 12361, 22.53, 32
2026/08/15 20:06:34.436, 4, 1, 12365, 22.97, 32
2026/08/15 20:06:36.436, 5, 1, 12401, 22.88, 32
2026/08/15 20:06:38.436, 5, 1, 12341, 22.32, 32
2026/08/15 20:06:40.437, 9, 1, 12353, 23.17, 32
2026/08/15 20:06:42.437, 34, 6, 12421, 23.69, 32
2026/08/15 20:06:44.438, 8, 1, 12301, 22.72, 32
2026/08/15 20:06:46.440, 7, 1, 12397, 21.93, 32
2026/08/15 20:06:48.441, 7, 1, 12409, 23.16, 32
2026/08/15 20:06:50.441, 6, 1, 12357, 22.70, 32
2026/08/15 20:06:52.442, 11, 1, 12329, 22.03, 32
2026/08/15 20:06:54.443, 7, 0, 12393, 22.54, 32
2026/08/15 20:06:56.443, 32, 6, 12353, 22.45, 32
2026/08/15 20:06:58.443, 4, 1, 12341, 22.34, 32
2026/08/15 20:07:00.445, 12, 2, 12421, 22.73, 32
2026/08/15 20:07:02.445, 9, 1, 12377, 22.11, 32
2026/08/15 20:07:04.446, 10, 3, 12321, 22.53, 32
2026/08/15 20:07:06.446, 5, 1, 12413, 23.91, 32
2026/08/15 20:07:08.447, 38, 5, 12329, 22.70, 32
2026/08/15 20:07:10.448, 20, 1, 12353, 22.53, 32
2026/08/15 20:07:12.448, 8, 1, 12369, 22.70, 32
2026/08/15 20:07:14.448, 0, 0, 12353, 22.72, 32
2026/08/15 20:07:16.449, 31, 4, 12349, 22.78, 32
2026/08/15 20:07:18.449, 27, 6, 12369, 21.94, 32
2026/08/15 20:07:20.450, 15, 3, 12357, 22.51, 32
2026/08/15 20:07:22.450, 21, 4, 12349, 22.54, 32
2026/08/15 20:07:24.451, 14, 1, 12361, 22.27, 32
2026/08/15 20:07:26.451, 21, 2, 12361, 22.36, 32
2026/08/15 20:07:28.452, 15, 3, 12397, 21.81, 32
2026/08/15 20:07:30.455, 22, 3, 12353, 22.05, 32
2026/08/15 20:07:32.456, 17, 0, 12333, 21.96, 31
2026/08/15 20:07:34.456, 20, 5, 12353, 22.87, 31
2026/08/15 20:07:36.457, 26, 3, 12325, 22.49, 31
2026/08/15 20:07:38.457, 16, 1, 12353, 23.32, 31
2026/08/15 20:07:40.458, 4, 0, 12313, 22.32, 31
2026/08/15 20:07:42.458, 8, 1, 12377, 22.90, 31
2026/08/15 20:07:44.459, 16, 3, 12361, 22.84, 31
2026/08/15 20:07:46.461, 0, 0, 12353, 22.44, 31
2026/08/15 20:07:48.461, 13, 1, 12373, 22.94, 31
2026/08/15 20:07:50.462, 3, 0, 12397, 23.04, 31
2026/08/15 20:07:52.462, 6, 1, 12321, 23.02, 31
2026/08/15 20:07:54.463, 3, 0, 12373, 23.42, 31
2026/08/15 20:07:56.463, 22, 4, 12385, 22.80, 31
2026/08/15 20:07:58.464, 5, 1, 12385, 23.58, 31
2026/08/15 20:08:00.465, 14, 2, 12353, 23.14, 31
2026/08/15 20:08:02.466, 0, 0, 12373, 23.46, 31
2026/08/15 20:08:04.466, 14, 3, 12365, 22.80, 31
2026/08/15 20:08:06.467, 10, 1, 12325, 22.29, 31
2026/08/15 20:08:08.468, 3, 0, 12365, 23.05, 31
2026/08/15 20:08:10.468, 14, 4, 12373, 23.41, 31
2026/08/15 20:08:12.469, 13, 1, 12349, 23.09, 31
2026/08/15 20:08:14.469, 3, 0, 12385, 22.55, 31
2026/08/15 20:08:16.469, 3, 1, 12313, 22.66, 31
2026/08/15 20:08:18.470, 19, 2, 12357, 23.08, 31
2026/08/15 20:08:20.470, 17, 3, 12353, 23.10, 31
2026/08/15 20:08:22.471, 8, 1, 12341, 22.59, 31
2026/08/15 20:08:24.471, 14, 2, 12353, 22.43, 31
2026/08/15 20:08:26.472, 15, 3, 12353, 22.60, 31
2026/08/15 20:08:28.472, 2, 1, 12357, 22.79, 31
2026/08/15 20:08:30.473, 15, 1, 12361, 22.36, 31
2026/08/15 20:08:32.473, 7, 1, 12357, 22.40, 31
2026/08/15 20:08:34.474, 4, 1, 12309, 23.22, 31
2026/08/15 20:08:36.475, 36, 6, 12373, 22.99, 31
2026/08/15 20:08:38.475, 14, 2, 12309, 22.22, 31
2026/08/15 20:08:40.476, 3, 1, 12373, 22.38, 31
2026/08/15 20:08:42.476, 6, 1, 12373, 22.87, 31
2026/08/15 20:08:44.477, 0, 0, 12313, 22.65, 31
2026/08/15 20:08:46.478, 29, 5, 12377, 23.38, 31
2026/08/15 20:08:48.478, 13, 2, 12333, 22.24, 31
2026/08/15 20:08:50.478, 8, 0, 12365, 22.80, 31
2026/08/15 20:08:52.479, 7, 1, 12289, 21.96, 31
2026/08/15 20:08:54.479, 12, 1, 12397, 23.61, 31
2026/08/15 20:08:56.480, 0, 0, 12305, 22.26, 31
2026/08/15 20:08:58.481, 13, 2, 12365, 22.85, 31
2026/08/15 20:09:00.481, 3, 1, 12341, 22.11, 31
2026/08/15 20:09:02.482, 29, 2, 12329, 22.10, 31
2026/08/15 20:09:04.482, 10, 1, 12373, 22.73, 31
2026/08/15 20:09:06.482, 17, 2, 12341, 22.63, 31
2026/08/15 20:09:08.484, 9, 0, 12353, 22.63, 31
2026/08/15 20:09:10.484, 14, 2, 12365, 22.24, 31
2026/08/15 20:09:12.485, 3, 1, 12325, 22.02, 30
2026/08/15 20:09:14.486, 2, 1, 12345, 22.41, 30
2026/08/15 20:09:16.486, 18, 3, 12365, 22.40, 30
2026/08/15 20:09:18.486, 3, 1, 12313, 21.60, 30
2026/08/15 20:09:20.488, 16, 2, 12385, 22.94, 30
2026/08/15 20:09:22.489, 30, 5, 12345, 23.36, 30
2026/08/15 20:09:24.489, 18, 4, 12357, 22.68, 30
2026/08/15 20:09:26.489, 3, 1, 12361, 22.46, 30
2026/08/15 20:09:28.490, 10, 2, 12345, 22.49, 30
2026/08/15 20:09:30.491, 13, 1, 12321, 22.12, 30
2026/08/15 20:09:32.492, 2, 0, 12309, 22.94, 30
2026/08/15 20:09:34.492, 19, 2, 12345, 22.56, 30
2026/08/15 20:09:36.492, 2, 1, 12341, 22.95, 30
2026/08/15 20:09:38.493, 3, 0, 12377, 23.17, 30
2026/08/15 20:09:40.494, 10, 2, 12333, 23.02, 30
2026/08/15 20:09:42.495, 0, 0, 12321, 22.45, 30
2026/08/15 20:09:44.499, 34, 4, 12329, 22.79, 30
2026/08/15 20:09:46.499, 42, 9, 12337, 22.83, 30
2026/08/15 20:09:48.500, 0, 1, 12337, 22.60, 30
2026/08/15 20:09:50.500, 15, 1, 12329, 22.40, 30
2026/08/15 20:09:52.501, 13, 1, 12373, 23.75, 30
2026/08/15 20:09:54.501, 6, 2, 12289, 22.68, 30
2026/08/15 20:09:56.501, 6, 1, 12397, 23.19, 30
2026/08/15 20:09:58.502, 28, 3, 12341, 22.71, 30
2026/08/15 20:10:00.502, 5, 1, 12353, 22.64, 30
2026/08/15 20:10:02.503, 0, 0, 12353, 22.16, 30
2026/08/15 20:10:04.504, 18, 3, 12361, 22.79, 30
2026/08/15 20:10:06.504, 5, 1, 12365, 22.21, 30
2026/08/15 20:10:08.505, 7, 1, 12341, 22.31, 30
2026/08/15 20:10:10.505, 10, 1, 12385, 22.17, 30
2026/08/15 20:10:12.506, 8, 2, 12357, 21.80, 30
2026/08/15 20:10:14.507, 18, 4, 12361, 22.08, 30
2026/08/15 20:10:16.508, 15, 1, 12357, 22.29, 30
2026/08/15 20:10:18.508, 9, 2, 12341, 22.40, 30
2026/08/15 20:10:20.509, 0, 0, 12365, 21.95, 30
2026/08/15 20:10:22.510, 3, 0, 12345, 22.21, 30
2026/08/15 20:10:24.510, 2, 1, 12341, 22.59, 30
2026/08/15 20:10:26.511, 20, 2, 12385, 22.68, 30
2026/08/15 20:10:28.512, 0, 0, 12329, 22.18, 30
2026/08/15 20:10:30.512, 18, 3, 12373, 22.53, 30
2026/08/15 20:10:32.513, 7, 2, 12357, 22.67, 30
2026/08/15 20:10:34.513, 0, 0, 12317, 22.25, 30
2026/08/15 20:10:36.514, 24, 3, 12421, 22.83, 30
2026/08/15 20:10:38.515, 34, 5, 12305, 22.54, 30
2026/08/15 20:10:40.515, 9, 1, 12389, 22.02, 30
2026/08/15 20:10:42.516, 25, 3, 12333, 22.81, 30
2026/08/15 20:10:44.517, 6, 1, 12361, 22.95, 30
2026/08/15 20:10:46.518, 16, 3, 12345, 22.51, 30
2026/08/15 20:10:48.518, 21, 2, 12309, 22.45, 30
2026/08/15 20:10:50.519, 25, 3, 12373, 22.52, 30
2026/08/15 20:10:52.519, 24, 2, 12341, 22.82, 30
2026/08/15 20:10:54.519, 12, 2, 12357, 22.44, 30
2026/08/15 20:10:56.520, 10, 1, 12373, 23.75, 30
2026/08/15 20:10:58.522, 1, 0, 12321, 22.60, 30
2026/08/15 20:11:00.523, 3, 0, 12365, 22.63, 30
2026/08/15 20:11:02.523, 17, 1, 12313, 22.42, 30
2026/08/15 20:11:04.524, 7, 2, 12353, 22.66, 30
2026/08/15 20:11:06.524, 17, 2, 12345, 22.83, 30
2026/08/15 20:11:08.525, 23, 3, 12337, 22.82, 30
2026/08/15 20:11:10.525, 5, 1, 12365, 22.37, 30
2026/08/15 20:11:12.526, 16, 2, 12353, 22.68, 30
2026/08/15 20:11:14.527, 19, 3, 12401, 22.59, 30
2026/08/15 20:11:16.527, 18, 5, 12349, 21.76, 30
2026/08/15 20:11:18.528, 4, 1, 12369, 22.88, 30
2026/08/15 20:11:20.529, 31, 7, 12377, 22.83, 30
2026/08/15 20:11:22.529, 0, 0, 12333, 22.43, 30
2026/08/15 20:11:24.530, 0, 0, 12357, 22.09, 30
2026/08/15 20:11:26.531, 12, 2, 12357, 22.90, 30
2026/08/15 20:11:28.531, 20, 2, 12321, 22.19, 30
2026/08/15 20:11:30.532, 10, 1, 12333, 22.12, 30
2026/08/15 20:11:32.532, 7, 1, 12373, 22.93, 30
2026/08/15 20:11:34.533, 0, 0, 12373, 23.21, 30
2026/08/15 20:11:36.533, 22, 3, 12341, 21.99, 30
2026/08/15 20:11:38.534, 4, 2, 12361, 22.70, 30
2026/08/15 20:11:40.534, 5, 1, 12349, 22.45, 30
2026/08/15 20:11:42.535, 36, 5, 12365, 22.64, 30
2026/08/15 20:11:44.536, 24, 2, 12349, 22.46, 30
2026/08/15 20:11:46.537, 22, 3, 12353, 23.02, 30
2026/08/15 20:11:48.537, 30, 4, 12365, 22.53, 30
2026/08/15 20:11:50.538, 1, 1, 12333, 22.35, 30
2026/08/15 20:11:52.538, 2, 1, 12333, 21.76, 30
2026/08/15 20:11:54.539, 5, 0, 12361, 21.36, 30
2026/08/15 20:11:56.540, 5, 1, 12321, 22.18, 30
2026/08/15 20:11:58.551, 5, 1, 12365, 22.70, 30
2026/08/15 20:12:00.552, 32, 5, 12349, 22.18, 30
2026/08/15 20:12:02.552, 3, 1, 12397, 22.05, 30
2026/08/15 20:12:04.553, 10, 3, 12353, 22.43, 30
2026/08/15 20:12:06.553, 1, 1, 12329, 21.71, 30
2026/08/15 20:12:08.553, 9, 2, 12373, 22.51, 30
2026/08/15 20:12:10.554, 4, 1, 12325, 22.17, 30
2026/08/15 20:12:12.554, 0, 0, 12353, 22.27, 30
2026/08/15 20:12:14.555, 5, 0, 12349, 22.20, 30
2026/08/15 20:12:16.555, 17, 2, 12345, 22.11, 29
2026/08/15 20:12:18.558, 4, 1, 12341, 22.38, 29
2026/08/15 20:12:20.559, 15, 1, 12353, 22.17, 30
2026/08/15 20:12:22.560, 0, 1, 12341, 22.69, 29
2026/08/15 20:12:24.561, 22, 3, 12373, 22.30, 29
2026/08/15 20:12:26.561, 15, 1, 12409, 22.41, 29
2026/08/15 20:12:28.562, 19, 1, 12337, 22.33, 29
2026/08/15 20:12:30.562, 11, 1, 12385, 22.06, 29
2026/08/15 20:12:32.563, 0, 0, 12309, 22.09, 29
2026/08/15 20:12:34.563, 2, 1, 12357, 22.06, 29
2026/08/15 20:12:36.566, 6, 2, 12345, 22.00, 29
2026/08/15 20:12:38.566, 7, 2, 12333, 22.93, 29
2026/08/15 20:12:40.567, 5, 1, 12353, 22.83, 29
2026/08/15 20:12:42.568, 11, 2, 12385, 22.27, 29
2026/08/15 20:12:44.568, 4, 1, 12329, 22.11, 29
2026/08/15 20:12:46.569, 3, 1, 12361, 22.00, 29
2026/08/15 20:12:48.570, 12, 2, 12333, 22.33, 29
2026/08/15 20:12:50.570, 11, 1, 12341, 22.77, 29
2026/08/15 20:12:52.571, 11, 1, 12345, 22.35, 29
2026/08/15 20:12:54.572, 36, 5, 12353, 22.13, 29
2026/08/15 20:12:56.572, 12, 1, 12337, 22.60, 29
2026/08/15 20:12:58.573, 6, 0, 12373, 22.34, 29
2026/08/15 20:13:00.573, 0, 0, 12341, 22.05, 29
2026/08/15 20:13:02.574, 9, 1, 12349, 21.93, 29
2026/08/15 20:13:04.575, 5, 0, 12337, 22.05, 29
2026/08/15 20:13:06.575, 23, 4, 12341, 22.64, 29
2026/08/15 20:13:08.576, 5, 2, 12361, 21.97, 29
2026/08/15 20:13:10.576, 4, 1, 12373, 22.65, 29
2026/08/15 20:13:12.577, 4, 1, 12373, 22.70, 29
2026/08/15 20:13:14.578, 5, 1, 12349, 22.34, 29
2026/08/15 20:13:16.578, 13, 2, 12353, 22.75, 29
2026/08/15 20:13:18.579, 19, 3, 12333, 22.78, 29
2026/08/15 20:13:20.579, 13, 2, 12313, 22.16, 29
2026/08/15 20:13:22.580, 15, 3, 12397, 22.61, 29
2026/08/15 20:13:24.581, 24, 3, 12337, 22.49, 29
2026/08/15 20:13:26.582, 0, 1, 12333, 22.17, 29
2026/08/15 20:13:28.582, 7, 2, 12345, 22.67, 29
2026/08/15 20:13:30.583, 38, 5, 12341, 22.78, 29
2026/08/15 20:13:32.584, 26, 3, 12349, 22.68, 29
2026/08/15 20:13:34.584, 30, 6, 12385, 22.62, 29
2026/08/15 20:13:36.584, 14, 1, 12365, 22.36, 29
2026/08/15 20:13:38.585, 6, 1, 12373, 23.45, 29
2026/08/15 20:13:40.585, 41, 6, 12333, 23.09, 29
2026/08/15 20:13:42.586, 7, 2, 12337, 22.08, 29
2026/08/15 20:13:44.587, 7, 1, 12345, 22.37, 29
2026/08/15 20:13:46.588, 12, 2, 12341, 22.36, 29
2026/08/15 20:13:48.588, 1, 0, 12373, 22.52, 29
2026/08/15 20:13:50.589, 33, 4, 12349, 22.58, 29
2026/08/15 20:13:52.590, 7, 1, 12345, 23.17, 29
2026/08/15 20:13:54.590, 14, 2, 12357, 23.57, 29
2026/08/15 20:13:56.591, 5, 2, 12325, 22.92, 29
2026/08/15 20:13:58.591, 0, 0, 12365, 23.30, 29
2026/08/15 20:14:00.592, 12, 1, 12321, 22.34, 29
2026/08/15 20:14:02.593, 44, 7, 12361, 22.66, 29
2026/08/15 20:14:04.593, 38, 7, 12341, 22.55, 29
2026/08/15 20:14:06.594, 27, 3, 12373, 23.09, 29
2026/08/15 20:14:08.594, 0, 0, 12361, 22.99, 29
2026/08/15 20:14:10.595, 13, 2, 12361, 22.59, 29
2026/08/15 20:14:12.595, 12, 1, 12329, 22.30, 29
2026/08/15 20:14:14.596, 9, 1, 12385, 22.70, 29
2026/08/15 20:14:16.596, 16, 3, 12337, 21.95, 29
2026/08/15 20:14:18.597, 18, 2, 12345, 22.41, 29
2026/08/15 20:14:20.597, 5, 0, 12345, 22.75, 29
2026/08/15 20:14:22.598, 7, 1, 12397, 22.69, 29
2026/08/15 20:14:24.598, 6, 2, 12297, 21.36, 29
2026/08/15 20:14:26.598, 3, 1, 12373, 22.01, 29
2026/08/15 20:14:28.599, 15, 1, 12373, 22.32, 29
2026/08/15 20:14:30.600, 22, 3, 12321, 22.06, 29
2026/08/15 20:14:32.600, 5, 1, 12357, 22.67, 29
2026/08/15 20:14:34.600, 17, 2, 12365, 22.63, 29
2026/08/15 20:14:36.601, 7, 1, 12329, 22.00, 29
2026/08/15 20:14:38.601, 4, 1, 12337, 21.70, 29
2026/08/15 20:14:40.602, 20, 3, 12341, 23.02, 29
2026/08/15 20:14:42.603, 14, 2, 12361, 22.17, 29
2026/08/15 20:14:44.603, 36, 6, 12373, 23.00, 29
2026/08/15 20:14:46.604, 9, 2, 12349, 22.72, 29
2026/08/15 20:14:48.605, 20, 2, 12345, 22.41, 29
2026/08/15 20:14:50.606, 0, 0, 12361, 22.61, 29
2026/08/15 20:14:52.607, 13, 2, 12333, 22.64, 29
2026/08/15 20:14:54.607, 2, 1, 12325, 22.15, 29
2026/08/15 20:14:56.608, 19, 2, 12365, 22.58, 29
2026/08/15 20:14:58.609, 24, 5, 12345, 22.63, 29
2026/08/15 20:15:00.609, 30, 5, 12353, 22.14, 29
2026/08/15 20:15:02.610, 25, 3, 12337, 22.23, 29
2026/08/15 20:15:04.610, 2, 0, 12345, 22.59, 29
2026/08/15 20:15:06.611, 0, 0, 12353, 22.48, 29
2026/08/15 20:15:08.611, 8, 3, 12353, 22.65, 29
2026/08/15 20:15:10.611, 16, 2, 12385, 22.67, 29
2026/08/15 20:15:12.612, 25, 4, 12349, 22.36, 29
2026/08/15 20:15:14.612, 6, 1, 12365, 22.50, 29
2026/08/15 20:15:16.613, 3, 1, 12349, 21.96, 29
2026/08/15 20:15:18.614, 3, 1, 12385, 22.62, 29
2026/08/15 20:15:20.614, 7, 1, 12317, 22.64, 29
2026/08/15 20:15:22.615, 1, 1, 12357, 22.45, 29
2026/08/15 20:15:24.615, 23, 4, 12353, 23.12, 29
2026/08/15 20:15:26.616, 7, 1, 12333, 23.15, 29
2026/08/15 20:15:28.616, 14, 2, 12365, 22.75, 29
2026/08/15 20:15:30.617, 9, 3, 12345, 23.13, 29
2026/08/15 20:15:32.617, 5, 1, 12337, 21.82, 29
2026/08/15 20:15:34.617, 3, 1, 12361, 22.57, 29
2026/08/15 20:15:36.618, 31, 6, 12385, 24.02, 29
2026/08/15 20:15:38.618, 3, 1, 12337, 22.27, 29
2026/08/15 20:15:40.619, 5, 1, 12325, 22.30, 29
2026/08/15 20:15:42.619, 12, 2, 12353, 22.85, 29
2026/08/15 20:15:44.620, 10, 2, 12353, 22.90, 29
2026/08/15 20:15:46.620, 0, 0, 12309, 22.36, 29
2026/08/15 20:15:48.621, 20, 3, 12373, 22.36, 29
2026/08/15 20:15:50.622, 5, 2, 12337, 22.03, 29
2026/08/15 20:15:52.622, 9, 1, 12373, 23.54, 29
2026/08/15 20:15:54.623, 16, 3, 12313, 22.21, 29
2026/08/15 20:15:56.623, 15, 2, 12333, 23.06, 29
2026/08/15 20:15:58.624, 3, 1, 12353, 22.39, 29
2026/08/15 20:16:00.624, 18, 3, 12361, 22.56, 29
2026/08/15 20:16:02.625, 31, 5, 12313, 22.16, 29
2026/08/15 20:16:04.625, 24, 3, 12373, 22.99, 29
2026/08/15 20:16:06.627, 0, 0, 12329, 22.57, 29
2026/08/15 20:16:08.628, 7, 0, 12357, 22.75, 29
2026/08/15 20:16:10.628, 26, 3, 12321, 22.64, 29
2026/08/15 20:16:12.628, 6, 2, 12385, 22.12, 29
2026/08/15 20:16:14.629, 9, 1, 12321, 22.41, 29
2026/08/15 20:16:16.629, 20, 3, 12353, 22.93, 29
2026/08/15 20:16:18.630, 3, 1, 12365, 22.61, 29
2026/08/15 20:16:20.630, 11, 1, 12361, 22.05, 29
2026/08/15 20:16:22.631, 25, 5, 12365, 22.58, 29
2026/08/15 20:16:24.631, 10, 2, 12353, 22.09, 29
2026/08/15 20:16:26.632, 23, 4, 12337, 22.01, 29
2026/08/15 20:16:28.633, 0, 0, 12345, 22.43, 29
2026/08/15 20:16:30.633, 16, 2, 12341, 22.20, 29
2026/08/15 20:16:32.634, 1, 2, 12357, 22.58, 29
2026/08/15 20:16:34.634, 35, 7, 12353, 22.45, 29
2026/08/15 20:16:36.634, 22, 5, 12385, 21.73, 29
2026/08/15 20:16:38.635, 12, 3, 12285, 21.16, 29
2026/08/15 20:16:40.635, 10, 2, 12397, 22.57, 29
2026/08/15 20:16:42.636, 9, 1, 12333, 21.87, 29
2026/08/15 20:16:44.637, 18, 3, 12345, 22.06, 29
2026/08/15 20:16:46.637, 0, 0, 12333, 22.44, 29
2026/08/15 20:16:48.638, 20, 3, 12341, 22.57, 29
2026/08/15 20:16:50.638, 0, 0, 12369, 21.98, 29
2026/08/15 20:16:52.639, 8, 1, 12409, 22.85, 29
2026/08/15 20:16:54.639, 25, 2, 12341, 23.31, 29
2026/08/15 20:16:56.639, 11, 2, 12353, 22.77, 29
2026/08/15 20:16:58.640, 0, 0, 12337, 21.47, 29
2026/08/15 20:17:00.640, 0, 0, 12373, 22.49, 29
2026/08/15 20:17:02.641, 3, 1, 12369, 21.50, 29
2026/08/15 20:17:04.642, 0, 0, 12401, 22.74, 29
2026/08/15 20:17:06.642, 6, 1, 12349, 21.83, 29
2026/08/15 20:17:08.643, 25, 6, 12365, 22.51, 29
2026/08/15 20:17:10.643, 12, 1, 12337, 21.92, 29
2026/08/15 20:17:12.644, 5, 0, 12373, 21.98, 29
2026/08/15 20:17:14.644, 0, 0, 12401, 22.36, 29
2026/08/15 20:17:16.645, 19, 3, 12373, 21.78, 29
2026/08/15 20:17:18.645, 30, 4, 12329, 21.73, 29
2026/08/15 20:17:20.646, 5, 0, 12373, 21.62, 29
2026/08/15 20:17:22.649, 1, 0, 12333, 21.87, 29
2026/08/15 20:17:24.650, 7, 1, 12421, 22.18, 29
2026/08/15 20:17:26.650, 15, 1, 12401, 21.49, 29
2026/08/15 20:17:28.651, 12, 1, 12353, 22.64, 29
2026/08/15 20:17:30.651, 0, 1, 12365, 22.30, 29
2026/08/15 20:17:32.651, 0, 0, 12361, 22.68, 29
2026/08/15 20:17:34.652, 5, 2, 12353, 22.43, 29
2026/08/15 20:17:36.652, 6, 0, 12385, 22.33, 29
2026/08/15 20:17:38.653, 3, 0, 12349, 22.07, 29
2026/08/15 20:17:40.654, 16, 3, 12365, 22.35, 29
2026/08/15 20:17:42.655, 17, 3, 12333, 22.23, 29
2026/08/15 20:17:44.655, 22, 5, 12401, 22.84, 29
2026/08/15 20:17:46.656, 13, 2, 12401, 21.91, 29
2026/08/15 20:17:48.656, 16, 2, 12337, 21.21, 29
2026/08/15 20:17:50.657, 14, 3, 12337, 22.28, 29
2026/08/15 20:17:52.658, 9, 1, 12365, 22.60, 29
2026/08/15 20:17:54.658, 21, 3, 12313, 22.39, 29
2026/08/15 20:17:56.659, 1, 1, 12313, 21.71, 29
2026/08/15 20:17:58.660, 4, 1, 12397, 22.46, 29
2026/08/15 20:18:00.660, 6, 0, 12301, 23.22, 29
2026/08/15 20:18:02.660, 12, 1, 12397, 22.59, 29
2026/08/15 20:18:04.661, 12, 1, 12341, 22.62, 29
2026/08/15 20:18:06.661, 15, 2, 12353, 22.46, 29
2026/08/15 20:18:08.662, 6, 1, 12341, 22.86, 29
2026/08/15 20:18:10.662, 19, 3, 12349, 22.59, 29
2026/08/15 20:18:12.663, 50, 8, 12361, 22.81, 29
2026/08/15 20:18:14.664, 40, 7, 12345, 22.69, 29
2026/08/15 20:18:16.664, 0, 0, 12321, 22.33, 29
2026/08/15 20:18:18.665, 7, 1, 12373, 22.67, 29
2026/08/15 20:18:20.665, 15, 2, 12361, 22.61, 29
2026/08/15 20:18:22.666, 8, 1, 12377, 23.55, 29
2026/08/15 20:18:24.666, 10, 1, 12317, 22.11, 29
2026/08/15 20:18:26.666, 5, 0, 12385, 22.27, 29
2026/08/15 20:18:28.668, 10, 0, 12341, 22.58, 29
2026/08/15 20:18:30.669, 5, 1, 12341, 21.93, 29
2026/08/15 20:18:32.670, 24, 3, 12377, 22.46, 29
2026/08/15 20:18:34.671, 10, 1, 12353, 22.35, 29
2026/08/15 20:18:36.671, 2, 1, 12361, 21.93, 29
2026/08/15 20:18:38.672, 20, 3, 12373, 22.46, 29
2026/08/15 20:18:40.672, 15, 1, 12341, 22.46, 29
2026/08/15 20:18:42.673, 0, 1, 12321, 22.32, 29
2026/08/15 20:18:44.673, 20, 2, 12353, 22.60, 29
2026/08/15 20:18:46.674, 17, 2, 12341, 22.11, 29
2026/08/15 20:18:48.674, 2, 1, 12329, 21.96, 29
2026/08/15 20:18:50.675, 7, 2, 12397, 22.59, 29
2026/08/15 20:18:52.676, 42, 7, 12365, 22.52, 29
2026/08/15 20:18:54.676, 0, 0, 12325, 22.16, 29
2026/08/15 20:18:56.677, 19, 3, 12373, 23.04, 29
2026/08/15 20:18:58.678, 4, 0, 12361, 22.86, 29
2026/08/15 20:19:00.678, 33, 5, 12365, 22.21, 29
2026/08/15 20:19:02.679, 0, 1, 12325, 22.03, 29
2026/08/15 20:19:04.680, 10, 2, 12377, 22.85, 29
2026/08/15 20:19:06.681, 16, 1, 12293, 22.46, 29
2026/08/15 20:19:08.681, 5, 0, 12385, 22.20, 28
2026/08/15 20:19:10.682, 7, 1, 12353, 22.69, 29
2026/08/15 20:19:12.682, 3, 0, 12345, 22.73, 28
2026/08/15 20:19:14.684, 2, 0, 12345, 22.45, 28
2026/08/15 20:19:16.685, 13, 2, 12373, 22.75, 28
2026/08/15 20:19:18.685, 5, 2, 12365, 22.87, 28
2026/08/15 20:19:20.687, 7, 1, 12341, 22.12, 28
2026/08/15 20:19:22.698, 16, 2, 12349, 22.45, 28
2026/08/15 20:19:24.699, 15, 1, 12365, 22.14, 28
2026/08/15 20:19:26.699, 22, 2, 12341, 22.82, 28
2026/08/15 20:19:28.699, 6, 1, 12373, 22.42, 28
2026/08/15 20:19:30.700, 8, 2, 12321, 22.49, 28
2026/08/15 20:19:32.701, 6, 0, 12365, 23.01, 28
2026/08/15 20:19:34.701, 4, 0, 12345, 21.80, 28
2026/08/15 20:19:36.702, 0, 1, 12353, 22.29, 28
2026/08/15 20:19:38.703, 0, 0, 12353, 22.40, 28
2026/08/15 20:19:40.704, 12, 0, 12345, 22.10, 28
2026/08/15 20:19:42.704, 40, 6, 12361, 22.57, 28
2026/08/15 20:19:44.705, 7, 1, 12353, 21.68, 28
2026/08/15 20:19:46.706, 9, 1, 12401, 21.38, 28
2026/08/15 20:19:48.706, 7, 2, 12373, 21.51, 28
2026/08/15 20:19:50.707, 5, 1, 12397, 22.07, 28
2026/08/15 20:19:52.707, 9, 1, 12369, 22.09, 28
2026/08/15 20:19:54.708, 4, 1, 12341, 22.30, 28
2026/08/15 20:19:56.709, 35, 7, 12421, 22.91, 28
2026/08/15 20:19:58.710, 31, 3, 12309, 21.96, 28
2026/08/15 20:20:00.710, 0, 0, 12353, 21.53, 28
2026/08/15 20:20:02.710, 13, 2, 12393, 22.44, 28
2026/08/15 20:20:04.712, 0, 0, 12349, 21.94, 28
2026/08/15 20:20:06.712, 17, 2, 12373, 21.91, 28
2026/08/15 20:20:08.713, 3, 0, 12337, 21.66, 28
2026/08/15 20:20:10.713, 0, 0, 12353, 21.86, 28
2026/08/15 20:20:12.714, 15, 1, 12417, 22.92, 28
2026/08/15 20:20:14.714, 41, 5, 12341, 21.72, 28
2026/08/15 20:20:16.715, 2, 1, 12381, 22.15, 28
2026/08/15 20:20:18.715, 0, 0, 12365, 22.71, 28
2026/08/15 20:20:20.716, 0, 0, 12361, 21.99, 28
2026/08/15 20:20:22.716, 9, 2, 12357, 21.51, 28
2026/08/15 20:20:24.717, 8, 2, 12345, 22.30, 28
2026/08/15 20:20:26.717, 28, 3, 12413, 22.59, 28
2026/08/15 20:20:28.717, 24, 4, 12401, 22.30, 28
2026/08/15 20:20:30.720, 15, 1, 12349, 22.33, 28
2026/08/15 20:20:32.720, 4, 0, 12433, 22.81, 28
2026/08/15 20:20:34.721, 16, 2, 12365, 23.20, 28
2026/08/15 20:20:36.722, 17, 2, 12365, 22.39, 28
2026/08/15 20:20:38.722, 17, 2, 12389, 22.59, 28
2026/08/15 20:20:40.722, 17, 2, 12349, 22.44, 28
2026/08/15 20:20:42.723, 18, 4, 12369, 21.93, 28
2026/08/15 20:20:44.723, 5, 1, 12393, 22.41, 28
2026/08/15 20:20:46.726, 12, 2, 12317, 21.56, 28
2026/08/15 20:20:48.727, 18, 2, 12365, 22.70, 28
2026/08/15 20:20:50.727, 8, 1, 12389, 22.39, 28
2026/08/15 20:20:52.728, 12, 3, 12333, 21.68, 28
2026/08/15 20:20:54.728, 11, 2, 12401, 22.28, 28
2026/08/15 20:20:56.729, 0, 0, 12397, 22.03, 28
2026/08/15 20:20:58.729, 6, 1, 12365, 21.84, 28
2026/08/15 20:21:00.733, 11, 2, 12409, 22.14, 28
2026/08/15 20:21:02.734, 35, 5, 12409, 22.55, 28
2026/08/15 20:21:04.734, 10, 2, 12341, 21.58, 28
2026/08/15 20:21:06.735, 5, 1, 12409, 21.90, 28
2026/08/15 20:21:08.736, 25, 6, 12341, 22.25, 28
2026/08/15 20:21:10.736, 0, 0, 12373, 23.00, 28
2026/08/15 20:21:12.737, 10, 2, 12357, 21.71, 28
2026/08/15 20:21:14.737, 3, 0, 12329, 21.81, 28
2026/08/15 20:21:16.738, 4, 0, 12389, 22.90, 28
2026/08/15 20:21:18.738, 0, 0, 12349, 22.34, 28
2026/08/15 20:21:20.739, 1, 1, 12345, 22.41, 28
2026/08/15 20:21:22.740, 25, 4, 12385, 22.42, 28
2026/08/15 20:21:24.740, 17, 3, 12333, 22.05, 28
2026/08/15 20:21:26.741, 0, 0, 12397, 21.97, 28
2026/08/15 20:21:28.742, 9, 1, 12341, 22.35, 28
2026/08/15 20:21:30.742, 7, 1, 12353, 22.17, 28
2026/08/15 20:21:32.742, 33, 4, 12361, 21.99, 28
2026/08/15 20:21:34.743, 14, 1, 12361, 22.09, 28
2026/08/15 20:21:36.743, 7, 1, 12325, 21.43, 28
2026/08/15 20:21:38.744, 18, 3, 12385, 22.31, 28
2026/08/15 20:21:40.744, 24, 4, 12349, 22.51, 29
2026/08/15 20:21:42.745, 9, 1, 12361, 21.96, 28
2026/08/15 20:21:44.746, 24, 5, 12357, 21.64, 28
2026/08/15 20:21:46.746, 23, 4, 12345, 22.45, 28
2026/08/15 20:21:48.747, 3, 1, 12345, 21.95, 28
2026/08/15 20:21:50.748, 23, 3, 12345, 21.79, 29
2026/08/15 20:21:52.748, 13, 2, 12373, 21.57, 29
2026/08/15 20:21:54.749, 0, 0, 12365, 21.95, 29
2026/08/15 20:21:56.749, 5, 0, 12329, 21.51, 29
2026/08/15 20:21:58.750, 6, 1, 12365, 21.81, 29
2026/08/15 20:22:00.750, 52, 10, 12361, 22.92, 29
2026/08/15 20:22:02.751, 16, 1, 12365, 22.02, 29
2026/08/15 20:22:04.757, 3, 1, 12329, 21.91, 29
2026/08/15 20:22:06.758, 0, 0, 12377, 22.85, 29
2026/08/15 20:22:08.758, 3, 1, 12349, 22.96, 29
2026/08/15 20:22:10.759, 0, 0, 12333, 22.03, 29
2026/08/15 20:22:12.760, 11, 1, 12353, 21.67, 29
2026/08/15 20:22:14.760, 21, 5, 12373, 21.71, 29
2026/08/15 20:22:16.760, 0, 0, 12341, 22.46, 29
2026/08/15 20:22:18.761, 17, 2, 12373, 22.57, 29
2026/08/15 20:22:20.761, 7, 1, 12341, 22.14, 29
2026/08/15 20:22:22.762, 17, 3, 12345, 23.06, 29
2026/08/15 20:22:24.762, 15, 2, 12373, 22.23, 29
2026/08/15 20:22:26.763, 11, 1, 12369, 22.08, 29
2026/08/15 20:22:28.763, 6, 1, 12325, 21.73, 29
2026/08/15 20:22:30.764, 21, 3, 12393, 22.99, 29
2026/08/15 20:22:32.765, 24, 3, 12333, 22.44, 29
2026/08/15 20:22:34.765, 0, 0, 12353, 23.12, 29
2026/08/15 20:22:36.766, 10, 1, 12353, 22.38, 29
2026/08/15 20:22:38.766, 24, 3, 12369, 22.95, 29
2026/08/15 20:22:40.767, 12, 2, 12341, 22.17, 29
2026/08/15 20:22:42.767, 17, 3, 12401, 22.56, 29
2026/08/15 20:22:44.768, 6, 1, 12381, 22.63, 29
2026/08/15 20:22:46.768, 18, 4, 12325, 22.86, 29
2026/08/15 20:22:48.769, 15, 1, 12365, 22.17, 29
2026/08/15 20:22:50.770, 11, 2, 12345, 22.46, 29
2026/08/15 20:22:52.771, 7, 0, 12357, 22.77, 29
2026/08/15 20:22:54.772, 15, 3, 12349, 22.82, 29
2026/08/15 20:22:56.772, 4, 1, 12373, 21.89, 29
2026/08/15 20:22:58.772, 8, 1, 12373, 22.24, 29
2026/08/15 20:23:00.776, 12, 2, 12349, 22.21, 29
2026/08/15 20:23:02.776, 1, 1, 12333, 22.38, 29
2026/08/15 20:23:04.777, 11, 1, 12373, 22.25, 29
2026/08/15 20:23:06.777, 0, 0, 12337, 22.05, 29
2026/08/15 20:23:08.778, 11, 1, 12349, 21.68, 29
2026/08/15 20:23:10.779, 10, 1, 12357, 22.22, 29
2026/08/15 20:23:12.780, 10, 1, 12377, 21.72, 29
2026/08/15 20:23:14.781, 15, 2, 12373, 21.43, 29
2026/08/15 20:23:16.787, 0, 0, 12385, 21.53, 29
2026/08/15 20:23:18.788, 11, 3, 12353, 21.96, 29
2026/08/15 20:23:20.788, 0, 0, 12329, 21.82, 29
2026/08/15 20:23:22.789, 0, 1, 12377, 22.53, 29
2026/08/15 20:23:24.790, 17, 2, 12341, 21.87, 29
2026/08/15 20:23:26.790, 4, 0, 12345, 22.08, 29
2026/08/15 20:23:28.791, 39, 8, 12333, 22.66, 29
2026/08/15 20:23:30.791, 6, 1, 12361, 21.73, 29
2026/08/15 20:23:32.791, 18, 3, 12373, 22.23, 29
2026/08/15 20:23:34.792, 3, 1, 12321, 21.39, 30
2026/08/15 20:23:36.792, 3, 1, 12361, 21.67, 30
2026/08/15 20:23:38.793, 5, 0, 12341, 21.90, 30
2026/08/15 20:23:40.794, 12, 3, 12341, 21.67, 30
2026/08/15 20:23:42.795, 13, 2, 12321, 22.05, 30
2026/08/15 20:23:44.796, 10, 2, 12385, 21.93, 30
2026/08/15 20:23:46.796, 0, 0, 12345, 21.20, 30
2026/08/15 20:23:48.797, 7, 1, 12353, 21.90, 30
2026/08/15 20:23:50.798, 8, 1, 12357, 22.41, 30
2026/08/15 20:23:52.798, 13, 1, 12341, 21.80, 30
2026/08/15 20:23:54.799, 27, 5, 12357, 22.10, 30
2026/08/15 20:23:56.800, 11, 1, 12413, 22.16, 30
2026/08/15 20:23:58.800, 2, 1, 12321, 21.75, 30
2026/08/15 20:24:00.801, 15, 2, 12353, 21.85, 30
2026/08/15 20:24:02.802, 32, 5, 12377, 22.71, 30
2026/08/15 20:24:04.803, 11, 1, 12405, 22.49, 30
2026/08/15 20:24:06.804, 29, 4, 12313, 22.07, 30
2026/08/15 20:24:08.804, 27, 4, 12385, 22.74, 30
2026/08/15 20:24:10.805, 13, 3, 12401, 21.68, 30
2026/08/15 20:24:12.805, 2, 0, 12337, 21.88, 30
2026/08/15 20:24:14.806, 14, 1, 12381, 22.59, 30
2026/08/15 20:24:16.806, 18, 2, 12333, 22.17, 30
2026/08/15 20:24:18.808, 4, 1, 12349, 22.12, 30
2026/08/15 20:24:20.808, 6, 1, 12377, 23.11, 30
2026/08/15 20:24:22.809, 7, 1, 12349, 21.46, 30
2026/08/15 20:24:24.809, 22, 4, 12345, 22.35, 30
2026/08/15 20:24:26.810, 2, 0, 12353, 21.62, 30
2026/08/15 20:24:28.810, 6, 1, 12361, 22.09, 30
2026/08/15 20:24:30.811, 6, 1, 12365, 22.05, 30
2026/08/15 20:24:32.812, 25, 2, 12341, 22.36, 30
2026/08/15 20:24:34.812, 25, 4, 12345, 21.92, 30
2026/08/15 20:24:36.812, 0, 1, 12313, 21.51, 30
2026/08/15 20:24:38.816, 3, 1, 12353, 22.09, 30
2026/08/15 20:24:40.817, 6, 1, 12365, 21.46, 30
2026/08/15 20:24:42.817, 29, 3, 12389, 22.36, 30
2026/08/15 20:24:44.818, 21, 2, 12345, 21.49, 30
2026/08/15 20:24:46.818, 5, 1, 12365, 22.41, 30
2026/08/15 20:24:48.818, 3, 0, 12341, 22.19, 30
2026/08/15 20:24:50.819, 10, 2, 12333, 22.27, 30
2026/08/15 20:24:52.820, 7, 0, 12337, 21.66, 30
2026/08/15 20:24:54.820, 2, 1, 12349, 21.61, 30
2026/08/15 20:24:56.821, 37, 7, 12389, 22.58, 30
2026/08/15 20:24:58.821, 17, 2, 12337, 22.17, 30
2026/08/15 20:25:00.822, 34, 6, 12373, 23.10, 30
2026/08/15 20:25:02.822, 20, 4, 12305, 22.56, 30
2026/08/15 20:25:04.823, 22, 2, 12349, 23.54, 30
2026/08/15 20:25:06.823, 2, 0, 12361, 23.32, 30
2026/08/15 20:25:08.825, 30, 3, 12353, 22.85, 30
2026/08/15 20:25:10.826, 8, 1, 12353, 23.08, 30
2026/08/15 20:25:12.826, 19, 2, 12329, 22.09, 30
2026/08/15 20:25:14.826, 8, 1, 12345, 22.47, 30
2026/08/15 20:25:16.827, 9, 2, 12345, 22.96, 30
2026/08/15 20:25:18.828, 27, 3, 12353, 23.03, 30
2026/08/15 20:25:20.829, 40, 7, 12373, 23.16, 30
2026/08/15 20:25:22.830, 12, 1, 12369, 22.04, 30
2026/08/15 20:25:24.831, 10, 2, 12373, 21.81, 30
2026/08/15 20:25:26.831, 5, 1, 12353, 22.40, 30
2026/08/15 20:25:28.832, 11, 2, 12405, 22.75, 30
2026/08/15 20:25:30.833, 16, 3, 12333, 22.38, 30
2026/08/15 20:25:32.834, 5, 2, 12385, 22.60, 30
2026/08/15 20:25:34.835, 0, 0, 12385, 22.07, 30
2026/08/15 20:25:36.835, 0, 0, 12361, 22.49, 30
2026/08/15 20:25:38.836, 11, 1, 12401, 23.08, 30
2026/08/15 20:25:40.837, 0, 0, 12349, 22.26, 30
2026/08/15 20:25:42.837, 3, 1, 12381, 22.63, 30
2026/08/15 20:25:44.838, 11, 2, 12337, 22.65, 30
2026/08/15 20:25:46.838, 3, 1, 12349, 23.08, 31
2026/08/15 20:25:48.839, 0, 0, 12325, 22.72, 31
2026/08/15 20:25:50.839, 4, 1, 12373, 22.25, 31
2026/08/15 20:25:52.840, 7, 1, 12413, 22.84, 31
2026/08/15 20:25:54.840, 4, 0, 12297, 22.03, 31
2026/08/15 20:25:56.841, 16, 2, 12385, 23.41, 31
2026/08/15 20:25:58.841, 0, 0, 12381, 23.10, 31
2026/08/15 20:26:00.842, 23, 4, 12325, 22.66, 31
2026/08/15 20:26:02.842, 4, 1, 12373, 22.71, 31
2026/08/15 20:26:04.843, 0, 0, 12401, 22.62, 31
2026/08/15 20:26:06.844, 17, 1, 12349, 22.32, 31
2026/08/15 20:26:08.845, 0, 0, 12433, 23.45, 31
2026/08/15 20:26:10.845, 10, 2, 12341, 22.68, 31
2026/08/15 20:26:12.848, 32, 5, 12429, 23.55, 31
2026/08/15 20:26:14.849, 2, 1, 12349, 23.26, 31
2026/08/15 20:26:16.849, 34, 6, 12429, 22.84, 31
2026/08/15 20:26:18.850, 22, 3, 12377, 22.95, 31
2026/08/15 20:26:20.851, 8, 2, 12353, 22.04, 31
2026/08/15 20:26:22.851, 3, 1, 12425, 23.39, 31
2026/08/15 20:26:24.853, 6, 1, 12341, 22.55, 31
2026/08/15 20:26:26.854, 34, 5, 12405, 22.92, 31
2026/08/15 20:26:28.854, 2, 2, 12301, 22.48, 31
2026/08/15 20:26:30.855, 6, 1, 12393, 22.49, 31
2026/08/15 20:26:32.855, 18, 4, 12437, 23.14, 31
2026/08/15 20:26:34.856, 14, 2, 12329, 22.75, 31
2026/08/15 20:26:36.856, 14, 1, 12393, 24.04, 31
2026/08/15 20:26:38.856, 6, 1, 12365, 22.70, 31
2026/08/15 20:26:40.857, 5, 0, 12381, 23.74, 31
2026/08/15 20:26:42.857, 12, 1, 12341, 23.58, 31
2026/08/15 20:26:44.858, 0, 0, 12405, 23.05, 31
2026/08/15 20:26:46.858, 21, 3, 12345, 23.03, 31
2026/08/15 20:26:48.859, 48, 7, 12357, 22.98, 31
2026/08/15 20:26:50.860, 0, 0, 12425, 23.40, 31
2026/08/15 20:26:52.860, 18, 3, 12353, 22.82, 31
2026/08/15 20:26:54.861, 5, 1, 12381, 22.95, 31
2026/08/15 20:26:56.862, 0, 0, 12425, 21.93, 31
2026/08/15 20:26:58.863, 0, 0, 12361, 22.10, 31
2026/08/15 20:27:00.865, 0, 0, 12393, 22.36, 31
2026/08/15 20:27:02.866, 17, 2, 12373, 23.10, 31
2026/08/15 20:27:04.867, 1, 1, 12333, 22.47, 31
2026/08/15 20:27:06.867, 16, 2, 12353, 22.74, 31
2026/08/15 20:27:08.868, 29, 6, 12377, 23.11, 31
2026/08/15 20:27:10.868, 20, 2, 12337, 22.01, 31
2026/08/15 20:27:12.869, 19, 4, 12325, 23.07, 31
2026/08/15 20:27:14.869, 0, 0, 12321, 22.11, 31
2026/08/15 20:27:16.870, 42, 10, 12385, 23.31, 31
2026/08/15 20:27:18.870, 3, 0, 12293, 21.76, 31
2026/08/15 20:27:20.871, 1, 1, 12353, 22.13, 31
2026/08/15 20:27:22.871, 44, 6, 12333, 22.92, 31
2026/08/15 20:27:24.872, 5, 1, 12353, 22.43, 31
2026/08/15 20:27:26.872, 26, 2, 12349, 22.71, 31
2026/08/15 20:27:28.873, 17, 2, 12377, 22.52, 31
2026/08/15 20:27:30.873, 5, 2, 12325, 21.66, 31
2026/08/15 20:27:32.874, 7, 0, 12365, 22.53, 31
2026/08/15 20:27:34.874, 0, 0, 12385, 22.89, 31
2026/08/15 20:27:36.875, 18, 4, 12353, 22.08, 31
2026/08/15 20:27:38.875, 17, 2, 12333, 22.81, 31
2026/08/15 20:27:40.876, 0, 0, 12341, 22.88, 31
2026/08/15 20:27:42.876, 17, 2, 12373, 23.00, 31
2026/08/15 20:27:44.879, 4, 0, 12329, 22.08, 31
2026/08/15 20:27:46.880, 17, 1, 12333, 22.30, 31
2026/08/15 20:27:48.880, 4, 1, 12365, 22.69, 31
2026/08/15 20:27:50.881, 1, 1, 12321, 22.08, 31
2026/08/15 20:27:52.881, 3, 2, 12365, 22.10, 31
2026/08/15 20:27:54.882, 0, 0, 12321, 22.94, 31
2026/08/15 20:27:56.882, 0, 0, 12397, 22.67, 31
2026/08/15 20:27:58.883, 22, 3, 12373, 23.48, 31
2026/08/15 20:28:00.883, 12, 2, 12353, 22.27, 31
2026/08/15 20:28:02.884, 32, 6, 12353, 22.40, 31
2026/08/15 20:28:04.887, 12, 2, 12325, 22.12, 31
2026/08/15 20:28:06.888, 22, 2, 12385, 22.39, 31
2026/08/15 20:28:08.888, 4, 1, 12365, 22.54, 31
2026/08/15 20:28:10.888, 9, 1, 12365, 22.54, 31
2026/08/15 20:28:12.889, 22, 3, 12353, 23.11, 31
2026/08/15 20:28:14.890, 0, 0, 12345, 22.10, 31
2026/08/15 20:28:16.891, 23, 4, 12333, 22.91, 32
2026/08/15 20:28:18.891, 11, 1, 12361, 22.78, 32
2026/08/15 20:28:20.892, 8, 1, 12377, 22.60, 32
2026/08/15 20:28:22.892, 25, 6, 12377, 22.36, 32
2026/08/15 20:28:24.893, 9, 1, 12341, 22.17, 32
2026/08/15 20:28:26.894, 11, 2, 12357, 22.55, 32
2026/08/15 20:28:28.894, 15, 3, 12325, 22.87, 32
2026/08/15 20:28:30.895, 12, 3, 12337, 23.38, 32
2026/08/15 20:28:32.896, 25, 5, 12361, 23.19, 32
2026/08/15 20:28:34.897, 9, 2, 12377, 23.29, 32
2026/08/15 20:28:36.897, 9, 1, 12297, 22.63, 32
2026/08/15 20:28:38.898, 11, 1, 12397, 23.38, 32
2026/08/15 20:28:40.899, 9, 1, 12349, 23.12, 32
2026/08/15 20:28:42.900, 32, 4, 12341, 23.55, 32
2026/08/15 20:28:44.901, 12, 3, 12365, 22.99, 32
2026/08/15 20:28:46.902, 27, 2, 12349, 22.95, 32
2026/08/15 20:28:48.903, 13, 2, 12377, 23.07, 32
2026/08/15 20:28:50.903, 37, 7, 12353, 22.68, 32
2026/08/15 20:28:52.906, 0, 0, 12353, 23.08, 32
2026/08/15 20:28:54.907, 11, 2, 12353, 23.02, 32
2026/08/15 20:28:56.908, 2, 1, 12385, 22.78, 32
2026/08/15 20:28:58.909, 20, 4, 12373, 22.36, 32
2026/08/15 20:29:00.909, 3, 1, 12365, 22.82, 32
2026/08/15 20:29:02.910, 0, 0, 12361, 22.72, 32
2026/08/15 20:29:04.910, 12, 1, 12313, 22.34, 32
2026/08/15 20:29:06.911, 10, 1, 12409, 22.99, 32
2026/08/15 20:29:08.912, 20, 3, 12329, 23.07, 32
2026/08/15 20:29:10.912, 18, 1, 12385, 23.08, 32
2026/08/15 20:29:12.913, 34, 6, 12333, 23.04, 32
2026/08/15 20:29:14.913, 3, 1, 12385, 24.03, 32
2026/08/15 20:29:16.914, 16, 2, 12333, 23.71, 32
2026/08/15 20:29:18.914, 7, 2, 12365, 22.79, 32
2026/08/15 20:29:20.915, 16, 3, 12301, 23.05, 32
2026/08/15 20:29:22.915, 9, 1, 12341, 22.68, 32
2026/08/15 20:29:24.916, 8, 0, 12361, 23.08, 32
2026/08/15 20:29:26.916, 9, 0, 12377, 23.17, 32
2026/08/15 20:29:28.916, 3, 1, 12385, 22.86, 32
2026/08/15 20:29:30.917, 8, 1, 12341, 23.40, 32
2026/08/15 20:29:32.918, 0, 0, 12325, 22.43, 32
2026/08/15 20:29:34.918, 9, 1, 12385, 23.82, 32
2026/08/15 20:29:36.919, 20, 2, 12401, 23.04, 32
2026/08/15 20:29:38.920, 0, 0, 12341, 23.28, 32
2026/08/15 20:29:40.920, 37, 8, 12421, 24.23, 32
2026/08/15 20:29:42.921, 6, 1, 12361, 23.32, 32
2026/08/15 20:29:44.922, 19, 2, 12373, 23.44, 32
2026/08/15 20:29:46.922, 16, 2, 12393, 23.41, 32
2026/08/15 20:29:48.923, 1, 1, 12341, 22.95, 32
2026/08/15 20:29:50.923, 0, 0, 12349, 22.68, 32
2026/08/15 20:29:52.924, 6, 1, 12373, 23.64, 32
2026/08/15 20:29:54.925, 8, 2, 12325, 23.45, 32
2026/08/15 20:29:56.926, 20, 2, 12341, 23.19, 32
2026/08/15 20:29:58.927, 0, 0, 12345, 23.30, 32
2026/08/15 20:30:00.927, 5, 1, 12397, 22.81, 32
2026/08/15 20:30:02.928, 25, 5, 12381, 23.60, 32
2026/08/15 20:30:04.928, 20, 4, 12445, 23.52, 32
2026/08/15 20:30:06.928, 9, 1, 12337, 22.42, 32
2026/08/15 20:30:08.929, 7, 0, 12361, 23.04, 32
2026/08/15 20:30:10.929, 13, 2, 12373, 23.27, 32
2026/08/15 20:30:12.930, 33, 4, 12341, 23.64, 32
2026/08/15 20:30:14.930, 0, 0, 12373, 22.41, 32
2026/08/15 20:30:16.931, 19, 2, 12389, 23.77, 32
2026/08/15 20:30:18.932, 0, 0, 12369, 23.08, 32
2026/08/15 20:30:20.933, 0, 0, 12365, 22.57, 32
2026/08/15 20:30:22.934, 12, 2, 12349, 22.85, 32
2026/08/15 20:30:24.935, 2, 1, 12365, 22.48, 32
2026/08/15 20:30:26.935, 18, 3, 12341, 22.88, 32
2026/08/15 20:30:28.936, 0, 0, 12373, 22.63, 32
2026/08/15 20:30:30.936, 0, 0, 12333, 22.74, 32
2026/08/15 20:30:32.937, 17, 3, 12373, 22.82, 32
2026/08/15 20:30:34.938, 14, 2, 12405, 23.15, 32
2026/08/15 20:30:36.943, 5, 2, 12369, 21.94, 32
2026/08/15 20:30:38.944, 22, 3, 12425, 22.74, 32
2026/08/15 20:30:40.944, 6, 2, 12321, 22.26, 32
2026/08/15 20:30:42.945, 40, 4, 12341, 22.72, 32
2026/08/15 20:30:44.946, 4, 2, 12341, 22.50, 32
2026/08/15 20:30:46.947, 18, 3, 12377, 23.73, 32
2026/08/15 20:30:48.947, 15, 2, 12349, 22.78, 32
2026/08/15 20:30:50.948, 11, 2, 12341, 22.90, 32
2026/08/15 20:30:52.949, 0, 0, 12405, 22.59, 32
2026/08/15 20:30:54.949, 37, 9, 12385, 23.99, 32
2026/08/15 20:30:56.950, 4, 1, 12309, 22.84, 32
2026/08/15 20:30:58.951, 38, 8, 12417, 23.19, 32
2026/08/15 20:31:00.951, 9, 1, 12361, 21.87, 32
2026/08/15 20:31:02.952, 0, 0, 12329, 21.96, 32
2026/08/15 20:31:04.952, 4, 1, 12385, 22.62, 32
2026/08/15 20:31:06.953, 5, 1, 12325, 22.50, 32
2026/08/15 20:31:08.954, 4, 1, 12333, 22.36, 32
2026/08/15 20:31:10.954, 0, 0, 12365, 22.86, 32
2026/08/15 20:31:12.954, 0, 0, 12285, 22.25, 32
2026/08/15 20:31:14.955, 10, 1, 12385, 23.55, 32
2026/08/15 20:31:16.955, 0, 0, 12353, 22.32, 32
2026/08/15 20:31:18.956, 12, 2, 12345, 22.52, 32
2026/08/15 20:31:20.956, 9, 1, 12373, 23.42, 32
2026/08/15 20:31:22.957, 11, 1, 12329, 22.50, 32
2026/08/15 20:31:24.958, 20, 3, 12365, 22.97, 32
2026/08/15 20:31:26.959, 3, 0, 12353, 22.59, 32
2026/08/15 20:31:28.960, 8, 2, 12365, 22.68, 32
2026/08/15 20:31:30.960, 30, 3, 12349, 22.87, 32
2026/08/15 20:31:32.963, 40, 5, 12373, 22.84, 32
2026/08/15 20:31:34.964, 8, 1, 12365, 22.50, 32
2026/08/15 20:31:36.964, 11, 1, 12321, 22.01, 32
2026/08/15 20:31:38.965, 9, 2, 12365, 22.68, 32
2026/08/15 20:31:40.966, 2, 1, 12341, 21.93, 32
2026/08/15 20:31:42.967, 14, 2, 12365, 22.65, 32
2026/08/15 20:31:44.970, 26, 2, 12329, 22.19, 32
2026/08/15 20:31:46.971, 10, 2, 12401, 22.11, 32
2026/08/15 20:31:48.971, 18, 2, 12341, 22.25, 32
2026/08/15 20:31:50.972, 17, 4, 12405, 22.75, 32
2026/08/15 20:31:52.975, 9, 1, 12333, 22.15, 31
2026/08/15 20:31:54.978, 41, 6, 12373, 22.93, 32
2026/08/15 20:31:56.979, 7, 1, 12385, 22.98, 31
2026/08/15 20:31:58.979, 15, 2, 12341, 22.89, 31
2026/08/15 20:32:00.980, 22, 4, 12401, 24.01, 31
2026/08/15 20:32:02.980, 11, 2, 12393, 22.17, 31
2026/08/15 20:32:04.981, 10, 2, 12341, 23.09, 31
2026/08/15 20:32:06.981, 2, 1, 12377, 22.65, 31
2026/08/15 20:32:08.982, 35, 7, 12353, 23.11, 31
2026/08/15 20:32:10.982, 34, 8, 12413, 23.21, 31
2026/08/15 20:32:12.983, 15, 2, 12381, 23.03, 31
2026/08/15 20:32:14.983, 2, 1, 12381, 22.25, 31
2026/08/15 20:32:16.984, 24, 3, 12329, 22.95, 31
2026/08/15 20:32:18.984, 16, 2, 12373, 22.83, 31
2026/08/15 20:32:20.985, 8, 1, 12353, 22.48, 31
2026/08/15 20:32:22.985, 1, 1, 12309, 21.54, 31
2026/08/15 20:32:24.986, 0, 0, 12373, 22.27, 31
2026/08/15 20:32:26.987, 7, 1, 12393, 21.44, 31
2026/08/15 20:32:28.987, 16, 1, 12341, 22.12, 31
2026/08/15 20:32:30.988, 22, 4, 12345, 21.65, 31
2026/08/15 20:32:32.990, 23, 5, 12405, 22.61, 31
2026/08/15 20:32:34.990, 1, 0, 12361, 21.57, 31
2026/08/15 20:32:36.990, 9, 0, 12401, 21.96, 31
2026/08/15 20:32:38.991, 7, 1, 12381, 21.84, 31
2026/08/15 20:32:40.993, 3, 1, 12377, 22.90, 31
2026/08/15 20:32:42.993, 0, 0, 12361, 23.47, 31
2026/08/15 20:32:44.994, 11, 2, 12369, 22.66, 31
2026/08/15 20:32:46.995, 0, 0, 12329, 22.42, 31
2026/08/15 20:32:48.995, 0, 0, 12381, 22.24, 31
2026/08/15 20:32:51.000, 0, 0, 12341, 22.50, 31
2026/08/15 20:32:53.001, 16, 1, 12361, 22.66, 31
2026/08/15 20:32:55.002, 3, 1, 12361, 22.78, 31
2026/08/15 20:32:57.003, 13, 2, 12365, 23.39, 31
2026/08/15 20:32:59.003, 16, 2, 12381, 23.28, 31
2026/08/15 20:33:01.004, 19, 4, 12401, 22.77, 31
2026/08/15 20:33:03.004, 6, 0, 12389, 22.56, 31
2026/08/15 20:33:05.005, 12, 1, 12329, 22.14, 31
2026/08/15 20:33:07.005, 23, 4, 12345, 22.58, 31
2026/08/15 20:33:09.006, 0, 0, 12377, 22.26, 31
2026/08/15 20:33:11.006, 0, 0, 12337, 21.61, 31
2026/08/15 20:33:13.007, 4, 0, 12365, 21.47, 31
2026/08/15 20:33:15.007, 0, 0, 12353, 21.99, 31
2026/08/15 20:33:17.008, 11, 1, 12337, 21.91, 31
2026/08/15 20:33:19.009, 19, 3, 12365, 22.45, 31
2026/08/15 20:33:21.009, 21, 2, 12373, 22.10, 31
2026/08/15 20:33:23.010, 0, 0, 12385, 22.75, 31
2026/08/15 20:33:25.010, 10, 2, 12365, 22.13, 31
2026/08/15 20:33:27.011, 0, 0, 12361, 21.89, 31
2026/08/15 20:33:29.011, 8, 1, 12353, 23.34, 31
2026/08/15 20:33:31.012, 0, 0, 12321, 22.38, 31
2026/08/15 20:33:33.012, 6, 1, 12365, 23.24, 31
2026/08/15 20:33:35.013, 24, 3, 12385, 22.13, 31
2026/08/15 20:33:37.014, 23, 3, 12317, 21.68, 31
2026/08/15 20:33:39.014, 0, 0, 12353, 22.04, 31
2026/08/15 20:33:41.015, 25, 3, 12373, 22.65, 31
2026/08/15 20:33:43.015, 3, 0, 12365, 22.16, 30
2026/08/15 20:33:45.018, 17, 4, 12349, 21.92, 30
2026/08/15 20:33:47.019, 0, 0, 12385, 22.18, 30
2026/08/15 20:33:49.019, 4, 0, 12309, 21.98, 30
2026/08/15 20:33:51.026, 5, 1, 12373, 23.10, 30
2026/08/15 20:33:53.027, 15, 1, 12317, 22.50, 30
2026/08/15 20:33:55.027, 26, 5, 12385, 22.55, 30
2026/08/15 20:33:57.028, 17, 2, 12317, 22.46, 30
2026/08/15 20:33:59.028, 22, 4, 12385, 22.70, 30
2026/08/15 20:34:01.029, 30, 5, 12397, 22.19, 30
2026/08/15 20:34:03.029, 13, 2, 12373, 21.93, 30
2026/08/15 20:34:05.030, 4, 1, 12341, 21.94, 30
2026/08/15 20:34:07.034, 11, 2, 12385, 21.87, 30
2026/08/15 20:34:09.035, 8, 1, 12361, 21.90, 30
2026/08/15 20:34:11.035, 34, 7, 12389, 22.16, 30
2026/08/15 20:34:13.035, 19, 2, 12377, 22.31, 30
2026/08/15 20:34:15.036, 10, 2, 12349, 21.35, 30
2026/08/15 20:34:17.036, 14, 3, 12401, 22.56, 30
2026/08/15 20:34:19.037, 9, 1, 12357, 22.44, 30
2026/08/15 20:34:21.037, 6, 1, 12397, 22.64, 30
2026/08/15 20:34:23.038, 37, 7, 12353, 22.44, 30
2026/08/15 20:34:25.039, 20, 3, 12341, 21.83, 30
2026/08/15 20:34:27.040, 23, 3, 12389, 22.30, 30
2026/08/15 20:34:29.040, 41, 5, 12381, 22.71, 30
2026/08/15 20:34:31.041, 12, 2, 12341, 22.18, 30
2026/08/15 20:34:33.042, 31, 3, 12389, 22.01, 30
2026/08/15 20:34:35.047, 9, 2, 12321, 21.49, 30
2026/08/15 20:34:37.048, 16, 2, 12353, 21.32, 30
2026/08/15 20:34:39.048, 15, 1, 12333, 22.67, 30
2026/08/15 20:34:41.049, 7, 2, 12345, 22.27, 30
2026/08/15 20:34:43.050, 0, 0, 12309, 21.49, 30
2026/08/15 20:34:45.050, 10, 2, 12385, 22.37, 30
2026/08/15 20:34:47.051, 4, 0, 12325, 22.16, 30
2026/08/15 20:34:49.051, 17, 4, 12365, 21.86, 30
2026/08/15 20:34:51.052, 4, 1, 12321, 21.29, 30
2026/08/15 20:34:53.052, 19, 4, 12353, 22.04, 30
2026/08/15 20:34:55.058, 10, 1, 12365, 21.53, 30
2026/08/15 20:34:57.059, 0, 0, 12401, 21.94, 30
2026/08/15 20:34:59.059, 29, 4, 12333, 21.88, 30
2026/08/15 20:35:01.060, 4, 0, 12373, 22.10, 30
2026/08/15 20:35:03.060, 6, 0, 12381, 22.11, 30
2026/08/15 20:35:05.060, 14, 2, 12341, 22.47, 30
2026/08/15 20:35:07.061, 38, 5, 12349, 22.18, 30
2026/08/15 20:35:09.061, 3, 0, 12333, 22.75, 30
2026/08/15 20:35:11.062, 18, 3, 12345, 22.81, 30
2026/08/15 20:35:13.062, 19, 1, 12313, 22.05, 30
2026/08/15 20:35:15.063, 19, 2, 12377, 23.26, 30
2026/08/15 20:35:17.063, 4, 1, 12349, 22.14, 30
2026/08/15 20:35:19.064, 1, 0, 12361, 21.83, 30
2026/08/15 20:35:21.064, 19, 3, 12373, 22.63, 30
2026/08/15 20:35:23.065, 15, 1, 12321, 21.89, 30
2026/08/15 20:35:25.065, 0, 0, 12329, 22.17, 30
2026/08/15 20:35:27.066, 15, 1, 12341, 22.86, 30
2026/08/15 20:35:29.067, 16, 2, 12365, 23.39, 30
2026/08/15 20:35:31.067, 3, 1, 12317, 22.46, 30
2026/08/15 20:35:33.068, 0, 0, 12361, 22.62, 30
2026/08/15 20:35:35.069, 7, 0, 12341, 22.93, 30
2026/08/15 20:35:37.069, 44, 7, 12365, 22.82, 30
2026/08/15 20:35:39.070, 3, 0, 12349, 22.72, 30
2026/08/15 20:35:41.070, 5, 1, 12373, 22.70, 30
2026/08/15 20:35:43.071, 26, 3, 12353, 23.28, 30
2026/08/15 20:35:45.072, 5, 1, 12321, 22.74, 30
2026/08/15 20:35:47.073, 0, 0, 12337, 22.56, 30
2026/08/15 20:35:49.074, 7, 1, 12385, 23.60, 30
2026/08/15 20:35:51.074, 13, 2, 12353, 22.57, 30
2026/08/15 20:35:53.074, 7, 1, 12329, 22.54, 30
2026/08/15 20:35:55.075, 14, 1, 12373, 22.77, 30
2026/08/15 20:35:57.075, 0, 0, 12333, 22.60, 30
2026/08/15 20:35:59.076, 0, 0, 12321, 22.92, 30
2026/08/15 20:36:01.076, 4, 1, 12349, 22.78, 30
2026/08/15 20:36:03.077, 27, 3, 12353, 23.40, 30
2026/08/15 20:36:05.077, 8, 2, 12353, 22.91, 30
2026/08/15 20:36:07.077, 9, 1, 12361, 22.35, 30
2026/08/15 20:36:09.078, 13, 1, 12341, 24.08, 30
2026/08/15 20:36:11.079, 10, 1, 12357, 23.02, 30
2026/08/15 20:36:13.079, 0, 0, 12341, 22.70, 30
2026/08/15 20:36:15.080, 0, 0, 12349, 23.16, 30
2026/08/15 20:36:17.080, 24, 3, 12385, 23.08, 30
2026/08/15 20:36:19.081, 13, 2, 12325, 22.71, 30
2026/08/15 20:36:21.081, 0, 0, 12349, 22.21, 30
2026/08/15 20:36:23.085, 15, 1, 12373, 22.70, 30
2026/08/15 20:36:25.086, 25, 4, 12341, 22.13, 30
2026/08/15 20:36:27.086, 6, 1, 12357, 23.44, 30
2026/08/15 20:36:29.087, 18, 2, 12341, 23.14, 30
2026/08/15 20:36:31.087, 15, 2, 12317, 22.71, 30
2026/08/15 20:36:33.088, 14, 2, 12377, 23.94, 30
2026/08/15 20:36:35.089, 24, 3, 12305, 23.05, 30
2026/08/15 20:36:37.090, 6, 0, 12365, 22.60, 29
2026/08/15 20:36:39.090, 12, 2, 12361, 22.55, 30
2026/08/15 20:36:41.091, 1, 1, 12301, 22.16, 29
2026/08/15 20:36:43.091, 15, 1, 12373, 23.49, 30
2026/08/15 20:36:45.092, 1, 0, 12333, 22.34, 29
2026/08/15 20:36:47.092, 3, 0, 12333, 22.22, 29
2026/08/15 20:36:49.093, 10, 2, 12325, 21.76, 29
2026/08/15 20:36:51.094, 34, 7, 12373, 22.93, 30
2026/08/15 20:36:53.094, 5, 1, 12349, 22.39, 29
2026/08/15 20:36:55.095, 26, 6, 12361, 23.22, 30
2026/08/15 20:36:57.096, 19, 3, 12373, 23.42, 29
2026/08/15 20:36:59.096, 23, 4, 12341, 23.28, 29
2026/08/15 20:37:01.097, 22, 3, 12389, 22.77, 29
2026/08/15 20:37:03.098, 23, 3, 12333, 22.41, 29
2026/08/15 20:37:05.098, 0, 0, 12361, 23.08, 29
2026/08/15 20:37:07.099, 44, 7, 12361, 22.76, 29
2026/08/15 20:37:09.099, 0, 0, 12377, 22.58, 29
2026/08/15 20:37:11.100, 12, 2, 12329, 22.14, 29
2026/08/15 20:37:13.100, 3, 1, 12385, 22.81, 29
2026/08/15 20:37:15.101, 3, 1, 12317, 22.24, 29
2026/08/15 20:37:17.101, 7, 1, 12337, 23.41, 29
2026/08/15 20:37:19.102, 1, 0, 12409, 23.45, 29
2026/08/15 20:37:21.102, 5, 1, 12361, 22.44, 29
2026/08/15 20:37:23.103, 26, 4, 12365, 23.14, 29
2026/08/15 20:37:25.103, 30, 4, 12373, 22.68, 29
2026/08/15 20:37:27.104, 0, 0, 12365, 22.25, 29
2026/08/15 20:37:29.104, 11, 1, 12329, 22.85, 29
2026/08/15 20:37:31.105, 0, 0, 12353, 22.97, 29
2026/08/15 20:37:33.105, 5, 1, 12333, 22.09, 29
2026/08/15 20:37:35.106, 0, 0, 12377, 22.27, 29
2026/08/15 20:37:37.107, 14, 2, 12361, 22.12, 29
2026/08/15 20:37:39.107, 0, 0, 12365, 21.45, 29
2026/08/15 20:37:41.108, 15, 3, 12341, 22.52, 29
2026/08/15 20:37:43.109, 15, 2, 12373, 22.32, 29
2026/08/15 20:37:45.109, 0, 0, 12385, 22.40, 29
2026/08/15 20:37:47.110, 12, 1, 12341, 22.22, 29
2026/08/15 20:37:49.111, 8, 2, 12329, 21.91, 29
2026/08/15 20:37:51.112, 11, 1, 12365, 22.58, 29
2026/08/15 20:37:53.112, 5, 1, 12353, 22.56, 29
2026/08/15 20:37:55.113, 11, 1, 12309, 22.63, 29
2026/08/15 20:37:57.113, 11, 2, 12357, 23.68, 29
2026/08/15 20:37:59.114, 4, 1, 12333, 22.10, 29
2026/08/15 20:38:01.115, 27, 3, 12397, 22.95, 29
2026/08/15 20:38:03.115, 12, 1, 12329, 22.38, 29
2026/08/15 20:38:05.115, 17, 2, 12357, 23.09, 29
2026/08/15 20:38:07.116, 12, 2, 12337, 22.68, 29
2026/08/15 20:38:09.117, 24, 2, 12353, 22.87, 29
2026/08/15 20:38:11.117, 17, 3, 12341, 23.42, 29
2026/08/15 20:38:13.117, 28, 3, 12361, 22.97, 29
2026/08/15 20:38:15.118, 0, 0, 12377, 22.17, 29
2026/08/15 20:38:17.119, 9, 1, 12341, 22.16, 29
2026/08/15 20:38:19.119, 35, 4, 12373, 22.41, 29
2026/08/15 20:38:21.119, 8, 1, 12361, 21.66, 29
2026/08/15 20:38:23.120, 41, 7, 12365, 23.24, 29
2026/08/15 20:38:25.121, 14, 2, 12349, 21.86, 29
2026/08/15 20:38:27.121, 18, 2, 12313, 22.34, 29
2026/08/15 20:38:29.122, 9, 0, 12365, 22.29, 29
2026/08/15 20:38:31.123, 4, 1, 12373, 22.35, 29
2026/08/15 20:38:33.127, 12, 3, 12325, 21.93, 29
2026/08/15 20:38:35.128, 7, 0, 12397, 21.80, 29
2026/08/15 20:38:37.128, 1, 1, 12321, 21.67, 29
2026/08/15 20:38:39.129, 7, 0, 12365, 22.69, 29
2026/08/15 20:38:41.130, 17, 1, 12361, 22.29, 29
2026/08/15 20:38:43.131, 7, 0, 12373, 22.21, 29
2026/08/15 20:38:45.135, 7, 0, 12369, 21.78, 29
2026/08/15 20:38:47.136, 15, 1, 12353, 22.05, 29
2026/08/15 20:38:49.136, 0, 0, 12397, 22.39, 29
2026/08/15 20:38:51.137, 23, 3, 12341, 21.51, 29
2026/08/15 20:38:53.137, 10, 2, 12405, 21.69, 29
2026/08/15 20:38:55.138, 7, 1, 12381, 21.96, 29
2026/08/15 20:38:57.138, 14, 1, 12393, 21.66, 29
2026/08/15 20:38:59.139, 12, 2, 12353, 21.32, 29
2026/08/15 20:39:01.139, 13, 2, 12405, 22.42, 29
2026/08/15 20:39:03.140, 7, 2, 12333, 21.89, 29
2026/08/15 20:39:05.141, 24, 5, 12393, 22.28, 29
2026/08/15 20:39:07.141, 20, 2, 12389, 22.44, 29
2026/08/15 20:39:09.142, 16, 3, 12365, 22.31, 29
2026/08/15 20:39:11.142, 24, 5, 12341, 22.24, 29
2026/08/15 20:39:13.143, 5, 1, 12361, 22.51, 29
2026/08/15 20:39:15.143, 6, 1, 12393, 22.25, 29
2026/08/15 20:39:17.144, 16, 1, 12317, 22.04, 29
2026/08/15 20:39:19.145, 7, 0, 12405, 22.59, 29
2026/08/15 20:39:21.145, 26, 7, 12333, 22.22, 29
2026/08/15 20:39:23.146, 6, 2, 12317, 21.73, 29
2026/08/15 20:39:25.146, 15, 4, 12397, 22.86, 29
2026/08/15 20:39:27.147, 20, 3, 12329, 21.73, 29
2026/08/15 20:39:29.147, 6, 1, 12373, 21.85, 29
2026/08/15 20:39:31.148, 21, 4, 12377, 22.36, 29
2026/08/15 20:39:33.150, 18, 2, 12341, 22.17, 29
2026/08/15 20:39:35.151, 5, 1, 12377, 21.75, 29
2026/08/15 20:39:37.151, 0, 0, 12357, 23.04, 29
2026/08/15 20:39:39.151, 5, 0, 12341, 22.61, 29
2026/08/15 20:39:41.155, 0, 0, 12381, 22.63, 29
2026/08/15 20:39:43.156, 14, 2, 12353, 22.36, 29
2026/08/15 20:39:45.156, 26, 3, 12361, 22.01, 29
2026/08/15 20:39:47.157, 21, 3, 12373, 22.86, 29
2026/08/15 20:39:49.158, 13, 3, 12357, 21.96, 29
2026/08/15 20:39:51.158, 4, 1, 12377, 22.88, 29
2026/08/15 20:39:53.159, 25, 5, 12345, 23.45, 29
2026/08/15 20:39:55.159, 9, 1, 12341, 21.71, 29
2026/08/15 20:39:57.160, 16, 2, 12361, 21.79, 29
2026/08/15 20:39:59.160, 15, 2, 12369, 22.03, 29
2026/08/15 20:40:01.161, 9, 1, 12341, 22.15, 29
2026/08/15 20:40:03.162, 31, 5, 12385, 22.69, 29
2026/08/15 20:40:05.162, 7, 1, 12361, 22.70, 29
2026/08/15 20:40:07.163, 0, 0, 12313, 22.04, 29
2026/08/15 20:40:09.163, 10, 1, 12409, 22.52, 29
2026/08/15 20:40:11.164, 12, 3, 12381, 22.42, 29
2026/08/15 20:40:13.165, 18, 4, 12357, 23.01, 29
2026/08/15 20:40:15.166, 8, 2, 12333, 22.20, 29
2026/08/15 20:40:17.167, 12, 2, 12381, 22.55, 29
2026/08/15 20:40:19.167, 18, 2, 12341, 22.74, 29
2026/08/15 20:40:21.168, 8, 1, 12453, 22.73, 29
2026/08/15 20:40:23.168, 26, 4, 12397, 22.38, 29
2026/08/15 20:40:25.169, 11, 3, 12333, 21.75, 29
2026/08/15 20:40:27.169, 6, 1, 12365, 21.99, 29
2026/08/15 20:40:29.170, 8, 2, 12353, 22.33, 29
2026/08/15 20:40:31.170, 5, 0, 12357, 22.54, 29
2026/08/15 20:40:33.171, 2, 1, 12341, 21.91, 29
2026/08/15 20:40:35.171, 35, 6, 12413, 23.29, 29
2026/08/15 20:40:37.172, 6, 1, 12349, 22.42, 29
2026/08/15 20:40:39.173, 0, 0, 12353, 21.87, 29
2026/08/15 20:40:41.173, 11, 2, 12385, 22.82, 29
2026/08/15 20:40:43.174, 15, 1, 12353, 22.79, 29
2026/08/15 20:40:45.174, 14, 2, 12333, 22.06, 29
2026/08/15 20:40:47.175, 0, 1, 12365, 22.84, 29
2026/08/15 20:40:49.176, 0, 0, 12329, 22.03, 29
2026/08/15 20:40:51.177, 0, 0, 12349, 22.80, 29
2026/08/15 20:40:53.177, 9, 2, 12397, 22.78, 29
2026/08/15 20:40:55.177, 38, 6, 12325, 22.62, 29
2026/08/15 20:40:57.178, 0, 0, 12353, 22.92, 29
2026/08/15 20:40:59.182, 13, 1, 12337, 21.91, 29
2026/08/15 20:41:01.183, 10, 1, 12365, 23.04, 29
2026/08/15 20:41:03.183, 11, 1, 12353, 22.46, 29
2026/08/15 20:41:05.184, 14, 1, 12385, 22.80, 29
2026/08/15 20:41:07.185, 0, 1, 12317, 22.29, 29
2026/08/15 20:41:09.185, 8, 1, 12397, 22.13, 29
2026/08/15 20:41:11.186, 16, 3, 12353, 22.65, 29
2026/08/15 20:41:13.186, 1, 1, 12297, 22.70, 29
2026/08/15 20:41:15.187, 9, 1, 12385, 23.17, 29
2026/08/15 20:41:17.187, 20, 2, 12329, 22.01, 29
2026/08/15 20:41:19.188, 7, 0, 12389, 23.83, 29
2026/08/15 20:41:21.189, 13, 1, 12329, 22.46, 29
2026/08/15 20:41:23.189, 13, 1, 12373, 22.18, 29
2026/08/15 20:41:25.190, 17, 3, 12373, 22.54, 29
2026/08/15 20:41:27.190, 7, 1, 12345, 22.14, 29
2026/08/15 20:41:29.191, 0, 0, 12385, 22.88, 29
2026/08/15 20:41:31.191, 11, 2, 12353, 22.49, 29
2026/08/15 20:41:33.192, 9, 2, 12333, 22.89, 29
2026/08/15 20:41:35.193, 6, 1, 12373, 22.81, 29
2026/08/15 20:41:37.193, 11, 2, 12377, 22.31, 29
2026/08/15 20:41:39.194, 15, 3, 12373, 23.16, 29
2026/08/15 20:41:41.194, 10, 2, 12337, 22.55, 29
2026/08/15 20:41:43.195, 0, 0, 12341, 22.66, 29
2026/08/15 20:41:45.196, 12, 1, 12313, 22.17, 29
2026/08/15 20:41:47.196, 19, 2, 12365, 22.53, 29
2026/08/15 20:41:49.197, 4, 0, 12353, 22.67, 29
2026/08/15 20:41:51.198, 29, 7, 12353, 23.08, 29
2026/08/15 20:41:53.198, 20, 2, 12321, 22.27, 29
2026/08/15 20:41:55.199, 18, 3, 12353, 22.47, 29
2026/08/15 20:41:57.199, 9, 0, 12373, 22.96, 29
2026/08/15 20:41:59.199, 8, 3, 12317, 22.79, 29
2026/08/15 20:42:01.200, 14, 2, 12377, 23.15, 29
2026/08/15 20:42:03.200, 5, 1, 12313, 22.64, 29
2026/08/15 20:42:05.201, 11, 2, 12373, 22.85, 29
2026/08/15 20:42:07.202, 23, 2, 12361, 22.89, 29
2026/08/15 20:42:09.202, 20, 3, 12353, 23.14, 29
2026/08/15 20:42:11.203, 5, 0, 12341, 22.52, 29
2026/08/15 20:42:13.203, 20, 2, 12337, 23.09, 29
2026/08/15 20:42:15.204, 7, 1, 12385, 22.49, 29
2026/08/15 20:42:17.205, 33, 5, 12333, 22.18, 29
2026/08/15 20:42:19.205, 8, 2, 12397, 22.41, 29
2026/08/15 20:42:21.206, 5, 0, 12349, 21.94, 29
2026/08/15 20:42:23.206, 3, 1, 12373, 22.17, 29
2026/08/15 20:42:25.207, 17, 1, 12341, 22.77, 29
2026/08/15 20:42:27.207, 48, 10, 12385, 23.29, 29
2026/08/15 20:42:29.208, 27, 4, 12317, 22.35, 29
2026/08/15 20:42:31.209, 19, 3, 12385, 22.23, 29
2026/08/15 20:42:33.210, 13, 1, 12365, 21.70, 29
2026/08/15 20:42:35.210, 4, 0, 12321, 21.88, 29
2026/08/15 20:42:37.211, 13, 2, 12433, 22.04, 29
2026/08/15 20:42:39.211, 24, 2, 12353, 22.43, 29
2026/08/15 20:42:41.212, 20, 4, 12385, 22.20, 29
2026/08/15 20:42:43.213, 7, 1, 12397, 22.59, 29
2026/08/15 20:42:45.219, 17, 1, 12325, 22.37, 29
2026/08/15 20:42:47.220, 8, 1, 12405, 23.06, 29
2026/08/15 20:42:49.221, 10, 1, 12421, 22.35, 29
2026/08/15 20:42:51.221, 11, 2, 12377, 21.88, 29
2026/08/15 20:42:53.222, 4, 1, 12381, 22.63, 29
2026/08/15 20:42:55.223, 25, 4, 12433, 21.70, 29
2026/08/15 20:42:57.224, 18, 2, 12349, 22.00, 29
2026/08/15 20:42:59.224, 16, 2, 12385, 22.63, 29
2026/08/15 20:43:01.224, 26, 3, 12361, 22.67, 29
2026/08/15 20:43:03.225, 26, 5, 12361, 23.14, 29
2026/08/15 20:43:05.225, 18, 2, 12349, 22.45, 29
2026/08/15 20:43:07.226, 5, 1, 12357, 22.80, 29
2026/08/15 20:43:09.226, 13, 1, 12385, 23.06, 29
2026/08/15 20:43:11.226, 1, 1, 12353, 22.67, 29
2026/08/15 20:43:13.227, 29, 4, 12421, 23.19, 29
2026/08/15 20:43:15.228, 6, 1, 12369, 22.83, 29
2026/08/15 20:43:17.228, 4, 2, 12345, 23.34, 29
2026/08/15 20:43:19.229, 30, 6, 12413, 22.91, 29
2026/08/15 20:43:21.229, 0, 0, 12409, 22.61, 29
2026/08/15 20:43:23.230, 29, 5, 12353, 22.65, 29
2026/08/15 20:43:25.231, 16, 2, 12365, 22.56, 29
2026/08/15 20:43:27.232, 18, 3, 12373, 22.33, 29
2026/08/15 20:43:29.232, 8, 1, 12377, 22.52, 29
2026/08/15 20:43:31.232, 0, 0, 12373, 23.31, 29
2026/08/15 20:43:33.233, 28, 5, 12341, 22.70, 29
2026/08/15 20:43:35.233, 0, 0, 12341, 22.04, 29
2026/08/15 20:43:37.234, 35, 7, 12397, 23.70, 29
2026/08/15 20:43:39.235, 9, 2, 12401, 22.81, 29
2026/08/15 20:43:41.235, 9, 1, 12329, 23.13, 29
2026/08/15 20:43:43.236, 27, 4, 12405, 24.20, 29
2026/08/15 20:43:45.236, 17, 1, 12317, 22.52, 29
2026/08/15 20:43:47.237, 7, 1, 12353, 22.46, 29
2026/08/15 20:43:49.237, 7, 1, 12317, 23.15, 29
2026/08/15 20:43:51.238, 13, 1, 12361, 22.08, 29
2026/08/15 20:43:53.238, 30, 5, 12365, 22.06, 29
2026/08/15 20:43:55.239, 24, 3, 12353, 22.56, 29
2026/08/15 20:43:57.239, 6, 0, 12361, 22.33, 29
2026/08/15 20:43:59.240, 25, 3, 12345, 22.56, 29
2026/08/15 20:44:01.241, 9, 1, 12373, 22.59, 29
2026/08/15 20:44:03.241, 24, 5, 12353, 21.11, 29
2026/08/15 20:44:05.242, 3, 1, 12353, 21.15, 29
2026/08/15 20:44:07.242, 6, 1, 12373, 22.37, 29
2026/08/15 20:44:09.242, 31, 5, 12313, 22.57, 29
2026/08/15 20:44:11.243, 11, 2, 12361, 21.71, 29
2026/08/15 20:44:13.243, 4, 2, 12345, 21.77, 29
2026/08/15 20:44:15.244, 24, 3, 12365, 23.15, 29
2026/08/15 20:44:17.244, 0, 0, 12321, 21.99, 29
2026/08/15 20:44:19.245, 13, 1, 12361, 22.51, 29
2026/08/15 20:44:21.246, 16, 3, 12385, 22.65, 29
2026/08/15 20:44:23.246, 14, 1, 12341, 22.89, 29
2026/08/15 20:44:25.247, 20, 3, 12365, 22.64, 29
2026/08/15 20:44:27.248, 21, 3, 12345, 23.19, 29
2026/08/15 20:44:29.249, 26, 4, 12361, 21.86, 29
2026/08/15 20:44:31.249, 8, 2, 12353, 21.09, 29
2026/08/15 20:44:33.253, 6, 0, 12361, 21.63, 29
2026/08/15 20:44:35.254, 0, 0, 12365, 22.09, 29
2026/08/15 20:44:37.254, 22, 3, 12321, 22.09, 29
2026/08/15 20:44:39.255, 12, 3, 12357, 22.52, 29
2026/08/15 20:44:41.256, 15, 1, 12345, 22.30, 29
2026/08/15 20:44:43.256, 7, 1, 12337, 21.92, 29
2026/08/15 20:44:45.257, 19, 3, 12385, 23.37, 29
2026/08/15 20:44:47.257, 2, 1, 12277, 21.82, 29
2026/08/15 20:44:49.258, 0, 0, 12365, 21.83, 29
2026/08/15 20:44:51.259, 14, 1, 12377, 23.07, 29
2026/08/15 20:44:53.259, 21, 2, 12309, 21.92, 29
2026/08/15 20:44:55.259, 34, 4, 12361, 21.89, 29
2026/08/15 20:44:57.260, 17, 2, 12385, 21.68, 29
2026/08/15 20:44:59.260, 25, 4, 12321, 22.45, 29
2026/08/15 20:45:01.261, 13, 2, 12345, 22.61, 29
2026/08/15 20:45:03.261, 23, 2, 12341, 21.76, 29
2026/08/15 20:45:05.262, 6, 1, 12349, 21.67, 29
2026/08/15 20:45:07.263, 7, 1, 12313, 21.86, 29
2026/08/15 20:45:09.263, 5, 1, 12353, 21.69, 29
2026/08/15 20:45:11.264, 11, 2, 12357, 21.81, 29
2026/08/15 20:45:13.264, 12, 2, 12341, 21.99, 29
2026/08/15 20:45:15.266, 7, 0, 12349, 22.99, 29
2026/08/15 20:45:17.267, 34, 3, 12325, 23.10, 29
2026/08/15 20:45:19.267, 1, 1, 12309, 22.46, 29
2026/08/15 20:45:21.267, 17, 3, 12345, 23.04, 29
2026/08/15 20:45:23.268, 2, 1, 12317, 21.58, 29
2026/08/15 20:45:25.268, 23, 5, 12353, 22.59, 29
2026/08/15 20:45:27.270, 23, 6, 12365, 23.36, 29
2026/08/15 20:45:29.270, 2, 1, 12337, 21.98, 29
2026/08/15 20:45:31.271, 6, 1, 12377, 22.51, 29
2026/08/15 20:45:33.272, 22, 3, 12361, 22.04, 29
2026/08/15 20:45:35.272, 20, 2, 12341, 22.13, 29
2026/08/15 20:45:37.273, 19, 3, 12377, 22.27, 29
2026/08/15 20:45:39.274, 8, 0, 12349, 22.17, 29
2026/08/15 20:45:41.274, 22, 3, 12353, 22.40, 29
2026/08/15 20:45:43.275, 23, 4, 12365, 22.64, 29
2026/08/15 20:45:45.276, 25, 5, 12365, 22.32, 29
2026/08/15 20:45:47.276, 30, 6, 12385, 23.40, 29
2026/08/15 20:45:49.277, 14, 1, 12333, 22.11, 29
2026/08/15 20:45:51.278, 5, 0, 12397, 22.36, 29
2026/08/15 20:45:53.278, 9, 2, 12337, 22.61, 29
2026/08/15 20:45:55.280, 27, 5, 12353, 22.01, 29
2026/08/15 20:45:57.280, 4, 2, 12365, 22.40, 29
2026/08/15 20:45:59.281, 16, 2, 12373, 22.48, 29
2026/08/15 20:46:01.282, 21, 4, 12353, 21.82, 29
2026/08/15 20:46:03.282, 6, 1, 12353, 21.60, 29
2026/08/15 20:46:05.283, 0, 0, 12361, 22.09, 29
2026/08/15 20:46:07.283, 13, 1, 12341, 21.98, 29
2026/08/15 20:46:09.284, 13, 2, 12385, 22.78, 29
2026/08/15 20:46:11.286, 2, 0, 12317, 21.76, 29
2026/08/15 20:46:13.287, 11, 2, 12397, 22.02, 29
2026/08/15 20:46:15.287, 3, 1, 12377, 21.47, 29
2026/08/15 20:46:17.288, 21, 3, 12349, 21.98, 29
2026/08/15 20:46:19.289, 9, 1, 12373, 21.67, 29
2026/08/15 20:46:21.289, 21, 3, 12361, 22.75, 29
2026/08/15 20:46:23.290, 4, 1, 12365, 21.98, 29
2026/08/15 20:46:25.290, 17, 2, 12313, 21.41, 29
2026/08/15 20:46:27.291, 8, 0, 12397, 22.19, 29
2026/08/15 20:46:29.292, 0, 0, 12357, 21.98, 29
2026/08/15 20:46:31.292, 12, 3, 12361, 21.89, 29
2026/08/15 20:46:33.300, 11, 2, 12301, 22.38, 29
2026/08/15 20:46:35.301, 6, 1, 12357, 22.13, 29
2026/08/15 20:46:37.301, 0, 0, 12321, 22.08, 29
2026/08/15 20:46:39.302, 13, 1, 12353, 22.43, 29
2026/08/15 20:46:41.303, 10, 1, 12337, 21.92, 29
2026/08/15 20:46:43.304, 24, 3, 12385, 22.55, 30
2026/08/15 20:46:45.304, 15, 3, 12301, 21.08, 30
2026/08/15 20:46:47.305, 3, 1, 12373, 22.42, 30
2026/08/15 20:46:49.305, 3, 1, 12321, 22.00, 30
2026/08/15 20:46:51.306, 6, 1, 12405, 22.67, 30
2026/08/15 20:46:53.307, 0, 0, 12349, 22.03, 30
2026/08/15 20:46:55.307, 0, 0, 12361, 22.12, 30
2026/08/15 20:46:57.308, 9, 1, 12373, 22.54, 30
2026/08/15 20:46:59.308, 2, 1, 12313, 22.04, 30
2026/08/15 20:47:01.309, 16, 2, 12373, 23.12, 30
2026/08/15 20:47:03.310, 19, 2, 12353, 22.34, 30
2026/08/15 20:47:05.310, 1, 1, 12353, 23.03, 30
2026/08/15 20:47:07.311, 17, 3, 12345, 22.47, 30
2026/08/15 20:47:09.312, 17, 3, 12341, 22.60, 30
2026/08/15 20:47:11.312, 42, 7, 12341, 22.59, 30
2026/08/15 20:47:13.315, 1, 1, 12365, 22.18, 30
2026/08/15 20:47:15.316, 6, 1, 12361, 21.78, 30
2026/08/15 20:47:17.317, 13, 2, 12317, 21.69, 30
2026/08/15 20:47:19.317, 14, 1, 12357, 23.39, 30
2026/08/15 20:47:21.318, 27, 4, 12345, 22.47, 30
2026/08/15 20:47:23.318, 3, 0, 12365, 22.98, 30
2026/08/15 20:47:25.319, 26, 4, 12397, 22.31, 30
2026/08/15 20:47:27.319, 3, 0, 12397, 22.10, 30
2026/08/15 20:47:29.320, 0, 0, 12397, 21.28, 30
2026/08/15 20:47:31.320, 0, 0, 12397, 21.39, 30
2026/08/15 20:47:33.320, 0, 0, 12397, 20.97, 30
2026/08/15 20:47:35.321, 0, 0, 12397, 21.06, 30
2026/08/15 20:47:37.321, 0, 0, 12397, 20.92, 30
2026/08/15 20:47:39.322, 0, 0, 12397, 20.90, 30
2026/08/15 20:47:41.322, 0, 0, 12397, 20.68, 30
2026/08/15 20:47:43.323, 0, 0, 12397, 20.64, 30
2026/08/15 20:47:45.323, 0, 0, 12397, 20.35, 30
2026/08/15 20:47:47.323, 0, 0, 12397, 20.27, 30
2026/08/15 20:47:49.324, 0, 0, 12397, 20.15, 30
2026/08/15 20:47:51.324, 0, 0, 12397, 20.33, 30
2026/08/15 20:47:53.325, 0, 0, 12397, 20.76, 30
2026/08/15 20:47:55.329, 5, 1, 12325, 22.04, 30
2026/08/15 20:47:57.330, 34, 6, 12373, 22.52, 30
2026/08/15 20:47:59.330, 17, 2, 12321, 21.55, 30
2026/08/15 20:48:01.331, 0, 0, 12365, 22.39, 30
2026/08/15 20:48:03.335, 9, 1, 12349, 21.65, 30
2026/08/15 20:48:05.336, 20, 4, 12409, 22.10, 30
2026/08/15 20:48:07.336, 0, 0, 12317, 21.71, 30
2026/08/15 20:48:09.336, 2, 1, 12377, 21.87, 30
2026/08/15 20:48:11.338, 4, 0, 12361, 22.46, 30
2026/08/15 20:48:13.339, 3, 1, 12357, 22.38, 30
2026/08/15 20:48:15.339, 4, 0, 12337, 21.94, 30
2026/08/15 20:48:17.340, 0, 0, 12365, 22.55, 30
2026/08/15 20:48:19.341, 3, 1, 12341, 21.64, 30
2026/08/15 20:48:21.342, 31, 3, 12361, 22.24, 30
2026/08/15 20:48:23.343, 23, 3, 12353, 21.75, 30
2026/08/15 20:48:25.343, 15, 3, 12353, 21.91, 30
2026/08/15 20:48:27.343, 0, 0, 12349, 22.36, 30
2026/08/15 20:48:29.344, 20, 3, 12377, 21.32, 30
2026/08/15 20:48:31.345, 0, 0, 12365, 21.74, 30
2026/08/15 20:48:33.347, 11, 2, 12373, 21.49, 30
2026/08/15 20:48:35.348, 0, 0, 12333, 21.59, 30
2026/08/15 20:48:37.348, 29, 6, 12365, 22.33, 30
2026/08/15 20:48:39.349, 3, 1, 12353, 21.65, 30
2026/08/15 20:48:41.349, 33, 4, 12385, 22.74, 30
2026/08/15 20:48:43.349, 22, 3, 12341, 22.35, 30
2026/08/15 20:48:45.350, 12, 0, 12349, 21.66, 30
2026/08/15 20:48:47.351, 27, 4, 12373, 22.23, 30
2026/08/15 20:48:49.351, 15, 2, 12353, 22.83, 30
2026/08/15 20:48:51.351, 6, 1, 12341, 21.44, 30
2026/08/15 20:48:53.357, 6, 0, 12361, 21.92, 30
2026/08/15 20:48:55.358, 17, 2, 12361, 22.28, 30
2026/08/15 20:48:57.358, 18, 2, 12345, 22.21, 30
2026/08/15 20:48:59.359, 9, 0, 12361, 22.34, 30
2026/08/15 20:49:01.360, 24, 3, 12385, 22.82, 30
2026/08/15 20:49:03.361, 2, 1, 12329, 22.21, 30
2026/08/15 20:49:05.365, 0, 0, 12385, 22.15, 30
2026/08/15 20:49:07.366, 10, 0, 12337, 22.21, 30
2026/08/15 20:49:09.366, 13, 1, 12385, 22.20, 30
2026/08/15 20:49:11.366, 17, 2, 12301, 21.75, 30
2026/08/15 20:49:13.367, 7, 2, 12353, 21.98, 30
2026/08/15 20:49:15.368, 11, 2, 12353, 21.88, 30
2026/08/15 20:49:17.368, 7, 0, 12345, 22.47, 30
2026/08/15 20:49:19.369, 22, 2, 12337, 22.33, 31
2026/08/15 20:49:21.370, 8, 1, 12365, 22.24, 31
2026/08/15 20:49:23.371, 15, 1, 12333, 21.01, 31
2026/08/15 20:49:25.371, 3, 0, 12361, 21.40, 31
2026/08/15 20:49:27.372, 17, 2, 12365, 22.49, 31
2026/08/15 20:49:29.373, 12, 1, 12361, 21.95, 31
2026/08/15 20:49:31.373, 0, 0, 12329, 21.56, 31
2026/08/15 20:49:33.373, 12, 1, 12341, 21.99, 31
2026/08/15 20:49:35.374, 16, 2, 12345, 21.78, 31
2026/08/15 20:49:37.374, 10, 0, 12349, 21.56, 31
2026/08/15 20:49:39.375, 14, 2, 12373, 22.13, 31
2026/08/15 20:49:41.375, 2, 1, 12349, 22.00, 31
2026/08/15 20:49:43.376, 8, 1, 12349, 22.00, 31
2026/08/15 20:49:45.376, 17, 3, 12373, 21.36, 31
2026/08/15 20:49:47.377, 24, 2, 12361, 22.68, 31
2026/08/15 20:49:49.377, 0, 0, 12325, 21.88, 31
2026/08/15 20:49:51.378, 13, 0, 12365, 21.93, 31
2026/08/15 20:49:53.378, 21, 3, 12401, 22.10, 31
2026/08/15 20:49:55.381, 6, 2, 12337, 21.47, 31
2026/08/15 20:49:57.382, 3, 0, 12353, 22.67, 31
2026/08/15 20:49:59.382, 19, 2, 12373, 21.84, 31
2026/08/15 20:50:01.382, 19, 3, 12373, 21.81, 31
2026/08/15 20:50:03.383, 8, 1, 12341, 21.51, 31
2026/08/15 20:50:05.384, 30, 4, 12373, 21.81, 31
2026/08/15 20:50:07.384, 20, 2, 12385, 21.61, 31
2026/08/15 20:50:09.385, 1, 1, 12333, 21.45, 31
2026/08/15 20:50:11.385, 26, 4, 12373, 21.34, 31
2026/08/15 20:50:13.385, 12, 1, 12377, 21.86, 31
2026/08/15 20:50:15.386, 31, 3, 12317, 21.87, 31
2026/08/15 20:50:17.386, 27, 4, 12333, 21.77, 31
2026/08/15 20:50:19.387, 12, 1, 12397, 22.91, 31
2026/08/15 20:50:21.388, 15, 2, 12289, 21.43, 31
2026/08/15 20:50:23.389, 4, 1, 12349, 21.22, 31
2026/08/15 20:50:25.389, 26, 4, 12385, 21.71, 31
2026/08/15 20:50:27.390, 22, 2, 12329, 21.65, 31
2026/08/15 20:50:29.391, 8, 1, 12337, 21.46, 31
2026/08/15 20:50:31.392, 25, 4, 12365, 22.49, 31
2026/08/15 20:50:33.393, 2, 1, 12341, 21.65, 31
2026/08/15 20:50:35.398, 0, 0, 12329, 21.80, 31
2026/08/15 20:50:37.398, 15, 2, 12313, 22.97, 31
2026/08/15 20:50:39.399, 10, 2, 12361, 22.10, 31
2026/08/15 20:50:41.400, 23, 4, 12361, 22.19, 31
2026/08/15 20:50:43.402, 19, 2, 12341, 22.25, 31
2026/08/15 20:50:45.403, 0, 0, 12357, 22.63, 31
2026/08/15 20:50:47.403, 0, 0, 12333, 22.29, 31
2026/08/15 20:50:49.403, 6, 1, 12353, 23.23, 31
2026/08/15 20:50:51.404, 21, 4, 12361, 22.79, 31
2026/08/15 20:50:53.405, 14, 1, 12353, 22.19, 31
2026/08/15 20:50:55.405, 9, 2, 12341, 22.36, 31
2026/08/15 20:50:57.406, 15, 4, 12385, 22.74, 31
2026/08/15 20:50:59.406, 19, 3, 12333, 22.61, 31
2026/08/15 20:51:01.409, 0, 1, 12353, 22.02, 31
2026/08/15 20:51:03.410, 8, 0, 12373, 22.74, 31
2026/08/15 20:51:05.410, 24, 3, 12341, 22.15, 31
2026/08/15 20:51:07.411, 26, 4, 12361, 22.43, 31
2026/08/15 20:51:09.412, 2, 1, 12397, 22.73, 31
2026/08/15 20:51:11.413, 26, 4, 12349, 22.76, 31
2026/08/15 20:51:13.414, 9, 1, 12405, 22.64, 31
2026/08/15 20:51:15.414, 24, 2, 12361, 22.63, 31
2026/08/15 20:51:17.415, 6, 1, 12361, 23.01, 31
2026/08/15 20:51:19.416, 11, 1, 12349, 23.72, 31
2026/08/15 20:51:21.417, 12, 2, 12353, 22.35, 31
2026/08/15 20:51:23.417, 10, 1, 12361, 22.11, 31
2026/08/15 20:51:25.418, 5, 0, 12373, 22.23, 31
2026/08/15 20:51:27.418, 4, 1, 12373, 22.51, 31
2026/08/15 20:51:29.419, 3, 1, 12353, 21.94, 31
2026/08/15 20:51:31.420, 11, 1, 12385, 22.24, 32
2026/08/15 20:51:33.420, 3, 0, 12337, 22.22, 31
2026/08/15 20:51:35.421, 20, 2, 12401, 23.08, 32
2026/08/15 20:51:37.421, 15, 1, 12357, 23.11, 32
2026/08/15 20:51:39.422, 31, 3, 12369, 23.17, 32
2026/08/15 20:51:41.422, 20, 3, 12341, 22.75, 32
2026/08/15 20:51:43.423, 16, 1, 12385, 23.17, 32
2026/08/15 20:51:45.423, 9, 1, 12349, 22.74, 32
2026/08/15 20:51:47.424, 0, 0, 12373, 23.32, 32
2026/08/15 20:51:49.424, 31, 3, 12349, 22.54, 32
2026/08/15 20:51:51.425, 13, 1, 12349, 22.79, 32
2026/08/15 20:51:53.425, 7, 0, 12341, 22.57, 32
2026/08/15 20:51:55.426, 17, 3, 12385, 23.26, 32
2026/08/15 20:51:57.426, 4, 1, 12333, 22.60, 32
2026/08/15 20:51:59.427, 0, 0, 12373, 22.73, 32
2026/08/15 20:52:01.427, 0, 0, 12365, 22.07, 32
2026/08/15 20:52:03.427, 30, 5, 12361, 22.90, 32
2026/08/15 20:52:05.428, 19, 2, 12377, 22.87, 32
2026/08/15 20:52:07.428, 35, 4, 12337, 22.45, 32
2026/08/15 20:52:09.429, 5, 1, 12373, 22.85, 32
2026/08/15 20:52:11.429, 31, 6, 12345, 22.45, 32
2026/08/15 20:52:13.430, 8, 1, 12345, 22.50, 32
2026/08/15 20:52:15.431, 7, 2, 12333, 22.09, 32
2026/08/15 20:52:17.432, 8, 2, 12377, 22.87, 32
2026/08/15 20:52:19.432, 13, 3, 12325, 21.84, 32
2026/08/15 20:52:21.433, 35, 8, 12377, 22.41, 32
2026/08/15 20:52:23.434, 23, 2, 12345, 22.60, 32
2026/08/15 20:52:25.435, 3, 1, 12373, 22.25, 32
2026/08/15 20:52:27.435, 36, 8, 12357, 22.53, 32
2026/08/15 20:52:29.436, 11, 1, 12341, 22.19, 32
2026/08/15 20:52:31.437, 17, 1, 12329, 21.99, 32
2026/08/15 20:52:33.438, 5, 1, 12365, 22.60, 32
2026/08/15 20:52:35.438, 9, 1, 12353, 22.92, 32
2026/08/15 20:52:37.439, 0, 0, 12353, 23.12, 32
2026/08/15 20:52:39.439, 16, 1, 12313, 22.14, 32
2026/08/15 20:52:41.440, 14, 0, 12385, 22.70, 32
2026/08/15 20:52:43.441, 8, 2, 12341, 21.81, 32
2026/08/15 20:52:45.442, 14, 1, 12365, 22.35, 32
2026/08/15 20:52:47.442, 0, 0, 12385, 22.34, 32
2026/08/15 20:52:49.442, 13, 3, 12333, 21.69, 32
2026/08/15 20:52:51.443, 9, 2, 12345, 21.80, 32
2026/08/15 20:52:53.444, 13, 1, 12385, 23.19, 32
2026/08/15 20:52:55.444, 9, 1, 12337, 22.07, 32
2026/08/15 20:52:57.445, 4, 0, 12373, 22.02, 32
2026/08/15 20:52:59.446, 32, 4, 12361, 22.31, 32
2026/08/15 20:53:01.446, 14, 3, 12373, 22.35, 32
2026/08/15 20:53:03.447, 2, 1, 12341, 22.23, 32
2026/08/15 20:53:05.448, 9, 2, 12373, 22.27, 32
2026/08/15 20:53:07.448, 29, 4, 12353, 22.59, 32
2026/08/15 20:53:09.449, 15, 3, 12357, 22.38, 32
2026/08/15 20:53:11.449, 21, 4, 12365, 22.27, 32
2026/08/15 20:53:13.449, 9, 0, 12369, 23.04, 32
2026/08/15 20:53:15.450, 31, 7, 12365, 22.48, 32
2026/08/15 20:53:17.450, 22, 6, 12325, 22.15, 32
2026/08/15 20:53:19.451, 15, 2, 12353, 23.15, 32
2026/08/15 20:53:21.452, 20, 3, 12381, 22.52, 32
2026/08/15 20:53:23.452, 5, 1, 12369, 22.64, 32
2026/08/15 20:53:25.453, 4, 0, 12365, 23.05, 32
2026/08/15 20:53:27.453, 16, 3, 12345, 21.80, 32
2026/08/15 20:53:29.454, 13, 2, 12365, 22.31, 32
2026/08/15 20:53:31.454, 0, 0, 12377, 22.52, 32
2026/08/15 20:53:33.455, 9, 2, 12373, 22.83, 32
2026/08/15 20:53:35.455, 21, 3, 12341, 22.97, 32
2026/08/15 20:53:37.456, 6, 1, 12333, 23.28, 32
2026/08/15 20:53:39.456, 16, 3, 12373, 22.26, 32
2026/08/15 20:53:41.461, 4, 0, 12329, 22.35, 32
2026/08/15 20:53:43.462, 10, 2, 12353, 22.27, 32
2026/08/15 20:53:45.462, 23, 3, 12341, 22.75, 32
2026/08/15 20:53:47.463, 6, 2, 12373, 22.59, 32
2026/08/15 20:53:49.464, 13, 2, 12353, 21.83, 32
2026/08/15 20:53:51.465, 30, 5, 12357, 21.63, 32
2026/08/15 20:53:53.465, 7, 1, 12361, 22.13, 32
2026/08/15 20:53:55.466, 24, 4, 12385, 22.77, 32
2026/08/15 20:53:57.466, 10, 1, 12329, 22.00, 32
2026/08/15 20:53:59.467, 1, 0, 12389, 22.54, 32
2026/08/15 20:54:01.467, 17, 1, 12345, 22.61, 32
2026/08/15 20:54:03.468, 0, 0, 12361, 22.85, 32
2026/08/15 20:54:05.468, 11, 1, 12333, 23.29, 32
2026/08/15 20:54:07.469, 22, 3, 12329, 22.71, 32
2026/08/15 20:54:09.470, 19, 2, 12381, 23.61, 32
2026/08/15 20:54:11.470, 33, 5, 12361, 22.95, 32
2026/08/15 20:54:13.471, 25, 3, 12341, 23.30, 32
2026/08/15 20:54:15.472, 9, 1, 12365, 22.98, 32
2026/08/15 20:54:17.472, 10, 2, 12321, 22.26, 32
2026/08/15 20:54:19.473, 4, 1, 12373, 22.96, 32
2026/08/15 20:54:21.474, 3, 1, 12365, 22.62, 32
2026/08/15 20:54:23.474, 0, 0, 12373, 22.33, 32
2026/08/15 20:54:25.475, 0, 0, 12353, 22.72, 32
2026/08/15 20:54:27.476, 7, 1, 12353, 22.02, 32
2026/08/15 20:54:29.478, 3, 1, 12373, 23.28, 32
2026/08/15 20:54:31.479, 10, 2, 12373, 22.15, 32
2026/08/15 20:54:33.480, 15, 2, 12365, 22.70, 32
2026/08/15 20:54:35.480, 22, 2, 12341, 22.06, 32
2026/08/15 20:54:37.481, 13, 1, 12373, 22.59, 32
2026/08/15 20:54:39.481, 26, 4, 12349, 22.79, 32
2026/08/15 20:54:41.482, 1, 1, 12325, 22.29, 32
2026/08/15 20:54:43.483, 5, 1, 12345, 22.40, 32
2026/08/15 20:54:45.483, 4, 1, 12353, 22.12, 32
2026/08/15 20:54:47.484, 24, 3, 12345, 22.09, 32
2026/08/15 20:54:49.484, 21, 3, 12349, 22.60, 32
2026/08/15 20:54:51.485, 19, 3, 12345, 22.36, 31
2026/08/15 20:54:53.486, 5, 1, 12445, 22.30, 31
2026/08/15 20:54:55.486, 35, 8, 12333, 22.13, 31
2026/08/15 20:54:57.493, 0, 0, 12353, 21.59, 31
2026/08/15 20:54:59.494, 5, 1, 12361, 22.51, 31
2026/08/15 20:55:01.494, 9, 2, 12345, 22.69, 31
2026/08/15 20:55:03.495, 18, 2, 12397, 23.17, 31
2026/08/15 20:55:05.496, 30, 4, 12421, 23.37, 31
2026/08/15 20:55:07.496, 3, 0, 12409, 22.94, 31
2026/08/15 20:55:09.497, 3, 1, 12337, 23.33, 31
2026/08/15 20:55:11.498, 1, 2, 12349, 23.02, 31
2026/08/15 20:55:13.499, 10, 2, 12353, 23.24, 31
2026/08/15 20:55:15.499, 30, 4, 12397, 23.28, 31
2026/08/15 20:55:17.500, 0, 0, 12325, 22.48, 31
2026/08/15 20:55:19.500, 5, 1, 12361, 23.63, 31
2026/08/15 20:55:21.501, 8, 3, 12325, 22.78, 31
2026/08/15 20:55:23.501, 7, 1, 12353, 22.36, 31
2026/08/15 20:55:25.502, 10, 1, 12365, 22.66, 31
2026/08/15 20:55:27.503, 1, 1, 12293, 22.80, 31
2026/08/15 20:55:29.503, 16, 2, 12389, 23.80, 31
2026/08/15 20:55:31.504, 25, 3, 12341, 23.28, 31
2026/08/15 20:55:33.504, 12, 1, 12349, 22.47, 31
2026/08/15 20:55:35.505, 3, 0, 12365, 22.57, 31
2026/08/15 20:55:37.505, 10, 1, 12377, 22.56, 31
2026/08/15 20:55:39.505, 3, 1, 12353, 22.17, 31
2026/08/15 20:55:41.509, 12, 1, 12333, 21.55, 31
2026/08/15 20:55:43.510, 2, 1, 12385, 23.18, 31
2026/08/15 20:55:45.510, 6, 1, 12349, 22.97, 31
2026/08/15 20:55:47.511, 20, 2, 12413, 22.88, 31
2026/08/15 20:55:49.512, 1, 1, 12281, 22.18, 31
2026/08/15 20:55:51.512, 0, 0, 12369, 23.54, 31
2026/08/15 20:55:53.513, 7, 2, 12365, 23.48, 31
2026/08/15 20:55:55.513, 7, 1, 12321, 22.51, 31
2026/08/15 20:55:57.514, 9, 1, 12345, 23.12, 31
2026/08/15 20:55:59.514, 9, 2, 12365, 23.25, 31
2026/08/15 20:56:01.515, 19, 3, 12353, 22.88, 31
2026/08/15 20:56:03.515, 13, 3, 12345, 22.13, 31
2026/08/15 20:56:05.516, 25, 5, 12353, 22.46, 31
2026/08/15 20:56:07.516, 19, 3, 12413, 23.63, 31
2026/08/15 20:56:09.517, 9, 1, 12317, 22.30, 31
2026/08/15 20:56:11.517, 7, 0, 12397, 22.49, 31
2026/08/15 20:56:13.518, 4, 0, 12349, 22.55, 31
2026/08/15 20:56:15.518, 0, 1, 12345, 22.07, 31
2026/08/15 20:56:17.519, 9, 0, 12337, 22.51, 31
2026/08/15 20:56:19.519, 17, 3, 12413, 23.15, 31
2026/08/15 20:56:21.520, 0, 0, 12301, 22.51, 31
2026/08/15 20:56:23.520, 6, 1, 12357, 23.20, 31
2026/08/15 20:56:25.521, 16, 4, 12321, 22.57, 31
2026/08/15 20:56:27.521, 10, 3, 12353, 22.69, 31
2026/08/15 20:56:29.522, 0, 0, 12397, 22.95, 31
2026/08/15 20:56:31.522, 15, 4, 12313, 22.63, 31
2026/08/15 20:56:33.523, 3, 0, 12377, 21.94, 31
2026/08/15 20:56:35.523, 18, 2, 12309, 22.23, 31
2026/08/15 20:56:37.524, 9, 0, 12357, 22.83, 31
2026/08/15 20:56:39.525, 16, 2, 12373, 23.45, 31
2026/08/15 20:56:41.526, 15, 2, 12341, 22.62, 31
2026/08/15 20:56:43.529, 25, 3, 12345, 22.69, 31
2026/08/15 20:56:45.529, 24, 3, 12329, 23.03, 31
2026/08/15 20:56:47.530, 7, 1, 12397, 23.25, 31
2026/08/15 20:56:49.530, 18, 1, 12337, 22.82, 31
2026/08/15 20:56:51.531, 0, 0, 12313, 22.39, 31
2026/08/15 20:56:53.531, 8, 1, 12373, 22.82, 31
2026/08/15 20:56:55.531, 0, 0, 12341, 22.54, 31
2026/08/15 20:56:57.532, 38, 6, 12353, 22.66, 31
2026/08/15 20:56:59.532, 1, 1, 12357, 22.42, 31
2026/08/15 20:57:01.533, 3, 0, 12361, 22.35, 31
2026/08/15 20:57:03.534, 10, 2, 12341, 23.38, 31
2026/08/15 20:57:05.534, 9, 2, 12353, 22.36, 31
2026/08/15 20:57:07.535, 18, 3, 12365, 22.32, 31
2026/08/15 20:57:09.536, 14, 2, 12373, 22.53, 31
2026/08/15 20:57:11.536, 29, 4, 12373, 22.57, 30
2026/08/15 20:57:13.537, 33, 6, 12361, 22.95, 31
2026/08/15 20:57:15.537, 17, 2, 12345, 22.01, 30
2026/08/15 20:57:17.538, 0, 0, 12353, 23.07, 30
2026/08/15 20:57:19.538, 13, 1, 12333, 22.44, 30
2026/08/15 20:57:21.539, 3, 1, 12357, 23.32, 30
2026/08/15 20:57:23.539, 24, 5, 12353, 22.48, 30
2026/08/15 20:57:25.540, 17, 1, 12365, 22.56, 30
2026/08/15 20:57:27.541, 0, 0, 12361, 22.41, 30
2026/08/15 20:57:29.541, 14, 2, 12385, 22.55, 30
2026/08/15 20:57:31.542, 33, 5, 12361, 22.55, 30
2026/08/15 20:57:33.542, 16, 2, 12353, 22.34, 30
2026/08/15 20:57:35.543, 36, 5, 12373, 23.47, 30
2026/08/15 20:57:37.543, 1, 1, 12341, 23.10, 30
2026/08/15 20:57:39.543, 3, 1, 12341, 22.08, 30
2026/08/15 20:57:41.544, 30, 5, 12397, 23.40, 30
2026/08/15 20:57:43.544, 21, 2, 12349, 23.12, 30
2026/08/15 20:57:45.545, 7, 1, 12353, 22.77, 30
2026/08/15 20:57:47.545, 4, 1, 12373, 22.92, 30
2026/08/15 20:57:49.545, 6, 2, 12365, 22.65, 30
2026/08/15 20:57:51.546, 1, 1, 12293, 23.03, 30
2026/08/15 20:57:53.546, 3, 1, 12397, 23.09, 30
2026/08/15 20:57:55.547, 0, 0, 12333, 22.96, 30
2026/08/15 20:57:57.548, 13, 1, 12361, 22.70, 30
2026/08/15 20:57:59.548, 17, 2, 12365, 22.79, 30
2026/08/15 20:58:01.549, 17, 3, 12345, 22.28, 30
2026/08/15 20:58:03.549, 28, 5, 12373, 22.69, 30
2026/08/15 20:58:05.550, 15, 2, 12337, 22.37, 30
2026/08/15 20:58:07.551, 0, 0, 12313, 21.40, 30
2026/08/15 20:58:09.551, 21, 2, 12341, 21.91, 30
2026/08/15 20:58:11.552, 11, 2, 12389, 21.99, 30
2026/08/15 20:58:13.552, 0, 0, 12353, 22.93, 30
2026/08/15 20:58:15.553, 10, 2, 12361, 22.73, 30
2026/08/15 20:58:17.553, 21, 3, 12373, 22.24, 30
2026/08/15 20:58:19.553, 22, 4, 12353, 22.83, 30
2026/08/15 20:58:21.554, 7, 2, 12385, 23.59, 30
2026/08/15 20:58:23.558, 13, 1, 12337, 22.62, 30
2026/08/15 20:58:25.559, 22, 2, 12341, 22.29, 30
2026/08/15 20:58:27.559, 10, 1, 12377, 23.67, 30
2026/08/15 20:58:29.559, 20, 2, 12365, 22.51, 30
2026/08/15 20:58:31.560, 0, 0, 12361, 22.57, 30
2026/08/15 20:58:33.560, 24, 3, 12349, 22.59, 30
2026/08/15 20:58:35.561, 9, 2, 12385, 22.26, 30
2026/08/15 20:58:37.561, 5, 2, 12365, 24.46, 30
2026/08/15 20:58:39.562, 4, 1, 12337, 22.86, 30
2026/08/15 20:58:41.562, 4, 1, 12373, 23.38, 30
2026/08/15 20:58:43.563, 18, 3, 12353, 23.05, 30
2026/08/15 20:58:45.563, 6, 1, 12365, 22.42, 30
2026/08/15 20:58:47.564, 25, 5, 12357, 23.35, 30
2026/08/15 20:58:49.564, 1, 1, 12313, 22.42, 30
2026/08/15 20:58:51.565, 9, 2, 12365, 23.15, 30
2026/08/15 20:58:53.566, 13, 2, 12345, 23.15, 30
2026/08/15 20:58:55.566, 3, 1, 12325, 23.24, 30
2026/08/15 20:58:57.567, 22, 2, 12349, 22.85, 30
2026/08/15 20:58:59.567, 15, 1, 12353, 22.76, 30
2026/08/15 20:59:01.568, 6, 1, 12353, 22.54, 30
2026/08/15 20:59:03.568, 27, 5, 12373, 22.93, 30
2026/08/15 20:59:05.569, 27, 3, 12341, 22.26, 30
2026/08/15 20:59:07.569, 2, 1, 12353, 22.77, 30
2026/08/15 20:59:09.570, 0, 0, 12341, 22.08, 30
2026/08/15 20:59:11.571, 17, 2, 12389, 22.65, 30
2026/08/15 20:59:13.572, 11, 2, 12373, 22.69, 30
2026/08/15 20:59:15.573, 17, 3, 12337, 22.15, 30
2026/08/15 20:59:17.574, 3, 1, 12329, 22.74, 30
2026/08/15 20:59:19.574, 10, 1, 12365, 22.12, 30
2026/08/15 20:59:21.575, 13, 3, 12345, 23.14, 30
2026/08/15 20:59:23.575, 11, 2, 12377, 23.37, 30
2026/08/15 20:59:25.576, 13, 2, 12329, 22.47, 30
2026/08/15 20:59:27.577, 3, 1, 12369, 22.35, 30
2026/08/15 20:59:29.577, 20, 3, 12365, 21.95, 30
2026/08/15 20:59:31.578, 23, 5, 12373, 23.10, 30
2026/08/15 20:59:33.579, 7, 1, 12353, 22.84, 30
2026/08/15 20:59:35.579, 10, 2, 12353, 22.59, 30
2026/08/15 20:59:37.580, 10, 1, 12353, 22.79, 30
2026/08/15 20:59:39.580, 26, 4, 12361, 22.54, 30
2026/08/15 20:59:41.581, 4, 1, 12361, 22.80, 30
2026/08/15 20:59:43.582, 3, 1, 12333, 22.53, 30
2026/08/15 20:59:45.582, 24, 4, 12385, 22.84, 30
2026/08/15 20:59:47.583, 9, 2, 12357, 21.88, 30
2026/08/15 20:59:49.583, 3, 2, 12345, 22.97, 30
2026/08/15 20:59:51.584, 1, 1, 12321, 21.90, 30
2026/08/15 20:59:53.584, 14, 1, 12373, 22.76, 30
2026/08/15 20:59:55.584, 16, 2, 12289, 21.82, 30
2026/08/15 20:59:57.585, 3, 0, 12353, 22.83, 30
2026/08/15 20:59:59.585, 8, 1, 12385, 21.91, 30
2026/08/15 21:00:01.586, 10, 1, 12413, 22.19, 30
2026/08/15 21:00:03.586, 0, 0, 12329, 21.89, 30
2026/08/15 21:00:05.587, 7, 0, 12365, 22.30, 30
2026/08/15 21:00:07.588, 10, 0, 12353, 21.97, 30
2026/08/15 21:00:09.588, 23, 4, 12349, 22.64, 30
2026/08/15 21:00:11.589, 16, 4, 12333, 22.59, 30
2026/08/15 21:00:13.589, 22, 4, 12373, 23.38, 30
2026/08/15 21:00:15.590, 41, 4, 12409, 23.47, 30
2026/08/15 21:00:17.591, 31, 3, 12365, 22.19, 30
2026/08/15 21:00:19.591, 7, 1, 12353, 22.34, 30
2026/08/15 21:00:21.591, 12, 2, 12401, 22.85, 30
2026/08/15 21:00:23.592, 8, 1, 12325, 22.35, 30
2026/08/15 21:00:25.593, 0, 0, 12361, 22.09, 30
2026/08/15 21:00:27.594, 6, 1, 12401, 22.47, 30
2026/08/15 21:00:29.594, 14, 1, 12421, 22.61, 30
2026/08/15 21:00:31.595, 3, 1, 12333, 22.11, 30
2026/08/15 21:00:33.595, 14, 1, 12445, 22.74, 30
2026/08/15 21:00:35.595, 34, 5, 12341, 22.33, 30
2026/08/15 21:00:37.596, 4, 0, 12313, 22.30, 30
2026/08/15 21:00:39.597, 7, 1, 12377, 23.01, 30
2026/08/15 21:00:41.597, 22, 2, 12337, 22.43, 30
2026/08/15 21:00:43.598, 21, 3, 12401, 23.35, 30
2026/08/15 21:00:45.598, 22, 3, 12373, 22.95, 30
2026/08/15 21:00:47.601, 3, 0, 12373, 22.53, 30
2026/08/15 21:00:49.602, 8, 1, 12365, 23.07, 30
2026/08/15 21:00:51.602, 3, 1, 12333, 22.73, 30
2026/08/15 21:00:53.603, 16, 1, 12377, 23.25, 30
2026/08/15 21:00:55.603, 4, 1, 12301, 22.37, 29
2026/08/15 21:00:57.603, 5, 0, 12397, 22.59, 29
2026/08/15 21:00:59.604, 0, 0, 12349, 22.98, 29
2026/08/15 21:01:01.604, 17, 3, 12357, 22.35, 30
2026/08/15 21:01:03.605, 28, 5, 12341, 23.05, 30
2026/08/15 21:01:05.605, 3, 1, 12357, 23.12, 29
2026/08/15 21:01:07.605, 0, 0, 12321, 22.95, 29
2026/08/15 21:01:09.606, 2, 1, 12373, 22.91, 29
2026/08/15 21:01:11.607, 1, 1, 12341, 22.85, 29
2026/08/15 21:01:13.608, 5, 2, 12381, 22.46, 29
2026/08/15 21:01:15.609, 11, 1, 12365, 22.69, 29
2026/08/15 21:01:17.611, 0, 0, 12385, 22.80, 29
2026/08/15 21:01:19.611, 9, 1, 12365, 22.89, 29
2026/08/15 21:01:21.612, 5, 1, 12333, 22.09, 29
2026/08/15 21:01:23.612, 0, 0, 12361, 22.14, 29
2026/08/15 21:01:25.613, 16, 2, 12385, 23.18, 29
2026/08/15 21:01:27.614, 6, 1, 12325, 22.54, 29
2026/08/15 21:01:29.614, 3, 1, 12365, 22.10, 29
2026/08/15 21:01:31.614, 15, 3, 12385, 23.81, 29
2026/08/15 21:01:33.615, 3, 2, 12353, 22.69, 29
2026/08/15 21:01:35.615, 33, 5, 12365, 22.83, 29
2026/08/15 21:01:37.616, 3, 0, 12361, 22.97, 29
2026/08/15 21:01:39.617, 2, 0, 12353, 22.33, 29
2026/08/15 21:01:41.617, 18, 2, 12345, 22.01, 29
2026/08/15 21:01:43.618, 14, 1, 12345, 23.03, 29
2026/08/15 21:01:45.621, 7, 1, 12361, 22.91, 29
2026/08/15 21:01:47.621, 14, 2, 12341, 22.25, 29
2026/08/15 21:01:49.621, 16, 2, 12389, 22.58, 29
2026/08/15 21:01:51.624, 3, 1, 12373, 22.66, 29
2026/08/15 21:01:53.625, 15, 2, 12353, 23.08, 29
2026/08/15 21:01:55.627, 12, 2, 12345, 22.39, 29
2026/08/15 21:01:57.628, 15, 3, 12361, 23.53, 29
2026/08/15 21:01:59.628, 41, 4, 12365, 22.09, 29
2026/08/15 21:02:01.628, 0, 1, 12349, 22.54, 29
2026/08/15 21:02:03.629, 7, 1, 12349, 23.47, 29
2026/08/15 21:02:05.629, 0, 0, 12377, 23.52, 29
2026/08/15 21:02:07.630, 21, 3, 12341, 22.20, 29
2026/08/15 21:02:09.630, 0, 0, 12369, 23.01, 29
2026/08/15 21:02:11.631, 14, 2, 12357, 22.69, 29
2026/08/15 21:02:13.631, 13, 1, 12369, 22.19, 29
2026/08/15 21:02:15.632, 4, 1, 12349, 23.11, 29
2026/08/15 21:02:17.632, 3, 1, 12377, 22.92, 29
2026/08/15 21:02:19.633, 1, 1, 12345, 21.79, 29
2026/08/15 21:02:21.633, 26, 5, 12389, 22.34, 29
2026/08/15 21:02:23.633, 0, 0, 12397, 22.22, 29
2026/08/15 21:02:25.634, 6, 2, 12357, 22.57, 29
2026/08/15 21:02:27.634, 7, 1, 12329, 21.90, 29
2026/08/15 21:02:29.635, 29, 5, 12345, 22.61, 29
2026/08/15 21:02:31.635, 0, 0, 12333, 21.31, 29
2026/08/15 21:02:33.636, 0, 0, 12361, 21.63, 29
2026/08/15 21:02:35.636, 11, 1, 12333, 21.97, 29
2026/08/15 21:02:37.637, 0, 0, 12373, 22.29, 29
2026/08/15 21:02:39.637, 1, 1, 12281, 22.07, 29
2026/08/15 21:02:41.638, 0, 0, 12377, 22.92, 29
2026/08/15 21:02:43.638, 10, 2, 12329, 22.33, 29
2026/08/15 21:02:45.639, 0, 0, 12365, 22.87, 29
2026/08/15 21:02:47.639, 4, 1, 12345, 22.26, 29
2026/08/15 21:02:49.640, 3, 1, 12345, 21.79, 29
2026/08/15 21:02:51.640, 31, 5, 12357, 22.65, 29
2026/08/15 21:02:53.641, 0, 0, 12353, 22.39, 29
2026/08/15 21:02:55.641, 0, 0, 12321, 22.53, 29
2026/08/15 21:02:57.642, 16, 3, 12353, 22.89, 29
2026/08/15 21:02:59.642, 16, 3, 12365, 22.45, 29
2026/08/15 21:03:01.643, 8, 1, 12309, 21.85, 29
2026/08/15 21:03:03.643, 13, 1, 12385, 21.73, 29
2026/08/15 21:03:05.643, 14, 3, 12401, 21.85, 29
2026/08/15 21:03:07.644, 25, 5, 12365, 22.29, 29
2026/08/15 21:03:09.646, 1, 1, 12329, 21.22, 29
2026/08/15 21:03:11.647, 11, 1, 12385, 22.57, 29
2026/08/15 21:03:13.647, 9, 2, 12341, 22.15, 29
2026/08/15 21:03:15.647, 0, 0, 12385, 22.76, 29
2026/08/15 21:03:17.648, 20, 3, 12329, 22.35, 29
2026/08/15 21:03:19.649, 14, 2, 12365, 22.54, 29
2026/08/15 21:03:21.652, 10, 1, 12321, 22.49, 29
2026/08/15 21:03:23.653, 2, 1, 12357, 22.63, 29
2026/08/15 21:03:25.653, 10, 1, 12313, 22.61, 29
2026/08/15 21:03:27.654, 1, 1, 12353, 22.51, 29
2026/08/15 21:03:29.654, 23, 3, 12333, 22.69, 29
2026/08/15 21:03:31.655, 17, 1, 12341, 22.07, 29
2026/08/15 21:03:33.655, 4, 0, 12389, 22.95, 29
2026/08/15 21:03:35.656, 0, 0, 12361, 22.97, 29
2026/08/15 21:03:37.657, 10, 1, 12345, 23.37, 29
2026/08/15 21:03:39.657, 7, 1, 12357, 23.00, 29
2026/08/15 21:03:41.658, 15, 2, 12353, 23.80, 29
2026/08/15 21:03:43.658, 0, 0, 12377, 22.78, 29
2026/08/15 21:03:45.659, 17, 3, 12365, 23.10, 29
2026/08/15 21:03:47.659, 12, 1, 12377, 22.23, 29
2026/08/15 21:03:49.659, 14, 2, 12385, 22.73, 29
2026/08/15 21:03:51.660, 6, 1, 12333, 22.81, 29
2026/08/15 21:03:53.660, 8, 1, 12385, 23.38, 29
2026/08/15 21:03:55.661, 20, 3, 12329, 22.81, 29
2026/08/15 21:03:57.661, 26, 2, 12353, 23.13, 29
2026/08/15 21:03:59.662, 4, 1, 12361, 23.42, 29
2026/08/15 21:04:01.662, 42, 9, 12377, 23.40, 29
2026/08/15 21:04:03.663, 16, 2, 12357, 22.45, 29
2026/08/15 21:04:05.663, 4, 0, 12345, 21.83, 29
2026/08/15 21:04:07.664, 24, 4, 12345, 22.69, 29
2026/08/15 21:04:09.664, 2, 1, 12365, 21.17, 29
2026/08/15 21:04:11.664, 8, 2, 12353, 22.18, 29
2026/08/15 21:04:13.665, 11, 1, 12333, 22.55, 29
2026/08/15 21:04:15.665, 15, 2, 12389, 22.32, 29
2026/08/15 21:04:17.666, 22, 4, 12353, 22.58, 29
2026/08/15 21:04:19.667, 18, 2, 12337, 22.65, 29
2026/08/15 21:04:21.667, 5, 1, 12357, 23.06, 29
2026/08/15 21:04:23.668, 1, 1, 12341, 22.31, 29
2026/08/15 21:04:25.669, 10, 0, 12389, 22.30, 29
2026/08/15 21:04:27.669, 11, 3, 12333, 22.84, 29
2026/08/15 21:04:29.670, 11, 2, 12365, 22.57, 29
2026/08/15 21:04:31.671, 19, 2, 12361, 23.01, 29
2026/08/15 21:04:33.671, 7, 1, 12385, 23.09, 29
2026/08/15 21:04:35.672, 14, 4, 12297, 22.10, 29
2026/08/15 21:04:37.672, 29, 3, 12357, 22.85, 29
2026/08/15 21:04:39.673, 16, 3, 12333, 22.38, 29
2026/08/15 21:04:41.673, 12, 0, 12385, 22.90, 29
2026/08/15 21:04:43.673, 9, 0, 12365, 22.51, 29
2026/08/15 21:04:45.674, 0, 0, 12365, 23.00, 29
2026/08/15 21:04:47.675, 1, 1, 12365, 22.80, 29
2026/08/15 21:04:49.675, 4, 1, 12377, 23.24, 29
2026/08/15 21:04:51.675, 3, 1, 12325, 22.40, 29
2026/08/15 21:04:53.676, 11, 3, 12397, 23.37, 29
2026/08/15 21:04:55.676, 1, 1, 12293, 23.05, 29
2026/08/15 21:04:57.683, 9, 1, 12385, 22.61, 29
2026/08/15 21:04:59.683, 14, 2, 12361, 22.71, 29
2026/08/15 21:05:01.684, 4, 1, 12365, 22.77, 29
2026/08/15 21:05:03.685, 0, 0, 12349, 22.19, 29
2026/08/15 21:05:05.685, 12, 2, 12385, 22.73, 29
2026/08/15 21:05:07.685, 24, 5, 12385, 23.19, 29
2026/08/15 21:05:09.686, 6, 1, 12361, 22.55, 29
2026/08/15 21:05:11.687, 32, 3, 12385, 23.63, 29
2026/08/15 21:05:13.687, 8, 1, 12353, 22.13, 29
2026/08/15 21:05:15.688, 3, 1, 12317, 22.37, 29
2026/08/15 21:05:17.689, 24, 5, 12397, 22.92, 29
2026/08/15 21:05:19.689, 0, 0, 12293, 22.39, 29
2026/08/15 21:05:21.690, 15, 3, 12377, 22.63, 29
2026/08/15 21:05:23.690, 40, 6, 12333, 22.70, 29
2026/08/15 21:05:25.691, 1, 1, 12345, 23.15, 29
2026/08/15 21:05:27.692, 0, 0, 12333, 22.73, 29
2026/08/15 21:05:29.692, 20, 1, 12337, 23.18, 29
2026/08/15 21:05:31.693, 10, 1, 12373, 23.16, 29
2026/08/15 21:05:33.695, 13, 2, 12333, 22.47, 29
2026/08/15 21:05:35.696, 27, 6, 12349, 22.58, 29
2026/08/15 21:05:37.696, 21, 4, 12397, 23.16, 29
2026/08/15 21:05:39.697, 19, 2, 12325, 22.28, 29
2026/08/15 21:05:41.698, 0, 0, 12373, 23.20, 29
2026/08/15 21:05:43.699, 2, 0, 12337, 21.93, 29
2026/08/15 21:05:45.699, 21, 5, 12377, 22.76, 29
2026/08/15 21:05:47.700, 0, 0, 12329, 22.50, 29
2026/08/15 21:05:49.700, 17, 2, 12385, 22.48, 29
2026/08/15 21:05:51.700, 31, 5, 12333, 21.92, 29
2026/08/15 21:05:53.701, 13, 2, 12397, 22.46, 29
2026/08/15 21:05:55.702, 0, 0, 12325, 21.94, 29
2026/08/15 21:05:57.702, 5, 1, 12373, 23.61, 29
2026/08/15 21:05:59.703, 19, 3, 12365, 22.27, 29
2026/08/15 21:06:01.703, 9, 1, 12321, 22.38, 30
2026/08/15 21:06:03.704, 18, 2, 12361, 22.70, 30
2026/08/15 21:06:05.705, 0, 0, 12353, 22.37, 30
2026/08/15 21:06:07.706, 22, 4, 12373, 22.67, 30
2026/08/15 21:06:09.706, 7, 1, 12365, 22.09, 30
2026/08/15 21:06:11.706, 8, 0, 12385, 21.94, 30
2026/08/15 21:06:13.707, 17, 3, 12321, 22.64, 30
2026/08/15 21:06:15.708, 23, 3, 12353, 22.45, 30
2026/08/15 21:06:17.709, 2, 1, 12365, 22.28, 30
2026/08/15 21:06:19.709, 22, 3, 12365, 22.64, 30
2026/08/15 21:06:21.710, 15, 2, 12361, 22.22, 30
2026/08/15 21:06:23.711, 8, 1, 12373, 22.60, 30
2026/08/15 21:06:25.712, 17, 2, 12353, 22.48, 30
2026/08/15 21:06:27.712, 1, 1, 12341, 21.97, 30
2026/08/15 21:06:29.713, 0, 0, 12325, 23.30, 30
2026/08/15 21:06:31.713, 15, 2, 12373, 22.59, 30
2026/08/15 21:06:33.714, 13, 1, 12365, 22.79, 30
2026/08/15 21:06:35.714, 1, 1, 12333, 22.14, 30
2026/08/15 21:06:37.715, 33, 3, 12341, 22.82, 30
2026/08/15 21:06:39.715, 14, 2, 12397, 22.58, 30
2026/08/15 21:06:41.715, 0, 0, 12321, 22.35, 30
2026/08/15 21:06:43.716, 17, 2, 12365, 23.21, 30
2026/08/15 21:06:45.716, 23, 3, 12321, 22.43, 30
2026/08/15 21:06:47.717, 27, 6, 12365, 22.85, 30
2026/08/15 21:06:49.717, 11, 1, 12333, 22.03, 30
2026/08/15 21:06:51.718, 10, 0, 12313, 21.91, 30
2026/08/15 21:06:53.718, 4, 0, 12385, 22.40, 30
2026/08/15 21:06:55.719, 15, 1, 12333, 21.89, 30
2026/08/15 21:06:57.719, 12, 2, 12341, 22.70, 30
2026/08/15 21:06:59.720, 9, 1, 12361, 22.18, 30
2026/08/15 21:07:01.720, 4, 0, 12385, 22.71, 30
2026/08/15 21:07:03.721, 4, 1, 12321, 21.96, 30
2026/08/15 21:07:05.721, 0, 0, 12361, 22.95, 30
2026/08/15 21:07:07.722, 7, 1, 12373, 22.17, 30
2026/08/15 21:07:09.722, 24, 4, 12373, 22.77, 30
2026/08/15 21:07:11.723, 7, 1, 12365, 22.87, 30
2026/08/15 21:07:13.723, 21, 2, 12349, 22.75, 30
2026/08/15 21:07:15.724, 18, 2, 12361, 22.20, 30
2026/08/15 21:07:17.724, 18, 2, 12353, 21.75, 30
2026/08/15 21:07:19.725, 22, 5, 12353, 21.81, 30
2026/08/15 21:07:21.725, 3, 0, 12377, 22.91, 30
2026/08/15 21:07:23.726, 11, 1, 12341, 22.53, 30
2026/08/15 21:07:25.726, 11, 1, 12365, 21.96, 30
2026/08/15 21:07:27.727, 26, 5, 12377, 22.31, 30
2026/08/15 21:07:29.729, 29, 4, 12301, 21.48, 30
2026/08/15 21:07:31.730, 11, 1, 12397, 23.18, 30
2026/08/15 21:07:33.730, 12, 2, 12313, 22.22, 30
2026/08/15 21:07:35.731, 5, 0, 12325, 21.86, 30
2026/08/15 21:07:37.732, 19, 3, 12313, 22.51, 30
2026/08/15 21:07:39.733, 0, 0, 12361, 22.92, 30
2026/08/15 21:07:41.733, 5, 1, 12313, 21.56, 30
2026/08/15 21:07:43.733, 9, 1, 12377, 22.62, 30
2026/08/15 21:07:45.735, 14, 2, 12361, 22.53, 30
2026/08/15 21:07:47.735, 29, 6, 12373, 22.67, 30
2026/08/15 21:07:49.735, 0, 0, 12361, 22.74, 30
2026/08/15 21:07:51.736, 9, 1, 12365, 21.92, 30
2026/08/15 21:07:53.736, 10, 0, 12333, 22.51, 30
2026/08/15 21:07:55.737, 0, 0, 12357, 22.20, 30
2026/08/15 21:07:57.737, 4, 1, 12345, 22.53, 31
2026/08/15 21:07:59.738, 20, 3, 12333, 23.15, 31
2026/08/15 21:08:01.738, 12, 2, 12353, 22.26, 31
2026/08/15 21:08:03.739, 16, 4, 12333, 21.69, 31
2026/08/15 21:08:05.739, 10, 2, 12365, 23.30, 31
2026/08/15 21:08:07.740, 20, 4, 12357, 21.93, 31
2026/08/15 21:08:09.740, 17, 3, 12325, 22.04, 31
2026/08/15 21:08:11.740, 33, 4, 12361, 21.78, 31
2026/08/15 21:08:13.741, 22, 4, 12373, 22.58, 31
2026/08/15 21:08:15.742, 25, 4, 12365, 22.56, 31
2026/08/15 21:08:17.742, 11, 2, 12357, 21.62, 31
2026/08/15 21:08:19.743, 17, 2, 12353, 22.88, 31
2026/08/15 21:08:21.743, 12, 1, 12365, 22.70, 31
2026/08/15 21:08:23.744, 19, 1, 12325, 22.22, 31
2026/08/15 21:08:25.744, 9, 1, 12385, 22.44, 31
2026/08/15 21:08:27.745, 8, 1, 12373, 22.55, 31
2026/08/15 21:08:29.745, 3, 1, 12341, 22.67, 31
2026/08/15 21:08:31.745, 14, 1, 12365, 22.89, 31
2026/08/15 21:08:33.746, 9, 1, 12341, 22.35, 31
2026/08/15 21:08:35.746, 8, 2, 12353, 22.35, 31
2026/08/15 21:08:37.747, 7, 2, 12365, 22.28, 31
2026/08/15 21:08:39.747, 21, 2, 12341, 22.33, 31
2026/08/15 21:08:41.748, 3, 1, 12349, 22.89, 31
2026/08/15 21:08:43.749, 9, 1, 12325, 22.24, 31
2026/08/15 21:08:45.749, 3, 0, 12389, 22.45, 31
2026/08/15 21:08:47.750, 32, 3, 12349, 22.69, 31
2026/08/15 21:08:49.750, 36, 5, 12361, 22.93, 31
2026/08/15 21:08:51.751, 0, 0, 12373, 21.55, 31
2026/08/15 21:08:53.751, 20, 4, 12333, 22.44, 31
2026/08/15 21:08:55.752, 5, 1, 12373, 22.04, 31
2026/08/15 21:08:57.752, 5, 0, 12345, 22.48, 31
2026/08/15 21:08:59.753, 0, 0, 12333, 22.14, 31
2026/08/15 21:09:01.754, 0, 0, 12385, 22.49, 31
2026/08/15 21:09:03.754, 15, 3, 12365, 22.61, 31
2026/08/15 21:09:05.754, 17, 2, 12337, 22.43, 31
2026/08/15 21:09:07.755, 8, 2, 12385, 22.77, 31
2026/08/15 21:09:09.755, 0, 1, 12369, 22.78, 31
2026/08/15 21:09:11.756, 15, 1, 12333, 22.01, 31
2026/08/15 21:09:13.756, 2, 0, 12385, 22.67, 31
2026/08/15 21:09:15.757, 20, 3, 12301, 22.31, 31
2026/08/15 21:09:17.759, 8, 1, 12341, 21.41, 31
2026/08/15 21:09:19.760, 0, 0, 12385, 23.21, 31
2026/08/15 21:09:21.760, 17, 2, 12333, 21.79, 31
2026/08/15 21:09:23.763, 27, 4, 12365, 22.71, 31
2026/08/15 21:09:25.763, 12, 0, 12333, 22.99, 31
2026/08/15 21:09:27.764, 22, 3, 12341, 22.03, 31
2026/08/15 21:09:29.764, 46, 10, 12389, 22.51, 31
2026/08/15 21:09:31.765, 5, 1, 12333, 21.56, 31
2026/08/15 21:09:33.766, 18, 1, 12373, 22.94, 31
2026/08/15 21:09:35.766, 0, 0, 12341, 22.98, 31
2026/08/15 21:09:37.767, 0, 0, 12373, 22.25, 31
2026/08/15 21:09:39.767, 9, 1, 12361, 22.43, 31
2026/08/15 21:09:41.768, 21, 2, 12353, 22.99, 31
2026/08/15 21:09:43.769, 0, 0, 12345, 22.34, 31
2026/08/15 21:09:45.769, 7, 1, 12361, 22.86, 31
2026/08/15 21:09:47.770, 17, 1, 12377, 22.52, 31
2026/08/15 21:09:49.770, 12, 2, 12329, 22.19, 31
2026/08/15 21:09:51.771, 29, 5, 12397, 23.36, 31
2026/08/15 21:09:53.771, 13, 1, 12349, 22.61, 31
2026/08/15 21:09:55.771, 6, 1, 12349, 22.98, 31
2026/08/15 21:09:57.773, 9, 1, 12361, 24.08, 31
2026/08/15 21:09:59.773, 46, 9, 12377, 23.32, 31
2026/08/15 21:10:01.774, 23, 3, 12333, 22.70, 31
2026/08/15 21:10:03.774, 6, 0, 12377, 22.69, 31
2026/08/15 21:10:05.775, 17, 4, 12353, 22.20, 31
2026/08/15 21:10:07.776, 3, 1, 12353, 22.35, 31
2026/08/15 21:10:09.777, 0, 0, 12353, 22.97, 31
2026/08/15 21:10:11.777, 12, 1, 12397, 22.54, 31
2026/08/15 21:10:13.778, 1, 2, 12333, 22.53, 31
2026/08/15 21:10:15.778, 12, 3, 12365, 22.27, 31
2026/08/15 21:10:17.779, 19, 2, 12333, 23.10, 31
2026/08/15 21:10:19.779, 22, 2, 12373, 23.11, 31
2026/08/15 21:10:21.780, 3, 1, 12349, 22.80, 31
2026/08/15 21:10:23.781, 12, 2, 12373, 22.44, 31
2026/08/15 21:10:25.781, 7, 1, 12305, 22.20, 31
2026/08/15 21:10:27.782, 2, 0, 12365, 22.27, 31
2026/08/15 21:10:29.782, 21, 3, 12385, 22.37, 32
2026/08/15 21:10:31.784, 0, 0, 12357, 22.21, 31
2026/08/15 21:10:33.784, 16, 1, 12329, 22.52, 31
2026/08/15 21:10:35.785, 23, 3, 12373, 22.92, 32
2026/08/15 21:10:37.786, 29, 5, 12365, 23.14, 32
2026/08/15 21:10:39.786, 13, 1, 12337, 23.13, 32
2026/08/15 21:10:41.787, 5, 2, 12341, 23.12, 32
2026/08/15 21:10:43.787, 17, 4, 12377, 22.99, 32
2026/08/15 21:10:45.787, 3, 1, 12305, 22.55, 31
2026/08/15 21:10:47.788, 20, 3, 12385, 23.28, 32
2026/08/15 21:10:49.788, 4, 1, 12309, 22.01, 32
2026/08/15 21:10:51.789, 27, 6, 12345, 22.93, 32
2026/08/15 21:10:53.790, 11, 1, 12365, 21.54, 32
2026/08/15 21:10:55.790, 10, 2, 12321, 21.88, 32
2026/08/15 21:10:57.791, 8, 0, 12385, 22.52, 32
2026/08/15 21:10:59.791, 11, 1, 12313, 21.73, 32
2026/08/15 21:11:01.791, 5, 1, 12361, 22.27, 32
2026/08/15 21:11:03.792, 0, 0, 12357, 21.77, 32
2026/08/15 21:11:05.792, 18, 1, 12353, 22.86, 32
2026/08/15 21:11:07.793, 7, 1, 12353, 22.71, 32
2026/08/15 21:11:09.794, 3, 1, 12365, 21.59, 32
2026/08/15 21:11:11.794, 9, 3, 12345, 21.89, 32
2026/08/15 21:11:13.795, 1, 1, 12357, 22.24, 32
2026/08/15 21:11:15.796, 2, 1, 12333, 21.74, 32
2026/08/15 21:11:17.797, 27, 7, 12389, 22.99, 32
2026/08/15 21:11:19.797, 19, 3, 12353, 22.08, 32
2026/08/15 21:11:21.797, 17, 4, 12385, 22.83, 32
2026/08/15 21:11:23.798, 10, 2, 12333, 21.84, 32
2026/08/15 21:11:25.798, 16, 2, 12377, 23.07, 32
2026/08/15 21:11:27.799, 15, 1, 12301, 22.27, 32
2026/08/15 21:11:29.800, 16, 2, 12397, 23.18, 32
2026/08/15 21:11:31.800, 0, 0, 12333, 22.19, 32
2026/08/15 21:11:33.801, 11, 1, 12321, 21.58, 32
2026/08/15 21:11:35.802, 11, 2, 12397, 23.42, 32
2026/08/15 21:11:37.802, 29, 4, 12321, 22.89, 32
2026/08/15 21:11:39.803, 0, 0, 12353, 22.92, 32
2026/08/15 21:11:41.803, 30, 3, 12353, 22.77, 32
2026/08/15 21:11:43.803, 2, 0, 12373, 22.63, 32
2026/08/15 21:11:45.804, 8, 1, 12385, 22.57, 32
2026/08/15 21:11:47.805, 21, 3, 12353, 22.61, 32
2026/08/15 21:11:49.805, 15, 1, 12341, 22.67, 32
2026/08/15 21:11:51.806, 1, 1, 12353, 23.12, 32
2026/08/15 21:11:53.806, 13, 1, 12365, 23.16, 32
2026/08/15 21:11:55.808, 20, 3, 12329, 22.65, 32
2026/08/15 21:11:57.808, 1, 1, 12357, 22.44, 32
2026/08/15 21:11:59.809, 0, 0, 12321, 23.25, 32
2026/08/15 21:12:01.809, 15, 3, 12373, 23.05, 32
2026/08/15 21:12:03.810, 14, 2, 12365, 22.70, 32
2026/08/15 21:12:05.815, 16, 3, 12361, 23.32, 32
2026/08/15 21:12:07.815, 4, 1, 12365, 23.08, 32
2026/08/15 21:12:09.816, 12, 3, 12313, 23.59, 32
2026/08/15 21:12:11.817, 9, 1, 12357, 22.64, 32
2026/08/15 21:12:13.817, 8, 1, 12373, 23.24, 32
2026/08/15 21:12:15.818, 12, 2, 12353, 23.81, 32
2026/08/15 21:12:17.819, 0, 0, 12385, 23.15, 32
2026/08/15 21:12:19.820, 16, 1, 12361, 23.24, 32
2026/08/15 21:12:21.820, 21, 3, 12377, 23.70, 32
2026/08/15 21:12:23.821, 20, 3, 12365, 22.30, 32
2026/08/15 21:12:25.821, 14, 1, 12325, 22.46, 32
2026/08/15 21:12:27.822, 9, 1, 12373, 22.76, 32
2026/08/15 21:12:29.822, 2, 1, 12321, 22.44, 32
2026/08/15 21:12:31.823, 36, 5, 12373, 23.03, 32
2026/08/15 21:12:33.823, 1, 1, 12293, 22.39, 32
2026/08/15 21:12:35.824, 8, 1, 12397, 22.52, 32
2026/08/15 21:12:37.825, 8, 1, 12365, 22.42, 32
2026/08/15 21:12:39.825, 7, 1, 12397, 21.86, 32
2026/08/15 21:12:41.825, 3, 1, 12385, 22.17, 32
2026/08/15 21:12:43.826, 8, 0, 12373, 22.44, 32
2026/08/15 21:12:45.826, 19, 3, 12365, 22.27, 32
2026/08/15 21:12:47.827, 0, 0, 12333, 22.41, 32
2026/08/15 21:12:49.827, 40, 7, 12385, 22.75, 32
2026/08/15 21:12:51.828, 13, 1, 12333, 21.88, 32
2026/08/15 21:12:53.828, 14, 2, 12377, 22.43, 32
2026/08/15 21:12:55.830, 23, 2, 12333, 21.61, 32
2026/08/15 21:12:57.831, 33, 7, 12385, 22.69, 32
2026/08/15 21:12:59.831, 7, 2, 12325, 21.83, 32
2026/08/15 21:13:01.831, 15, 1, 12385, 22.59, 32
2026/08/15 21:13:03.832, 19, 2, 12349, 22.32, 32
2026/08/15 21:13:05.832, 4, 0, 12365, 22.28, 32
2026/08/15 21:13:07.833, 0, 0, 12353, 22.32, 32
2026/08/15 21:13:09.833, 6, 1, 12345, 22.11, 32
2026/08/15 21:13:11.834, 9, 1, 12345, 22.33, 32
2026/08/15 21:13:13.835, 11, 2, 12373, 21.96, 32
2026/08/15 21:13:15.835, 9, 1, 12345, 22.37, 32
2026/08/15 21:13:17.836, 20, 2, 12333, 22.68, 32
2026/08/15 21:13:19.837, 12, 2, 12385, 22.99, 32
2026/08/15 21:13:21.837, 16, 3, 12341, 22.56, 32
2026/08/15 21:13:23.837, 8, 1, 12353, 22.22, 32
2026/08/15 21:13:25.838, 13, 1, 12357, 22.68, 32
2026/08/15 21:13:27.839, 11, 2, 12385, 23.38, 32
2026/08/15 21:13:29.839, 17, 2, 12353, 22.34, 32
2026/08/15 21:13:31.840, 17, 3, 12373, 23.84, 32
2026/08/15 21:13:33.841, 0, 0, 12309, 22.30, 32
2026/08/15 21:13:35.842, 0, 0, 12365, 23.17, 32
2026/08/15 21:13:37.842, 3, 0, 12353, 22.37, 32
2026/08/15 21:13:39.842, 9, 1, 12341, 22.10, 32
2026/08/15 21:13:41.843, 17, 0, 12357, 22.70, 32
2026/08/15 21:13:43.844, 9, 2, 12333, 22.62, 32
2026/08/15 21:13:45.845, 12, 2, 12365, 22.46, 32
2026/08/15 21:13:47.846, 6, 1, 12353, 22.44, 32
2026/08/15 21:13:49.846, 6, 2, 12337, 22.79, 32
2026/08/15 21:13:51.847, 3, 1, 12333, 22.25, 32
2026/08/15 21:13:53.847, 9, 1, 12345, 22.25, 32
2026/08/15 21:13:55.848, 4, 1, 12333, 22.01, 32
2026/08/15 21:13:57.848, 3, 2, 12353, 22.36, 32
2026/08/15 21:13:59.848, 11, 2, 12377, 21.86, 32
2026/08/15 21:14:01.849, 4, 1, 12333, 21.92, 32
2026/08/15 21:14:03.853, 13, 1, 12349, 21.82, 32
2026/08/15 21:14:05.854, 26, 3, 12361, 21.54, 32
2026/08/15 21:14:07.854, 0, 0, 12321, 21.63, 32
2026/08/15 21:14:09.855, 6, 0, 12329, 22.66, 32
2026/08/15 21:14:11.856, 24, 2, 12373, 22.84, 32
2026/08/15 21:14:13.856, 3, 1, 12321, 22.13, 32
2026/08/15 21:14:15.857, 9, 1, 12365, 21.34, 32
2026/08/15 21:14:17.858, 6, 1, 12361, 22.64, 32
2026/08/15 21:14:19.858, 20, 3, 12345, 22.10, 32
2026/08/15 21:14:21.859, 5, 1, 12341, 21.39, 32
2026/08/15 21:14:23.859, 28, 4, 12353, 22.01, 32
2026/08/15 21:14:25.860, 0, 0, 12341, 21.63, 32
2026/08/15 21:14:27.861, 32, 4, 12373, 23.02, 32
2026/08/15 21:14:29.862, 3, 0, 12285, 21.75, 32
2026/08/15 21:14:31.862, 2, 1, 12385, 21.93, 32
2026/08/15 21:14:33.863, 16, 3, 12385, 21.72, 32
2026/08/15 21:14:35.863, 15, 1, 12321, 22.33, 32
2026/08/15 21:14:37.864, 6, 1, 12353, 22.14, 32
2026/08/15 21:14:39.864, 6, 1, 12373, 22.00, 32
2026/08/15 21:14:41.865, 6, 1, 12353, 21.71, 32
2026/08/15 21:14:43.865, 23, 4, 12373, 22.14, 32
2026/08/15 21:14:45.866, 27, 3, 12301, 21.59, 32
2026/08/15 21:14:47.870, 2, 1, 12345, 22.42, 32
2026/08/15 21:14:49.871, 16, 2, 12337, 22.88, 32
2026/08/15 21:14:51.871, 2, 0, 12325, 21.81, 32
2026/08/15 21:14:53.871, 39, 5, 12353, 22.30, 32
2026/08/15 21:14:55.872, 31, 3, 12341, 22.70, 32
2026/08/15 21:14:57.872, 11, 1, 12361, 22.14, 32
2026/08/15 21:14:59.874, 0, 0, 12373, 21.44, 32
2026/08/15 21:15:01.875, 4, 1, 12365, 22.62, 32
2026/08/15 21:15:03.875, 11, 1, 12365, 23.17, 32
2026/08/15 21:15:05.876, 23, 3, 12373, 22.06, 32
2026/08/15 21:15:07.876, 3, 1, 12377, 22.86, 32
2026/08/15 21:15:09.877, 0, 0, 12385, 22.64, 32
2026/08/15 21:15:11.878, 40, 10, 12365, 22.97, 32
2026/08/15 21:15:13.878, 2, 1, 12325, 21.29, 32
2026/08/15 21:15:15.879, 11, 2, 12385, 21.99, 32
2026/08/15 21:15:17.883, 12, 2, 12337, 22.09, 32
2026/08/15 21:15:19.884, 13, 2, 12353, 21.59, 32
2026/08/15 21:15:21.884, 5, 1, 12333, 21.69, 32
2026/08/15 21:15:23.884, 18, 3, 12385, 22.49, 32
2026/08/15 21:15:25.885, 24, 5, 12325, 23.10, 32
2026/08/15 21:15:27.886, 14, 0, 12345, 22.43, 32
2026/08/15 21:15:29.886, 24, 3, 12377, 21.84, 32
2026/08/15 21:15:31.886, 8, 1, 12353, 22.37, 32
2026/08/15 21:15:33.887, 7, 2, 12333, 21.81, 32
2026/08/15 21:15:35.888, 28, 2, 12341, 22.65, 32
2026/08/15 21:15:37.888, 9, 1, 12373, 22.52, 32
2026/08/15 21:15:39.888, 13, 1, 12361, 21.89, 31
2026/08/15 21:15:41.889, 0, 0, 12333, 21.89, 31
2026/08/15 21:15:43.890, 6, 1, 12321, 21.41, 31
2026/08/15 21:15:45.891, 2, 0, 12409, 22.33, 31
2026/08/15 21:15:47.891, 0, 0, 12309, 21.57, 31
2026/08/15 21:15:49.892, 43, 10, 12385, 23.36, 31
2026/08/15 21:15:51.892, 19, 3, 12293, 22.48, 31
2026/08/15 21:15:53.893, 0, 0, 12385, 22.50, 31
2026/08/15 21:15:55.893, 10, 2, 12361, 21.99, 31
2026/08/15 21:15:57.894, 24, 4, 12333, 22.51, 31
2026/08/15 21:15:59.895, 7, 0, 12361, 22.79, 31
2026/08/15 21:16:01.896, 13, 1, 12353, 21.97, 31
2026/08/15 21:16:03.896, 10, 1, 12349, 22.41, 31
2026/08/15 21:16:05.897, 12, 2, 12317, 21.70, 31
2026/08/15 21:16:07.897, 11, 1, 12365, 21.89, 31
2026/08/15 21:16:09.897, 36, 7, 12341, 22.51, 31
2026/08/15 21:16:11.898, 3, 0, 12373, 22.85, 31
2026/08/15 21:16:13.899, 15, 1, 12325, 22.87, 31
2026/08/15 21:16:15.899, 10, 2, 12361, 22.18, 31
2026/08/15 21:16:17.900, 9, 2, 12345, 22.94, 31
2026/08/15 21:16:19.900, 0, 0, 12333, 22.78, 31
2026/08/15 21:16:21.903, 13, 2, 12385, 22.52, 31
2026/08/15 21:16:23.904, 3, 1, 12385, 22.05, 31
2026/08/15 21:16:25.904, 2, 1, 12361, 22.14, 31
2026/08/15 21:16:27.905, 19, 2, 12373, 21.74, 31
2026/08/15 21:16:29.906, 20, 2, 12385, 22.16, 31
2026/08/15 21:16:31.906, 2, 1, 12345, 22.55, 31
2026/08/15 21:16:33.906, 3, 0, 12337, 22.20, 31
2026/08/15 21:16:35.907, 3, 1, 12397, 22.96, 31
2026/08/15 21:16:37.908, 3, 0, 12329, 22.52, 31
2026/08/15 21:16:39.909, 11, 1, 12361, 22.06, 31
2026/08/15 21:16:41.910, 11, 2, 12341, 22.38, 31
2026/08/15 21:16:43.910, 10, 2, 12413, 23.00, 31
2026/08/15 21:16:45.910, 5, 1, 12333, 22.04, 31
2026/08/15 21:16:47.911, 12, 2, 12369, 22.57, 31
2026/08/15 21:16:49.912, 2, 1, 12421, 22.53, 31
2026/08/15 21:16:51.913, 16, 2, 12341, 22.84, 31
2026/08/15 21:16:53.919, 20, 2, 12365, 22.73, 31
2026/08/15 21:16:55.920, 30, 5, 12397, 22.99, 31
2026/08/15 21:16:57.921, 3, 1, 12333, 22.70, 31
2026/08/15 21:16:59.921, 5, 1, 12341, 22.27, 31
2026/08/15 21:17:01.922, 13, 2, 12397, 22.60, 31
2026/08/15 21:17:03.922, 15, 1, 12341, 22.73, 31
2026/08/15 21:17:05.922, 12, 2, 12353, 23.09, 31
2026/08/15 21:17:07.923, 4, 1, 12357, 22.16, 30
2026/08/15 21:17:09.923, 5, 0, 12361, 22.94, 30
2026/08/15 21:17:11.924, 28, 2, 12353, 22.91, 31
2026/08/15 21:17:13.924, 8, 1, 12341, 21.87, 30
2026/08/15 21:17:15.925, 28, 4, 12413, 22.52, 30
2026/08/15 21:17:17.925, 5, 0, 12401, 22.53, 30
2026/08/15 21:17:19.925, 7, 1, 12349, 22.13, 30
2026/08/15 21:17:21.926, 14, 2, 12377, 22.75, 30
2026/08/15 21:17:23.927, 0, 0, 12381, 22.36, 30
2026/08/15 21:17:25.927, 10, 1, 12349, 22.92, 30
2026/08/15 21:17:27.928, 7, 2, 12337, 22.77, 30
2026/08/15 21:17:29.928, 5, 2, 12325, 21.46, 30
2026/08/15 21:17:31.929, 10, 2, 12385, 22.27, 30
2026/08/15 21:17:33.929, 12, 1, 12353, 22.73, 30
2026/08/15 21:17:35.930, 14, 0, 12329, 22.53, 30
2026/08/15 21:17:37.930, 0, 0, 12353, 23.01, 30
2026/08/15 21:17:39.931, 0, 0, 12365, 22.10, 30
2026/08/15 21:17:41.931, 3, 1, 12353, 21.93, 30
2026/08/15 21:17:43.932, 6, 0, 12353, 22.66, 30
2026/08/15 21:17:45.933, 11, 1, 12337, 23.23, 30
2026/08/15 21:17:47.933, 4, 1, 12357, 22.77, 30
2026/08/15 21:17:49.934, 18, 2, 12349, 22.13, 30
2026/08/15 21:17:51.935, 20, 2, 12377, 22.61, 30
2026/08/15 21:17:53.935, 12, 0, 12345, 22.26, 30
2026/08/15 21:17:55.940, 27, 4, 12365, 21.95, 30
2026/08/15 21:17:57.941, 0, 0, 12353, 22.29, 30
2026/08/15 21:17:59.941, 3, 0, 12353, 22.08, 30
2026/08/15 21:18:01.942, 5, 1, 12377, 22.65, 30
2026/08/15 21:18:03.942, 13, 2, 12353, 22.52, 30
2026/08/15 21:18:05.942, 18, 4, 12353, 22.91, 30
2026/08/15 21:18:07.943, 0, 0, 12333, 22.10, 30
2026/08/15 21:18:09.943, 14, 2, 12353, 22.81, 30
2026/08/15 21:18:11.944, 22, 4, 12357, 22.85, 30
2026/08/15 21:18:13.944, 15, 2, 12305, 22.22, 30
2026/08/15 21:18:15.945, 16, 2, 12385, 22.68, 30
2026/08/15 21:18:17.945, 0, 0, 12329, 22.50, 30
2026/08/15 21:18:19.946, 19, 2, 12385, 23.33, 30
2026/08/15 21:18:21.946, 25, 3, 12333, 22.69, 30
2026/08/15 21:18:23.947, 37, 5, 12345, 22.78, 30
2026/08/15 21:18:25.947, 10, 2, 12337, 22.63, 30
2026/08/15 21:18:27.948, 28, 4, 12385, 23.03, 30
2026/08/15 21:18:29.948, 23, 4, 12297, 22.21, 30
2026/08/15 21:18:31.949, 23, 4, 12385, 22.93, 30
2026/08/15 21:18:33.949, 0, 0, 12365, 24.00, 30
2026/08/15 21:18:35.949, 16, 3, 12349, 22.82, 30
2026/08/15 21:18:37.950, 13, 2, 12385, 22.25, 30
2026/08/15 21:18:39.950, 18, 3, 12357, 22.29, 30
2026/08/15 21:18:41.951, 13, 2, 12329, 21.84, 30
2026/08/15 21:18:43.951, 0, 0, 12369, 22.41, 30
2026/08/15 21:18:45.952, 5, 0, 12377, 22.08, 30
2026/08/15 21:18:47.952, 14, 2, 12353, 23.26, 30
2026/08/15 21:18:49.953, 0, 0, 12377, 22.94, 30
2026/08/15 21:18:51.957, 30, 3, 12365, 22.47, 30
2026/08/15 21:18:53.957, 5, 1, 12329, 22.12, 30
2026/08/15 21:18:55.957, 16, 2, 12345, 22.98, 30
2026/08/15 21:18:57.958, 13, 2, 12353, 22.77, 30
2026/08/15 21:18:59.959, 29, 4, 12365, 23.35, 30
2026/08/15 21:19:01.960, 21, 3, 12373, 22.05, 30
2026/08/15 21:19:03.960, 2, 0, 12397, 23.23, 30
2026/08/15 21:19:05.961, 11, 1, 12313, 22.84, 30
2026/08/15 21:19:07.962, 18, 2, 12373, 24.40, 30
2026/08/15 21:19:09.962, 20, 3, 12373, 22.62, 30
2026/08/15 21:19:11.962, 0, 0, 12353, 22.48, 29
2026/08/15 21:19:13.963, 20, 4, 12373, 23.07, 30
2026/08/15 21:19:15.963, 22, 4, 12373, 22.84, 30
2026/08/15 21:19:17.964, 31, 6, 12365, 22.91, 30
2026/08/15 21:19:19.964, 17, 1, 12361, 22.36, 29
2026/08/15 21:19:21.965, 14, 3, 12385, 22.57, 30
2026/08/15 21:19:23.965, 16, 3, 12373, 22.83, 29
2026/08/15 21:19:25.966, 2, 0, 12353, 22.47, 29
2026/08/15 21:19:27.966, 24, 4, 12357, 22.70, 29
2026/08/15 21:19:29.967, 7, 2, 12373, 22.65, 29
2026/08/15 21:19:31.967, 17, 1, 12341, 21.76, 29
2026/08/15 21:19:33.968, 16, 2, 12397, 23.42, 29
2026/08/15 21:19:35.968, 17, 1, 12301, 22.07, 29
2026/08/15 21:19:37.969, 12, 2, 12385, 23.32, 29
2026/08/15 21:19:39.970, 0, 0, 12365, 22.33, 29
2026/08/15 21:19:41.970, 9, 2, 12373, 22.51, 29
2026/08/15 21:19:43.971, 11, 2, 12365, 21.89, 29
2026/08/15 21:19:45.972, 19, 2, 12365, 23.08, 29
2026/08/15 21:19:47.973, 7, 1, 12365, 22.66, 29
2026/08/15 21:19:49.973, 17, 2, 12373, 22.18, 29
2026/08/15 21:19:51.974, 16, 3, 12385, 22.89, 29
2026/08/15 21:19:53.975, 23, 4, 12365, 22.94, 29
2026/08/15 21:19:55.976, 15, 3, 12385, 22.99, 29
2026/08/15 21:19:57.976, 17, 1, 12349, 23.52, 29
2026/08/15 21:19:59.977, 12, 1, 12341, 22.46, 29
2026/08/15 21:20:01.978, 1, 1, 12345, 22.99, 29
2026/08/15 21:20:03.978, 11, 1, 12353, 22.45, 29
2026/08/15 21:20:05.978, 4, 1, 12373, 22.67, 29
2026/08/15 21:20:07.979, 8, 2, 12325, 22.43, 29
2026/08/15 21:20:09.979, 19, 4, 12345, 22.86, 29
2026/08/15 21:20:11.980, 21, 4, 12385, 22.89, 29
2026/08/15 21:20:13.980, 7, 2, 12321, 22.43, 29
2026/08/15 21:20:15.981, 2, 1, 12373, 21.82, 29
2026/08/15 21:20:17.982, 22, 3, 12401, 23.00, 29
2026/08/15 21:20:19.982, 30, 3, 12341, 22.23, 29
2026/08/15 21:20:21.983, 17, 1, 12373, 22.18, 29
2026/08/15 21:20:23.983, 10, 1, 12321, 22.92, 29
2026/08/15 21:20:25.984, 12, 2, 12345, 23.74, 29
2026/08/15 21:20:27.984, 10, 1, 12361, 22.65, 29
2026/08/15 21:20:29.985, 5, 1, 12345, 22.86, 29
2026/08/15 21:20:31.986, 0, 0, 12341, 22.31, 29
2026/08/15 21:20:33.987, 21, 2, 12361, 23.04, 29
2026/08/15 21:20:35.988, 20, 2, 12337, 23.18, 29
2026/08/15 21:20:37.988, 2, 0, 12373, 22.01, 29
2026/08/15 21:20:39.989, 8, 2, 12373, 22.96, 29
2026/08/15 21:20:41.989, 1, 0, 12361, 22.85, 29
2026/08/15 21:20:43.990, 0, 0, 12353, 22.41, 29
2026/08/15 21:20:45.991, 16, 1, 12361, 22.58, 29
2026/08/15 21:20:47.991, 17, 2, 12341, 22.59, 29
2026/08/15 21:20:49.996, 11, 0, 12329, 22.41, 29
2026/08/15 21:20:51.997, 31, 4, 12353, 23.46, 29
2026/08/15 21:20:53.997, 0, 0, 12341, 22.89, 29
2026/08/15 21:20:55.998, 4, 0, 12345, 22.62, 29
2026/08/15 21:20:57.998, 0, 0, 12365, 22.47, 29
2026/08/15 21:20:59.999, 0, 0, 12341, 21.72, 29
2026/08/15 21:21:01.999, 25, 2, 12385, 23.08, 29
2026/08/15 21:21:03.999, 10, 2, 12353, 22.13, 29
2026/08/15 21:21:06.000, 5, 1, 12333, 22.61, 29
2026/08/15 21:21:08.001, 4, 1, 12365, 22.94, 29
2026/08/15 21:21:10.001, 31, 4, 12321, 22.11, 29
2026/08/15 21:21:12.002, 5, 2, 12337, 22.68, 29
2026/08/15 21:21:14.003, 15, 3, 12365, 22.26, 29
2026/08/15 21:21:16.004, 11, 2, 12373, 22.29, 29
2026/08/15 21:21:18.005, 28, 3, 12353, 22.40, 29
2026/08/15 21:21:20.012, 30, 4, 12353, 22.58, 29
2026/08/15 21:21:22.013, 3, 0, 12365, 23.08, 29
2026/08/15 21:21:24.013, 4, 1, 12321, 22.12, 29
2026/08/15 21:21:26.014, 4, 1, 12389, 22.89, 29
2026/08/15 21:21:28.014, 6, 1, 12385, 23.20, 29
2026/08/15 21:21:30.015, 7, 0, 12361, 22.92, 29
2026/08/15 21:21:32.015, 4, 1, 12373, 22.59, 29
2026/08/15 21:21:34.016, 24, 4, 12357, 22.94, 29
2026/08/15 21:21:36.016, 13, 2, 12373, 22.15, 29
2026/08/15 21:21:38.017, 10, 2, 12365, 22.11, 29
2026/08/15 21:21:40.018, 18, 3, 12361, 22.53, 29
2026/08/15 21:21:42.019, 27, 4, 12361, 22.24, 29
2026/08/15 21:21:44.019, 21, 3, 12361, 23.05, 29
2026/08/15 21:21:46.019, 3, 1, 12353, 22.50, 29
2026/08/15 21:21:48.020, 14, 1, 12361, 22.77, 29
2026/08/15 21:21:50.020, 24, 3, 12349, 22.74, 29
2026/08/15 21:21:52.021, 6, 1, 12365, 21.96, 29
2026/08/15 21:21:54.021, 6, 1, 12373, 22.17, 29
2026/08/15 21:21:56.024, 10, 1, 12325, 21.73, 29
2026/08/15 21:21:58.025, 18, 3, 12353, 22.67, 29
2026/08/15 21:22:00.025, 3, 1, 12373, 21.50, 29
2026/08/15 21:22:02.026, 3, 1, 12345, 22.45, 29
2026/08/15 21:22:04.027, 22, 3, 12349, 22.64, 29
2026/08/15 21:22:06.028, 17, 3, 12385, 22.09, 29
2026/08/15 21:22:08.028, 9, 1, 12365, 22.93, 29
2026/08/15 21:22:10.029, 18, 3, 12365, 23.30, 29
2026/08/15 21:22:12.029, 3, 0, 12365, 22.45, 29
2026/08/15 21:22:14.030, 14, 2, 12365, 22.76, 29
2026/08/15 21:22:16.031, 0, 0, 12357, 23.07, 29
2026/08/15 21:22:18.031, 42, 11, 12373, 23.42, 29
2026/08/15 21:22:20.032, 37, 7, 12385, 23.86, 29
2026/08/15 21:22:22.033, 4, 1, 12365, 23.03, 29
2026/08/15 21:22:24.033, 22, 2, 12373, 23.12, 29
2026/08/15 21:22:26.034, 27, 7, 12349, 22.13, 29
2026/08/15 21:22:28.034, 12, 1, 12377, 23.13, 29
2026/08/15 21:22:30.037, 27, 6, 12377, 23.24, 29
2026/08/15 21:22:32.038, 6, 2, 12325, 22.81, 29
2026/08/15 21:22:34.038, 49, 11, 12385, 23.69, 29
2026/08/15 21:22:36.038, 3, 2, 12305, 22.42, 29
2026/08/15 21:22:38.039, 9, 1, 12353, 23.88, 29
2026/08/15 21:22:40.040, 32, 6, 12313, 23.16, 29
2026/08/15 21:22:42.040, 3, 1, 12353, 23.08, 29
2026/08/15 21:22:44.041, 13, 1, 12345, 23.24, 29
2026/08/15 21:22:46.041, 15, 1, 12341, 24.06, 29
2026/08/15 21:22:48.042, 17, 2, 12365, 22.62, 29
2026/08/15 21:22:50.043, 13, 2, 12373, 23.73, 29
2026/08/15 21:22:52.044, 13, 3, 12365, 23.15, 29
2026/08/15 21:22:54.044, 13, 1, 12329, 22.79, 29
2026/08/15 21:22:56.044, 4, 1, 12333, 23.05, 29
2026/08/15 21:22:58.045, 24, 4, 12385, 22.33, 29
2026/08/15 21:23:00.045, 18, 3, 12341, 22.70, 29
2026/08/15 21:23:02.046, 6, 2, 12341, 23.19, 29
2026/08/15 21:23:04.046, 25, 3, 12353, 21.97, 29
2026/08/15 21:23:06.047, 9, 1, 12353, 22.89, 29
2026/08/15 21:23:08.048, 17, 3, 12345, 22.31, 29
2026/08/15 21:23:10.049, 54, 13, 12385, 23.71, 29
2026/08/15 21:23:12.049, 23, 3, 12329, 22.25, 29
2026/08/15 21:23:14.049, 16, 2, 12401, 22.59, 29
2026/08/15 21:23:16.050, 52, 8, 12361, 23.60, 29
2026/08/15 21:23:18.050, 7, 2, 12357, 22.80, 29
2026/08/15 21:23:20.051, 25, 3, 12353, 22.66, 29
2026/08/15 21:23:22.052, 9, 1, 12345, 22.76, 29
2026/08/15 21:23:24.052, 6, 0, 12353, 23.12, 29
2026/08/15 21:23:26.052, 14, 3, 12345, 22.49, 29
2026/08/15 21:23:28.053, 32, 4, 12341, 22.33, 29
2026/08/15 21:23:30.053, 28, 7, 12377, 22.33, 29
2026/08/15 21:23:32.054, 29, 2, 12361, 22.79, 29
2026/08/15 21:23:34.054, 0, 0, 12309, 22.56, 29
2026/08/15 21:23:36.055, 11, 1, 12397, 23.17, 29
2026/08/15 21:23:38.055, 4, 1, 12333, 22.22, 29
2026/08/15 21:23:40.055, 1, 1, 12357, 21.68, 29
2026/08/15 21:23:42.056, 4, 1, 12389, 23.17, 29
2026/08/15 21:23:44.057, 20, 3, 12365, 22.45, 29
2026/08/15 21:23:46.057, 18, 2, 12377, 22.35, 29
2026/08/15 21:23:48.057, 4, 1, 12385, 22.71, 29
2026/08/15 21:23:50.058, 2, 0, 12373, 22.32, 29
2026/08/15 21:23:52.059, 28, 4, 12373, 22.19, 29
2026/08/15 21:23:54.059, 0, 0, 12377, 22.26, 29
2026/08/15 21:23:56.060, 15, 3, 12361, 22.43, 29
2026/08/15 21:23:58.060, 8, 2, 12377, 21.73, 29
2026/08/15 21:24:00.061, 38, 8, 12357, 22.68, 29
2026/08/15 21:24:02.061, 17, 1, 12325, 21.66, 29
2026/08/15 21:24:04.062, 15, 3, 12397, 22.66, 29
2026/08/15 21:24:06.062, 5, 1, 12333, 22.65, 29
2026/08/15 21:24:08.063, 11, 2, 12333, 22.53, 29
2026/08/15 21:24:10.063, 5, 1, 12325, 22.36, 29
2026/08/15 21:24:12.064, 17, 4, 12377, 23.19, 29
2026/08/15 21:24:14.064, 25, 4, 12321, 23.37, 29
2026/08/15 21:24:16.065, 2, 1, 12353, 22.28, 29
2026/08/15 21:24:18.065, 17, 3, 12365, 23.02, 29
2026/08/15 21:24:20.067, 29, 6, 12345, 22.89, 29
2026/08/15 21:24:22.067, 7, 0, 12333, 22.35, 29
2026/08/15 21:24:24.067, 21, 3, 12385, 23.65, 29
2026/08/15 21:24:26.068, 28, 3, 12365, 22.96, 29
2026/08/15 21:24:28.068, 19, 4, 12345, 22.86, 29
2026/08/15 21:24:30.068, 2, 1, 12341, 22.78, 29
2026/08/15 21:24:32.069, 13, 3, 12397, 23.52, 29
2026/08/15 21:24:34.069, 19, 3, 12353, 22.27, 29
2026/08/15 21:24:36.070, 1, 1, 12313, 22.53, 29
2026/08/15 21:24:38.070, 1, 1, 12333, 23.45, 29
2026/08/15 21:24:40.071, 19, 3, 12389, 23.23, 29
2026/08/15 21:24:42.071, 4, 1, 12313, 22.47, 29
2026/08/15 21:24:44.072, 0, 0, 12385, 22.42, 29
2026/08/15 21:24:46.073, 17, 1, 12361, 22.96, 29
2026/08/15 21:24:48.074, 17, 3, 12373, 23.06, 29
2026/08/15 21:24:50.074, 13, 1, 12317, 23.04, 29
2026/08/15 21:24:52.075, 16, 3, 12365, 23.00, 29
2026/08/15 21:24:54.075, 3, 1, 12365, 23.85, 29
2026/08/15 21:24:56.075, 4, 0, 12341, 23.33, 29
2026/08/15 21:24:58.076, 7, 1, 12357, 23.01, 29
2026/08/15 21:25:00.076, 14, 2, 12317, 22.84, 29
2026/08/15 21:25:02.077, 27, 5, 12357, 25.05, 29
2026/08/15 21:25:04.078, 13, 1, 12341, 23.24, 29
2026/08/15 21:25:06.079, 28, 5, 12397, 23.70, 29
2026/08/15 21:25:08.079, 12, 2, 12361, 23.42, 29
2026/08/15 21:25:10.079, 5, 1, 12353, 23.35, 29
2026/08/15 21:25:12.080, 7, 1, 12353, 22.33, 29
2026/08/15 21:25:14.080, 0, 0, 12377, 22.44, 29
2026/08/15 21:25:16.081, 23, 5, 12377, 23.55, 29
2026/08/15 21:25:18.081, 36, 4, 12353, 23.70, 29
2026/08/15 21:25:20.081, 4, 1, 12413, 23.45, 29
2026/08/15 21:25:22.082, 10, 2, 12345, 23.46, 29
2026/08/15 21:25:24.082, 10, 1, 12321, 22.80, 29
2026/08/15 21:25:26.083, 5, 0, 12361, 23.92, 29
2026/08/15 21:25:28.084, 33, 7, 12361, 23.75, 29
2026/08/15 21:25:30.085, 2, 1, 12321, 22.09, 29
2026/08/15 21:25:32.086, 14, 2, 12385, 22.89, 29
2026/08/15 21:25:34.086, 22, 4, 12333, 23.03, 29
2026/08/15 21:25:36.087, 21, 3, 12373, 22.82, 29
2026/08/15 21:25:38.088, 11, 3, 12397, 23.77, 29
2026/08/15 21:25:40.088, 3, 1, 12313, 22.86, 29
2026/08/15 21:25:42.089, 11, 1, 12341, 22.71, 29
2026/08/15 21:25:44.089, 17, 0, 12365, 23.90, 29
2026/08/15 21:25:46.090, 2, 2, 12293, 22.42, 29
2026/08/15 21:25:48.090, 20, 3, 12373, 22.97, 29
2026/08/15 21:25:50.091, 24, 4, 12385, 22.27, 29
2026/08/15 21:25:52.094, 8, 1, 12349, 21.67, 29
2026/08/15 21:25:54.095, 0, 0, 12373, 22.62, 29
2026/08/15 21:25:56.095, 13, 3, 12333, 22.79, 29
2026/08/15 21:25:58.096, 12, 2, 12377, 22.06, 29
2026/08/15 21:26:00.096, 9, 1, 12341, 22.53, 29
2026/08/15 21:26:02.096, 24, 3, 12333, 22.74, 28
2026/08/15 21:26:04.097, 14, 2, 12377, 23.39, 28
2026/08/15 21:26:06.097, 10, 1, 12349, 22.98, 28
2026/08/15 21:26:08.098, 13, 1, 12325, 24.30, 28
2026/08/15 21:26:10.098, 11, 2, 12365, 23.71, 28
2026/08/15 21:26:12.099, 18, 2, 12349, 22.52, 28
2026/08/15 21:26:14.099, 13, 3, 12357, 22.56, 28
2026/08/15 21:26:16.099, 2, 1, 12345, 23.41, 28
2026/08/15 21:26:18.100, 10, 1, 12321, 22.80, 28
2026/08/15 21:26:20.101, 13, 1, 12397, 24.56, 28
2026/08/15 21:26:22.101, 4, 1, 12373, 22.79, 28
2026/08/15 21:26:24.102, 12, 1, 12365, 22.47, 28
2026/08/15 21:26:26.103, 10, 2, 12353, 22.54, 28
2026/08/15 21:26:28.103, 2, 1, 12361, 23.89, 28
2026/08/15 21:26:30.104, 3, 0, 12373, 22.64, 28
2026/08/15 21:26:32.104, 23, 3, 12369, 21.88, 28
2026/08/15 21:26:34.105, 15, 2, 12333, 22.57, 28
2026/08/15 21:26:36.109, 8, 1, 12369, 22.07, 28
2026/08/15 21:26:38.110, 16, 2, 12341, 22.20, 28
2026/08/15 21:26:40.110, 30, 4, 12401, 22.28, 28
2026/08/15 21:26:42.110, 30, 3, 12361, 22.75, 28
2026/08/15 21:26:44.111, 8, 1, 12349, 22.33, 28
2026/08/15 21:26:46.111, 13, 1, 12413, 22.30, 28
2026/08/15 21:26:48.112, 3, 2, 12333, 22.01, 28
2026/08/15 21:26:50.112, 26, 4, 12389, 22.08, 28
2026/08/15 21:26:52.113, 27, 4, 12373, 22.53, 28
2026/08/15 21:26:54.114, 30, 6, 12385, 23.08, 28
2026/08/15 21:26:56.114, 14, 2, 12309, 21.91, 28
2026/08/15 21:26:58.115, 0, 0, 12373, 22.73, 28
2026/08/15 21:27:00.116, 16, 3, 12377, 22.64, 28
2026/08/15 21:27:02.116, 33, 6, 12345, 21.76, 28
2026/08/15 21:27:04.117, 1, 0, 12373, 22.60, 28
2026/08/15 21:27:06.117, 5, 1, 12361, 22.68, 28
2026/08/15 21:27:08.118, 0, 0, 12377, 23.05, 28
2026/08/15 21:27:10.122, 15, 1, 12305, 22.26, 28
2026/08/15 21:27:12.123, 0, 0, 12377, 22.80, 28
2026/08/15 21:27:14.123, 0, 0, 12361, 22.01, 28
2026/08/15 21:27:16.123, 14, 2, 12385, 22.74, 28
2026/08/15 21:27:18.124, 23, 3, 12365, 22.73, 28
2026/08/15 21:27:20.125, 12, 2, 12333, 21.87, 28
2026/08/15 21:27:22.127, 14, 0, 12305, 21.76, 28
2026/08/15 21:27:24.127, 15, 1, 12385, 22.67, 28
2026/08/15 21:27:26.131, 16, 3, 12353, 22.28, 28
2026/08/15 21:27:28.132, 30, 5, 12353, 22.41, 28
2026/08/15 21:27:30.133, 10, 1, 12357, 23.30, 28
2026/08/15 21:27:32.133, 3, 1, 12365, 21.42, 28
2026/08/15 21:27:34.133, 10, 2, 12345, 21.95, 28
2026/08/15 21:27:36.134, 18, 2, 12373, 22.57, 28
2026/08/15 21:27:38.134, 13, 3, 12365, 23.08, 28
2026/08/15 21:27:40.135, 6, 1, 12365, 22.34, 28
2026/08/15 21:27:42.135, 23, 4, 12361, 22.68, 28
2026/08/15 21:27:44.137, 22, 4, 12333, 23.04, 28
2026/08/15 21:27:46.138, 11, 1, 12349, 22.46, 28
2026/08/15 21:27:48.138, 29, 5, 12361, 22.69, 29
2026/08/15 21:27:50.139, 13, 1, 12361, 22.65, 28
2026/08/15 21:27:52.141, 4, 1, 12341, 21.98, 29
2026/08/15 21:27:54.141, 3, 0, 12365, 21.65, 29
2026/08/15 21:27:56.142, 2, 1, 12353, 22.48, 29
2026/08/15 21:27:58.142, 0, 0, 12361, 22.80, 29
2026/08/15 21:28:00.143, 0, 0, 12361, 22.85, 29
2026/08/15 21:28:02.143, 26, 2, 12361, 22.54, 29
2026/08/15 21:28:04.144, 23, 4, 12365, 21.78, 29
2026/08/15 21:28:06.145, 14, 1, 12373, 22.11, 29
2026/08/15 21:28:08.145, 0, 0, 12329, 22.07, 29
2026/08/15 21:28:10.146, 29, 3, 12373, 22.80, 29
2026/08/15 21:28:12.146, 4, 1, 12349, 21.92, 29
2026/08/15 21:28:14.146, 3, 1, 12373, 22.33, 29
2026/08/15 21:28:16.147, 31, 4, 12373, 22.01, 29
2026/08/15 21:28:18.147, 6, 1, 12333, 21.71, 29
2026/08/15 21:28:20.148, 10, 1, 12361, 21.94, 29
2026/08/15 21:28:22.148, 14, 1, 12373, 22.23, 29
2026/08/15 21:28:24.148, 15, 1, 12385, 22.42, 29
2026/08/15 21:28:26.149, 42, 7, 12353, 21.80, 29
2026/08/15 21:28:28.149, 12, 1, 12333, 21.28, 29
2026/08/15 21:28:30.150, 0, 0, 12373, 21.60, 29
2026/08/15 21:28:32.150, 0, 0, 12345, 22.85, 29
2026/08/15 21:28:34.151, 6, 1, 12365, 21.94, 29
2026/08/15 21:28:36.152, 24, 3, 12377, 21.92, 29
2026/08/15 21:28:38.153, 32, 5, 12353, 22.17, 29
2026/08/15 21:28:40.154, 13, 1, 12341, 21.71, 29
2026/08/15 21:28:42.155, 0, 0, 12377, 22.47, 29
2026/08/15 21:28:44.158, 36, 6, 12349, 21.79, 29
2026/08/15 21:28:46.159, 17, 3, 12377, 22.36, 29
2026/08/15 21:28:48.159, 12, 2, 12353, 22.43, 29
2026/08/15 21:28:50.159, 1, 1, 12333, 22.85, 29
2026/08/15 21:28:52.160, 36, 8, 12397, 22.45, 29
2026/08/15 21:28:54.160, 15, 3, 12377, 22.67, 29
2026/08/15 21:28:56.161, 9, 1, 12365, 21.85, 29
2026/08/15 21:28:58.162, 3, 1, 12365, 21.89, 29
2026/08/15 21:29:00.163, 15, 1, 12353, 22.46, 29
2026/08/15 21:29:02.163, 10, 2, 12329, 22.52, 29
2026/08/15 21:29:04.164, 9, 2, 12345, 22.64, 29
2026/08/15 21:29:06.164, 21, 2, 12361, 21.95, 29
2026/08/15 21:29:08.165, 27, 5, 12345, 22.27, 29
2026/08/15 21:29:10.165, 0, 0, 12373, 22.67, 29
2026/08/15 21:29:12.166, 4, 1, 12369, 22.99, 29
2026/08/15 21:29:14.166, 3, 0, 12361, 23.02, 29
2026/08/15 21:29:16.167, 10, 1, 12337, 22.23, 29
2026/08/15 21:29:18.167, 10, 1, 12373, 22.31, 29
2026/08/15 21:29:20.168, 4, 0, 12353, 22.85, 29
2026/08/15 21:29:22.168, 24, 3, 12333, 22.44, 29
2026/08/15 21:29:24.169, 3, 1, 12365, 22.06, 29
2026/08/15 21:29:26.170, 8, 2, 12361, 23.00, 29
2026/08/15 21:29:28.170, 14, 2, 12341, 22.75, 29
2026/08/15 21:29:30.170, 31, 4, 12345, 22.49, 29
2026/08/15 21:29:32.171, 10, 2, 12361, 23.43, 30
2026/08/15 21:29:34.171, 25, 4, 12341, 23.08, 30
2026/08/15 21:29:36.172, 15, 3, 12357, 22.39, 30
2026/08/15 21:29:38.172, 5, 0, 12385, 22.81, 30
2026/08/15 21:29:40.173, 10, 1, 12373, 22.51, 30
2026/08/15 21:29:42.173, 17, 2, 12361, 22.53, 30
2026/08/15 21:29:44.174, 12, 2, 12365, 22.53, 30
2026/08/15 21:29:46.174, 8, 1, 12361, 22.86, 30
2026/08/15 21:29:48.175, 0, 0, 12325, 22.50, 30
2026/08/15 21:29:50.176, 0, 0, 12361, 21.84, 30
2026/08/15 21:29:52.176, 24, 5, 12361, 22.79, 30
2026/08/15 21:29:54.177, 10, 1, 12333, 21.89, 30
2026/08/15 21:29:56.177, 4, 0, 12365, 21.88, 30
2026/08/15 21:29:58.177, 10, 1, 12349, 21.99, 30
2026/08/15 21:30:00.178, 4, 0, 12353, 22.43, 30
2026/08/15 21:30:02.178, 0, 0, 12377, 22.24, 30
2026/08/15 21:30:04.179, 0, 0, 12341, 21.45, 30
2026/08/15 21:30:06.181, 17, 2, 12365, 22.89, 30
2026/08/15 21:30:08.184, 13, 1, 12341, 22.37, 30
2026/08/15 21:30:10.185, 0, 0, 12341, 21.92, 30
2026/08/15 21:30:12.185, 5, 0, 12341, 21.92, 30
2026/08/15 21:30:14.186, 21, 4, 12357, 23.40, 30
2026/08/15 21:30:16.187, 11, 1, 12329, 22.07, 30
2026/08/15 21:30:18.188, 10, 2, 12425, 23.12, 30
2026/08/15 21:30:20.188, 32, 9, 12325, 22.37, 30
2026/08/15 21:30:22.189, 4, 1, 12373, 21.73, 30
2026/08/15 21:30:24.189, 30, 4, 12377, 22.90, 30
2026/08/15 21:30:26.190, 13, 3, 12377, 22.55, 30
2026/08/15 21:30:28.190, 13, 2, 12373, 22.56, 30
2026/08/15 21:30:30.191, 18, 2, 12397, 22.06, 30
2026/08/15 21:30:32.192, 0, 0, 12321, 21.96, 30
2026/08/15 21:30:34.192, 16, 2, 12385, 22.80, 30
2026/08/15 21:30:36.193, 0, 0, 12313, 22.27, 30
2026/08/15 21:30:38.194, 4, 0, 12377, 22.76, 30
2026/08/15 21:30:40.195, 0, 0, 12329, 22.06, 30
2026/08/15 21:30:42.196, 27, 5, 12385, 22.55, 30
2026/08/15 21:30:44.196, 34, 5, 12341, 22.92, 30
2026/08/15 21:30:46.197, 7, 1, 12365, 23.13, 30
2026/08/15 21:30:48.198, 24, 2, 12365, 22.50, 30
2026/08/15 21:30:50.199, 25, 3, 12373, 22.96, 30
2026/08/15 21:30:52.200, 3, 1, 12333, 23.11, 30
2026/08/15 21:30:54.200, 9, 1, 12365, 22.97, 30
2026/08/15 21:30:56.201, 23, 3, 12373, 22.74, 30
2026/08/15 21:30:58.201, 3, 1, 12341, 22.95, 30
2026/08/15 21:31:00.202, 0, 0, 12353, 22.71, 30
2026/08/15 21:31:02.202, 3, 0, 12353, 22.38, 30
2026/08/15 21:31:04.203, 3, 1, 12373, 23.25, 30
2026/08/15 21:31:06.207, 21, 2, 12353, 22.65, 30
2026/08/15 21:31:08.208, 17, 1, 12329, 22.43, 30
2026/08/15 21:31:10.209, 5, 0, 12377, 23.62, 30
2026/08/15 21:31:12.209, 16, 3, 12341, 22.76, 30
2026/08/15 21:31:14.210, 9, 1, 12365, 22.61, 30
2026/08/15 21:31:16.211, 16, 3, 12333, 22.39, 30
2026/08/15 21:31:18.211, 15, 3, 12409, 22.74, 30
2026/08/15 21:31:20.214, 11, 1, 12297, 21.68, 30
2026/08/15 21:31:22.215, 29, 5, 12397, 22.07, 30
2026/08/15 21:31:24.215, 4, 2, 12341, 22.07, 30
2026/08/15 21:31:26.216, 16, 3, 12325, 22.61, 30
2026/08/15 21:31:28.216, 5, 1, 12353, 23.00, 31
2026/08/15 21:31:30.217, 0, 0, 12329, 23.02, 31
2026/08/15 21:31:32.217, 3, 0, 12353, 22.97, 31
2026/08/15 21:31:34.218, 26, 4, 12361, 22.42, 31
2026/08/15 21:31:36.218, 6, 1, 12385, 22.70, 31
2026/08/15 21:31:38.222, 18, 3, 12373, 23.15, 31
2026/08/15 21:31:40.223, 15, 1, 12353, 23.28, 31
2026/08/15 21:31:42.224, 6, 2, 12305, 22.75, 31
2026/08/15 21:31:44.224, 25, 3, 12365, 23.39, 31
2026/08/15 21:31:46.225, 9, 0, 12349, 22.85, 31
2026/08/15 21:31:48.226, 10, 0, 12397, 22.59, 31
2026/08/15 21:31:50.226, 26, 3, 12349, 22.62, 31
2026/08/15 21:31:52.227, 19, 3, 12377, 22.88, 31
2026/08/15 21:31:54.227, 15, 1, 12313, 23.22, 31
2026/08/15 21:31:56.228, 24, 5, 12377, 23.72, 31
2026/08/15 21:31:58.228, 38, 4, 12317, 22.02, 31
2026/08/15 21:32:00.229, 10, 1, 12373, 22.36, 31
2026/08/15 21:32:02.230, 7, 1, 12365, 22.88, 31
2026/08/15 21:32:04.230, 18, 2, 12345, 22.42, 31
2026/08/15 21:32:06.231, 14, 2, 12361, 22.70, 31
2026/08/15 21:32:08.237, 34, 6, 12385, 23.64, 31
2026/08/15 21:32:10.238, 27, 3, 12349, 22.52, 31
2026/08/15 21:32:12.238, 5, 1, 12365, 22.35, 31
2026/08/15 21:32:14.238, 8, 1, 12373, 22.25, 31
2026/08/15 21:32:16.239, 7, 1, 12333, 22.94, 31
2026/08/15 21:32:18.240, 15, 1, 12361, 23.74, 31
2026/08/15 21:32:20.241, 2, 1, 12325, 22.54, 31
2026/08/15 21:32:22.241, 5, 1, 12329, 23.42, 31
2026/08/15 21:32:24.242, 24, 3, 12365, 24.18, 31
2026/08/15 21:32:26.243, 7, 1, 12361, 22.80, 31
2026/08/15 21:32:28.243, 20, 4, 12345, 23.69, 31
2026/08/15 21:32:30.244, 10, 2, 12353, 23.33, 31
2026/08/15 21:32:32.245, 18, 4, 12361, 22.22, 31
2026/08/15 21:32:34.246, 15, 2, 12377, 22.50, 31
2026/08/15 21:32:36.246, 35, 7, 12377, 23.14, 31
2026/08/15 21:32:38.246, 15, 2, 12341, 22.02, 31
2026/08/15 21:32:40.247, 22, 4, 12397, 23.17, 31
2026/08/15 21:32:42.247, 5, 1, 12361, 22.59, 31
2026/08/15 21:32:44.248, 5, 2, 12333, 22.43, 31
2026/08/15 21:32:46.248, 14, 2, 12385, 23.15, 31
2026/08/15 21:32:48.249, 35, 5, 12337, 22.45, 31
2026/08/15 21:32:50.249, 17, 1, 12333, 23.01, 31
2026/08/15 21:32:52.250, 11, 2, 12373, 24.05, 31
2026/08/15 21:32:54.250, 5, 1, 12313, 22.59, 31
2026/08/15 21:32:56.251, 8, 2, 12353, 22.45, 31
2026/08/15 21:32:58.251, 24, 4, 12377, 23.31, 31
2026/08/15 21:33:00.251, 21, 2, 12353, 22.69, 31
2026/08/15 21:33:02.252, 2, 1, 12353, 22.81, 31
2026/08/15 21:33:04.252, 26, 6, 12357, 22.24, 31
2026/08/15 21:33:06.253, 5, 1, 12357, 22.22, 31
2026/08/15 21:33:08.254, 13, 2, 12313, 22.77, 31
2026/08/15 21:33:10.254, 12, 3, 12365, 23.15, 31
2026/08/15 21:33:12.254, 10, 1, 12333, 23.45, 31
2026/08/15 21:33:14.256, 7, 1, 12353, 23.83, 31
2026/08/15 21:33:16.257, 16, 3, 12345, 23.15, 31
2026/08/15 21:33:18.257, 17, 3, 12373, 23.28, 31
2026/08/15 21:33:20.258, 13, 3, 12357, 22.55, 31
2026/08/15 21:33:22.258, 27, 4, 12353, 22.96, 31
2026/08/15 21:33:24.262, 11, 1, 12341, 22.60, 31
2026/08/15 21:33:26.263, 4, 1, 12341, 23.15, 31
2026/08/15 21:33:28.263, 37, 10, 12345, 24.23, 31
2026/08/15 21:33:30.263, 12, 3, 12385, 22.41, 31
2026/08/15 21:33:32.264, 17, 2, 12385, 22.23, 31
2026/08/15 21:33:34.265, 8, 0, 12349, 23.04, 31
2026/08/15 21:33:36.266, 34, 4, 12361, 23.19, 31
2026/08/15 21:33:38.266, 31, 4, 12333, 22.98, 31
2026/08/15 21:33:40.267, 26, 2, 12373, 23.18, 31
2026/08/15 21:33:42.268, 9, 1, 12361, 22.37, 31
2026/08/15 21:33:44.268, 27, 4, 12361, 22.43, 31
2026/08/15 21:33:46.269, 7, 2, 12325, 22.88, 31
2026/08/15 21:33:48.269, 25, 5, 12385, 22.85, 31
2026/08/15 21:33:50.270, 0, 0, 12357, 22.91, 31
2026/08/15 21:33:52.271, 0, 0, 12329, 22.24, 31
2026/08/15 21:33:54.272, 16, 2, 12401, 22.63, 31
2026/08/15 21:33:56.272, 3, 1, 12305, 22.88, 31
2026/08/15 21:33:58.273, 0, 0, 12325, 21.93, 31
2026/08/15 21:34:00.274, 6, 1, 12381, 22.73, 31
2026/08/15 21:34:02.274, 11, 1, 12373, 22.65, 31
2026/08/15 21:34:04.275, 4, 1, 12365, 22.24, 31
2026/08/15 21:34:06.276, 27, 4, 12377, 22.21, 31
2026/08/15 21:34:08.278, 27, 6, 12373, 22.64, 32
2026/08/15 21:34:10.283, 22, 5, 12389, 22.51, 32
2026/08/15 21:34:12.284, 21, 2, 12333, 22.51, 31
2026/08/15 21:34:14.284, 8, 2, 12373, 22.08, 32
2026/08/15 21:34:16.288, 6, 1, 12369, 22.32, 32
2026/08/15 21:34:18.289, 18, 2, 12349, 22.77, 32
2026/08/15 21:34:20.289, 43, 8, 12373, 22.40, 32
2026/08/15 21:34:22.290, 2, 1, 12341, 22.30, 32
2026/08/15 21:34:24.290, 8, 1, 12361, 22.20, 32
2026/08/15 21:34:26.290, 11, 3, 12357, 22.18, 32
2026/08/15 21:34:28.291, 4, 1, 12361, 22.19, 32
2026/08/15 21:34:30.292, 18, 1, 12337, 22.76, 32
2026/08/15 21:34:32.293, 7, 1, 12385, 22.10, 32
2026/08/15 21:34:34.293, 14, 2, 12361, 22.54, 32
2026/08/15 21:34:36.294, 13, 1, 12353, 23.19, 32
2026/08/15 21:34:38.294, 6, 0, 12341, 22.77, 32
2026/08/15 21:34:40.294, 11, 1, 12361, 23.12, 32
2026/08/15 21:34:42.295, 17, 1, 12353, 22.09, 32
2026/08/15 21:34:44.295, 2, 1, 12321, 22.56, 32
2026/08/15 21:34:46.296, 5, 1, 12353, 22.64, 32
2026/08/15 21:34:48.296, 5, 1, 12341, 22.27, 32
2026/08/15 21:34:50.297, 28, 6, 12361, 22.91, 32
2026/08/15 21:34:52.297, 15, 2, 12345, 22.49, 32
2026/08/15 21:34:54.297, 0, 0, 12353, 22.76, 32
2026/08/15 21:34:56.298, 17, 1, 12313, 23.02, 32
2026/08/15 21:34:58.300, 17, 2, 12361, 23.17, 32
2026/08/15 21:35:00.301, 6, 1, 12365, 22.89, 32
2026/08/15 21:35:02.301, 13, 2, 12353, 21.92, 32
2026/08/15 21:35:04.302, 22, 1, 12361, 22.28, 32
2026/08/15 21:35:06.303, 0, 0, 12397, 22.84, 32
2026/08/15 21:35:08.303, 8, 1, 12421, 22.55, 32
2026/08/15 21:35:10.304, 3, 1, 12329, 22.63, 32
2026/08/15 21:35:12.304, 9, 2, 12389, 22.99, 32
2026/08/15 21:35:14.305, 0, 0, 12329, 21.70, 32
2026/08/15 21:35:16.306, 36, 5, 12377, 22.72, 32
2026/08/15 21:35:18.307, 11, 2, 12385, 22.92, 32
2026/08/15 21:35:20.307, 11, 1, 12361, 22.78, 32
2026/08/15 21:35:22.307, 0, 0, 12365, 23.44, 32
2026/08/15 21:35:24.308, 20, 3, 12341, 22.59, 32
2026/08/15 21:35:26.308, 16, 1, 12365, 23.40, 32
2026/08/15 21:35:28.309, 19, 3, 12357, 22.72, 32
2026/08/15 21:35:30.309, 27, 3, 12353, 22.43, 32
2026/08/15 21:35:32.310, 19, 3, 12353, 22.73, 32
2026/08/15 21:35:34.311, 15, 3, 12397, 23.26, 32
2026/08/15 21:35:36.311, 4, 1, 12337, 22.37, 32
2026/08/15 21:35:38.315, 0, 0, 12349, 22.20, 32
2026/08/15 21:35:40.316, 10, 1, 12389, 23.50, 32
2026/08/15 21:35:42.316, 12, 3, 12337, 22.97, 32
2026/08/15 21:35:44.317, 8, 1, 12385, 22.44, 32
2026/08/15 21:35:46.318, 14, 2, 12365, 24.09, 32
2026/08/15 21:35:48.318, 9, 1, 12353, 22.99, 32
2026/08/15 21:35:50.319, 17, 2, 12373, 24.17, 32
2026/08/15 21:35:52.320, 1, 1, 12309, 22.66, 32
2026/08/15 21:35:54.320, 29, 4, 12365, 23.23, 32
2026/08/15 21:35:56.321, 5, 1, 12353, 22.61, 32
2026/08/15 21:35:58.321, 0, 0, 12341, 22.83, 32
2026/08/15 21:36:00.322, 37, 5, 12341, 23.23, 32
2026/08/15 21:36:02.323, 1, 1, 12305, 24.00, 32
2026/08/15 21:36:04.323, 16, 2, 12353, 22.25, 32
2026/08/15 21:36:06.323, 52, 13, 12397, 23.72, 32
2026/08/15 21:36:08.324, 21, 3, 12365, 23.22, 32
2026/08/15 21:36:10.324, 23, 4, 12365, 22.69, 32
2026/08/15 21:36:12.325, 7, 1, 12373, 23.13, 32
2026/08/15 21:36:14.333, 8, 1, 12309, 22.28, 32
2026/08/15 21:36:16.334, 16, 3, 12385, 23.45, 32
2026/08/15 21:36:18.335, 17, 4, 12333, 22.59, 32
2026/08/15 21:36:20.336, 3, 1, 12373, 21.74, 32
2026/08/15 21:36:22.336, 9, 2, 12365, 23.03, 32
2026/08/15 21:36:24.337, 15, 2, 12361, 22.05, 32
2026/08/15 21:36:26.337, 2, 1, 12333, 22.52, 32
2026/08/15 21:36:28.338, 0, 0, 12365, 22.90, 32
2026/08/15 21:36:30.338, 9, 1, 12321, 22.50, 32
2026/08/15 21:36:32.339, 4, 0, 12385, 22.98, 32
2026/08/15 21:36:34.340, 0, 0, 12309, 22.48, 32
2026/08/15 21:36:36.340, 3, 0, 12373, 23.34, 32
2026/08/15 21:36:38.341, 22, 3, 12317, 22.85, 32
2026/08/15 21:36:40.341, 0, 0, 12373, 23.09, 32
2026/08/15 21:36:42.341, 11, 1, 12361, 22.59, 32
2026/08/15 21:36:44.342, 1, 0, 12361, 22.64, 32
2026/08/15 21:36:46.342, 19, 2, 12361, 22.67, 32
2026/08/15 21:36:48.343, 19, 2, 12377, 22.92, 32
2026/08/15 21:36:50.343, 23, 4, 12301, 22.57, 32
2026/08/15 21:36:52.344, 0, 0, 12397, 23.41, 32
2026/08/15 21:36:54.345, 3, 1, 12337, 23.11, 32
2026/08/15 21:36:56.346, 18, 3, 12397, 23.25, 32
2026/08/15 21:36:58.346, 19, 2, 12309, 21.95, 32
2026/08/15 21:37:00.347, 0, 0, 12341, 23.19, 32
2026/08/15 21:37:02.347, 11, 1, 12361, 23.00, 32
2026/08/15 21:37:04.348, 5, 2, 12345, 22.68, 32
2026/08/15 21:37:06.348, 26, 4, 12373, 22.61, 32
2026/08/15 21:37:08.349, 13, 1, 12353, 23.41, 32
2026/08/15 21:37:10.349, 9, 1, 12341, 22.94, 32
2026/08/15 21:37:12.350, 2, 1, 12365, 22.94, 32
2026/08/15 21:37:14.350, 3, 1, 12373, 23.05, 32
2026/08/15 21:37:16.351, 17, 3, 12377, 23.23, 32
2026/08/15 21:37:18.352, 2, 1, 12353, 23.30, 32
2026/08/15 21:37:20.352, 9, 1, 12353, 22.87, 32
2026/08/15 21:37:22.353, 3, 1, 12333, 23.57, 32
2026/08/15 21:37:24.353, 28, 5, 12361, 22.71, 32
2026/08/15 21:37:26.354, 17, 2, 12373, 23.16, 32
2026/08/15 21:37:28.354, 19, 3, 12361, 22.71, 32
2026/08/15 21:37:30.355, 34, 5, 12365, 23.41, 32
2026/08/15 21:37:32.355, 34, 3, 12361, 23.12, 32
2026/08/15 21:37:34.358, 27, 5, 12337, 22.36, 32
2026/08/15 21:37:36.358, 0, 0, 12385, 23.22, 32
2026/08/15 21:37:38.359, 9, 2, 12341, 22.77, 32
2026/08/15 21:37:40.362, 13, 2, 12365, 22.45, 32
2026/08/15 21:37:42.363, 4, 1, 12373, 23.42, 32
2026/08/15 21:37:44.363, 10, 1, 12345, 22.54, 32
2026/08/15 21:37:46.364, 6, 1, 12341, 21.92, 31
2026/08/15 21:37:48.365, 15, 3, 12373, 23.61, 31
2026/08/15 21:37:50.365, 0, 0, 12345, 22.52, 31
2026/08/15 21:37:52.366, 2, 1, 12301, 21.91, 31
2026/08/15 21:37:54.366, 18, 3, 12397, 23.23, 31
2026/08/15 21:37:56.367, 23, 2, 12281, 22.67, 31
2026/08/15 21:37:58.367, 0, 0, 12341, 22.68, 31
2026/08/15 21:38:00.368, 10, 1, 12349, 23.14, 31
2026/08/15 21:38:02.368, 0, 0, 12361, 21.87, 31
2026/08/15 21:38:04.369, 42, 6, 12349, 23.35, 31
2026/08/15 21:38:06.370, 33, 3, 12333, 22.86, 31
2026/08/15 21:38:08.371, 17, 2, 12329, 22.01, 31
2026/08/15 21:38:10.372, 17, 3, 12385, 23.52, 31
2026/08/15 21:38:12.374, 16, 3, 12317, 22.28, 31
2026/08/15 21:38:14.374, 0, 0, 12377, 22.63, 31
2026/08/15 21:38:16.376, 2, 1, 12353, 22.09, 31
2026/08/15 21:38:18.376, 7, 1, 12385, 23.06, 31
2026/08/15 21:38:20.377, 2, 1, 12397, 22.24, 31
2026/08/15 21:38:22.377, 20, 3, 12361, 22.42, 31
2026/08/15 21:38:24.377, 11, 1, 12361, 22.16, 31
2026/08/15 21:38:26.378, 0, 0, 12341, 22.47, 31
2026/08/15 21:38:28.380, 5, 1, 12365, 22.44, 31
2026/08/15 21:38:30.381, 14, 1, 12361, 22.26, 31
2026/08/15 21:38:32.384, 0, 0, 12353, 22.31, 31
2026/08/15 21:38:34.385, 0, 0, 12317, 21.93, 31
2026/08/15 21:38:36.385, 19, 3, 12397, 22.82, 31
2026/08/15 21:38:38.386, 17, 2, 12321, 21.88, 31
2026/08/15 21:38:40.386, 5, 0, 12349, 21.64, 31
2026/08/15 21:38:42.388, 0, 0, 12325, 22.78, 31
2026/08/15 21:38:44.388, 7, 2, 12345, 22.68, 31
2026/08/15 21:38:46.389, 3, 1, 12353, 22.30, 31
2026/08/15 21:38:48.389, 18, 2, 12385, 22.69, 31
2026/08/15 21:38:50.390, 9, 2, 12405, 22.00, 31
2026/08/15 21:38:52.390, 22, 4, 12393, 21.85, 31
2026/08/15 21:38:54.395, 3, 1, 12373, 22.85, 31
2026/08/15 21:38:56.396, 11, 1, 12417, 22.89, 31
2026/08/15 21:38:58.396, 10, 2, 12329, 22.43, 31
2026/08/15 21:39:00.397, 12, 3, 12405, 23.02, 31
2026/08/15 21:39:02.397, 3, 1, 12365, 22.03, 31
2026/08/15 21:39:04.398, 13, 1, 12349, 22.12, 31
2026/08/15 21:39:06.399, 11, 1, 12309, 22.46, 31
2026/08/15 21:39:08.399, 15, 2, 12377, 21.84, 31
2026/08/15 21:39:10.402, 0, 0, 12373, 21.70, 31
2026/08/15 21:39:12.403, 3, 1, 12321, 22.09, 31
2026/08/15 21:39:14.405, 10, 0, 12361, 21.89, 31
2026/08/15 21:39:16.406, 36, 7, 12357, 23.04, 31
2026/08/15 21:39:18.406, 10, 2, 12353, 22.30, 31
2026/08/15 21:39:20.407, 8, 1, 12373, 22.55, 31
2026/08/15 21:39:22.407, 30, 3, 12329, 22.86, 31
2026/08/15 21:39:24.408, 0, 0, 12333, 22.29, 31
2026/08/15 21:39:26.409, 7, 1, 12385, 22.91, 31
2026/08/15 21:39:28.409, 10, 2, 12329, 21.79, 31
2026/08/15 21:39:30.410, 4, 1, 12369, 21.42, 31
2026/08/15 21:39:32.411, 3, 0, 12385, 22.03, 30
2026/08/15 21:39:34.411, 9, 1, 12397, 22.15, 30
2026/08/15 21:39:36.412, 0, 0, 12301, 22.25, 30
2026/08/15 21:39:38.412, 27, 6, 12325, 22.51, 30
2026/08/15 21:39:40.413, 11, 1, 12389, 22.67, 30
2026/08/15 21:39:42.414, 5, 0, 12349, 21.50, 30
2026/08/15 21:39:44.417, 12, 1, 12345, 21.60, 30
2026/08/15 21:39:46.417, 20, 2, 12361, 21.67, 30
2026/08/15 21:39:48.418, 13, 1, 12365, 21.66, 30
2026/08/15 21:39:50.418, 5, 0, 12373, 22.08, 30
2026/08/15 21:39:52.419, 5, 0, 12333, 22.11, 30
2026/08/15 21:39:54.419, 20, 3, 12353, 21.68, 30
2026/08/15 21:39:56.420, 2, 1, 12345, 21.81, 30
2026/08/15 21:39:58.420, 0, 0, 12313, 21.77, 30
2026/08/15 21:40:00.421, 6, 1, 12385, 22.30, 30
2026/08/15 21:40:02.422, 16, 2, 12321, 22.08, 30
2026/08/15 21:40:04.422, 32, 4, 12373, 22.53, 30
2026/08/15 21:40:06.422, 5, 2, 12389, 21.85, 30
2026/08/15 21:40:08.423, 29, 5, 12373, 22.31, 30
2026/08/15 21:40:10.423, 0, 0, 12397, 21.71, 30
2026/08/15 21:40:12.424, 13, 2, 12341, 22.01, 30
2026/08/15 21:40:14.425, 5, 1, 12353, 22.97, 30
2026/08/15 21:40:16.426, 24, 2, 12353, 22.52, 30
2026/08/15 21:40:18.426, 3, 1, 12313, 21.38, 30
2026/08/15 21:40:20.427, 19, 3, 12397, 22.33, 30
2026/08/15 21:40:22.428, 3, 1, 12357, 21.55, 30
2026/08/15 21:40:24.428, 49, 11, 12377, 22.22, 30
2026/08/15 21:40:26.429, 7, 2, 12353, 22.15, 30
2026/08/15 21:40:28.430, 8, 1, 12365, 22.36, 30
2026/08/15 21:40:30.431, 37, 5, 12349, 22.19, 30
2026/08/15 21:40:32.431, 10, 1, 12353, 22.31, 30
2026/08/15 21:40:34.432, 10, 2, 12333, 21.80, 30
2026/08/15 21:40:36.432, 0, 0, 12337, 22.62, 30
2026/08/15 21:40:38.433, 0, 0, 12333, 21.76, 30
2026/08/15 21:40:40.433, 6, 0, 12385, 22.78, 30
2026/08/15 21:40:42.434, 10, 2, 12281, 22.35, 30
2026/08/15 21:40:44.434, 2, 1, 12365, 23.09, 30
2026/08/15 21:40:46.435, 16, 4, 12333, 22.14, 30
2026/08/15 21:40:48.436, 5, 0, 12365, 21.81, 30
2026/08/15 21:40:50.437, 2, 1, 12333, 22.81, 30
2026/08/15 21:40:52.437, 8, 1, 12373, 21.64, 30
2026/08/15 21:40:54.438, 12, 1, 12357, 22.25, 30
2026/08/15 21:40:56.443, 6, 1, 12333, 22.73, 30
2026/08/15 21:40:58.444, 3, 1, 12361, 22.20, 30
2026/08/15 21:41:00.445, 24, 3, 12373, 22.45, 30
2026/08/15 21:41:02.445, 5, 1, 12397, 22.45, 30
2026/08/15 21:41:04.446, 13, 1, 12337, 22.12, 30
2026/08/15 21:41:06.446, 24, 3, 12345, 23.17, 30
2026/08/15 21:41:08.447, 9, 1, 12365, 22.12, 30
2026/08/15 21:41:10.448, 15, 2, 12353, 22.84, 30
2026/08/15 21:41:12.448, 9, 2, 12293, 21.61, 30
2026/08/15 21:41:14.449, 15, 1, 12401, 23.43, 30
2026/08/15 21:41:16.450, 26, 3, 12317, 21.50, 30
2026/08/15 21:41:18.450, 17, 4, 12381, 21.69, 30
2026/08/15 21:41:20.451, 21, 4, 12377, 21.81, 30
2026/08/15 21:41:22.451, 31, 4, 12337, 21.25, 30
2026/08/15 21:41:24.452, 0, 0, 12365, 22.77, 30
2026/08/15 21:41:26.452, 22, 3, 12353, 22.39, 30
2026/08/15 21:41:28.452, 3, 1, 12397, 21.92, 30
2026/08/15 21:41:30.453, 5, 2, 12337, 22.51, 30
2026/08/15 21:41:32.454, 22, 2, 12361, 22.68, 30
2026/08/15 21:41:34.454, 17, 1, 12357, 22.27, 30
2026/08/15 21:41:36.455, 6, 1, 12353, 21.85, 30
2026/08/15 21:41:38.455, 13, 2, 12337, 22.07, 30
2026/08/15 21:41:40.456, 30, 3, 12345, 23.20, 30
2026/08/15 21:41:42.456, 3, 1, 12353, 22.74, 30
2026/08/15 21:41:44.457, 25, 4, 12373, 22.10, 30
2026/08/15 21:41:46.458, 0, 0, 12361, 21.40, 29
2026/08/15 21:41:48.458, 6, 2, 12373, 22.24, 29
2026/08/15 21:41:50.459, 13, 1, 12353, 22.42, 29
2026/08/15 21:41:52.459, 14, 3, 12365, 22.35, 29
2026/08/15 21:41:54.460, 28, 4, 12361, 22.30, 29
2026/08/15 21:41:56.461, 12, 2, 12353, 22.37, 29
2026/08/15 21:41:58.461, 4, 2, 12313, 22.32, 29
2026/08/15 21:42:00.461, 25, 5, 12397, 23.14, 29
2026/08/15 21:42:02.462, 0, 0, 12361, 21.80, 29
2026/08/15 21:42:04.462, 14, 2, 12361, 21.78, 29
2026/08/15 21:42:06.463, 25, 3, 12333, 22.17, 29
2026/08/15 21:42:08.463, 7, 1, 12365, 22.55, 29
2026/08/15 21:42:10.464, 31, 4, 12361, 22.16, 29
2026/08/15 21:42:12.464, 8, 0, 12341, 22.57, 29
2026/08/15 21:42:14.465, 4, 1, 12365, 21.73, 29
2026/08/15 21:42:16.466, 18, 2, 12321, 22.15, 29
2026/08/15 21:42:18.467, 21, 2, 12369, 23.11, 29
2026/08/15 21:42:20.467, 34, 5, 12293, 22.71, 29
2026/08/15 21:42:22.468, 39, 8, 12365, 22.50, 29
2026/08/15 21:42:24.468, 22, 3, 12385, 22.45, 29
2026/08/15 21:42:26.470, 5, 2, 12341, 21.61, 29
2026/08/15 21:42:28.471, 12, 2, 12357, 23.82, 29
2026/08/15 21:42:30.471, 23, 3, 12321, 22.51, 29
2026/08/15 21:42:32.471, 10, 2, 12385, 22.73, 29
2026/08/15 21:42:34.472, 12, 2, 12385, 22.75, 29
2026/08/15 21:42:36.473, 18, 5, 12321, 22.48, 29
2026/08/15 21:42:38.474, 3, 0, 12361, 23.07, 29
2026/08/15 21:42:40.474, 37, 6, 12353, 22.87, 29
2026/08/15 21:42:42.475, 15, 1, 12325, 21.93, 29
2026/08/15 21:42:44.476, 18, 2, 12377, 23.03, 29
2026/08/15 21:42:46.476, 16, 3, 12353, 22.12, 29
2026/08/15 21:42:48.476, 10, 2, 12397, 22.08, 29
2026/08/15 21:42:50.477, 3, 0, 12361, 22.03, 29
2026/08/15 21:42:52.477, 13, 2, 12373, 22.58, 29
2026/08/15 21:42:54.478, 4, 1, 12333, 21.92, 29
2026/08/15 21:42:56.478, 11, 1, 12365, 22.92, 29
2026/08/15 21:42:58.479, 3, 1, 12337, 21.93, 29
2026/08/15 21:43:00.480, 21, 2, 12373, 22.74, 29
2026/08/15 21:43:02.481, 24, 3, 12333, 22.09, 29
2026/08/15 21:43:04.486, 16, 4, 12333, 21.70, 29
2026/08/15 21:43:06.487, 21, 3, 12365, 22.78, 29
2026/08/15 21:43:08.487, 17, 2, 12333, 22.02, 29
2026/08/15 21:43:10.488, 20, 3, 12353, 21.98, 29
2026/08/15 21:43:12.488, 10, 2, 12377, 22.32, 29
2026/08/15 21:43:14.489, 0, 0, 12341, 21.05, 29
2026/08/15 21:43:16.490, 8, 1, 12389, 21.89, 29
2026/08/15 21:43:18.490, 1, 1, 12309, 21.67, 29
2026/08/15 21:43:20.494, 6, 2, 12329, 21.86, 29
2026/08/15 21:43:22.495, 41, 6, 12341, 22.30, 29
2026/08/15 21:43:24.495, 16, 1, 12373, 22.63, 29
2026/08/15 21:43:26.496, 0, 0, 12309, 20.91, 29
2026/08/15 21:43:28.497, 0, 0, 12393, 22.58, 29
2026/08/15 21:43:30.498, 4, 2, 12313, 21.55, 29
2026/08/15 21:43:32.500, 20, 3, 12377, 22.76, 29
2026/08/15 21:43:34.500, 12, 2, 12377, 21.85, 29
2026/08/15 21:43:36.500, 9, 2, 12361, 21.88, 29
2026/08/15 21:43:38.501, 15, 3, 12385, 22.72, 29
2026/08/15 21:43:40.501, 2, 1, 12317, 22.05, 29
2026/08/15 21:43:42.502, 42, 9, 12377, 22.61, 29
2026/08/15 21:43:44.502, 3, 0, 12329, 23.12, 29
2026/08/15 21:43:46.503, 23, 3, 12349, 22.36, 29
2026/08/15 21:43:48.504, 4, 0, 12365, 22.38, 29
2026/08/15 21:43:50.504, 0, 0, 12385, 22.09, 29
2026/08/15 21:43:52.505, 25, 5, 12373, 22.34, 29
2026/08/15 21:43:54.505, 7, 1, 12325, 22.37, 29
2026/08/15 21:43:56.506, 13, 3, 12385, 22.03, 29
2026/08/15 21:43:58.507, 1, 0, 12353, 21.38, 29
2026/08/15 21:44:00.507, 0, 0, 12361, 21.77, 29
2026/08/15 21:44:02.508, 17, 1, 12373, 22.14, 29
2026/08/15 21:44:04.512, 5, 1, 12341, 21.93, 29
2026/08/15 21:44:06.513, 3, 1, 12377, 22.34, 29
2026/08/15 21:44:08.513, 6, 1, 12373, 21.79, 29
2026/08/15 21:44:10.514, 25, 3, 12349, 22.52, 29
2026/08/15 21:44:12.514, 14, 2, 12397, 22.57, 29
2026/08/15 21:44:14.516, 5, 0, 12289, 21.62, 29
2026/08/15 21:44:16.516, 24, 4, 12397, 22.52, 29
2026/08/15 21:44:18.517, 25, 4, 12309, 21.56, 29
2026/08/15 21:44:20.517, 12, 3, 12365, 22.95, 29
2026/08/15 21:44:22.518, 22, 3, 12333, 21.61, 29
2026/08/15 21:44:24.519, 33, 5, 12365, 22.14, 29
2026/08/15 21:44:26.519, 17, 1, 12325, 22.26, 29
2026/08/15 21:44:28.519, 8, 1, 12385, 22.32, 29
2026/08/15 21:44:30.520, 12, 3, 12357, 21.75, 29
2026/08/15 21:44:32.520, 4, 0, 12389, 22.14, 29
2026/08/15 21:44:34.520, 12, 1, 12349, 22.38, 29
2026/08/15 21:44:36.521, 4, 1, 12365, 22.59, 29
2026/08/15 21:44:38.521, 0, 0, 12301, 22.20, 29
2026/08/15 21:44:40.522, 0, 0, 12349, 22.48, 29
2026/08/15 21:44:42.523, 11, 1, 12373, 22.76, 29
2026/08/15 21:44:44.524, 10, 2, 12321, 22.11, 29
2026/08/15 21:44:46.524, 4, 0, 12365, 22.96, 29
2026/08/15 21:44:48.525, 15, 2, 12341, 22.42, 29
2026/08/15 21:44:50.525, 21, 3, 12353, 22.35, 29
2026/08/15 21:44:52.526, 18, 2, 12333, 22.77, 29
2026/08/15 21:44:54.526, 7, 0, 12357, 22.98, 29
2026/08/15 21:44:56.527, 9, 3, 12325, 22.33, 29
2026/08/15 21:44:58.527, 7, 1, 12385, 23.09, 29
2026/08/15 21:45:00.528, 17, 3, 12333, 23.06, 29
2026/08/15 21:45:02.528, 11, 1, 12365, 22.77, 29
2026/08/15 21:45:04.530, 4, 0, 12373, 23.79, 29
2026/08/15 21:45:06.531, 6, 1, 12353, 22.20, 29
2026/08/15 21:45:08.531, 11, 1, 12373, 22.35, 29
2026/08/15 21:45:10.535, 8, 1, 12349, 22.51, 29
2026/08/15 21:45:12.536, 10, 2, 12397, 23.35, 29
2026/08/15 21:45:14.536, 28, 5, 12321, 22.44, 29
2026/08/15 21:45:16.537, 13, 2, 12337, 22.57, 29
2026/08/15 21:45:18.537, 33, 6, 12373, 23.20, 29
2026/08/15 21:45:20.540, 25, 3, 12321, 23.18, 29
2026/08/15 21:45:22.540, 14, 0, 12357, 22.90, 29
2026/08/15 21:45:24.541, 8, 0, 12357, 23.07, 29
2026/08/15 21:45:26.545, 1, 1, 12321, 22.00, 29
2026/08/15 21:45:28.546, 15, 2, 12365, 23.60, 29
2026/08/15 21:45:30.547, 0, 0, 12361, 23.27, 29
2026/08/15 21:45:32.547, 6, 1, 12345, 22.70, 29
2026/08/15 21:45:34.548, 17, 2, 12365, 21.87, 29
2026/08/15 21:45:36.548, 25, 4, 12353, 22.91, 29
2026/08/15 21:45:38.549, 0, 0, 12353, 22.87, 29
2026/08/15 21:45:40.549, 3, 1, 12353, 23.36, 29
2026/08/15 21:45:42.550, 19, 3, 12377, 23.35, 29
2026/08/15 21:45:44.550, 20, 1, 12353, 23.45, 29
2026/08/15 21:45:46.550, 19, 3, 12353, 23.21, 29
2026/08/15 21:45:48.551, 3, 1, 12381, 22.57, 29
2026/08/15 21:45:50.551, 11, 2, 12357, 22.87, 29
2026/08/15 21:45:52.552, 22, 2, 12321, 22.13, 29
2026/08/15 21:45:54.552, 16, 2, 12377, 23.09, 29
2026/08/15 21:45:56.552, 3, 1, 12353, 22.74, 29
2026/08/15 21:45:58.553, 36, 6, 12365, 23.58, 29
2026/08/15 21:46:00.554, 8, 2, 12333, 23.30, 29
2026/08/15 21:46:02.554, 0, 0, 12357, 22.60, 29
2026/08/15 21:46:04.555, 20, 3, 12329, 22.74, 29
2026/08/15 21:46:06.556, 0, 0, 12369, 22.56, 29
2026/08/15 21:46:08.557, 8, 1, 12365, 23.01, 29
2026/08/15 21:46:10.557, 17, 3, 12349, 22.51, 29
2026/08/15 21:46:12.558, 4, 1, 12385, 22.98, 29
2026/08/15 21:46:14.559, 19, 2, 12337, 22.90, 29
2026/08/15 21:46:16.559, 6, 1, 12337, 23.08, 29
2026/08/15 21:46:18.560, 7, 0, 12361, 22.08, 29
2026/08/15 21:46:20.563, 0, 0, 12361, 22.69, 29
2026/08/15 21:46:22.564, 15, 3, 12357, 22.09, 29
2026/08/15 21:46:24.564, 5, 1, 12373, 23.14, 29
2026/08/15 21:46:26.565, 32, 7, 12361, 22.85, 29
2026/08/15 21:46:28.570, 0, 0, 12353, 22.59, 29
2026/08/15 21:46:30.570, 20, 3, 12365, 22.10, 29
2026/08/15 21:46:32.570, 11, 1, 12341, 22.30, 29
2026/08/15 21:46:34.573, 11, 1, 12361, 22.88, 29
2026/08/15 21:46:36.574, 8, 0, 12341, 23.58, 29
2026/08/15 21:46:38.574, 20, 3, 12397, 23.09, 29
2026/08/15 21:46:40.574, 0, 0, 12361, 22.41, 29
2026/08/15 21:46:42.575, 10, 2, 12353, 22.66, 29
2026/08/15 21:46:44.575, 12, 1, 12385, 22.61, 29
2026/08/15 21:46:46.576, 14, 2, 12361, 22.73, 29
2026/08/15 21:46:48.576, 15, 1, 12321, 22.38, 29
2026/08/15 21:46:50.577, 11, 1, 12361, 22.43, 29
2026/08/15 21:46:52.578, 12, 2, 12345, 22.54, 29
2026/08/15 21:46:54.578, 40, 9, 12365, 23.23, 29
2026/08/15 21:46:56.579, 9, 2, 12353, 22.36, 29
2026/08/15 21:46:58.579, 13, 1, 12373, 23.82, 29
2026/08/15 21:47:00.580, 35, 8, 12353, 23.15, 29
2026/08/15 21:47:02.580, 18, 1, 12353, 22.68, 29
2026/08/15 21:47:04.581, 4, 1, 12365, 22.72, 29
2026/08/15 21:47:06.581, 19, 3, 12341, 22.87, 29
2026/08/15 21:47:08.582, 19, 2, 12349, 22.73, 29
2026/08/15 21:47:10.583, 13, 1, 12377, 23.10, 29
2026/08/15 21:47:12.583, 2, 0, 12341, 23.76, 29
2026/08/15 21:47:14.584, 0, 0, 12373, 23.72, 29
2026/08/15 21:47:16.585, 11, 2, 12353, 24.38, 29
2026/08/15 21:47:18.585, 8, 1, 12353, 23.07, 29
2026/08/15 21:47:20.586, 31, 6, 12357, 24.62, 29
2026/08/15 21:47:22.586, 26, 5, 12377, 24.28, 29
2026/08/15 21:47:24.587, 15, 2, 12321, 23.26, 29
2026/08/15 21:47:26.587, 4, 1, 12357, 23.03, 29
2026/08/15 21:47:28.587, 15, 1, 12365, 23.59, 29
2026/08/15 21:47:30.588, 4, 1, 12333, 23.06, 29
2026/08/15 21:47:32.590, 16, 2, 12341, 23.38, 29
2026/08/15 21:47:34.590, 1, 1, 12345, 22.95, 29
2026/08/15 21:47:36.592, 10, 1, 12349, 23.47, 29
2026/08/15 21:47:38.592, 0, 0, 12353, 23.76, 29
2026/08/15 21:47:40.592, 9, 0, 12365, 23.23, 29
2026/08/15 21:47:42.593, 2, 1, 12333, 22.51, 29
2026/08/15 21:47:44.593, 3, 1, 12385, 22.46, 28
2026/08/15 21:47:46.594, 17, 3, 12353, 22.75, 29
2026/08/15 21:47:48.594, 5, 1, 12377, 23.16, 29
2026/08/15 21:47:50.595, 3, 1, 12329, 23.12, 28
2026/08/15 21:47:52.596, 0, 0, 12353, 22.91, 29
2026/08/15 21:47:54.596, 6, 1, 12377, 22.92, 29
2026/08/15 21:47:56.597, 4, 1, 12353, 22.92, 29
2026/08/15 21:47:58.597, 3, 1, 12333, 23.33, 29
2026/08/15 21:48:00.598, 8, 1, 12333, 23.26, 29
2026/08/15 21:48:02.598, 9, 2, 12365, 23.34, 29
2026/08/15 21:48:04.599, 27, 3, 12341, 22.55, 29
2026/08/15 21:48:06.600, 15, 2, 12353, 22.65, 29
2026/08/15 21:48:08.600, 8, 1, 12373, 23.31, 29
2026/08/15 21:48:10.601, 10, 1, 12357, 22.36, 29
2026/08/15 21:48:12.601, 28, 5, 12353, 22.57, 29
2026/08/15 21:48:14.602, 11, 1, 12361, 22.48, 28
2026/08/15 21:48:16.602, 27, 4, 12365, 22.72, 29
2026/08/15 21:48:18.603, 5, 1, 12357, 23.25, 28
2026/08/15 21:48:20.603, 1, 1, 12297, 22.72, 28
2026/08/15 21:48:22.604, 10, 1, 12365, 23.38, 28
2026/08/15 21:48:24.605, 39, 5, 12349, 23.28, 28
2026/08/15 21:48:26.605, 14, 1, 12377, 23.49, 29
2026/08/15 21:48:28.608, 0, 0, 12313, 23.26, 28
2026/08/15 21:48:30.608, 18, 3, 12353, 22.98, 28
2026/08/15 21:48:32.609, 36, 5, 12385, 23.09, 28
2026/08/15 21:48:34.609, 8, 1, 12353, 22.36, 28
2026/08/15 21:48:36.610, 3, 1, 12333, 24.44, 28
2026/08/15 21:48:38.611, 11, 1, 12341, 23.12, 28
2026/08/15 21:48:40.611, 5, 1, 12345, 23.54, 28
2026/08/15 21:48:42.612, 3, 2, 12293, 23.50, 28
2026/08/15 21:48:44.612, 8, 1, 12385, 23.73, 28
2026/08/15 21:48:46.613, 25, 3, 12345, 23.80, 28
2026/08/15 21:48:48.613, 16, 2, 12357, 23.49, 28
2026/08/15 21:48:50.614, 14, 2, 12325, 23.23, 28
2026/08/15 21:48:52.614, 15, 1, 12373, 22.84, 28
2026/08/15 21:48:54.615, 15, 2, 12329, 22.40, 28
2026/08/15 21:48:56.615, 1, 1, 12377, 24.20, 28
2026/08/15 21:48:58.615, 22, 3, 12353, 23.15, 28
2026/08/15 21:49:00.619, 0, 0, 12353, 22.68, 28
2026/08/15 21:49:02.620, 13, 1, 12345, 22.45, 28
2026/08/15 21:49:04.620, 20, 3, 12337, 22.38, 28
2026/08/15 21:49:06.620, 11, 1, 12349, 22.33, 28
2026/08/15 21:49:08.621, 3, 1, 12373, 22.35, 28
2026/08/15 21:49:10.621, 8, 0, 12329, 21.83, 28
2026/08/15 21:49:12.622, 9, 1, 12365, 22.74, 28
2026/08/15 21:49:14.622, 30, 4, 12365, 22.70, 28
2026/08/15 21:49:16.623, 11, 2, 12377, 23.15, 28
2026/08/15 21:49:18.624, 1, 1, 12301, 22.05, 28
2026/08/15 21:49:20.625, 12, 0, 12385, 23.20, 28
2026/08/15 21:49:22.625, 2, 0, 12361, 21.85, 28
2026/08/15 21:49:24.625, 1, 0, 12397, 23.00, 28
2026/08/15 21:49:26.626, 33, 4, 12349, 22.51, 28
2026/08/15 21:49:28.626, 18, 3, 12353, 23.66, 28
2026/08/15 21:49:30.627, 10, 0, 12353, 22.88, 28
2026/08/15 21:49:32.627, 21, 2, 12397, 22.43, 28
2026/08/15 21:49:34.628, 26, 4, 12385, 24.01, 28
2026/08/15 21:49:36.628, 7, 2, 12321, 23.72, 28
2026/08/15 21:49:38.628, 2, 1, 12385, 22.97, 28
2026/08/15 21:49:40.629, 18, 2, 12353, 22.27, 28
2026/08/15 21:49:42.629, 26, 4, 12373, 22.85, 28
2026/08/15 21:49:44.630, 5, 1, 12389, 22.34, 28
2026/08/15 21:49:46.631, 8, 1, 12337, 22.64, 28
2026/08/15 21:49:48.631, 0, 0, 12397, 23.68, 28
2026/08/15 21:49:50.632, 11, 1, 12341, 22.91, 28
2026/08/15 21:49:52.633, 9, 2, 12357, 23.10, 28
2026/08/15 21:49:54.633, 4, 1, 12345, 23.53, 28
2026/08/15 21:49:56.634, 5, 2, 12377, 22.93, 28
2026/08/15 21:49:58.634, 10, 3, 12365, 22.27, 28
2026/08/15 21:50:00.634, 22, 5, 12397, 22.82, 29
2026/08/15 21:50:02.635, 6, 1, 12369, 22.18, 28
2026/08/15 21:50:04.639, 10, 2, 12333, 24.30, 29
2026/08/15 21:50:06.640, 8, 1, 12353, 22.33, 29
2026/08/15 21:50:08.640, 41, 8, 12393, 22.92, 29
2026/08/15 21:50:10.641, 1, 1, 12313, 22.59, 29
2026/08/15 21:50:12.642, 0, 0, 12337, 23.03, 29
2026/08/15 21:50:14.643, 5, 1, 12365, 23.22, 29
2026/08/15 21:50:16.644, 38, 6, 12373, 23.48, 29
2026/08/15 21:50:18.644, 4, 0, 12365, 22.71, 29
2026/08/15 21:50:20.645, 7, 2, 12333, 22.15, 29
2026/08/15 21:50:22.645, 0, 0, 12365, 21.68, 29
2026/08/15 21:50:24.646, 7, 1, 12373, 22.65, 29
2026/08/15 21:50:26.646, 6, 1, 12333, 22.49, 29
2026/08/15 21:50:28.646, 2, 1, 12341, 22.24, 29
2026/08/15 21:50:30.647, 0, 0, 12321, 22.82, 29
2026/08/15 21:50:32.647, 10, 1, 12377, 22.27, 29
2026/08/15 21:50:34.648, 4, 1, 12365, 22.95, 29
2026/08/15 21:50:36.650, 7, 2, 12353, 22.72, 29
2026/08/15 21:50:38.651, 11, 4, 12365, 22.87, 29
2026/08/15 21:50:40.651, 0, 0, 12337, 22.67, 29
2026/08/15 21:50:42.652, 29, 4, 12353, 23.61, 29
2026/08/15 21:50:44.653, 0, 0, 12381, 22.62, 29
2026/08/15 21:50:46.653, 1, 1, 12333, 22.21, 29
2026/08/15 21:50:48.654, 11, 2, 12337, 23.11, 29
2026/08/15 21:50:50.654, 33, 7, 12385, 23.50, 29
2026/08/15 21:50:52.655, 5, 1, 12365, 23.13, 29
2026/08/15 21:50:54.656, 18, 1, 12317, 22.67, 29
2026/08/15 21:50:56.656, 45, 7, 12413, 23.28, 29
2026/08/15 21:50:58.657, 4, 1, 12369, 23.25, 29
2026/08/15 21:51:00.657, 24, 3, 12349, 23.37, 29
2026/08/15 21:51:02.658, 12, 2, 12413, 23.13, 29
2026/08/15 21:51:04.659, 0, 0, 12309, 22.81, 29
2026/08/15 21:51:06.659, 2, 1, 12373, 23.09, 29
2026/08/15 21:51:08.660, 0, 0, 12381, 22.16, 29
2026/08/15 21:51:10.661, 0, 0, 12401, 22.17, 29
2026/08/15 21:51:12.661, 23, 4, 12341, 22.79, 29
2026/08/15 21:51:14.662, 29, 5, 12389, 23.31, 29
2026/08/15 21:51:16.662, 4, 0, 12377, 23.10, 29
2026/08/15 21:51:18.663, 4, 1, 12373, 22.67, 29
2026/08/15 21:51:20.663, 0, 0, 12337, 22.93, 29
2026/08/15 21:51:22.663, 17, 3, 12405, 22.91, 29
2026/08/15 21:51:24.664, 16, 3, 12341, 22.53, 29
2026/08/15 21:51:26.665, 3, 0, 12365, 22.27, 29
2026/08/15 21:51:28.666, 18, 3, 12377, 23.00, 29
2026/08/15 21:51:30.666, 16, 3, 12345, 23.12, 29
2026/08/15 21:51:32.667, 23, 3, 12373, 22.83, 29
2026/08/15 21:51:34.667, 10, 1, 12365, 23.06, 29
2026/08/15 21:51:36.668, 19, 3, 12333, 23.15, 29
2026/08/15 21:51:38.668, 17, 2, 12397, 24.05, 29
2026/08/15 21:51:40.669, 23, 3, 12329, 22.74, 29
2026/08/15 21:51:42.669, 6, 1, 12365, 23.40, 29
2026/08/15 21:51:44.670, 3, 1, 12325, 23.23, 29
2026/08/15 21:51:46.670, 8, 0, 12357, 23.06, 29
2026/08/15 21:51:48.671, 18, 3, 12333, 22.43, 29
2026/08/15 21:51:50.672, 22, 3, 12345, 23.39, 29
2026/08/15 21:51:52.672, 29, 4, 12333, 22.90, 29
2026/08/15 21:51:54.673, 5, 0, 12345, 23.49, 30
2026/08/15 21:51:56.674, 6, 0, 12397, 22.91, 30
2026/08/15 21:51:58.677, 5, 1, 12309, 22.77, 30
2026/08/15 21:52:00.678, 6, 1, 12397, 23.64, 30
2026/08/15 21:52:02.678, 8, 1, 12361, 22.74, 30
2026/08/15 21:52:04.678, 3, 1, 12377, 22.78, 30
2026/08/15 21:52:06.684, 15, 3, 12361, 23.54, 30
2026/08/15 21:52:08.685, 6, 1, 12341, 23.46, 30
2026/08/15 21:52:10.685, 27, 4, 12373, 22.84, 30
2026/08/15 21:52:12.686, 14, 2, 12413, 22.94, 30
2026/08/15 21:52:14.686, 27, 5, 12341, 22.47, 30
2026/08/15 21:52:16.687, 0, 0, 12365, 22.92, 30
2026/08/15 21:52:18.688, 2, 1, 12345, 22.56, 30
2026/08/15 21:52:20.688, 0, 1, 12297, 22.98, 30
2026/08/15 21:52:22.689, 4, 1, 12365, 24.05, 30
2026/08/15 21:52:24.690, 13, 2, 12341, 23.07, 30
2026/08/15 21:52:26.690, 40, 9, 12449, 23.42, 30
2026/08/15 21:52:28.691, 5, 1, 12429, 23.54, 30
2026/08/15 21:52:30.691, 9, 2, 12373, 23.24, 30
2026/08/15 21:52:32.692, 12, 3, 12365, 23.25, 30
2026/08/15 21:52:34.692, 17, 2, 12401, 22.89, 30
2026/08/15 21:52:36.693, 8, 2, 12441, 24.52, 30
2026/08/15 21:52:38.693, 17, 2, 12349, 22.50, 30
2026/08/15 21:52:40.694, 33, 7, 12393, 23.10, 30
2026/08/15 21:52:42.694, 4, 1, 12433, 22.47, 30
2026/08/15 21:52:44.695, 12, 2, 12421, 23.03, 30
2026/08/15 21:52:46.695, 26, 2, 12361, 22.71, 30
2026/08/15 21:52:48.696, 15, 1, 12349, 23.16, 30
2026/08/15 21:52:50.697, 3, 3, 12377, 22.88, 30
2026/08/15 21:52:52.699, 13, 2, 12381, 21.89, 30
2026/08/15 21:52:54.700, 6, 1, 12409, 22.77, 30
2026/08/15 21:52:56.700, 15, 2, 12373, 22.82, 30
2026/08/15 21:52:58.701, 7, 1, 12449, 21.89, 30
2026/08/15 21:53:00.701, 2, 1, 12425, 21.47, 30
2026/08/15 21:53:02.701, 15, 3, 12409, 22.17, 30
2026/08/15 21:53:04.702, 6, 1, 12437, 22.54, 30
2026/08/15 21:53:06.705, 3, 0, 12365, 22.50, 30
2026/08/15 21:53:08.706, 16, 2, 12369, 22.86, 30
2026/08/15 21:53:10.706, 4, 1, 12373, 22.93, 30
2026/08/15 21:53:12.707, 14, 2, 12441, 22.50, 30
2026/08/15 21:53:14.707, 3, 2, 12313, 22.77, 30
2026/08/15 21:53:16.708, 0, 0, 12373, 22.91, 30
2026/08/15 21:53:18.709, 27, 6, 12377, 23.15, 30
2026/08/15 21:53:20.709, 3, 1, 12373, 22.74, 30
2026/08/15 21:53:22.711, 6, 1, 12373, 23.31, 30
2026/08/15 21:53:24.711, 15, 2, 12357, 23.32, 30
2026/08/15 21:53:26.712, 3, 1, 12429, 23.62, 30
2026/08/15 21:53:28.712, 53, 11, 12369, 22.90, 30
2026/08/15 21:53:30.713, 19, 3, 12369, 22.23, 30
2026/08/15 21:53:32.713, 10, 2, 12413, 22.51, 30
2026/08/15 21:53:34.713, 25, 5, 12365, 22.73, 30
2026/08/15 21:53:36.714, 23, 5, 12413, 22.38, 30
2026/08/15 21:53:38.715, 4, 0, 12377, 22.29, 30
2026/08/15 21:53:40.715, 1, 1, 12321, 22.67, 30
2026/08/15 21:53:42.715, 5, 1, 12345, 22.00, 30
2026/08/15 21:53:44.716, 9, 2, 12353, 21.87, 30
2026/08/15 21:53:46.717, 26, 2, 12369, 22.43, 30
2026/08/15 21:53:48.717, 18, 2, 12349, 22.52, 30
2026/08/15 21:53:50.718, 8, 1, 12333, 22.69, 30
2026/08/15 21:53:52.719, 23, 3, 12389, 23.05, 31
2026/08/15 21:53:54.724, 15, 2, 12333, 22.52, 30
2026/08/15 21:53:56.725, 20, 4, 12345, 22.93, 31
2026/08/15 21:53:58.725, 2, 1, 12365, 22.49, 31
2026/08/15 21:54:00.726, 18, 2, 12345, 22.88, 31
2026/08/15 21:54:02.727, 2, 1, 12389, 23.61, 31
2026/08/15 21:54:04.731, 0, 0, 12317, 22.50, 31
2026/08/15 21:54:06.732, 12, 1, 12369, 22.52, 31
2026/08/15 21:54:08.733, 28, 3, 12353, 22.66, 31
2026/08/15 21:54:10.733, 6, 0, 12349, 22.42, 31
2026/08/15 21:54:12.734, 10, 3, 12333, 21.62, 31
2026/08/15 21:54:14.735, 0, 0, 12409, 23.46, 31
2026/08/15 21:54:16.735, 9, 1, 12341, 23.47, 31
2026/08/15 21:54:18.735, 9, 2, 12377, 22.73, 31
2026/08/15 21:54:20.736, 14, 1, 12353, 22.36, 31
2026/08/15 21:54:22.736, 4, 1, 12337, 22.41, 31
2026/08/15 21:54:24.737, 19, 3, 12349, 22.72, 31
2026/08/15 21:54:26.737, 29, 4, 12397, 22.96, 31
2026/08/15 21:54:28.737, 1, 1, 12333, 22.52, 31
2026/08/15 21:54:30.738, 13, 0, 12341, 22.52, 31
2026/08/15 21:54:32.739, 8, 2, 12397, 23.61, 31
2026/08/15 21:54:34.740, 5, 0, 12365, 22.10, 31
2026/08/15 21:54:36.740, 9, 1, 12341, 22.52, 31
2026/08/15 21:54:38.740, 5, 1, 12365, 22.73, 31
2026/08/15 21:54:40.741, 3, 1, 12341, 23.49, 31
2026/08/15 21:54:42.741, 17, 1, 12353, 23.85, 31
2026/08/15 21:54:44.742, 11, 1, 12321, 22.37, 31
2026/08/15 21:54:46.742, 8, 1, 12365, 23.39, 31
2026/08/15 21:54:48.743, 17, 2, 12373, 22.44, 31
2026/08/15 21:54:50.743, 24, 3, 12361, 22.27, 31
2026/08/15 21:54:52.746, 7, 1, 12353, 22.18, 31
2026/08/15 21:54:54.747, 15, 2, 12385, 23.14, 31
2026/08/15 21:54:56.747, 41, 5, 12297, 22.69, 31
2026/08/15 21:54:58.748, 15, 2, 12397, 23.17, 31
2026/08/15 21:55:00.750, 0, 0, 12353, 22.97, 31
2026/08/15 21:55:02.750, 30, 3, 12353, 23.30, 31
2026/08/15 21:55:04.751, 18, 2, 12313, 21.98, 31
2026/08/15 21:55:06.751, 33, 6, 12365, 23.15, 31
2026/08/15 21:55:08.753, 7, 1, 12329, 21.97, 31
2026/08/15 21:55:10.754, 6, 1, 12373, 23.41, 31
2026/08/15 21:55:12.755, 15, 3, 12365, 23.04, 31
2026/08/15 21:55:14.758, 7, 1, 12345, 22.76, 31
2026/08/15 21:55:16.759, 19, 4, 12345, 24.06, 31
2026/08/15 21:55:18.759, 33, 5, 12365, 22.92, 31
2026/08/15 21:55:20.760, 1, 1, 12321, 22.55, 31
2026/08/15 21:55:22.760, 16, 2, 12345, 23.39, 31
2026/08/15 21:55:24.760, 21, 2, 12361, 23.18, 31
2026/08/15 21:55:26.761, 29, 3, 12329, 23.16, 31
2026/08/15 21:55:28.761, 14, 1, 12353, 23.49, 31
2026/08/15 21:55:30.762, 7, 1, 12365, 22.95, 31
2026/08/15 21:55:32.762, 13, 0, 12373, 23.50, 31
2026/08/15 21:55:34.763, 8, 2, 12385, 23.91, 31
2026/08/15 21:55:36.763, 16, 2, 12361, 23.11, 31
2026/08/15 21:55:38.763, 22, 3, 12377, 23.73, 31
2026/08/15 21:55:40.764, 15, 1, 12341, 23.05, 31
2026/08/15 21:55:42.765, 17, 2, 12345, 23.09, 31
2026/08/15 21:55:44.765, 22, 4, 12345, 22.75, 31
2026/08/15 21:55:46.766, 12, 2, 12333, 22.96, 31
2026/08/15 21:55:48.767, 0, 0, 12373, 22.91, 31
2026/08/15 21:55:50.767, 11, 3, 12341, 22.75, 31
2026/08/15 21:55:52.767, 5, 2, 12365, 23.08, 31
2026/08/15 21:55:54.768, 40, 6, 12361, 23.42, 31
2026/08/15 21:55:56.769, 8, 1, 12321, 23.77, 31
2026/08/15 21:55:58.769, 7, 1, 12369, 23.06, 31
2026/08/15 21:56:00.770, 20, 3, 12321, 22.48, 31
2026/08/15 21:56:02.770, 0, 0, 12385, 23.00, 31
2026/08/15 21:56:04.771, 13, 2, 12349, 22.67, 31
2026/08/15 21:56:06.771, 15, 1, 12365, 23.05, 31
2026/08/15 21:56:08.772, 8, 1, 12329, 23.11, 31
2026/08/15 21:56:10.772, 23, 3, 12365, 23.36, 31
2026/08/15 21:56:12.773, 0, 0, 12349, 21.83, 31
2026/08/15 21:56:14.773, 0, 0, 12397, 23.04, 31
2026/08/15 21:56:16.774, 12, 2, 12333, 22.48, 31
2026/08/15 21:56:18.774, 5, 3, 12357, 23.13, 31
2026/08/15 21:56:20.775, 10, 1, 12353, 22.67, 31
2026/08/15 21:56:22.776, 29, 5, 12373, 23.09, 31
2026/08/15 21:56:24.783, 3, 1, 12373, 22.36, 31
2026/08/15 21:56:26.784, 16, 2, 12385, 22.19, 31
2026/08/15 21:56:28.784, 19, 4, 12341, 21.67, 31
2026/08/15 21:56:30.785, 15, 2, 12385, 23.18, 31
2026/08/15 21:56:32.786, 18, 1, 12341, 22.06, 31
2026/08/15 21:56:34.786, 0, 0, 12361, 22.66, 31
2026/08/15 21:56:36.787, 16, 2, 12373, 23.22, 31
2026/08/15 21:56:38.787, 19, 3, 12365, 22.36, 31
2026/08/15 21:56:40.788, 4, 1, 12349, 22.09, 31
2026/08/15 21:56:42.789, 0, 0, 12365, 22.99, 31
2026/08/15 21:56:44.789, 4, 1, 12353, 22.64, 31
2026/08/15 21:56:46.789, 3, 1, 12361, 22.59, 31
2026/08/15 21:56:48.790, 39, 6, 12341, 23.01, 32
2026/08/15 21:56:50.790, 0, 1, 12345, 22.96, 31
2026/08/15 21:56:52.791, 7, 2, 12341, 21.99, 31
2026/08/15 21:56:54.792, 8, 0, 12365, 23.18, 31
2026/08/15 21:56:56.793, 8, 1, 12337, 23.27, 32
2026/08/15 21:56:58.794, 15, 3, 12365, 22.47, 32
2026/08/15 21:57:00.794, 0, 0, 12333, 22.08, 32
2026/08/15 21:57:02.795, 20, 3, 12333, 22.13, 32
2026/08/15 21:57:04.795, 7, 1, 12353, 22.98, 32
2026/08/15 21:57:06.796, 18, 3, 12365, 22.35, 32
2026/08/15 21:57:08.800, 0, 0, 12329, 22.69, 32
2026/08/15 21:57:10.801, 0, 0, 12365, 23.11, 32
2026/08/15 21:57:12.801, 7, 1, 12373, 22.41, 32
2026/08/15 21:57:14.802, 29, 3, 12329, 22.39, 32
2026/08/15 21:57:16.803, 5, 1, 12369, 22.73, 32
2026/08/15 21:57:18.803, 7, 1, 12373, 22.53, 32
2026/08/15 21:57:20.804, 1, 1, 12345, 22.29, 32
2026/08/15 21:57:22.804, 3, 0, 12345, 23.12, 32
2026/08/15 21:57:24.810, 12, 1, 12317, 22.54, 32
2026/08/15 21:57:26.811, 0, 0, 12365, 22.44, 32
2026/08/15 21:57:28.811, 3, 1, 12341, 22.62, 32
2026/08/15 21:57:30.812, 0, 0, 12377, 22.55, 32
2026/08/15 21:57:32.812, 29, 3, 12329, 23.29, 32
2026/08/15 21:57:34.813, 16, 4, 12357, 22.53, 32
2026/08/15 21:57:36.814, 10, 2, 12345, 21.83, 32
2026/08/15 21:57:38.814, 37, 5, 12373, 22.17, 32
2026/08/15 21:57:40.815, 12, 3, 12365, 21.96, 32
2026/08/15 21:57:42.815, 20, 3, 12369, 22.26, 32
2026/08/15 21:57:44.816, 2, 1, 12361, 21.82, 32
2026/08/15 21:57:46.816, 23, 4, 12377, 22.45, 32
2026/08/15 21:57:48.817, 13, 3, 12365, 22.27, 32
2026/08/15 21:57:50.817, 10, 1, 12353, 22.51, 32
2026/08/15 21:57:52.817, 13, 2, 12373, 22.09, 32
2026/08/15 21:57:54.818, 24, 3, 12373, 22.97, 32
2026/08/15 21:57:56.818, 30, 5, 12353, 22.33, 32
2026/08/15 21:57:58.819, 24, 5, 12377, 22.71, 32
2026/08/15 21:58:00.819, 21, 3, 12373, 22.05, 32
2026/08/15 21:58:02.820, 11, 2, 12341, 23.16, 32
2026/08/15 21:58:04.820, 4, 1, 12333, 22.20, 32
2026/08/15 21:58:06.821, 22, 3, 12361, 23.40, 32
2026/08/15 21:58:08.822, 17, 2, 12373, 22.71, 32
2026/08/15 21:58:10.823, 23, 3, 12361, 22.33, 32
2026/08/15 21:58:12.825, 12, 2, 12361, 22.66, 32
2026/08/15 21:58:14.825, 7, 0, 12333, 22.91, 32
2026/08/15 21:58:16.826, 3, 0, 12389, 22.44, 32
2026/08/15 21:58:18.826, 3, 1, 12333, 21.93, 32
2026/08/15 21:58:20.828, 14, 3, 12377, 22.15, 32
2026/08/15 21:58:22.828, 0, 0, 12377, 22.53, 32
2026/08/15 21:58:24.829, 10, 1, 12345, 22.27, 32
2026/08/15 21:58:26.829, 6, 1, 12365, 22.03, 32
2026/08/15 21:58:28.830, 9, 1, 12345, 22.76, 32
2026/08/15 21:58:30.830, 1, 1, 12321, 21.51, 32
2026/08/15 21:58:32.831, 9, 1, 12397, 22.99, 32
2026/08/15 21:58:34.832, 16, 3, 12313, 21.06, 32
2026/08/15 21:58:36.832, 13, 1, 12365, 22.41, 32
2026/08/15 21:58:38.833, 10, 1, 12321, 22.53, 32
2026/08/15 21:58:40.833, 8, 1, 12385, 23.33, 32
2026/08/15 21:58:42.834, 17, 2, 12341, 22.45, 32
2026/08/15 21:58:44.834, 13, 1, 12365, 21.93, 32
2026/08/15 21:58:46.834, 31, 3, 12341, 22.52, 32
2026/08/15 21:58:48.835, 4, 1, 12373, 21.91, 32
2026/08/15 21:58:50.835, 0, 0, 12349, 21.51, 32
2026/08/15 21:58:52.835, 18, 3, 12397, 23.62, 32
2026/08/15 21:58:54.836, 14, 3, 12345, 21.39, 32
2026/08/15 21:58:56.837, 9, 1, 12361, 22.04, 32
2026/08/15 21:58:58.837, 22, 4, 12373, 22.13, 32
2026/08/15 21:59:00.838, 0, 0, 12361, 22.33, 32
2026/08/15 21:59:02.838, 3, 1, 12333, 22.45, 32
2026/08/15 21:59:04.839, 22, 3, 12365, 21.63, 32
2026/08/15 21:59:06.839, 12, 1, 12367, 22.77, 32
2026/08/15 21:59:08.840, 1, 1, 12355, 21.94, 32
2026/08/15 21:59:10.840, 10, 3, 12355, 22.34, 32
2026/08/15 21:59:12.841, 17, 2, 12387, 21.18, 32
2026/08/15 21:59:14.845, 10, 2, 12363, 22.11, 32
2026/08/15 21:59:16.846, 30, 6, 12363, 22.45, 32
2026/08/15 21:59:18.846, 4, 0, 12335, 21.99, 32
2026/08/15 21:59:20.847, 3, 1, 12343, 22.27, 32
2026/08/15 21:59:22.848, 21, 4, 12363, 22.82, 32
2026/08/15 21:59:24.849, 11, 2, 12355, 21.40, 32
2026/08/15 21:59:26.850, 10, 2, 12379, 22.04, 32
2026/08/15 21:59:28.853, 19, 3, 12375, 22.01, 32
2026/08/15 21:59:30.854, 29, 4, 12347, 22.44, 32
2026/08/15 21:59:32.855, 16, 1, 12367, 22.42, 32
2026/08/15 21:59:34.855, 17, 2, 12323, 22.69, 32
2026/08/15 21:59:36.856, 0, 0, 12371, 22.58, 32
2026/08/15 21:59:38.857, 24, 2, 12355, 22.88, 32
2026/08/15 21:59:40.857, 0, 0, 12347, 23.25, 32
2026/08/15 21:59:42.858, 13, 1, 12323, 23.57, 32
2026/08/15 21:59:44.859, 15, 2, 12383, 22.09, 32
2026/08/15 21:59:46.859, 0, 0, 12391, 22.77, 32
2026/08/15 21:59:48.860, 2, 1, 12323, 21.93, 32
2026/08/15 21:59:50.860, 18, 1, 12387, 22.08, 32
2026/08/15 21:59:52.862, 22, 4, 12367, 22.29, 32
2026/08/15 21:59:54.862, 22, 5, 12371, 22.58, 32
2026/08/15 21:59:56.863, 30, 4, 12331, 22.10, 32
2026/08/15 21:59:58.864, 17, 3, 12367, 22.58, 32
2026/08/15 22:00:00.864, 1, 0, 12335, 22.54, 32
2026/08/15 22:00:02.865, 4, 1, 12375, 23.53, 32
2026/08/15 22:00:04.866, 13, 3, 12383, 22.49, 32
2026/08/15 22:00:06.866, 12, 1, 12339, 22.33, 32
2026/08/15 22:00:08.867, 0, 0, 12399, 22.45, 32
2026/08/15 22:00:10.867, 2, 0, 12347, 22.48, 32
2026/08/15 22:00:12.867, 55, 12, 12367, 22.91, 32
2026/08/15 22:00:14.868, 4, 1, 12355, 21.86, 32
2026/08/15 22:00:16.868, 4, 1, 12363, 21.98, 32
2026/08/15 22:00:18.869, 4, 1, 12347, 22.20, 32
2026/08/15 22:00:20.869, 14, 1, 12375, 21.73, 32
2026/08/15 22:00:22.870, 3, 1, 12347, 22.59, 31
2026/08/15 22:00:24.870, 1, 2, 12327, 22.27, 31
2026/08/15 22:00:26.871, 0, 0, 12375, 23.06, 31
2026/08/15 22:00:28.871, 10, 1, 12335, 22.55, 31
2026/08/15 22:00:30.872, 9, 2, 12387, 22.84, 31
2026/08/15 22:00:32.873, 12, 3, 12351, 22.32, 31
2026/08/15 22:00:34.873, 9, 1, 12363, 22.85, 31
2026/08/15 22:00:36.874, 21, 2, 12355, 22.26, 31
2026/08/15 22:00:38.875, 0, 0, 12315, 22.23, 31
2026/08/15 22:00:40.876, 4, 1, 12367, 23.28, 31
2026/08/15 22:00:42.876, 13, 4, 12335, 22.63, 31
2026/08/15 22:00:44.877, 9, 0, 12375, 22.44, 31
2026/08/15 22:00:46.878, 34, 5, 12335, 23.40, 31
2026/08/15 22:00:48.878, 32, 5, 12347, 22.73, 31
2026/08/15 22:00:50.879, 14, 1, 12367, 22.53, 31
2026/08/15 22:00:52.879, 16, 1, 12355, 22.60, 31
2026/08/15 22:00:54.880, 12, 1, 12355, 22.80, 31
2026/08/15 22:00:56.880, 8, 1, 12359, 22.50, 31
2026/08/15 22:00:58.881, 24, 4, 12367, 22.29, 31
2026/08/15 22:01:00.882, 36, 10, 12387, 22.98, 31
2026/08/15 22:01:02.883, 39, 9, 12387, 22.82, 31
2026/08/15 22:01:04.883, 9, 3, 12347, 21.34, 31
2026/08/15 22:01:06.884, 4, 0, 12371, 22.83, 31
2026/08/15 22:01:08.885, 6, 1, 12363, 22.68, 31
2026/08/15 22:01:10.885, 1, 0, 12359, 22.20, 31
2026/08/15 22:01:12.885, 9, 1, 12371, 22.85, 31
2026/08/15 22:01:14.886, 5, 1, 12351, 21.96, 31
2026/08/15 22:01:16.886, 0, 0, 12363, 21.94, 31
2026/08/15 22:01:18.887, 39, 8, 12331, 22.80, 31
2026/08/15 22:01:20.887, 12, 1, 12335, 22.59, 31
2026/08/15 22:01:22.888, 10, 2, 12367, 22.94, 31
2026/08/15 22:01:24.889, 12, 2, 12355, 22.25, 31
2026/08/15 22:01:26.889, 0, 0, 12335, 21.96, 31
2026/08/15 22:01:28.889, 3, 1, 12387, 22.45, 31
2026/08/15 22:01:30.890, 15, 1, 12335, 22.09, 31
2026/08/15 22:01:32.891, 10, 1, 12379, 22.70, 31
2026/08/15 22:01:34.891, 15, 1, 12345, 22.23, 31
2026/08/15 22:01:36.892, 3, 1, 12381, 21.90, 31
2026/08/15 22:01:38.893, 0, 0, 12365, 21.78, 31
2026/08/15 22:01:40.894, 20, 3, 12381, 22.39, 31
2026/08/15 22:01:42.894, 13, 2, 12353, 22.29, 31
2026/08/15 22:01:44.894, 13, 2, 12413, 21.56, 31
2026/08/15 22:01:46.895, 12, 2, 12349, 22.24, 31
2026/08/15 22:01:48.898, 0, 0, 12357, 21.86, 31
2026/08/15 22:01:50.898, 8, 0, 12373, 21.70, 31
2026/08/15 22:01:52.899, 2, 1, 12357, 22.46, 31
2026/08/15 22:01:54.900, 5, 1, 12305, 21.23, 31
2026/08/15 22:01:56.900, 5, 1, 12401, 20.97, 31
2026/08/15 22:01:58.901, 1, 1, 12329, 20.43, 31
2026/08/15 22:02:00.902, 6, 1, 12369, 21.35, 31
2026/08/15 22:02:02.902, 0, 0, 12381, 21.38, 31
2026/08/15 22:02:04.903, 6, 2, 12369, 22.54, 31
2026/08/15 22:02:06.906, 1, 1, 12293, 21.57, 31
2026/08/15 22:02:08.907, 17, 2, 12389, 23.91, 31
2026/08/15 22:02:10.907, 10, 1, 12341, 22.91, 31
2026/08/15 22:02:12.907, 11, 1, 12369, 22.95, 31
2026/08/15 22:02:14.908, 28, 3, 12337, 21.91, 30
2026/08/15 22:02:16.909, 12, 2, 12365, 22.03, 30
2026/08/15 22:02:18.909, 25, 5, 12425, 22.36, 30
2026/08/15 22:02:20.910, 12, 1, 12385, 22.65, 30
2026/08/15 22:02:22.910, 14, 1, 12365, 22.40, 30
2026/08/15 22:02:24.910, 3, 1, 12357, 22.61, 30
2026/08/15 22:02:26.911, 9, 1, 12345, 22.93, 30
2026/08/15 22:02:28.911, 6, 0, 12365, 22.61, 30
2026/08/15 22:02:30.912, 55, 11, 12353, 23.81, 30
2026/08/15 22:02:32.913, 0, 0, 12405, 23.42, 30
2026/08/15 22:02:34.913, 0, 0, 12353, 22.64, 30
2026/08/15 22:02:36.914, 6, 1, 12345, 21.52, 30
2026/08/15 22:02:38.914, 9, 0, 12377, 22.98, 30
2026/08/15 22:02:40.916, 8, 2, 12333, 22.33, 30
2026/08/15 22:02:42.916, 16, 3, 12345, 23.04, 30
2026/08/15 22:02:44.917, 0, 0, 12377, 21.95, 30
2026/08/15 22:02:46.920, 0, 0, 12321, 21.88, 30
2026/08/15 22:02:48.921, 1, 1, 12341, 22.63, 30
2026/08/15 22:02:50.921, 0, 0, 12317, 22.48, 30
2026/08/15 22:02:52.922, 8, 0, 12405, 23.34, 30
2026/08/15 22:02:54.923, 40, 4, 12321, 21.91, 30
2026/08/15 22:02:56.923, 14, 1, 12345, 22.66, 30
2026/08/15 22:02:58.924, 5, 0, 12365, 22.75, 30
2026/08/15 22:03:00.924, 22, 3, 12341, 22.21, 30
2026/08/15 22:03:02.925, 14, 1, 12325, 22.35, 30
2026/08/15 22:03:04.925, 6, 1, 12377, 22.45, 30
2026/08/15 22:03:06.926, 7, 2, 12369, 22.18, 30
2026/08/15 22:03:08.926, 5, 0, 12349, 22.49, 30
2026/08/15 22:03:10.927, 4, 0, 12365, 22.67, 30
2026/08/15 22:03:12.927, 25, 4, 12377, 22.94, 30
2026/08/15 22:03:14.928, 4, 1, 12337, 22.44, 30
2026/08/15 22:03:16.928, 6, 1, 12349, 23.50, 30
2026/08/15 22:03:18.929, 33, 3, 12325, 21.71, 30
2026/08/15 22:03:20.929, 31, 6, 12401, 22.88, 30
2026/08/15 22:03:22.930, 45, 9, 12345, 22.18, 30
2026/08/15 22:03:24.930, 26, 6, 12389, 21.91, 30
2026/08/15 22:03:26.931, 15, 1, 12337, 21.76, 30
2026/08/15 22:03:28.931, 11, 3, 12357, 21.59, 30
2026/08/15 22:03:30.932, 9, 1, 12337, 21.68, 30
2026/08/15 22:03:32.932, 0, 0, 12389, 21.61, 30
2026/08/15 22:03:34.933, 13, 2, 12337, 21.85, 30
2026/08/15 22:03:36.933, 15, 3, 12357, 22.04, 30
2026/08/15 22:03:38.934, 0, 0, 12333, 21.76, 30
2026/08/15 22:03:40.936, 36, 6, 12389, 21.97, 30
2026/08/15 22:03:42.937, 5, 2, 12329, 21.40, 30
2026/08/15 22:03:44.937, 0, 0, 12357, 22.61, 30
2026/08/15 22:03:46.937, 9, 0, 12345, 22.85, 30
2026/08/15 22:03:48.938, 0, 0, 12329, 21.45, 30
2026/08/15 22:03:50.938, 14, 2, 12369, 21.85, 30
2026/08/15 22:03:52.939, 0, 0, 12373, 22.17, 30
2026/08/15 22:03:54.940, 25, 4, 12377, 21.49, 30
2026/08/15 22:03:56.941, 15, 1, 12377, 21.77, 30
2026/08/15 22:03:58.941, 23, 4, 12337, 22.49, 30
2026/08/15 22:04:00.942, 10, 3, 12357, 22.28, 30
2026/08/15 22:04:02.943, 14, 3, 12369, 22.54, 30
2026/08/15 22:04:04.943, 18, 3, 12321, 22.08, 30
2026/08/15 22:04:06.943, 21, 2, 12381, 23.14, 30
2026/08/15 22:04:08.944, 15, 1, 12329, 22.45, 30
2026/08/15 22:04:10.945, 14, 2, 12333, 22.85, 30
2026/08/15 22:04:12.945, 26, 3, 12337, 22.95, 30
2026/08/15 22:04:14.946, 0, 0, 12325, 22.25, 30
2026/08/15 22:04:16.947, 14, 3, 12361, 22.37, 30
2026/08/15 22:04:18.949, 0, 0, 12337, 21.39, 30
2026/08/15 22:04:20.950, 23, 3, 12377, 22.28, 30
2026/08/15 22:04:22.950, 0, 0, 12329, 21.34, 30
2026/08/15 22:04:24.950, 24, 3, 12377, 22.33, 30
2026/08/15 22:04:26.951, 21, 3, 12341, 21.58, 30
2026/08/15 22:04:28.952, 20, 2, 12369, 22.20, 30
2026/08/15 22:04:30.952, 5, 2, 12349, 21.40, 30
2026/08/15 22:04:32.953, 10, 3, 12361, 21.39, 30
2026/08/15 22:04:34.954, 18, 3, 12325, 21.19, 30
2026/08/15 22:04:36.954, 0, 0, 12377, 21.90, 30
2026/08/15 22:04:38.956, 7, 1, 12369, 22.02, 30
2026/08/15 22:04:40.956, 3, 1, 12333, 21.33, 30
2026/08/15 22:04:42.957, 0, 0, 12369, 21.91, 30
2026/08/15 22:04:44.957, 21, 3, 12353, 21.93, 30
2026/08/15 22:04:46.958, 5, 1, 12369, 21.85, 30
2026/08/15 22:04:48.958, 4, 1, 12345, 21.18, 30
2026/08/15 22:04:50.958, 11, 1, 12365, 21.82, 30
2026/08/15 22:04:52.959, 17, 2, 12389, 22.45, 30
2026/08/15 22:04:54.959, 22, 3, 12337, 21.33, 30
2026/08/15 22:04:56.960, 0, 0, 12365, 21.49, 30
2026/08/15 22:04:58.961, 21, 3, 12365, 21.43, 30
2026/08/15 22:05:00.961, 11, 2, 12337, 21.74, 30
2026/08/15 22:05:02.962, 1, 0, 12369, 21.97, 29
2026/08/15 22:05:04.962, 35, 8, 12349, 22.41, 30
2026/08/15 22:05:06.963, 18, 2, 12305, 22.06, 30
2026/08/15 22:05:08.964, 18, 3, 12381, 22.57, 30
2026/08/15 22:05:10.964, 1, 0, 12357, 22.03, 29
2026/08/15 22:05:12.964, 15, 3, 12353, 21.90, 29
2026/08/15 22:05:14.965, 7, 1, 12389, 22.52, 29
2026/08/15 22:05:16.966, 0, 0, 12365, 22.39, 29
2026/08/15 22:05:18.966, 10, 1, 12357, 22.17, 30
2026/08/15 22:05:20.967, 7, 1, 12377, 22.06, 29
2026/08/15 22:05:22.967, 10, 2, 12337, 22.21, 29
2026/08/15 22:05:24.968, 17, 2, 12381, 21.73, 29
2026/08/15 22:05:26.969, 3, 1, 12389, 22.44, 29
2026/08/15 22:05:28.970, 13, 2, 12349, 22.42, 29
2026/08/15 22:05:30.971, 12, 2, 12369, 22.27, 29
2026/08/15 22:05:32.972, 22, 3, 12401, 22.96, 30
2026/08/15 22:05:34.972, 19, 3, 12337, 22.16, 30
2026/08/15 22:05:36.973, 29, 3, 12377, 22.54, 29
2026/08/15 22:05:38.973, 0, 0, 12325, 22.72, 29
2026/08/15 22:05:40.975, 1, 0, 12357, 22.42, 29
2026/08/15 22:05:42.976, 10, 1, 12345, 22.20, 29
2026/08/15 22:05:44.976, 6, 1, 12401, 22.80, 29
2026/08/15 22:05:46.977, 23, 3, 12317, 21.96, 29
2026/08/15 22:05:48.977, 0, 0, 12369, 22.39, 29
2026/08/15 22:05:50.978, 6, 1, 12393, 21.94, 29
2026/08/15 22:05:52.978, 4, 1, 12353, 22.17, 29
2026/08/15 22:05:54.979, 12, 2, 12413, 22.53, 29
2026/08/15 22:05:56.983, 17, 2, 12349, 21.64, 29
2026/08/15 22:05:58.983, 12, 1, 12365, 22.07, 29
2026/08/15 22:06:00.984, 3, 0, 12381, 22.50, 29
2026/08/15 22:06:02.984, 20, 2, 12409, 22.21, 29
2026/08/15 22:06:04.985, 3, 0, 12381, 22.67, 29
2026/08/15 22:06:06.985, 26, 3, 12357, 22.30, 29
2026/08/15 22:06:08.985, 16, 3, 12345, 22.15, 29
2026/08/15 22:06:10.986, 41, 10, 12425, 22.54, 29
2026/08/15 22:06:12.987, 30, 3, 12333, 22.15, 29
2026/08/15 22:06:14.987, 27, 6, 12417, 23.07, 29
2026/08/15 22:06:16.988, 15, 1, 12365, 21.55, 29
2026/08/15 22:06:18.989, 10, 2, 12405, 22.35, 29
2026/08/15 22:06:20.989, 10, 2, 12417, 22.36, 29
2026/08/15 22:06:22.990, 0, 0, 12333, 22.33, 29
2026/08/15 22:06:24.990, 4, 1, 12361, 23.04, 29
2026/08/15 22:06:26.990, 16, 2, 12369, 22.91, 29
2026/08/15 22:06:28.991, 17, 2, 12361, 22.39, 29
2026/08/15 22:06:30.992, 0, 0, 12365, 21.95, 29
2026/08/15 22:06:32.992, 3, 1, 12365, 22.56, 29
2026/08/15 22:06:34.992, 20, 3, 12417, 22.23, 29
2026/08/15 22:06:36.994, 32, 8, 12345, 21.89, 29
2026/08/15 22:06:38.995, 29, 6, 12377, 22.55, 29
2026/08/15 22:06:40.996, 3, 0, 12365, 22.08, 29
2026/08/15 22:06:42.996, 22, 3, 12409, 22.28, 29
2026/08/15 22:06:44.997, 0, 0, 12313, 22.35, 29
2026/08/15 22:06:46.997, 4, 1, 12369, 22.63, 29
2026/08/15 22:06:48.997, 0, 0, 12389, 22.07, 29
2026/08/15 22:06:50.998, 4, 0, 12373, 22.30, 29
2026/08/15 22:06:52.999, 0, 0, 12405, 21.96, 29
2026/08/15 22:06:55.000, 46, 10, 12377, 22.15, 29
2026/08/15 22:06:57.000, 6, 1, 12369, 21.10, 29
2026/08/15 22:06:59.001, 21, 2, 12381, 22.43, 29
2026/08/15 22:07:01.001, 13, 1, 12357, 21.66, 29
2026/08/15 22:07:03.003, 30, 5, 12345, 22.82, 29
2026/08/15 22:07:05.004, 5, 1, 12397, 21.78, 29
2026/08/15 22:07:07.004, 27, 6, 12417, 22.76, 29
2026/08/15 22:07:09.005, 21, 2, 12357, 21.76, 29
2026/08/15 22:07:11.006, 33, 4, 12385, 22.79, 29
2026/08/15 22:07:13.007, 12, 2, 12369, 22.39, 29
2026/08/15 22:07:15.007, 29, 5, 12377, 23.59, 29
2026/08/15 22:07:17.008, 1, 1, 12397, 22.82, 29
2026/08/15 22:07:19.008, 15, 2, 12341, 22.21, 29
2026/08/15 22:07:21.009, 16, 3, 12417, 22.42, 29
2026/08/15 22:07:23.010, 1, 2, 12369, 22.49, 29
2026/08/15 22:07:25.011, 7, 2, 12385, 21.31, 29
2026/08/15 22:07:27.012, 0, 0, 12357, 22.60, 29
2026/08/15 22:07:29.012, 23, 4, 12365, 22.31, 29
2026/08/15 22:07:31.012, 12, 3, 12377, 22.52, 29
2026/08/15 22:07:33.013, 17, 2, 12417, 22.73, 29
2026/08/15 22:07:35.013, 7, 1, 12385, 22.48, 29
2026/08/15 22:07:37.014, 21, 4, 12377, 22.20, 29
2026/08/15 22:07:39.014, 3, 1, 12337, 22.59, 29
2026/08/15 22:07:41.016, 26, 4, 12365, 22.24, 29
2026/08/15 22:07:43.017, 18, 4, 12405, 22.72, 29
2026/08/15 22:07:45.017, 11, 1, 12437, 21.97, 29
2026/08/15 22:07:47.017, 35, 4, 12321, 22.67, 29
2026/08/15 22:07:49.018, 26, 5, 12437, 22.76, 29
2026/08/15 22:07:51.018, 42, 10, 12369, 22.55, 29
2026/08/15 22:07:53.020, 5, 2, 12357, 22.01, 29
2026/08/15 22:07:55.021, 24, 2, 12345, 21.84, 29
2026/08/15 22:07:57.022, 10, 2, 12381, 23.05, 29
2026/08/15 22:07:59.022, 18, 3, 12325, 21.57, 29
2026/08/15 22:08:01.023, 32, 6, 12381, 22.73, 29
2026/08/15 22:08:03.023, 18, 3, 12389, 23.06, 29
2026/08/15 22:08:05.024, 3, 1, 12325, 21.77, 29
2026/08/15 22:08:07.024, 3, 1, 12389, 23.22, 29
2026/08/15 22:08:09.027, 1, 1, 12333, 22.69, 29
2026/08/15 22:08:11.028, 5, 1, 12337, 22.00, 29
2026/08/15 22:08:13.028, 1, 1, 12357, 22.79, 29
2026/08/15 22:08:15.029, 10, 1, 12345, 22.35, 29
2026/08/15 22:08:17.029, 25, 4, 12349, 21.96, 29
2026/08/15 22:08:19.030, 14, 2, 12393, 22.43, 29
2026/08/15 22:08:21.030, 29, 5, 12425, 22.58, 29
2026/08/15 22:08:23.031, 0, 0, 12325, 21.53, 29
2026/08/15 22:08:25.032, 7, 0, 12325, 22.16, 29
2026/08/15 22:08:27.032, 0, 0, 12365, 21.74, 29
2026/08/15 22:08:29.033, 4, 0, 12353, 20.85, 29
2026/08/15 22:08:31.035, 33, 5, 12393, 22.44, 29
2026/08/15 22:08:33.035, 3, 1, 12329, 21.28, 29
2026/08/15 22:08:35.036, 3, 1, 12353, 22.07, 29
2026/08/15 22:08:37.036, 8, 1, 12425, 21.86, 29
2026/08/15 22:08:39.037, 17, 3, 12417, 21.97, 29
2026/08/15 22:08:41.037, 19, 2, 12377, 21.78, 29
2026/08/15 22:08:43.038, 0, 0, 12369, 21.04, 29
2026/08/15 22:08:45.038, 0, 0, 12401, 20.74, 29
2026/08/15 22:08:47.039, 0, 0, 12365, 21.92, 29
2026/08/15 22:08:49.041, 0, 0, 12369, 21.48, 29
2026/08/15 22:08:51.042, 18, 2, 12385, 22.32, 29
2026/08/15 22:08:53.042, 13, 2, 12341, 22.29, 29
2026/08/15 22:08:55.043, 9, 3, 12357, 21.60, 29
2026/08/15 22:08:57.043, 7, 1, 12425, 22.23, 29
2026/08/15 22:08:59.044, 1, 1, 12317, 21.71, 29
2026/08/15 22:09:01.044, 13, 2, 12353, 21.54, 29
2026/08/15 22:09:03.045, 0, 1, 12409, 22.18, 29
2026/08/15 22:09:05.045, 25, 2, 12389, 21.74, 29
2026/08/15 22:09:07.046, 7, 2, 12357, 21.68, 29
2026/08/15 22:09:09.047, 10, 1, 12361, 22.15, 29
2026/08/15 22:09:11.048, 6, 1, 12417, 22.18, 29
2026/08/15 22:09:13.048, 7, 1, 12345, 21.38, 29
2026/08/15 22:09:15.049, 26, 5, 12397, 22.92, 29
2026/08/15 22:09:17.049, 0, 0, 12405, 21.39, 29
2026/08/15 22:09:19.050, 0, 0, 12365, 21.67, 29
2026/08/15 22:09:21.051, 13, 2, 12393, 22.53, 29
2026/08/15 22:09:23.051, 24, 3, 12393, 22.38, 29
2026/08/15 22:09:25.052, 13, 1, 12377, 21.68, 29
2026/08/15 22:09:27.052, 8, 2, 12381, 21.43, 29
2026/08/15 22:09:29.053, 29, 4, 12417, 22.06, 29
2026/08/15 22:09:31.053, 7, 2, 12365, 21.22, 29
2026/08/15 22:09:33.054, 0, 0, 12345, 21.56, 29
2026/08/15 22:09:35.054, 25, 3, 12413, 22.16, 29
2026/08/15 22:09:37.055, 10, 1, 12325, 21.74, 29
2026/08/15 22:09:39.055, 0, 0, 12377, 21.76, 29
2026/08/15 22:09:41.055, 6, 1, 12389, 22.68, 29
2026/08/15 22:09:43.056, 28, 4, 12345, 21.85, 29
2026/08/15 22:09:45.056, 37, 8, 12409, 21.90, 29
2026/08/15 22:09:47.057, 3, 1, 12365, 21.65, 29
2026/08/15 22:09:49.057, 4, 1, 12365, 22.37, 29
2026/08/15 22:09:51.058, 26, 4, 12377, 22.50, 29
2026/08/15 22:09:53.058, 15, 2, 12377, 21.76, 29
2026/08/15 22:09:55.058, 16, 2, 12409, 21.51, 29
2026/08/15 22:09:57.059, 22, 4, 12357, 22.17, 29
2026/08/15 22:09:59.059, 5, 1, 12349, 22.14, 29
2026/08/15 22:10:01.060, 12, 1, 12353, 22.14, 29
2026/08/15 22:10:03.060, 18, 3, 12337, 22.27, 29
2026/08/15 22:10:05.061, 3, 2, 12349, 22.60, 29
2026/08/15 22:10:07.061, 23, 3, 12365, 23.43, 29
2026/08/15 22:10:09.062, 8, 1, 12409, 23.07, 29
2026/08/15 22:10:11.062, 29, 4, 12357, 23.00, 29
2026/08/15 22:10:13.063, 12, 2, 12369, 22.07, 29
2026/08/15 22:10:15.065, 42, 5, 12389, 23.25, 29
2026/08/15 22:10:17.065, 14, 2, 12377, 21.77, 29
2026/08/15 22:10:19.066, 10, 1, 12337, 21.75, 29
2026/08/15 22:10:21.066, 9, 1, 12349, 22.91, 29
2026/08/15 22:10:23.067, 12, 1, 12305, 22.04, 29
2026/08/15 22:10:25.067, 11, 1, 12401, 22.96, 29
2026/08/15 22:10:27.068, 16, 3, 12357, 22.89, 29
2026/08/15 22:10:29.068, 7, 1, 12369, 22.13, 29
2026/08/15 22:10:31.069, 30, 3, 12349, 22.59, 29
2026/08/15 22:10:33.070, 18, 2, 12389, 21.96, 29
2026/08/15 22:10:35.070, 7, 1, 12369, 22.95, 29
2026/08/15 22:10:37.070, 17, 2, 12369, 22.83, 29
2026/08/15 22:10:39.071, 5, 1, 12329, 22.64, 29
2026/08/15 22:10:41.071, 3, 1, 12381, 23.15, 29
2026/08/15 22:10:43.072, 36, 4, 12353, 22.88, 29
2026/08/15 22:10:45.073, 1, 2, 12381, 22.45, 29
2026/08/15 22:10:47.074, 31, 3, 12313, 22.47, 29
2026/08/15 22:10:49.074, 7, 1, 12377, 21.98, 29
2026/08/15 22:10:51.075, 4, 1, 12389, 21.85, 29
2026/08/15 22:10:53.076, 12, 2, 12341, 21.89, 29
2026/08/15 22:10:55.076, 33, 4, 12345, 21.62, 29
2026/08/15 22:10:57.077, 18, 2, 12401, 23.06, 29
2026/08/15 22:10:59.078, 24, 2, 12385, 21.12, 29
2026/08/15 22:11:01.079, 12, 1, 12357, 21.97, 29
2026/08/15 22:11:03.079, 0, 0, 12365, 21.69, 29
2026/08/15 22:11:05.080, 20, 2, 12397, 20.89, 29
2026/08/15 22:11:07.080, 15, 2, 12389, 21.38, 29
2026/08/15 22:11:09.081, 5, 1, 12357, 21.48, 29
2026/08/15 22:11:11.081, 15, 2, 12369, 21.56, 29
2026/08/15 22:11:13.085, 18, 2, 12385, 21.92, 29
2026/08/15 22:11:15.086, 4, 1, 12317, 21.12, 29
2026/08/15 22:11:17.086, 13, 3, 12329, 21.66, 29
2026/08/15 22:11:19.087, 3, 1, 12369, 22.39, 29
2026/08/15 22:11:21.087, 12, 2, 12337, 21.74, 29
2026/08/15 22:11:23.088, 32, 3, 12409, 23.06, 29
2026/08/15 22:11:25.088, 18, 2, 12397, 22.17, 29
2026/08/15 22:11:27.089, 10, 2, 12353, 22.03, 29
2026/08/15 22:11:29.089, 0, 0, 12389, 22.14, 29
2026/08/15 22:11:31.089, 22, 4, 12353, 21.55, 29
2026/08/15 22:11:33.090, 12, 1, 12353, 21.51, 29
2026/08/15 22:11:35.091, 18, 3, 12385, 22.23, 29
2026/08/15 22:11:37.092, 13, 1, 12393, 21.32, 29
2026/08/15 22:11:39.092, 15, 2, 12333, 22.04, 29
2026/08/15 22:11:41.093, 15, 2, 12345, 21.29, 29
2026/08/15 22:11:43.094, 12, 1, 12341, 21.39, 29
2026/08/15 22:11:45.095, 25, 2, 12345, 22.86, 29
2026/08/15 22:11:47.096, 26, 3, 12377, 21.80, 29
2026/08/15 22:11:49.096, 4, 1, 12401, 22.07, 29
2026/08/15 22:11:51.097, 0, 0, 12333, 21.45, 29
2026/08/15 22:11:53.097, 15, 1, 12353, 21.73, 29
2026/08/15 22:11:55.098, 10, 1, 12377, 22.33, 29
2026/08/15 22:11:57.104, 20, 2, 12345, 22.29, 29
2026/08/15 22:11:59.105, 0, 0, 12357, 21.09, 29
2026/08/15 22:12:01.105, 40, 8, 12377, 22.93, 29
2026/08/15 22:12:03.106, 0, 0, 12377, 21.24, 29
2026/08/15 22:12:05.107, 23, 4, 12365, 21.63, 29
2026/08/15 22:12:07.107, 26, 3, 12357, 21.61, 29
2026/08/15 22:12:09.107, 10, 1, 12429, 22.21, 29
2026/08/15 22:12:11.108, 11, 0, 12361, 22.14, 29
2026/08/15 22:12:13.109, 0, 0, 12345, 23.06, 29
2026/08/15 22:12:15.110, 0, 0, 12345, 21.83, 29
2026/08/15 22:12:17.112, 14, 2, 12389, 22.02, 29
2026/08/15 22:12:19.118, 36, 5, 12389, 22.05, 29
2026/08/15 22:12:21.119, 20, 2, 12349, 23.09, 29
2026/08/15 22:12:23.119, 12, 1, 12357, 22.29, 29
2026/08/15 22:12:25.119, 37, 6, 12341, 22.31, 29
2026/08/15 22:12:27.120, 8, 1, 12401, 22.21, 28
2026/08/15 22:12:29.121, 1, 1, 12337, 21.58, 28
2026/08/15 22:12:31.121, 12, 1, 12349, 22.59, 29
2026/08/15 22:12:33.122, 20, 2, 12353, 21.89, 28
2026/08/15 22:12:35.122, 6, 1, 12369, 22.01, 28
2026/08/15 22:12:37.123, 14, 1, 12365, 22.33, 28
2026/08/15 22:12:39.123, 26, 4, 12377, 22.13, 28
2026/08/15 22:12:41.124, 14, 3, 12329, 21.79, 28
2026/08/15 22:12:43.125, 1, 0, 12377, 23.03, 28
2026/08/15 22:12:45.125, 35, 5, 12341, 22.22, 28
2026/08/15 22:12:47.126, 5, 1, 12361, 22.35, 28
2026/08/15 22:12:49.128, 10, 1, 12365, 23.10, 28
2026/08/15 22:12:51.129, 4, 1, 12329, 21.72, 28
2026/08/15 22:12:53.129, 4, 1, 12393, 22.64, 28
2026/08/15 22:12:55.130, 5, 1, 12333, 22.48, 28
2026/08/15 22:12:57.131, 3, 1, 12393, 22.79, 28
2026/08/15 22:12:59.133, 26, 3, 12353, 22.58, 29
2026/08/15 22:13:01.134, 28, 6, 12361, 22.83, 29
2026/08/15 22:13:03.136, 17, 2, 12357, 21.95, 28
2026/08/15 22:13:05.137, 18, 3, 12365, 23.01, 29
2026/08/15 22:13:07.137, 55, 9, 12317, 22.42, 29
2026/08/15 22:13:09.138, 6, 1, 12345, 21.80, 29
2026/08/15 22:13:11.139, 27, 3, 12365, 22.58, 29
2026/08/15 22:13:13.140, 2, 1, 12401, 21.72, 29
2026/08/15 22:13:15.141, 8, 1, 12345, 22.04, 29
2026/08/15 22:13:17.142, 0, 1, 12317, 22.68, 29
2026/08/15 22:13:19.143, 40, 8, 12377, 23.12, 29
2026/08/15 22:13:21.143, 0, 0, 12277, 23.37, 29
2026/08/15 22:13:23.143, 17, 2, 12377, 22.75, 29
2026/08/15 22:13:25.144, 6, 1, 12389, 22.58, 29
2026/08/15 22:13:27.144, 7, 1, 12369, 21.97, 29
2026/08/15 22:13:29.145, 4, 0, 12353, 22.42, 29
2026/08/15 22:13:31.146, 7, 1, 12377, 22.65, 29
2026/08/15 22:13:33.146, 27, 5, 12317, 22.58, 29
2026/08/15 22:13:35.147, 3, 0, 12377, 22.52, 29
2026/08/15 22:13:37.147, 38, 7, 12381, 22.72, 29
2026/08/15 22:13:39.148, 14, 2, 12325, 22.96, 29
2026/08/15 22:13:41.148, 17, 2, 12389, 22.78, 29
2026/08/15 22:13:43.149, 15, 3, 12337, 23.45, 29
2026/08/15 22:13:45.149, 0, 0, 12297, 22.23, 29
2026/08/15 22:13:47.150, 30, 4, 12357, 22.94, 29
2026/08/15 22:13:49.150, 4, 1, 12349, 22.64, 29
2026/08/15 22:13:51.151, 20, 2, 12357, 22.76, 29
2026/08/15 22:13:53.151, 11, 1, 12333, 22.24, 29
2026/08/15 22:13:55.152, 11, 0, 12377, 22.83, 29
2026/08/15 22:13:57.152, 0, 1, 12345, 22.54, 29
2026/08/15 22:13:59.153, 2, 1, 12349, 23.15, 29
2026/08/15 22:14:01.153, 8, 2, 12361, 22.70, 29
2026/08/15 22:14:03.154, 5, 1, 12353, 22.34, 29
2026/08/15 22:14:05.154, 28, 5, 12345, 23.22, 29
2026/08/15 22:14:07.155, 15, 3, 12381, 22.85, 29
2026/08/15 22:14:09.155, 8, 1, 12333, 22.14, 29
2026/08/15 22:14:11.156, 13, 3, 12361, 23.69, 29
2026/08/15 22:14:13.157, 8, 1, 12353, 22.80, 29
2026/08/15 22:14:15.157, 0, 0, 12389, 22.48, 29
2026/08/15 22:14:17.158, 7, 1, 12365, 22.94, 29
2026/08/15 22:14:19.159, 12, 0, 12349, 22.12, 29
2026/08/15 22:14:21.159, 1, 1, 12337, 22.86, 29
2026/08/15 22:14:23.159, 15, 1, 12381, 22.80, 29
2026/08/15 22:14:25.160, 38, 6, 12365, 22.29, 29
2026/08/15 22:14:27.160, 12, 2, 12317, 22.90, 29
2026/08/15 22:14:29.161, 0, 0, 12337, 23.04, 29
2026/08/15 22:14:31.162, 14, 2, 12357, 22.46, 29
2026/08/15 22:14:33.162, 33, 7, 12381, 23.15, 29
2026/08/15 22:14:35.163, 1, 0, 12349, 21.65, 29
2026/08/15 22:14:37.164, 13, 2, 12357, 23.33, 29
2026/08/15 22:14:39.164, 12, 1, 12381, 23.30, 29
2026/08/15 22:14:41.164, 12, 2, 12365, 22.02, 29
2026/08/15 22:14:43.165, 5, 0, 12369, 21.67, 29
2026/08/15 22:14:45.166, 9, 1, 12365, 22.19, 29
2026/08/15 22:14:47.166, 7, 1, 12389, 22.85, 30
2026/08/15 22:14:49.167, 16, 2, 12309, 22.51, 29
2026/08/15 22:14:51.168, 12, 2, 12381, 23.61, 30
2026/08/15 22:14:53.168, 7, 1, 12345, 22.33, 30
2026/08/15 22:14:55.169, 7, 1, 12325, 23.03, 30
2026/08/15 22:14:57.169, 20, 2, 12369, 23.93, 30
2026/08/15 22:14:59.170, 27, 3, 12353, 22.38, 30
2026/08/15 22:15:01.170, 7, 0, 12341, 22.18, 30
2026/08/15 22:15:03.170, 17, 3, 12389, 23.02, 30
2026/08/15 22:15:05.171, 10, 1, 12353, 22.65, 30
2026/08/15 22:15:07.173, 46, 6, 12365, 23.03, 30
2026/08/15 22:15:09.173, 8, 1, 12369, 23.07, 30
2026/08/15 22:15:11.174, 18, 2, 12333, 22.21, 30
2026/08/15 22:15:13.175, 3, 0, 12401, 21.87, 30
2026/08/15 22:15:15.176, 15, 1, 12365, 22.32, 30
2026/08/15 22:15:17.177, 15, 1, 12345, 22.80, 30
2026/08/15 22:15:19.177, 51, 9, 12357, 24.01, 30
2026/08/15 22:15:21.178, 22, 3, 12377, 22.52, 30
2026/08/15 22:15:23.178, 33, 6, 12357, 23.20, 30
2026/08/15 22:15:25.179, 26, 2, 12353, 22.21, 30
2026/08/15 22:15:27.180, 0, 0, 12389, 22.67, 30
2026/08/15 22:15:29.181, 3, 0, 12333, 22.75, 30
2026/08/15 22:15:31.181, 9, 0, 12377, 23.24, 30
2026/08/15 22:15:33.182, 0, 0, 12337, 22.40, 30
2026/08/15 22:15:35.182, 8, 1, 12381, 21.93, 30
2026/08/15 22:15:37.183, 0, 0, 12337, 21.78, 30
2026/08/15 22:15:39.183, 0, 0, 12389, 22.17, 30
2026/08/15 22:15:41.184, 1, 1, 12317, 21.94, 30
2026/08/15 22:15:43.185, 23, 2, 12345, 23.01, 30
2026/08/15 22:15:45.185, 0, 0, 12349, 21.84, 30
2026/08/15 22:15:47.186, 2, 1, 12389, 22.22, 30
2026/08/15 22:15:49.186, 0, 0, 12393, 22.02, 30
2026/08/15 22:15:51.187, 6, 1, 12373, 22.60, 30
2026/08/15 22:15:53.187, 3, 0, 12373, 23.16, 30
2026/08/15 22:15:55.188, 18, 2, 12345, 21.92, 30
2026/08/15 22:15:57.188, 35, 6, 12369, 23.44, 30
2026/08/15 22:15:59.189, 3, 0, 12365, 21.50, 30
2026/08/15 22:16:01.200, 12, 1, 12381, 22.71, 30
2026/08/15 22:16:03.200, 9, 2, 12373, 22.04, 30
2026/08/15 22:16:05.200, 27, 5, 12377, 22.49, 30
2026/08/15 22:16:07.201, 4, 1, 12345, 22.80, 30
2026/08/15 22:16:09.202, 17, 2, 12405, 22.35, 30
2026/08/15 22:16:11.202, 1, 1, 12317, 21.71, 30
2026/08/15 22:16:13.202, 24, 3, 12377, 24.19, 30
2026/08/15 22:16:15.203, 3, 1, 12401, 22.95, 30
2026/08/15 22:16:17.204, 18, 4, 12353, 22.06, 30
2026/08/15 22:16:19.205, 11, 1, 12361, 22.67, 30
2026/08/15 22:16:21.206, 18, 3, 12377, 22.01, 30
2026/08/15 22:16:23.206, 3, 1, 12357, 21.92, 30
2026/08/15 22:16:25.206, 9, 2, 12381, 22.54, 30
2026/08/15 22:16:27.208, 5, 1, 12369, 22.35, 30
2026/08/15 22:16:29.208, 11, 2, 12333, 22.51, 30
2026/08/15 22:16:31.209, 6, 1, 12393, 22.89, 30
2026/08/15 22:16:33.209, 40, 5, 12369, 22.34, 30
2026/08/15 22:16:35.210, 0, 0, 12369, 22.99, 30
2026/08/15 22:16:37.211, 19, 2, 12357, 21.53, 30
2026/08/15 22:16:39.212, 5, 2, 12381, 22.10, 30
2026/08/15 22:16:41.212, 35, 7, 12381, 23.12, 31
2026/08/15 22:16:43.213, 15, 2, 12357, 22.34, 31
2026/08/15 22:16:45.214, 11, 1, 12381, 22.74, 31
2026/08/15 22:16:47.214, 5, 1, 12321, 23.14, 31
2026/08/15 22:16:49.218, 0, 0, 12353, 21.40, 31
2026/08/15 22:16:51.219, 24, 2, 12377, 21.78, 31
2026/08/15 22:16:53.219, 29, 4, 12297, 22.19, 31
2026/08/15 22:16:55.220, 29, 5, 12357, 22.94, 31
2026/08/15 22:16:57.221, 0, 0, 12357, 22.94, 31
2026/08/15 22:16:59.221, 4, 1, 12377, 22.43, 31
2026/08/15 22:17:01.222, 0, 0, 12341, 21.68, 31
2026/08/15 22:17:03.223, 5, 1, 12381, 22.76, 31
2026/08/15 22:17:05.223, 12, 1, 12313, 21.62, 31
2026/08/15 22:17:07.224, 2, 1, 12365, 21.92, 31
2026/08/15 22:17:09.224, 15, 2, 12381, 22.89, 31
2026/08/15 22:17:11.224, 7, 0, 12341, 21.54, 31
2026/08/15 22:17:13.225, 9, 1, 12389, 22.82, 31
2026/08/15 22:17:15.226, 17, 2, 12353, 22.14, 31
2026/08/15 22:17:17.226, 14, 2, 12357, 22.28, 31
2026/08/15 22:17:19.230, 13, 2, 12377, 22.23, 31
2026/08/15 22:17:21.231, 36, 4, 12357, 23.64, 31
2026/08/15 22:17:23.231, 0, 0, 12325, 22.86, 31
2026/08/15 22:17:25.232, 4, 1, 12357, 21.66, 31
2026/08/15 22:17:27.233, 33, 4, 12345, 22.42, 31
2026/08/15 22:17:29.233, 27, 3, 12325, 21.81, 31
2026/08/15 22:17:31.234, 28, 5, 12369, 21.64, 31
2026/08/15 22:17:33.235, 13, 1, 12337, 22.65, 31
2026/08/15 22:17:35.237, 5, 0, 12321, 22.05, 31
2026/08/15 22:17:37.238, 13, 2, 12353, 22.52, 31
2026/08/15 22:17:39.238, 0, 0, 12377, 21.97, 31
2026/08/15 22:17:41.239, 11, 1, 12345, 21.71, 31
2026/08/15 22:17:43.239, 29, 3, 12389, 21.54, 31
2026/08/15 22:17:45.239, 17, 2, 12333, 21.69, 31
2026/08/15 22:17:47.242, 9, 1, 12349, 21.06, 31
2026/08/15 22:17:49.242, 9, 1, 12357, 22.01, 31
2026/08/15 22:17:51.243, 22, 2, 12321, 21.43, 31
2026/08/15 22:17:53.243, 4, 0, 12389, 21.83, 31
2026/08/15 22:17:55.243, 0, 0, 12333, 21.20, 31
2026/08/15 22:17:57.245, 9, 1, 12329, 21.35, 31
2026/08/15 22:17:59.246, 6, 1, 12377, 21.78, 31
2026/08/15 22:18:01.246, 0, 0, 12341, 21.17, 31
2026/08/15 22:18:03.247, 37, 6, 12365, 21.65, 31
2026/08/15 22:18:05.248, 0, 0, 12341, 22.12, 31
2026/08/15 22:18:07.251, 5, 1, 12345, 21.68, 31
2026/08/15 22:18:09.252, 29, 4, 12357, 22.11, 31
2026/08/15 22:18:11.252, 31, 6, 12389, 22.51, 31
2026/08/15 22:18:13.252, 4, 2, 12317, 21.99, 31
2026/08/15 22:18:15.253, 0, 0, 12381, 22.03, 31
2026/08/15 22:18:17.256, 14, 3, 12357, 22.55, 31
2026/08/15 22:18:19.256, 6, 2, 12361, 21.97, 31
2026/08/15 22:18:21.257, 10, 1, 12405, 22.74, 31
2026/08/15 22:18:23.257, 0, 0, 12325, 22.29, 31
2026/08/15 22:18:25.257, 2, 1, 12405, 22.71, 31
2026/08/15 22:18:27.258, 16, 3, 12369, 23.89, 31
2026/08/15 22:18:29.258, 0, 1, 12353, 21.89, 31
2026/08/15 22:18:31.259, 11, 1, 12393, 22.31, 31
2026/08/15 22:18:33.260, 9, 2, 12333, 22.76, 31
2026/08/15 22:18:35.261, 7, 1, 12353, 22.83, 31
2026/08/15 22:18:37.262, 12, 2, 12345, 22.17, 31
2026/08/15 22:18:39.262, 11, 2, 12437, 22.80, 31
2026/08/15 22:18:41.263, 13, 1, 12313, 22.48, 31
2026/08/15 22:18:43.263, 0, 0, 12373, 22.02, 31
2026/08/15 22:18:45.264, 26, 5, 12381, 22.86, 31
2026/08/15 22:18:47.265, 13, 1, 12381, 21.97, 31
2026/08/15 22:18:49.265, 12, 2, 12357, 21.84, 31
2026/08/15 22:18:51.265, 22, 4, 12409, 22.84, 31
2026/08/15 22:18:53.266, 1, 0, 12373, 23.38, 31
2026/08/15 22:18:55.266, 3, 0, 12357, 22.29, 31
2026/08/15 22:18:57.267, 14, 1, 12433, 23.47, 31
2026/08/15 22:18:59.268, 0, 0, 12357, 22.33, 31
2026/08/15 22:19:01.269, 0, 0, 12389, 22.22, 31
2026/08/15 22:19:03.274, 24, 3, 12353, 23.17, 31
2026/08/15 22:19:05.275, 1, 1, 12373, 22.33, 31
2026/08/15 22:19:07.276, 15, 3, 12377, 22.55, 32
2026/08/15 22:19:09.277, 0, 0, 12405, 21.79, 31
2026/08/15 22:19:11.277, 33, 7, 12413, 22.64, 32
2026/08/15 22:19:13.278, 3, 2, 12337, 21.92, 32
2026/08/15 22:19:15.278, 0, 1, 12393, 22.90, 32
2026/08/15 22:19:17.279, 11, 3, 12337, 22.35, 32
2026/08/15 22:19:19.281, 13, 2, 12325, 21.85, 32
2026/08/15 22:19:21.282, 11, 2, 12389, 22.22, 32
2026/08/15 22:19:23.282, 19, 2, 12373, 22.42, 32
2026/08/15 22:19:25.282, 0, 0, 12325, 22.23, 32
2026/08/15 22:19:27.283, 25, 4, 12401, 22.87, 32
2026/08/15 22:19:29.284, 30, 5, 12425, 22.62, 32
2026/08/15 22:19:31.284, 13, 2, 12333, 21.16, 32
2026/08/15 22:19:33.284, 0, 0, 12377, 21.77, 32
2026/08/15 22:19:35.285, 15, 2, 12413, 22.03, 32
2026/08/15 22:19:37.286, 5, 0, 12357, 21.72, 32
2026/08/15 22:19:39.287, 5, 1, 12357, 22.17, 32
2026/08/15 22:19:41.288, 2, 0, 12401, 21.30, 32
2026/08/15 22:19:43.289, 5, 2, 12345, 21.84, 32
2026/08/15 22:19:45.289, 7, 1, 12365, 21.67, 32
2026/08/15 22:19:47.289, 4, 0, 12345, 21.79, 32
2026/08/15 22:19:49.293, 17, 2, 12325, 21.85, 32
2026/08/15 22:19:51.294, 18, 4, 12389, 22.31, 32
2026/08/15 22:19:53.295, 4, 2, 12329, 21.33, 32
2026/08/15 22:19:55.300, 0, 0, 12333, 22.09, 32
2026/08/15 22:19:57.301, 9, 1, 12365, 23.65, 32
2026/08/15 22:19:59.301, 11, 2, 12369, 22.17, 32
2026/08/15 22:20:01.302, 22, 2, 12333, 21.65, 32
2026/08/15 22:20:03.303, 20, 5, 12437, 22.80, 32
2026/08/15 22:20:05.303, 15, 1, 12333, 21.77, 32
2026/08/15 22:20:07.303, 2, 0, 12381, 22.01, 32
2026/08/15 22:20:09.304, 24, 5, 12401, 23.14, 32
2026/08/15 22:20:11.305, 15, 2, 12377, 21.69, 32
2026/08/15 22:20:13.311, 4, 0, 12389, 22.65, 32
2026/08/15 22:20:15.312, 3, 1, 12365, 21.83, 32
2026/08/15 22:20:17.313, 9, 1, 12353, 22.28, 32
2026/08/15 22:20:19.313, 13, 2, 12365, 22.47, 32
2026/08/15 22:20:21.313, 12, 2, 12413, 21.60, 32
2026/08/15 22:20:23.314, 10, 1, 12389, 22.50, 32
2026/08/15 22:20:25.315, 11, 0, 12297, 21.96, 32
2026/08/15 22:20:27.315, 0, 0, 12373, 21.83, 32
2026/08/15 22:20:29.316, 19, 2, 12333, 22.14, 32
2026/08/15 22:20:31.316, 27, 4, 12405, 23.16, 32
2026/08/15 22:20:33.316, 12, 2, 12393, 21.48, 32
2026/08/15 22:20:35.317, 14, 2, 12389, 22.56, 32
2026/08/15 22:20:37.317, 0, 0, 12373, 21.41, 32
2026/08/15 22:20:39.318, 38, 7, 12357, 23.20, 32
2026/08/15 22:20:41.318, 23, 4, 12349, 21.73, 32
2026/08/15 22:20:43.319, 3, 0, 12369, 21.66, 32
2026/08/15 22:20:45.319, 1, 1, 12357, 21.71, 32
2026/08/15 22:20:47.320, 5, 1, 12361, 21.50, 32
2026/08/15 22:20:49.320, 16, 4, 12393, 21.97, 32
2026/08/15 22:20:51.321, 17, 4, 12361, 22.03, 32
2026/08/15 22:20:53.321, 26, 5, 12325, 21.87, 32
2026/08/15 22:20:55.322, 13, 0, 12381, 21.94, 32
2026/08/15 22:20:57.322, 5, 0, 12365, 22.56, 32
2026/08/15 22:20:59.323, 22, 4, 12333, 21.60, 32
2026/08/15 22:21:01.323, 8, 2, 12357, 22.50, 32
2026/08/15 22:21:03.324, 30, 5, 12357, 21.85, 32
2026/08/15 22:21:05.325, 5, 2, 12341, 22.34, 32
2026/08/15 22:21:07.325, 19, 2, 12357, 21.69, 32
2026/08/15 22:21:09.326, 0, 0, 12389, 21.99, 32
2026/08/15 22:21:11.326, 18, 2, 12353, 21.65, 32
2026/08/15 22:21:13.327, 7, 2, 12369, 22.48, 32
2026/08/15 22:21:15.327, 9, 2, 12357, 21.92, 32
2026/08/15 22:21:17.328, 9, 0, 12377, 22.06, 32
2026/08/15 22:21:19.329, 15, 2, 12369, 21.90, 32
2026/08/15 22:21:21.330, 4, 1, 12345, 22.38, 32
2026/08/15 22:21:23.331, 4, 0, 12389, 22.17, 32
2026/08/15 22:21:25.332, 12, 1, 12353, 22.10, 32
2026/08/15 22:21:27.332, 22, 4, 12389, 22.48, 32
2026/08/15 22:21:29.333, 9, 1, 12365, 22.65, 32
2026/08/15 22:21:31.337, 56, 11, 12325, 22.51, 32
2026/08/15 22:21:33.338, 38, 9, 12401, 21.94, 32
2026/08/15 22:21:35.338, 20, 3, 12361, 22.03, 32
2026/08/15 22:21:37.338, 6, 1, 12325, 22.27, 32
2026/08/15 22:21:39.339, 10, 1, 12381, 21.68, 32
2026/08/15 22:21:41.340, 15, 2, 12353, 21.44, 32
2026/08/15 22:21:43.341, 0, 0, 12377, 22.60, 32
2026/08/15 22:21:45.345, 4, 1, 12353, 22.30, 32
2026/08/15 22:21:47.345, 4, 0, 12353, 21.66, 32
2026/08/15 22:21:49.346, 14, 1, 12369, 22.55, 32
2026/08/15 22:21:51.346, 46, 6, 12353, 22.08, 32
2026/08/15 22:21:53.347, 20, 3, 12369, 22.84, 32
2026/08/15 22:21:55.347, 6, 2, 12337, 21.52, 32
2026/08/15 22:21:57.348, 0, 0, 12365, 21.85, 32
2026/08/15 22:21:59.349, 1, 1, 12349, 22.44, 32
2026/08/15 22:22:01.350, 21, 2, 12345, 21.82, 32
2026/08/15 22:22:03.351, 16, 2, 12369, 22.03, 32
2026/08/15 22:22:05.352, 10, 2, 12377, 22.09, 32
2026/08/15 22:22:07.352, 1, 1, 12325, 22.46, 32
2026/08/15 22:22:09.353, 0, 0, 12369, 22.03, 32
2026/08/15 22:22:11.354, 5, 1, 12357, 22.45, 32
2026/08/15 22:22:13.354, 8, 1, 12369, 23.06, 32
2026/08/15 22:22:15.354, 3, 1, 12345, 21.82, 32
2026/08/15 22:22:17.355, 11, 1, 12365, 22.40, 32
2026/08/15 22:22:19.355, 1, 2, 12349, 22.40, 32
2026/08/15 22:22:21.356, 18, 1, 12345, 22.43, 32
2026/08/15 22:22:23.357, 11, 2, 12333, 21.85, 32
2026/08/15 22:22:25.358, 0, 0, 12389, 22.51, 32
2026/08/15 22:22:27.358, 4, 1, 12365, 21.20, 32
2026/08/15 22:22:29.359, 12, 2, 12377, 21.61, 32
2026/08/15 22:22:31.360, 18, 4, 12381, 21.55, 32
2026/08/15 22:22:33.360, 36, 8, 12345, 22.15, 32
2026/08/15 22:22:35.361, 6, 1, 12389, 22.19, 32
2026/08/15 22:22:37.361, 15, 2, 12349, 21.69, 32
2026/08/15 22:22:39.362, 16, 3, 12369, 22.54, 32
2026/08/15 22:22:41.364, 22, 2, 12345, 22.40, 32
2026/08/15 22:22:43.365, 13, 1, 12365, 22.01, 32
2026/08/15 22:22:45.365, 27, 4, 12377, 22.20, 32
2026/08/15 22:22:47.365, 7, 2, 12349, 21.81, 32
2026/08/15 22:22:49.366, 5, 0, 12389, 21.50, 32
2026/08/15 22:22:51.367, 11, 0, 12393, 21.71, 32
2026/08/15 22:22:53.367, 9, 1, 12345, 22.47, 32
2026/08/15 22:22:55.367, 2, 1, 12397, 22.62, 32
2026/08/15 22:22:57.368, 5, 1, 12337, 22.53, 32
2026/08/15 22:22:59.368, 15, 2, 12377, 22.88, 32
2026/08/15 22:23:01.369, 0, 0, 12325, 22.88, 32
2026/08/15 22:23:03.369, 11, 2, 12365, 22.93, 32
2026/08/15 22:23:05.370, 14, 1, 12313, 22.38, 32
2026/08/15 22:23:07.370, 23, 2, 12365, 22.29, 32
2026/08/15 22:23:09.371, 5, 0, 12365, 22.24, 32
2026/08/15 22:23:11.371, 15, 3, 12325, 22.18, 32
2026/08/15 22:23:13.372, 5, 1, 12389, 23.52, 32
2026/08/15 22:23:15.375, 5, 0, 12357, 22.22, 32
2026/08/15 22:23:17.376, 12, 1, 12401, 21.58, 31
2026/08/15 22:23:19.377, 30, 5, 12321, 22.46, 31
2026/08/15 22:23:21.377, 4, 1, 12377, 22.15, 31
2026/08/15 22:23:23.377, 15, 2, 12365, 22.12, 31
2026/08/15 22:23:25.378, 17, 3, 12385, 22.16, 31
2026/08/15 22:23:27.378, 28, 4, 12377, 22.92, 31
2026/08/15 22:23:29.379, 10, 1, 12377, 22.10, 31
2026/08/15 22:23:31.379, 3, 0, 12389, 21.49, 31
2026/08/15 22:23:33.380, 21, 4, 12329, 22.57, 31
2026/08/15 22:23:35.380, 7, 1, 12389, 22.81, 31
2026/08/15 22:23:37.381, 8, 1, 12337, 22.78, 31
2026/08/15 22:23:39.381, 24, 4, 12365, 23.17, 31
2026/08/15 22:23:41.382, 10, 1, 12345, 21.67, 31
2026/08/15 22:23:43.382, 5, 0, 12357, 22.67, 31
2026/08/15 22:23:45.383, 27, 3, 12381, 22.19, 31
2026/08/15 22:23:47.384, 3, 0, 12365, 22.12, 31
2026/08/15 22:23:49.384, 19, 3, 12377, 22.56, 31
2026/08/15 22:23:51.385, 2, 0, 12369, 21.70, 31
2026/08/15 22:23:53.386, 4, 1, 12345, 22.03, 31
2026/08/15 22:23:55.387, 6, 1, 12365, 21.54, 31
2026/08/15 22:23:57.387, 13, 1, 12349, 21.54, 31
2026/08/15 22:23:59.388, 8, 2, 12357, 21.74, 31
2026/08/15 22:24:01.389, 1, 1, 12353, 21.65, 31
2026/08/15 22:24:03.390, 3, 0, 12377, 22.38, 31
2026/08/15 22:24:05.398, 9, 1, 12365, 22.94, 31
2026/08/15 22:24:07.399, 0, 0, 12369, 21.58, 31
2026/08/15 22:24:09.399, 0, 0, 12357, 21.62, 31
2026/08/15 22:24:11.399, 14, 1, 12365, 21.70, 31
2026/08/15 22:24:13.400, 6, 1, 12377, 21.80, 31
2026/08/15 22:24:15.401, 28, 3, 12353, 22.42, 31
2026/08/15 22:24:17.401, 14, 1, 12365, 22.31, 31
2026/08/15 22:24:19.402, 17, 3, 12357, 21.62, 31
2026/08/15 22:24:21.402, 0, 1, 12345, 21.76, 31
2026/08/15 22:24:23.403, 7, 1, 12369, 22.07, 31
2026/08/15 22:24:25.404, 24, 2, 12341, 22.04, 31
2026/08/15 22:24:27.405, 0, 0, 12389, 23.22, 31
2026/08/15 22:24:29.405, 10, 1, 12345, 21.83, 31
2026/08/15 22:24:31.406, 3, 1, 12345, 22.15, 31
2026/08/15 22:24:33.406, 6, 1, 12345, 22.07, 31
2026/08/15 22:24:35.407, 7, 1, 12341, 22.00, 31
2026/08/15 22:24:37.408, 13, 1, 12381, 22.61, 31
2026/08/15 22:24:39.408, 11, 1, 12325, 21.74, 31
2026/08/15 22:24:41.408, 14, 2, 12389, 22.73, 31
2026/08/15 22:24:43.409, 5, 1, 12369, 21.87, 31
2026/08/15 22:24:45.410, 10, 2, 12345, 22.21, 31
2026/08/15 22:24:47.410, 11, 2, 12409, 21.75, 31
2026/08/15 22:24:49.413, 10, 1, 12385, 21.33, 31
2026/08/15 22:24:51.414, 7, 2, 12369, 22.04, 30
2026/08/15 22:24:53.414, 34, 3, 12365, 22.28, 31
2026/08/15 22:24:55.415, 4, 1, 12361, 21.74, 30
2026/08/15 22:24:57.416, 21, 3, 12321, 22.10, 30
2026/08/15 22:24:59.416, 28, 5, 12389, 22.86, 30
2026/08/15 22:25:01.417, 6, 1, 12313, 21.52, 30
2026/08/15 22:25:03.417, 6, 1, 12377, 22.35, 30
2026/08/15 22:25:05.418, 6, 1, 12401, 21.77, 30
2026/08/15 22:25:07.418, 27, 5, 12385, 22.63, 30
2026/08/15 22:25:09.418, 9, 1, 12369, 23.06, 30
2026/08/15 22:25:11.419, 16, 2, 12377, 22.84, 30
2026/08/15 22:25:13.419, 23, 2, 12353, 22.59, 30
2026/08/15 22:25:15.420, 15, 2, 12349, 22.44, 30
2026/08/15 22:25:17.421, 6, 2, 12329, 21.59, 30
2026/08/15 22:25:19.421, 0, 1, 12373, 21.33, 30
2026/08/15 22:25:21.421, 3, 1, 12397, 21.99, 30
2026/08/15 22:25:23.422, 17, 4, 12337, 21.77, 30
2026/08/15 22:25:25.422, 10, 0, 12397, 21.51, 30
2026/08/15 22:25:27.423, 0, 0, 12397, 21.95, 30
2026/08/15 22:25:29.427, 11, 2, 12325, 21.67, 30
2026/08/15 22:25:31.428, 1, 1, 12369, 22.24, 30
2026/08/15 22:25:33.428, 25, 5, 12377, 21.06, 30
2026/08/15 22:25:35.429, 21, 3, 12349, 21.22, 30
2026/08/15 22:25:37.429, 3, 1, 12377, 21.13, 30
2026/08/15 22:25:39.430, 8, 0, 12401, 21.39, 30
2026/08/15 22:25:41.431, 5, 1, 12365, 21.51, 30
2026/08/15 22:25:43.431, 2, 1, 12357, 21.91, 30
2026/08/15 22:25:45.432, 12, 3, 12357, 21.95, 30
2026/08/15 22:25:47.432, 15, 2, 12381, 22.12, 30
2026/08/15 22:25:49.432, 4, 1, 12313, 20.88, 30
2026/08/15 22:25:51.433, 0, 0, 12369, 20.94, 30
2026/08/15 22:25:53.433, 18, 4, 12369, 21.62, 30
2026/08/15 22:25:55.434, 6, 1, 12345, 20.94, 30
2026/08/15 22:25:57.434, 0, 0, 12365, 21.62, 30
2026/08/15 22:25:59.435, 4, 1, 12377, 22.82, 30
2026/08/15 22:26:01.435, 10, 1, 12369, 21.65, 30
2026/08/15 22:26:03.436, 0, 0, 12341, 21.51, 30
2026/08/15 22:26:05.436, 10, 2, 12389, 22.19, 30
2026/08/15 22:26:07.437, 10, 1, 12325, 21.66, 30
2026/08/15 22:26:09.438, 18, 3, 12357, 22.58, 30
2026/08/15 22:26:11.438, 26, 3, 12333, 22.29, 30
2026/08/15 22:26:13.439, 20, 3, 12369, 22.89, 30
2026/08/15 22:26:15.439, 5, 2, 12341, 21.63, 30
2026/08/15 22:26:17.439, 32, 7, 12405, 23.22, 30
2026/08/15 22:26:19.440, 0, 0, 12305, 21.27, 30
2026/08/15 22:26:21.440, 8, 1, 12389, 22.12, 30
2026/08/15 22:26:23.441, 6, 0, 12357, 22.29, 30
2026/08/15 22:26:25.442, 0, 1, 12337, 22.86, 30
2026/08/15 22:26:27.443, 9, 0, 12357, 22.19, 30
2026/08/15 22:26:29.443, 12, 2, 12369, 21.61, 30
2026/08/15 22:26:31.444, 20, 3, 12369, 21.74, 30
2026/08/15 22:26:33.444, 17, 1, 12333, 22.30, 30
2026/08/15 22:26:35.444, 7, 1, 12349, 22.36, 30
2026/08/15 22:26:37.445, 20, 2, 12377, 21.89, 30
2026/08/15 22:26:39.445, 2, 1, 12377, 21.68, 30
2026/08/15 22:26:41.446, 19, 2, 12409, 23.36, 30
2026/08/15 22:26:43.446, 17, 1, 12345, 23.20, 30
2026/08/15 22:26:45.447, 11, 2, 12389, 21.99, 30
2026/08/15 22:26:47.447, 17, 1, 12333, 22.34, 30
2026/08/15 22:26:49.448, 4, 0, 12381, 22.05, 30
2026/08/15 22:26:51.449, 25, 4, 12413, 22.84, 30
2026/08/15 22:26:53.449, 4, 0, 12369, 22.13, 30
2026/08/15 22:26:55.450, 20, 3, 12357, 22.34, 30
2026/08/15 22:26:57.451, 0, 0, 12345, 22.09, 30
2026/08/15 22:26:59.452, 16, 3, 12357, 22.80, 30
2026/08/15 22:27:01.452, 7, 1, 12305, 21.89, 30
2026/08/15 22:27:03.453, 7, 1, 12405, 21.78, 30
2026/08/15 22:27:05.453, 7, 1, 12417, 22.75, 30
2026/08/15 22:27:07.454, 8, 0, 12337, 21.49, 30
2026/08/15 22:27:09.454, 27, 4, 12381, 23.05, 30
2026/08/15 22:27:11.455, 2, 0, 12369, 22.18, 30
2026/08/15 22:27:13.455, 0, 0, 12313, 22.03, 30
2026/08/15 22:27:15.457, 31, 6, 12357, 22.07, 30
2026/08/15 22:27:17.457, 4, 1, 12337, 21.92, 30
2026/08/15 22:27:19.457, 0, 0, 12353, 21.59, 30
2026/08/15 22:27:21.460, 18, 3, 12377, 22.77, 30
2026/08/15 22:27:23.461, 0, 0, 12357, 22.19, 30
2026/08/15 22:27:25.461, 0, 0, 12329, 21.80, 30
2026/08/15 22:27:27.462, 0, 0, 12401, 21.92, 30
2026/08/15 22:27:29.462, 16, 2, 12309, 21.97, 30
2026/08/15 22:27:31.462, 0, 0, 12353, 21.52, 30
2026/08/15 22:27:33.463, 3, 1, 12377, 22.59, 30
2026/08/15 22:27:35.463, 17, 2, 12357, 21.99, 30
2026/08/15 22:27:37.464, 13, 1, 12365, 21.67, 30
2026/08/15 22:27:39.464, 13, 2, 12365, 21.57, 30
2026/08/15 22:27:41.466, 11, 2, 12317, 22.43, 30
2026/08/15 22:27:43.467, 13, 1, 12357, 22.50, 30
2026/08/15 22:27:45.467, 12, 1, 12369, 21.79, 30
2026/08/15 22:27:47.467, 3, 1, 12313, 21.88, 29
2026/08/15 22:27:49.469, 51, 10, 12389, 23.24, 30
2026/08/15 22:27:51.470, 0, 0, 12369, 21.99, 29
2026/08/15 22:27:53.470, 37, 6, 12333, 22.44, 30
2026/08/15 22:27:55.471, 16, 3, 12389, 21.59, 29
2026/08/15 22:27:57.472, 6, 0, 12389, 22.90, 29
2026/08/15 22:27:59.472, 10, 1, 12333, 21.50, 29
2026/08/15 22:28:01.473, 1, 0, 12345, 22.02, 29
2026/08/15 22:28:03.476, 0, 0, 12365, 22.20, 29
2026/08/15 22:28:05.477, 9, 0, 12337, 22.50, 29
2026/08/15 22:28:07.477, 13, 1, 12325, 22.42, 29
2026/08/15 22:28:09.478, 7, 0, 12369, 21.26, 29
2026/08/15 22:28:11.479, 0, 0, 12365, 21.63, 29
2026/08/15 22:28:13.480, 0, 0, 12377, 21.64, 29
2026/08/15 22:28:15.481, 11, 2, 12317, 21.37, 29
2026/08/15 22:28:17.482, 44, 9, 12361, 21.90, 29
2026/08/15 22:28:19.483, 14, 2, 12341, 21.20, 29
2026/08/15 22:28:21.483, 4, 1, 12345, 21.11, 29
2026/08/15 22:28:23.484, 25, 3, 12365, 20.96, 29
2026/08/15 22:28:25.485, 24, 3, 12369, 21.05, 29
2026/08/15 22:28:27.485, 29, 6, 12377, 21.33, 29
2026/08/15 22:28:29.486, 9, 2, 12357, 21.30, 29
2026/08/15 22:28:31.486, 25, 2, 12337, 20.94, 29
2026/08/15 22:28:33.486, 11, 1, 12333, 21.58, 29
2026/08/15 22:28:35.487, 0, 0, 12365, 21.09, 29
2026/08/15 22:28:37.488, 0, 0, 12377, 21.09, 29
2026/08/15 22:28:39.488, 18, 2, 12365, 21.35, 29
2026/08/15 22:28:41.488, 41, 10, 12401, 21.41, 29
2026/08/15 22:28:43.489, 24, 3, 12337, 21.25, 29
2026/08/15 22:28:45.491, 1, 1, 12293, 21.65, 29
2026/08/15 22:28:47.491, 6, 1, 12377, 22.31, 29
2026/08/15 22:28:49.494, 28, 4, 12377, 21.91, 29
2026/08/15 22:28:51.495, 18, 3, 12305, 21.91, 29
2026/08/15 22:28:53.495, 27, 3, 12381, 21.79, 29
2026/08/15 22:28:55.496, 7, 0, 12357, 21.47, 29
2026/08/15 22:28:57.496, 13, 2, 12381, 21.33, 29
2026/08/15 22:28:59.497, 33, 8, 12333, 22.02, 29
2026/08/15 22:29:01.498, 19, 2, 12349, 21.50, 29
2026/08/15 22:29:03.498, 22, 5, 12361, 22.06, 29
2026/08/15 22:29:05.499, 0, 0, 12381, 20.76, 29
2026/08/15 22:29:07.500, 23, 3, 12377, 21.60, 29
2026/08/15 22:29:09.501, 10, 1, 12389, 21.67, 29
2026/08/15 22:29:11.501, 5, 2, 12341, 20.92, 29
2026/08/15 22:29:13.503, 0, 0, 12337, 21.74, 29
2026/08/15 22:29:15.503, 14, 2, 12361, 22.09, 29
2026/08/15 22:29:17.504, 9, 1, 12357, 21.60, 29
2026/08/15 22:29:19.504, 4, 0, 12377, 22.72, 29
2026/08/15 22:29:21.505, 12, 1, 12365, 22.36, 29
2026/08/15 22:29:23.505, 21, 3, 12369, 22.57, 29
2026/08/15 22:29:25.506, 30, 3, 12333, 22.42, 29
2026/08/15 22:29:27.506, 14, 1, 12389, 22.17, 29
2026/08/15 22:29:29.507, 6, 1, 12337, 21.38, 29
2026/08/15 22:29:31.507, 0, 0, 12389, 21.79, 29
2026/08/15 22:29:33.508, 31, 5, 12377, 21.86, 29
2026/08/15 22:29:35.508, 5, 0, 12329, 22.26, 29
2026/08/15 22:29:37.509, 14, 2, 12389, 21.97, 29
2026/08/15 22:29:39.510, 3, 0, 12337, 21.76, 29
2026/08/15 22:29:41.510, 13, 1, 12365, 21.87, 29
2026/08/15 22:29:43.514, 2, 0, 12365, 21.85, 29
2026/08/15 22:29:45.515, 15, 1, 12361, 21.67, 29
2026/08/15 22:29:47.515, 8, 2, 12349, 21.20, 29
2026/08/15 22:29:49.516, 22, 2, 12365, 22.71, 29
2026/08/15 22:29:51.517, 23, 4, 12305, 21.80, 29
2026/08/15 22:29:53.517, 16, 2, 12361, 22.39, 29
2026/08/15 22:29:55.518, 12, 2, 12357, 22.09, 29
2026/08/15 22:29:57.519, 29, 4, 12377, 22.46, 29
2026/08/15 22:29:59.520, 4, 1, 12309, 21.44, 29
2026/08/15 22:30:01.521, 18, 3, 12361, 22.84, 29
2026/08/15 22:30:03.522, 17, 3, 12369, 22.19, 29
2026/08/15 22:30:05.522, 4, 0, 12357, 22.28, 29
2026/08/15 22:30:07.523, 3, 0, 12377, 22.42, 29
2026/08/15 22:30:09.523, 4, 2, 12321, 21.97, 29
2026/08/15 22:30:11.524, 9, 2, 12369, 21.73, 29
2026/08/15 22:30:13.524, 10, 2, 12361, 21.80, 29
2026/08/15 22:30:15.525, 9, 2, 12349, 21.74, 29
2026/08/15 22:30:17.525, 9, 2, 12329, 22.20, 29
2026/08/15 22:30:19.526, 12, 2, 12353, 22.62, 29
2026/08/15 22:30:21.526, 22, 4, 12369, 22.92, 29
2026/08/15 22:30:23.526, 3, 1, 12329, 21.73, 29
2026/08/15 22:30:25.527, 18, 3, 12381, 22.74, 29
2026/08/15 22:30:27.528, 17, 2, 12345, 21.55, 29
2026/08/15 22:30:29.528, 28, 4, 12349, 21.46, 29
2026/08/15 22:30:31.529, 25, 4, 12357, 22.04, 29
2026/08/15 22:30:33.529, 0, 1, 12365, 21.62, 29
2026/08/15 22:30:35.530, 0, 1, 12349, 22.06, 29
2026/08/15 22:30:37.531, 9, 1, 12337, 22.50, 29
2026/08/15 22:30:39.531, 3, 1, 12389, 22.43, 29
2026/08/15 22:30:41.532, 3, 0, 12365, 22.09, 29
2026/08/15 22:30:43.532, 7, 2, 12369, 22.75, 29
2026/08/15 22:30:45.534, 3, 0, 12333, 22.55, 29
2026/08/15 22:30:47.535, 0, 0, 12349, 22.31, 29
2026/08/15 22:30:49.535, 27, 3, 12365, 22.30, 29
2026/08/15 22:30:51.536, 23, 4, 12325, 22.63, 29
2026/08/15 22:30:53.537, 5, 1, 12377, 22.29, 29
2026/08/15 22:30:55.538, 0, 0, 12357, 22.93, 29
2026/08/15 22:30:57.538, 1, 1, 12333, 21.69, 29
2026/08/15 22:30:59.539, 3, 1, 12369, 22.82, 29
2026/08/15 22:31:01.540, 11, 1, 12333, 22.17, 29
2026/08/15 22:31:03.541, 14, 1, 12381, 22.45, 29
2026/08/15 22:31:05.542, 2, 1, 12345, 22.80, 29
2026/08/15 22:31:07.543, 16, 3, 12369, 22.01, 29
2026/08/15 22:31:09.543, 7, 1, 12357, 21.69, 29
2026/08/15 22:31:11.544, 18, 3, 12389, 22.89, 29
2026/08/15 22:31:13.544, 15, 3, 12337, 22.23, 29
2026/08/15 22:31:15.545, 16, 3, 12401, 22.13, 29
2026/08/15 22:31:17.545, 24, 3, 12349, 22.48, 29
2026/08/15 22:31:19.545, 5, 0, 12337, 22.04, 29
2026/08/15 22:31:21.546, 13, 3, 12361, 22.21, 29
2026/08/15 22:31:23.546, 6, 1, 12381, 22.26, 29
2026/08/15 22:31:25.547, 0, 0, 12333, 22.56, 29
2026/08/15 22:31:27.547, 25, 4, 12381, 22.50, 29
2026/08/15 22:31:29.548, 11, 2, 12369, 22.13, 29
2026/08/15 22:31:31.548, 32, 6, 12377, 22.86, 29
2026/08/15 22:31:33.549, 8, 1, 12357, 22.01, 29
2026/08/15 22:31:35.549, 14, 1, 12357, 22.81, 29
2026/08/15 22:31:37.550, 4, 1, 12333, 22.25, 29
2026/08/15 22:31:39.550, 0, 0, 12333, 22.00, 28
2026/08/15 22:31:41.550, 15, 2, 12381, 23.12, 29
2026/08/15 22:31:43.551, 22, 2, 12345, 22.28, 29
2026/08/15 22:31:45.551, 0, 0, 12377, 22.25, 28
2026/08/15 22:31:47.552, 27, 4, 12361, 22.02, 29
2026/08/15 22:31:49.552, 13, 3, 12333, 21.90, 29
2026/08/15 22:31:51.553, 2, 1, 12369, 23.49, 28
2026/08/15 22:31:53.554, 32, 3, 12329, 22.38, 29
2026/08/15 22:31:55.555, 7, 2, 12337, 22.84, 28
2026/08/15 22:31:57.555, 16, 3, 12369, 22.85, 29
2026/08/15 22:31:59.556, 15, 2, 12361, 22.24, 28
2026/08/15 22:32:01.556, 0, 0, 12337, 23.06, 28
2026/08/15 22:32:03.557, 12, 1, 12361, 22.15, 29
2026/08/15 22:32:05.558, 10, 1, 12365, 22.46, 28
2026/08/15 22:32:07.558, 0, 0, 12377, 22.69, 28
2026/08/15 22:32:09.559, 16, 2, 12389, 22.64, 29
2026/08/15 22:32:11.560, 6, 1, 12337, 22.11, 28
2026/08/15 22:32:13.560, 26, 3, 12357, 23.57, 28
2026/08/15 22:32:15.561, 0, 0, 12377, 22.54, 28
2026/08/15 22:32:17.561, 17, 1, 12349, 22.56, 28
2026/08/15 22:32:19.562, 7, 1, 12333, 22.05, 28
2026/08/15 22:32:21.563, 9, 2, 12381, 23.00, 28
2026/08/15 22:32:23.563, 40, 7, 12345, 23.03, 29
2026/08/15 22:32:25.563, 5, 0, 12365, 22.71, 28
2026/08/15 22:32:27.564, 1, 1, 12401, 23.40, 28
2026/08/15 22:32:29.564, 16, 3, 12333, 22.73, 28
2026/08/15 22:32:31.565, 17, 1, 12389, 23.21, 28
2026/08/15 22:32:33.565, 2, 0, 12357, 22.61, 28
2026/08/15 22:32:35.566, 55, 12, 12361, 23.09, 29
2026/08/15 22:32:37.566, 7, 1, 12325, 22.85, 28
2026/08/15 22:32:39.567, 10, 0, 12369, 22.78, 28
2026/08/15 22:32:41.567, 24, 4, 12377, 23.03, 28
2026/08/15 22:32:43.567, 28, 4, 12397, 22.52, 28
2026/08/15 22:32:45.568, 6, 1, 12397, 22.22, 28
2026/08/15 22:32:47.568, 0, 0, 12409, 22.27, 28
2026/08/15 22:32:49.569, 0, 0, 12309, 22.03, 28
2026/08/15 22:32:51.569, 24, 3, 12443, 23.07, 28
2026/08/15 22:32:53.569, 40, 5, 12407, 22.28, 28
2026/08/15 22:32:55.570, 5, 1, 12379, 22.83, 28
2026/08/15 22:32:57.571, 10, 1, 12359, 22.89, 28
2026/08/15 22:32:59.571, 23, 4, 12411, 23.15, 28
2026/08/15 22:33:01.572, 0, 0, 12391, 22.59, 28
2026/08/15 22:33:03.572, 3, 1, 12335, 23.25, 28
2026/08/15 22:33:05.573, 4, 0, 12443, 22.90, 28
2026/08/15 22:33:07.573, 6, 0, 12419, 22.17, 28
2026/08/15 22:33:09.574, 0, 0, 12359, 23.44, 28
2026/08/15 22:33:11.575, 27, 4, 12411, 22.92, 28
2026/08/15 22:33:13.575, 11, 1, 12411, 22.86, 28
2026/08/15 22:33:15.576, 3, 0, 12379, 22.28, 28
2026/08/15 22:33:17.576, 3, 1, 12379, 21.78, 28
2026/08/15 22:33:19.577, 29, 3, 12355, 22.78, 28
2026/08/15 22:33:21.577, 8, 1, 12347, 22.65, 28
2026/08/15 22:33:23.577, 1, 1, 12335, 22.63, 28
2026/08/15 22:33:25.578, 24, 4, 12379, 22.57, 28
2026/08/15 22:33:27.581, 0, 0, 12291, 21.98, 28
2026/08/15 22:33:29.582, 37, 7, 12379, 22.56, 28
2026/08/15 22:33:31.582, 7, 1, 12391, 21.71, 28
2026/08/15 22:33:33.583, 3, 1, 12327, 21.96, 28
2026/08/15 22:33:35.583, 6, 1, 12391, 21.89, 28
2026/08/15 22:33:37.584, 14, 2, 12359, 21.64, 28
2026/08/15 22:33:39.584, 7, 1, 12399, 21.64, 28
2026/08/15 22:33:41.584, 0, 0, 12399, 22.51, 28
2026/08/15 22:33:43.585, 8, 2, 12359, 21.92, 28
2026/08/15 22:33:45.586, 11, 1, 12371, 22.77, 28
2026/08/15 22:33:47.586, 12, 1, 12367, 22.47, 28
2026/08/15 22:33:49.587, 15, 2, 12359, 22.89, 28
2026/08/15 22:33:51.587, 18, 1, 12379, 23.23, 28
2026/08/15 22:33:53.588, 8, 1, 12403, 22.75, 28
2026/08/15 22:33:55.588, 12, 2, 12379, 21.87, 28
2026/08/15 22:33:57.589, 10, 2, 12363, 23.26, 28
2026/08/15 22:33:59.589, 21, 3, 12359, 21.89, 28
2026/08/15 22:34:01.590, 2, 0, 12359, 22.13, 28
2026/08/15 22:34:03.590, 21, 4, 12351, 22.78, 28
2026/08/15 22:34:05.590, 15, 2, 12363, 22.15, 28
2026/08/15 22:34:07.591, 9, 1, 12371, 22.17, 28
2026/08/15 22:34:09.591, 24, 2, 12367, 22.52, 28
2026/08/15 22:34:11.592, 5, 0, 12391, 22.76, 28
2026/08/15 22:34:13.592, 0, 0, 12331, 22.13, 28
2026/08/15 22:34:15.592, 39, 7, 12379, 22.21, 28
2026/08/15 22:34:17.593, 7, 1, 12379, 23.04, 28
2026/08/15 22:34:19.593, 0, 0, 12367, 21.83, 28
2026/08/15 22:34:21.594, 5, 0, 12379, 22.06, 28
2026/08/15 22:34:23.594, 9, 0, 12371, 22.10, 28
2026/08/15 22:34:25.595, 16, 3, 12379, 22.68, 28
2026/08/15 22:34:27.595, 18, 4, 12343, 22.50, 28
2026/08/15 22:34:29.595, 11, 1, 12323, 22.18, 28
2026/08/15 22:34:31.596, 12, 2, 12351, 22.70, 28
2026/08/15 22:34:33.597, 2, 1, 12359, 22.24, 28
2026/08/15 22:34:35.597, 7, 1, 12359, 22.31, 28
2026/08/15 22:34:37.598, 2, 0, 12347, 22.61, 28
2026/08/15 22:34:39.598, 9, 1, 12391, 21.89, 28
2026/08/15 22:34:41.601, 19, 3, 12359, 22.18, 28
2026/08/15 22:34:43.602, 0, 1, 12371, 22.24, 28
2026/08/15 22:34:45.603, 26, 3, 12339, 21.94, 28
2026/08/15 22:34:47.603, 6, 1, 12351, 22.78, 28
2026/08/15 22:34:49.603, 11, 1, 12367, 22.16, 28
2026/08/15 22:34:51.604, 12, 1, 12359, 22.28, 28
2026/08/15 22:34:53.605, 11, 2, 12371, 22.24, 28
2026/08/15 22:34:55.605, 22, 3, 12351, 22.63, 28
2026/08/15 22:34:57.606, 4, 1, 12359, 22.56, 28
2026/08/15 22:34:59.606, 0, 0, 12331, 21.64, 28
2026/08/15 22:35:01.607, 8, 1, 12339, 23.56, 28
2026/08/15 22:35:03.607, 12, 2, 12355, 22.53, 28
2026/08/15 22:35:05.608, 9, 1, 12359, 22.34, 28
2026/08/15 22:35:07.608, 18, 4, 12371, 22.75, 28
2026/08/15 22:35:09.609, 3, 0, 12339, 22.69, 28
2026/08/15 22:35:11.610, 10, 1, 12367, 22.50, 28
2026/08/15 22:35:13.611, 30, 5, 12339, 22.56, 28
2026/08/15 22:35:15.612, 15, 2, 12379, 21.96, 28
2026/08/15 22:35:17.612, 18, 2, 12359, 22.57, 28
2026/08/15 22:35:19.612, 14, 2, 12351, 21.53, 28
2026/08/15 22:35:21.613, 7, 1, 12379, 22.07, 28
2026/08/15 22:35:23.614, 18, 2, 12315, 21.39, 28
2026/08/15 22:35:25.615, 23, 5, 12391, 21.86, 28
2026/08/15 22:35:27.617, 13, 2, 12371, 22.06, 28
2026/08/15 22:35:29.617, 19, 2, 12391, 22.33, 28
2026/08/15 22:35:31.620, 10, 1, 12355, 22.28, 28
2026/08/15 22:35:33.621, 5, 1, 12395, 22.13, 28
2026/08/15 22:35:35.621, 3, 0, 12371, 21.52, 28
2026/08/15 22:35:37.622, 10, 1, 12367, 21.85, 28
2026/08/15 22:35:39.623, 8, 1, 12367, 22.01, 28
2026/08/15 22:35:41.623, 19, 2, 12371, 21.46, 28
2026/08/15 22:35:43.624, 15, 1, 12355, 22.60, 28
2026/08/15 22:35:45.624, 28, 4, 12347, 22.31, 28
2026/08/15 22:35:47.624, 15, 2, 12327, 22.63, 28
2026/08/15 22:35:49.625, 12, 2, 12339, 22.70, 28
2026/08/15 22:35:51.626, 52, 7, 12367, 22.71, 28
2026/08/15 22:35:53.627, 15, 1, 12359, 22.47, 28
2026/08/15 22:35:55.627, 3, 1, 12379, 22.31, 28
2026/08/15 22:35:57.627, 3, 1, 12383, 22.08, 28
2026/08/15 22:35:59.628, 20, 3, 12371, 22.17, 28
2026/08/15 22:36:01.628, 0, 0, 12315, 21.81, 28
2026/08/15 22:36:03.629, 11, 1, 12371, 22.62, 28
2026/08/15 22:36:05.629, 11, 1, 12383, 22.50, 28
2026/08/15 22:36:07.629, 0, 0, 12359, 21.96, 28
2026/08/15 22:36:09.630, 15, 2, 12363, 22.03, 28
2026/08/15 22:36:11.631, 14, 2, 12375, 22.02, 28
2026/08/15 22:36:13.635, 0, 1, 12335, 21.12, 28
2026/08/15 22:36:15.636, 7, 1, 12363, 22.81, 29
2026/08/15 22:36:17.636, 2, 0, 12367, 22.26, 29
2026/08/15 22:36:19.636, 4, 1, 12379, 20.68, 29
2026/08/15 22:36:21.637, 9, 2, 12379, 21.27, 29
2026/08/15 22:36:23.637, 5, 1, 12343, 21.19, 29
2026/08/15 22:36:25.638, 19, 3, 12391, 21.72, 29
2026/08/15 22:36:27.639, 10, 1, 12403, 21.65, 29
2026/08/15 22:36:29.639, 1, 1, 12359, 21.73, 29
2026/08/15 22:36:31.640, 32, 8, 12363, 21.51, 29
2026/08/15 22:36:33.640, 21, 3, 12327, 21.56, 29
2026/08/15 22:36:35.641, 0, 0, 12379, 22.26, 29
2026/08/15 22:36:37.642, 0, 0, 12303, 21.86, 29
2026/08/15 22:36:39.643, 9, 1, 12403, 22.36, 29
2026/08/15 22:36:41.643, 18, 2, 12315, 21.35, 29
2026/08/15 22:36:43.644, 10, 1, 12395, 22.52, 29
2026/08/15 22:36:45.645, 8, 3, 12363, 21.17, 29
2026/08/15 22:36:47.645, 30, 6, 12391, 22.37, 29
2026/08/15 22:36:49.646, 8, 1, 12339, 21.59, 29
2026/08/15 22:36:51.647, 21, 3, 12379, 21.41, 29
2026/08/15 22:36:53.648, 29, 4, 12355, 21.11, 29
2026/08/15 22:36:55.649, 9, 1, 12403, 21.61, 29
2026/08/15 22:36:57.649, 14, 1, 12355, 21.39, 29
2026/08/15 22:36:59.649, 1, 1, 12371, 21.53, 29
2026/08/15 22:37:01.650, 16, 2, 12363, 21.68, 29
2026/08/15 22:37:03.651, 3, 0, 12391, 21.75, 29
2026/08/15 22:37:05.651, 11, 1, 12391, 22.09, 29
2026/08/15 22:37:07.652, 13, 3, 12371, 21.43, 29
2026/08/15 22:37:09.653, 20, 4, 12371, 22.12, 29
2026/08/15 22:37:11.653, 6, 1, 12351, 21.47, 29
2026/08/15 22:37:13.654, 6, 1, 12371, 21.88, 29
2026/08/15 22:37:15.654, 4, 1, 12351, 21.71, 29
2026/08/15 22:37:17.655, 28, 3, 12323, 22.01, 29
2026/08/15 22:37:19.655, 11, 2, 12383, 21.81, 29
2026/08/15 22:37:21.656, 15, 2, 12379, 21.54, 29
2026/08/15 22:37:23.656, 16, 1, 12387, 21.93, 29
2026/08/15 22:37:25.659, 1, 1, 12347, 21.51, 29
2026/08/15 22:37:27.659, 7, 1, 12391, 22.67, 29
2026/08/15 22:37:29.660, 1, 1, 12307, 22.01, 29
2026/08/15 22:37:31.661, 12, 2, 12371, 22.05, 29
2026/08/15 22:37:33.662, 0, 0, 12351, 22.77, 29
2026/08/15 22:37:35.662, 4, 1, 12371, 21.68, 29
2026/08/15 22:37:37.663, 9, 2, 12391, 21.55, 29
2026/08/15 22:37:39.663, 0, 0, 12391, 20.81, 29
2026/08/15 22:37:41.663, 12, 2, 12383, 21.82, 29
2026/08/15 22:37:43.666, 0, 0, 12339, 21.37, 29
2026/08/15 22:37:45.667, 33, 6, 12371, 22.17, 29
2026/08/15 22:37:47.668, 5, 0, 12351, 21.36, 29
2026/08/15 22:37:49.668, 7, 1, 12391, 21.80, 29
2026/08/15 22:37:51.669, 12, 1, 12367, 21.67, 29
2026/08/15 22:37:53.669, 8, 1, 12371, 22.14, 29
2026/08/15 22:37:55.672, 17, 1, 12327, 21.98, 29
2026/08/15 22:37:57.673, 7, 1, 12371, 20.99, 29
2026/08/15 22:37:59.675, 19, 4, 12371, 21.34, 29
2026/08/15 22:38:01.676, 11, 2, 12403, 21.70, 30
2026/08/15 22:38:03.679, 1, 1, 12327, 20.99, 29
2026/08/15 22:38:05.680, 10, 1, 12383, 21.92, 30
2026/08/15 22:38:07.680, 11, 1, 12371, 22.19, 30
2026/08/15 22:38:09.681, 17, 2, 12319, 21.63, 30
2026/08/15 22:38:11.681, 28, 3, 12395, 22.76, 30
2026/08/15 22:38:13.682, 15, 2, 12383, 22.34, 30
2026/08/15 22:38:15.682, 0, 0, 12351, 21.89, 30
2026/08/15 22:38:17.683, 4, 1, 12371, 22.23, 30
2026/08/15 22:38:19.683, 20, 2, 12367, 21.50, 30
2026/08/15 22:38:21.684, 20, 2, 12379, 22.46, 30
2026/08/15 22:38:23.685, 32, 4, 12355, 22.49, 30
2026/08/15 22:38:25.687, 20, 3, 12379, 23.36, 30
2026/08/15 22:38:27.688, 30, 3, 12379, 22.44, 30
2026/08/15 22:38:29.688, 13, 1, 12351, 22.62, 30
2026/08/15 22:38:31.689, 9, 1, 12379, 22.75, 30
2026/08/15 22:38:33.689, 5, 0, 12407, 22.32, 30
2026/08/15 22:38:35.690, 0, 0, 12311, 21.59, 30
2026/08/15 22:38:37.690, 0, 0, 12431, 22.22, 30
2026/08/15 22:38:39.691, 34, 5, 12359, 23.02, 30
2026/08/15 22:38:41.691, 0, 0, 12343, 22.70, 30
2026/08/15 22:38:43.692, 9, 3, 12319, 21.68, 30
2026/08/15 22:38:45.693, 17, 1, 12383, 22.71, 30
2026/08/15 22:38:47.693, 23, 5, 12379, 22.41, 30
2026/08/15 22:38:49.694, 25, 5, 12351, 22.03, 30
2026/08/15 22:38:51.694, 30, 3, 12367, 22.86, 30
2026/08/15 22:38:53.695, 19, 2, 12347, 22.24, 30
2026/08/15 22:38:55.695, 7, 0, 12391, 22.66, 30
2026/08/15 22:38:57.696, 0, 1, 12327, 22.64, 30
2026/08/15 22:38:59.696, 17, 2, 12383, 22.87, 30
2026/08/15 22:39:01.696, 6, 1, 12371, 22.04, 30
2026/08/15 22:39:03.697, 0, 0, 12359, 22.86, 30
2026/08/15 22:39:05.697, 22, 3, 12363, 22.18, 30
2026/08/15 22:39:07.698, 1, 2, 12351, 22.49, 30
2026/08/15 22:39:09.699, 21, 4, 12359, 23.46, 30
2026/08/15 22:39:11.700, 3, 0, 12395, 22.34, 30
2026/08/15 22:39:13.700, 11, 2, 12371, 22.92, 30
2026/08/15 22:39:15.701, 9, 2, 12399, 21.41, 30
2026/08/15 22:39:17.701, 18, 2, 12347, 22.50, 30
2026/08/15 22:39:19.702, 7, 2, 12339, 22.19, 30
2026/08/15 22:39:21.703, 15, 1, 12427, 22.64, 30
2026/08/15 22:39:23.703, 16, 2, 12359, 21.92, 30
2026/08/15 22:39:25.704, 28, 7, 12359, 22.72, 30
2026/08/15 22:39:27.704, 4, 0, 12339, 22.35, 30
2026/08/15 22:39:29.705, 1, 1, 12331, 22.54, 30
2026/08/15 22:39:31.705, 9, 1, 12391, 22.77, 30
2026/08/15 22:39:33.706, 15, 1, 12367, 21.89, 30
2026/08/15 22:39:35.706, 15, 1, 12355, 21.33, 30
2026/08/15 22:39:37.707, 7, 2, 12375, 21.38, 30
2026/08/15 22:39:39.717, 15, 1, 12347, 21.91, 30
2026/08/15 22:39:41.718, 2, 1, 12379, 22.17, 30
2026/08/15 22:39:43.719, 8, 1, 12391, 21.76, 30
2026/08/15 22:39:45.720, 28, 5, 12367, 20.98, 30
2026/08/15 22:39:47.720, 31, 7, 12371, 22.25, 31
2026/08/15 22:39:49.721, 18, 1, 12351, 21.94, 30
2026/08/15 22:39:51.721, 7, 1, 12379, 21.04, 30
2026/08/15 22:39:53.722, 9, 2, 12363, 22.03, 30
2026/08/15 22:39:55.722, 0, 0, 12367, 21.25, 30
2026/08/15 22:39:57.723, 5, 1, 12403, 22.11, 30
2026/08/15 22:39:59.724, 32, 5, 12339, 21.90, 31
2026/08/15 22:40:01.724, 31, 3, 12347, 22.41, 31
2026/08/15 22:40:03.725, 4, 0, 12391, 22.01, 31
2026/08/15 22:40:05.730, 1, 1, 12307, 22.11, 31
2026/08/15 22:40:07.731, 3, 1, 12311, 22.92, 31
2026/08/15 22:40:09.731, 3, 1, 12363, 23.18, 31
2026/08/15 22:40:11.732, 9, 1, 12343, 22.07, 31
2026/08/15 22:40:13.732, 5, 1, 12367, 22.91, 31
2026/08/15 22:40:15.733, 28, 4, 12327, 21.89, 31
2026/08/15 22:40:17.733, 17, 3, 12403, 22.59, 31
2026/08/15 22:40:19.734, 32, 4, 12367, 21.89, 31
2026/08/15 22:40:21.734, 0, 0, 12371, 21.94, 31
2026/08/15 22:40:23.735, 18, 3, 12339, 22.54, 31
2026/08/15 22:40:25.735, 14, 2, 12359, 21.91, 31
2026/08/15 22:40:27.735, 19, 3, 12371, 21.24, 31
2026/08/15 22:40:29.736, 0, 0, 12379, 21.69, 31
2026/08/15 22:40:31.736, 0, 0, 12327, 21.40, 31
2026/08/15 22:40:33.737, 2, 0, 12319, 21.66, 31
2026/08/15 22:40:35.737, 14, 2, 12367, 21.86, 31
2026/08/15 22:40:37.738, 18, 2, 12311, 22.34, 31
2026/08/15 22:40:39.738, 9, 2, 12371, 22.39, 31
2026/08/15 22:40:41.739, 13, 0, 12363, 21.46, 31
2026/08/15 22:40:43.739, 22, 4, 12367, 21.98, 31
2026/08/15 22:40:45.742, 6, 1, 12363, 22.78, 31
2026/08/15 22:40:47.742, 41, 9, 12367, 22.39, 31
2026/08/15 22:40:49.744, 19, 3, 12359, 22.41, 31
2026/08/15 22:40:51.744, 38, 8, 12391, 22.79, 31
2026/08/15 22:40:53.745, 30, 5, 12335, 22.15, 31
2026/08/15 22:40:55.745, 24, 5, 12343, 22.63, 31
2026/08/15 22:40:57.746, 6, 0, 12403, 22.20, 31
2026/08/15 22:40:59.746, 6, 1, 12379, 21.74, 31
2026/08/15 22:41:01.747, 19, 1, 12347, 22.94, 31
2026/08/15 22:41:03.747, 0, 0, 12351, 23.27, 31
2026/08/15 22:41:05.748, 13, 3, 12359, 22.52, 31
2026/08/15 22:41:07.748, 0, 0, 12383, 21.60, 31
2026/08/15 22:41:09.748, 6, 1, 12331, 22.04, 31
2026/08/15 22:41:11.749, 9, 3, 12371, 22.11, 31
2026/08/15 22:41:13.750, 24, 4, 12415, 23.26, 31
2026/08/15 22:41:15.750, 14, 2, 12355, 22.04, 31
2026/08/15 22:41:17.751, 17, 3, 12391, 22.88, 31
2026/08/15 22:41:19.752, 28, 3, 12359, 22.25, 31
2026/08/15 22:41:21.753, 13, 2, 12359, 21.88, 31
2026/08/15 22:41:23.753, 20, 3, 12371, 22.30, 31
2026/08/15 22:41:25.754, 25, 4, 12343, 22.62, 31
2026/08/15 22:41:27.755, 0, 0, 12391, 22.08, 31
2026/08/15 22:41:29.755, 4, 0, 12371, 21.62, 31
2026/08/15 22:41:31.756, 2, 1, 12351, 21.94, 31
2026/08/15 22:41:33.757, 3, 1, 12367, 21.71, 31
2026/08/15 22:41:35.758, 31, 4, 12347, 22.92, 31
2026/08/15 22:41:37.758, 10, 1, 12391, 22.16, 31
2026/08/15 22:41:39.758, 16, 1, 12367, 22.06, 31
2026/08/15 22:41:41.759, 36, 3, 12391, 22.14, 31
2026/08/15 22:41:43.759, 25, 2, 12371, 22.25, 31
2026/08/15 22:41:45.760, 16, 2, 12363, 22.14, 31
2026/08/15 22:41:47.760, 3, 1, 12351, 22.11, 31
2026/08/15 22:41:49.761, 6, 0, 12391, 22.09, 31
2026/08/15 22:41:51.761, 13, 2, 12367, 21.88, 31
2026/08/15 22:41:53.762, 23, 4, 12379, 23.01, 31
2026/08/15 22:41:55.762, 6, 0, 12379, 22.59, 31
2026/08/15 22:41:57.762, 9, 1, 12363, 23.72, 31
2026/08/15 22:41:59.763, 0, 0, 12379, 22.95, 31
2026/08/15 22:42:01.764, 25, 3, 12359, 22.87, 31
2026/08/15 22:42:03.764, 5, 1, 12359, 23.68, 31
2026/08/15 22:42:05.765, 25, 4, 12371, 23.10, 31
2026/08/15 22:42:07.765, 0, 0, 12355, 22.80, 31
2026/08/15 22:42:09.766, 10, 1, 12375, 22.95, 31
2026/08/15 22:42:11.766, 30, 4, 12399, 22.73, 31
2026/08/15 22:42:13.767, 17, 3, 12383, 22.36, 31
2026/08/15 22:42:15.770, 0, 0, 12347, 22.28, 31
2026/08/15 22:42:17.770, 0, 0, 12367, 22.70, 31
2026/08/15 22:42:19.771, 6, 3, 12343, 22.46, 31
2026/08/15 22:42:21.771, 0, 0, 12387, 22.16, 31
2026/08/15 22:42:23.772, 9, 1, 12395, 22.05, 31
2026/08/15 22:42:25.772, 0, 0, 12431, 22.27, 31
2026/08/15 22:42:27.773, 9, 1, 12347, 22.91, 31
2026/08/15 22:42:29.774, 14, 2, 12339, 23.21, 31
2026/08/15 22:42:31.774, 4, 1, 12391, 22.56, 31
2026/08/15 22:42:33.775, 0, 0, 12327, 23.11, 31
2026/08/15 22:42:35.775, 10, 1, 12395, 22.70, 31
2026/08/15 22:42:37.776, 6, 1, 12399, 21.85, 32
2026/08/15 22:42:39.776, 0, 0, 12323, 22.65, 31
2026/08/15 22:42:41.777, 3, 1, 12411, 22.45, 32
2026/08/15 22:42:43.777, 13, 1, 12315, 22.89, 32
2026/08/15 22:42:45.777, 28, 4, 12419, 23.60, 32
2026/08/15 22:42:47.778, 14, 2, 12407, 22.13, 32
2026/08/15 22:42:49.778, 0, 0, 12379, 22.37, 32
2026/08/15 22:42:51.779, 28, 5, 12339, 23.61, 32
2026/08/15 22:42:53.779, 9, 1, 12355, 22.88, 32
2026/08/15 22:42:55.780, 15, 3, 12411, 23.67, 32
2026/08/15 22:42:57.780, 3, 0, 12391, 22.16, 32
2026/08/15 22:42:59.781, 1, 1, 12327, 22.72, 32
2026/08/15 22:43:01.781, 4, 1, 12399, 24.14, 32
2026/08/15 22:43:03.781, 4, 1, 12359, 23.34, 32
2026/08/15 22:43:05.782, 4, 1, 12407, 23.15, 32
2026/08/15 22:43:07.783, 32, 4, 12387, 23.00, 32
2026/08/15 22:43:09.783, 6, 1, 12347, 22.88, 32
2026/08/15 22:43:11.784, 15, 1, 12375, 22.91, 32
2026/08/15 22:43:13.785, 6, 1, 12327, 23.70, 32
2026/08/15 22:43:15.786, 19, 2, 12407, 22.25, 32
2026/08/15 22:43:17.787, 8, 1, 12391, 22.26, 32
2026/08/15 22:43:19.787, 11, 2, 12347, 21.77, 32
2026/08/15 22:43:21.789, 6, 0, 12367, 22.74, 32
2026/08/15 22:43:23.790, 16, 3, 12419, 22.85, 32
2026/08/15 22:43:25.790, 31, 5, 12379, 22.82, 32
2026/08/15 22:43:27.791, 25, 3, 12359, 22.60, 32
2026/08/15 22:43:29.792, 25, 3, 12371, 23.03, 32
2026/08/15 22:43:31.792, 13, 2, 12403, 23.11, 32
2026/08/15 22:43:33.793, 16, 3, 12335, 22.54, 32
2026/08/15 22:43:35.793, 13, 2, 12379, 22.74, 32
2026/08/15 22:43:37.794, 4, 1, 12347, 22.35, 32
2026/08/15 22:43:39.794, 32, 5, 12347, 23.33, 32
2026/08/15 22:43:41.795, 6, 2, 12359, 22.26, 32
2026/08/15 22:43:43.795, 10, 1, 12391, 22.78, 32
2026/08/15 22:43:45.796, 31, 3, 12327, 22.48, 32
2026/08/15 22:43:47.797, 5, 0, 12347, 22.04, 32
2026/08/15 22:43:49.798, 11, 3, 12403, 23.86, 32
2026/08/15 22:43:51.798, 26, 5, 12351, 22.27, 32
2026/08/15 22:43:53.799, 31, 3, 12367, 22.73, 32
2026/08/15 22:43:55.800, 7, 1, 12367, 22.80, 32
2026/08/15 22:43:57.801, 0, 0, 12355, 22.36, 32
2026/08/15 22:43:59.802, 6, 0, 12367, 23.24, 32
2026/08/15 22:44:01.802, 8, 0, 12339, 22.67, 32
2026/08/15 22:44:03.803, 4, 1, 12383, 23.13, 32
2026/08/15 22:44:05.803, 14, 3, 12367, 22.56, 32
2026/08/15 22:44:07.803, 6, 1, 12359, 21.99, 32
2026/08/15 22:44:09.804, 0, 0, 12371, 22.65, 32
2026/08/15 22:44:11.805, 3, 1, 12355, 22.06, 32
2026/08/15 22:44:13.806, 4, 0, 12403, 22.12, 32
2026/08/15 22:44:15.806, 39, 5, 12335, 22.79, 32
2026/08/15 22:44:17.807, 20, 2, 12347, 22.75, 32
2026/08/15 22:44:19.808, 23, 3, 12359, 23.00, 32
2026/08/15 22:44:21.808, 3, 1, 12347, 22.26, 32
2026/08/15 22:44:23.809, 13, 2, 12379, 22.67, 32
2026/08/15 22:44:25.809, 0, 0, 12383, 22.08, 32
2026/08/15 22:44:27.810, 9, 1, 12363, 22.59, 32
2026/08/15 22:44:29.811, 27, 4, 12379, 22.44, 32
2026/08/15 22:44:31.811, 5, 1, 12331, 22.43, 32
2026/08/15 22:44:33.812, 15, 0, 12355, 22.60, 32
2026/08/15 22:44:35.813, 3, 1, 12371, 22.08, 32
2026/08/15 22:44:37.813, 19, 3, 12379, 22.60, 32
2026/08/15 22:44:39.813, 13, 1, 12379, 21.74, 32
2026/08/15 22:44:41.814, 0, 0, 12403, 22.26, 32
2026/08/15 22:44:43.815, 15, 2, 12367, 22.23, 32
2026/08/15 22:44:45.816, 0, 0, 12319, 22.63, 32
2026/08/15 22:44:47.816, 19, 3, 12391, 22.99, 32
2026/08/15 22:44:49.816, 0, 0, 12395, 21.85, 32
2026/08/15 22:44:51.819, 0, 0, 12347, 22.35, 32
2026/08/15 22:44:53.820, 7, 1, 12363, 22.72, 32
2026/08/15 22:44:55.820, 0, 0, 12323, 22.42, 32
2026/08/15 22:44:57.821, 2, 1, 12391, 22.58, 32
2026/08/15 22:44:59.822, 33, 2, 12331, 23.27, 32
2026/08/15 22:45:01.823, 3, 1, 12359, 22.78, 32
2026/08/15 22:45:03.823, 0, 0, 12359, 22.07, 32
2026/08/15 22:45:05.824, 12, 2, 12347, 23.19, 32
2026/08/15 22:45:07.824, 2, 1, 12359, 23.04, 32
2026/08/15 22:45:09.824, 12, 2, 12379, 22.38, 32
2026/08/15 22:45:11.825, 6, 1, 12371, 22.63, 32
2026/08/15 22:45:13.828, 5, 1, 12311, 22.20, 32
2026/08/15 22:45:15.829, 0, 0, 12395, 23.86, 32
2026/08/15 22:45:17.829, 19, 2, 12367, 22.90, 32
2026/08/15 22:45:19.832, 40, 5, 12379, 22.28, 32
2026/08/15 22:45:21.833, 14, 1, 12379, 22.78, 32
2026/08/15 22:45:23.833, 25, 3, 12355, 22.80, 32
2026/08/15 22:45:25.834, 0, 0, 12379, 22.80, 32
2026/08/15 22:45:27.835, 9, 1, 12383, 22.05, 32
2026/08/15 22:45:29.835, 14, 2, 12355, 22.64, 32
2026/08/15 22:45:31.835, 11, 1, 12371, 22.78, 32
2026/08/15 22:45:33.836, 0, 0, 12367, 22.57, 32
2026/08/15 22:45:35.836, 0, 0, 12391, 23.08, 32
2026/08/15 22:45:37.837, 26, 4, 12387, 22.83, 32
2026/08/15 22:45:39.838, 2, 1, 12371, 21.30, 32
2026/08/15 22:45:41.839, 22, 3, 12403, 22.71, 32
2026/08/15 22:45:43.839, 9, 0, 12327, 22.09, 32
2026/08/15 22:45:45.840, 5, 1, 12371, 22.12, 32
2026/08/15 22:45:47.840, 9, 2, 12383, 22.47, 32
2026/08/15 22:45:49.841, 12, 2, 12327, 22.42, 32
2026/08/15 22:45:51.841, 32, 3, 12403, 22.63, 32
2026/08/15 22:45:53.842, 15, 2, 12351, 21.92, 31
2026/08/15 22:45:55.842, 24, 4, 12355, 22.31, 31
2026/08/15 22:45:57.842, 7, 0, 12379, 22.05, 31
2026/08/15 22:45:59.843, 33, 4, 12355, 22.26, 31
2026/08/15 22:46:01.843, 26, 3, 12395, 23.45, 31
2026/08/15 22:46:03.844, 34, 5, 12307, 22.40, 31
2026/08/15 22:46:05.846, 8, 1, 12391, 22.60, 31
2026/08/15 22:46:07.846, 6, 1, 12379, 23.09, 31
2026/08/15 22:46:09.846, 14, 1, 12331, 22.52, 31
2026/08/15 22:46:11.847, 2, 1, 12391, 22.49, 31
2026/08/15 22:46:13.848, 15, 2, 12347, 22.73, 31
2026/08/15 22:46:15.849, 7, 1, 12371, 22.72, 31
2026/08/15 22:46:17.849, 0, 0, 12351, 21.77, 31
2026/08/15 22:46:19.850, 9, 1, 12403, 23.86, 31
2026/08/15 22:46:21.851, 14, 2, 12319, 21.93, 31
2026/08/15 22:46:23.851, 4, 1, 12391, 22.43, 31
2026/08/15 22:46:25.852, 24, 3, 12347, 22.36, 31
2026/08/15 22:46:27.852, 0, 0, 12339, 23.10, 31
2026/08/15 22:46:29.853, 12, 1, 12351, 23.58, 31
2026/08/15 22:46:31.854, 37, 6, 12351, 22.04, 31
2026/08/15 22:46:33.855, 14, 1, 12359, 22.66, 31
2026/08/15 22:46:35.856, 19, 3, 12347, 22.45, 31
2026/08/15 22:46:37.857, 9, 0, 12419, 22.18, 31
2026/08/15 22:46:39.857, 21, 2, 12311, 22.10, 31
2026/08/15 22:46:41.858, 0, 0, 12391, 22.79, 31
2026/08/15 22:46:43.858, 8, 2, 12359, 21.43, 31
2026/08/15 22:46:45.859, 4, 1, 12379, 22.77, 31
2026/08/15 22:46:47.859, 14, 1, 12367, 22.44, 31
2026/08/15 22:46:49.860, 13, 2, 12371, 22.28, 31
2026/08/15 22:46:51.863, 0, 0, 12355, 22.31, 31
2026/08/15 22:46:53.864, 2, 1, 12339, 22.98, 31
2026/08/15 22:46:55.864, 1, 2, 12351, 23.66, 31
2026/08/15 22:46:57.865, 5, 1, 12343, 21.91, 31
2026/08/15 22:46:59.865, 7, 1, 12391, 22.76, 31
2026/08/15 22:47:01.865, 14, 2, 12347, 23.22, 31
2026/08/15 22:47:03.866, 16, 2, 12335, 22.92, 31
2026/08/15 22:47:05.869, 4, 1, 12371, 22.38, 31
2026/08/15 22:47:07.870, 7, 2, 12347, 22.77, 31
2026/08/15 22:47:09.870, 6, 1, 12359, 23.39, 31
2026/08/15 22:47:11.871, 18, 2, 12327, 23.49, 31
2026/08/15 22:47:13.871, 14, 1, 12403, 22.74, 31
2026/08/15 22:47:15.872, 14, 2, 12367, 22.26, 31
2026/08/15 22:47:17.873, 26, 4, 12371, 23.03, 31
2026/08/15 22:47:19.873, 27, 3, 12375, 22.36, 31
2026/08/15 22:47:21.874, 37, 7, 12407, 23.52, 31
2026/08/15 22:47:23.875, 13, 1, 12347, 22.81, 31
2026/08/15 22:47:25.876, 4, 0, 12375, 22.72, 31
2026/08/15 22:47:27.876, 24, 5, 12387, 24.02, 31
2026/08/15 22:47:29.877, 17, 2, 12351, 22.80, 31
2026/08/15 22:47:31.877, 4, 1, 12395, 23.05, 31
2026/08/15 22:47:33.878, 4, 1, 12371, 23.22, 31
2026/08/15 22:47:35.878, 50, 8, 12395, 22.79, 31
2026/08/15 22:47:37.878, 12, 1, 12379, 22.93, 30
2026/08/15 22:47:39.879, 17, 4, 12427, 22.38, 30
2026/08/15 22:47:41.879, 15, 2, 12343, 22.75, 30
2026/08/15 22:47:43.880, 4, 1, 12371, 22.74, 30
2026/08/15 22:47:45.880, 0, 0, 12379, 22.96, 30
2026/08/15 22:47:47.881, 31, 3, 12407, 23.78, 30
2026/08/15 22:47:49.882, 13, 4, 12327, 23.58, 30
2026/08/15 22:47:51.882, 7, 0, 12339, 22.87, 30
2026/08/15 22:47:53.883, 27, 6, 12375, 23.42, 30
2026/08/15 22:47:55.883, 0, 0, 12343, 22.74, 30
2026/08/15 22:47:57.884, 10, 2, 12383, 22.75, 30
2026/08/15 22:47:59.885, 0, 1, 12419, 22.40, 30
2026/08/15 22:48:01.886, 9, 0, 12351, 22.89, 30
2026/08/15 22:48:03.886, 0, 0, 12347, 23.12, 30
2026/08/15 22:48:05.887, 0, 0, 12371, 23.27, 30
2026/08/15 22:48:07.888, 28, 4, 12379, 22.34, 30
2026/08/15 22:48:09.888, 0, 0, 12359, 22.80, 30
2026/08/15 22:48:11.889, 1, 1, 12359, 23.59, 30
2026/08/15 22:48:13.890, 13, 1, 12371, 22.90, 30
2026/08/15 22:48:15.890, 25, 3, 12331, 23.01, 30
2026/08/15 22:48:17.891, 9, 1, 12391, 22.84, 30
2026/08/15 22:48:19.891, 25, 2, 12403, 23.54, 30
2026/08/15 22:48:21.892, 14, 2, 12399, 22.82, 30
2026/08/15 22:48:23.893, 12, 1, 12335, 23.20, 30
2026/08/15 22:48:25.894, 0, 0, 12351, 22.71, 30
2026/08/15 22:48:27.894, 21, 2, 12359, 22.93, 30
2026/08/15 22:48:29.895, 24, 2, 12347, 23.11, 30
2026/08/15 22:48:31.895, 11, 1, 12379, 23.03, 30
2026/08/15 22:48:33.896, 8, 1, 12331, 22.60, 30
2026/08/15 22:48:35.896, 19, 3, 12391, 22.30, 30
2026/08/15 22:48:37.896, 22, 4, 12407, 22.55, 30
2026/08/15 22:48:39.897, 10, 1, 12339, 23.05, 30
2026/08/15 22:48:41.897, 19, 2, 12359, 22.77, 30
2026/08/15 22:48:43.898, 22, 3, 12343, 23.16, 30
2026/08/15 22:48:45.899, 0, 0, 12379, 23.19, 30
2026/08/15 22:48:47.900, 0, 0, 12371, 22.34, 30
2026/08/15 22:48:49.900, 14, 1, 12371, 23.15, 30
2026/08/15 22:48:51.901, 21, 3, 12395, 22.85, 30
2026/08/15 22:48:53.901, 7, 1, 12359, 23.12, 30
2026/08/15 22:48:55.902, 18, 3, 12351, 22.93, 30
2026/08/15 22:48:57.903, 24, 3, 12335, 23.28, 30
2026/08/15 22:48:59.903, 3, 2, 12363, 23.22, 30
2026/08/15 22:49:01.903, 21, 4, 12391, 23.50, 30
2026/08/15 22:49:03.904, 28, 4, 12315, 22.54, 30
2026/08/15 22:49:05.905, 11, 1, 12427, 23.24, 30
2026/08/15 22:49:07.905, 22, 4, 12327, 22.71, 30
2026/08/15 22:49:09.906, 1, 1, 12371, 23.03, 30
2026/08/15 22:49:11.906, 9, 3, 12351, 22.42, 30
2026/08/15 22:49:13.906, 14, 0, 12359, 22.39, 30
2026/08/15 22:49:15.907, 33, 7, 12371, 23.36, 30
2026/08/15 22:49:17.907, 3, 1, 12359, 23.04, 30
2026/08/15 22:49:19.908, 0, 0, 12347, 22.72, 30
2026/08/15 22:49:21.909, 14, 2, 12383, 23.17, 30
2026/08/15 22:49:23.909, 16, 2, 12343, 22.27, 30
2026/08/15 22:49:25.909, 15, 2, 12367, 22.77, 30
2026/08/15 22:49:27.910, 6, 1, 12383, 22.79, 30
2026/08/15 22:49:29.910, 12, 2, 12347, 22.72, 30
2026/08/15 22:49:31.911, 13, 2, 12371, 22.56, 30
2026/08/15 22:49:33.912, 9, 1, 12323, 22.65, 30
2026/08/15 22:49:35.913, 11, 2, 12335, 23.20, 30
2026/08/15 22:49:37.913, 2, 0, 12391, 22.40, 30
2026/08/15 22:49:39.914, 0, 0, 12331, 22.18, 30
2026/08/15 22:49:41.914, 0, 0, 12335, 22.07, 30
2026/08/15 22:49:43.920, 24, 3, 12367, 22.83, 30
2026/08/15 22:49:45.920, 6, 1, 12351, 22.90, 30
2026/08/15 22:49:47.921, 8, 1, 12367, 22.92, 30
2026/08/15 22:49:49.921, 19, 4, 12359, 22.58, 30
2026/08/15 22:49:51.923, 14, 3, 12371, 21.95, 30
2026/08/15 22:49:53.924, 4, 1, 12391, 22.12, 30
2026/08/15 22:49:55.926, 33, 5, 12359, 22.34, 30
2026/08/15 22:49:57.927, 23, 2, 12391, 22.42, 30
2026/08/15 22:49:59.927, 12, 3, 12355, 22.76, 30
2026/08/15 22:50:01.928, 25, 4, 12347, 22.56, 30
2026/08/15 22:50:03.929, 19, 3, 12363, 23.31, 30
2026/08/15 22:50:05.929, 27, 4, 12343, 22.73, 30
2026/08/15 22:50:07.930, 18, 1, 12367, 22.56, 30
2026/08/15 22:50:09.931, 13, 1, 12319, 23.35, 30
2026/08/15 22:50:11.931, 0, 0, 12391, 22.67, 30
2026/08/15 22:50:13.931, 7, 1, 12359, 21.93, 30
2026/08/15 22:50:15.932, 5, 2, 12351, 22.35, 30
2026/08/15 22:50:17.933, 25, 4, 12379, 21.62, 30
2026/08/15 22:50:19.933, 0, 0, 12383, 22.66, 30
2026/08/15 22:50:21.934, 6, 1, 12355, 22.72, 30
2026/08/15 22:50:23.934, 46, 11, 12403, 23.11, 30
2026/08/15 22:50:25.935, 7, 2, 12307, 21.89, 30
2026/08/15 22:50:27.936, 21, 5, 12371, 23.05, 30
2026/08/15 22:50:29.936, 19, 3, 12359, 22.49, 30
2026/08/15 22:50:31.937, 11, 2, 12391, 22.69, 30
2026/08/15 22:50:33.937, 0, 0, 12359, 23.07, 29
2026/08/15 22:50:35.938, 0, 1, 12327, 23.47, 29
2026/08/15 22:50:37.939, 11, 1, 12347, 23.80, 29
2026/08/15 22:50:39.939, 3, 0, 12351, 23.52, 29
2026/08/15 22:50:41.940, 8, 2, 12343, 22.48, 29
2026/08/15 22:50:43.940, 15, 2, 12371, 22.92, 29
2026/08/15 22:50:45.942, 39, 6, 12375, 22.91, 29
2026/08/15 22:50:47.943, 10, 2, 12371, 22.82, 29
2026/08/15 22:50:49.943, 7, 0, 12391, 22.74, 29
2026/08/15 22:50:51.944, 20, 3, 12347, 22.91, 29
2026/08/15 22:50:53.944, 0, 1, 12359, 23.06, 29
2026/08/15 22:50:55.944, 12, 1, 12367, 22.36, 29
2026/08/15 22:50:57.945, 4, 0, 12347, 23.13, 29
2026/08/15 22:50:59.946, 9, 2, 12367, 23.55, 29
2026/08/15 22:51:01.946, 0, 1, 12327, 23.14, 29
2026/08/15 22:51:03.947, 21, 3, 12359, 23.45, 29
2026/08/15 22:51:05.948, 0, 0, 12371, 22.94, 29
2026/08/15 22:51:07.948, 23, 4, 12363, 22.61, 29
2026/08/15 22:51:09.949, 6, 2, 12379, 23.02, 29
2026/08/15 22:51:11.949, 17, 4, 12403, 23.32, 29
2026/08/15 22:51:13.953, 18, 2, 12347, 22.46, 29
2026/08/15 22:51:15.954, 3, 0, 12359, 22.11, 29
2026/08/15 22:51:17.954, 23, 3, 12339, 22.70, 29
2026/08/15 22:51:19.954, 29, 6, 12391, 23.19, 29
2026/08/15 22:51:21.956, 5, 1, 12363, 22.68, 29
2026/08/15 22:51:23.956, 10, 2, 12391, 22.99, 29
2026/08/15 22:51:25.957, 6, 0, 12367, 23.30, 29
2026/08/15 22:51:27.957, 11, 2, 12383, 22.77, 29
2026/08/15 22:51:29.958, 4, 0, 12363, 22.75, 29
2026/08/15 22:51:31.959, 40, 5, 12347, 23.03, 29
2026/08/15 22:51:33.962, 6, 0, 12355, 22.63, 29
2026/08/15 22:51:35.963, 0, 0, 12363, 22.27, 29
2026/08/15 22:51:37.963, 22, 3, 12351, 22.52, 29
2026/08/15 22:51:39.964, 15, 3, 12371, 22.33, 29
2026/08/15 22:51:41.964, 13, 2, 12383, 22.09, 29
2026/08/15 22:51:43.964, 1, 0, 12359, 22.48, 29
2026/08/15 22:51:45.965, 4, 1, 12371, 22.56, 29
2026/08/15 22:51:47.966, 20, 3, 12359, 22.05, 29
2026/08/15 22:51:49.966, 0, 0, 12367, 22.38, 29
2026/08/15 22:51:51.966, 0, 0, 12371, 22.45, 29
2026/08/15 22:51:53.967, 0, 0, 12347, 21.72, 29
2026/08/15 22:51:55.967, 13, 3, 12383, 22.46, 29
2026/08/15 22:51:57.968, 0, 0, 12323, 22.05, 29
2026/08/15 22:51:59.968, 12, 0, 12423, 23.22, 29
2026/08/15 22:52:01.969, 20, 4, 12387, 22.15, 29
2026/08/15 22:52:03.969, 23, 3, 12427, 23.57, 29
2026/08/15 22:52:05.976, 2, 2, 12327, 22.30, 29
2026/08/15 22:52:07.978, 11, 2, 12371, 22.59, 29
2026/08/15 22:52:09.979, 1, 1, 12347, 23.15, 29
2026/08/15 22:52:11.980, 1, 0, 12419, 22.66, 29
2026/08/15 22:52:13.980, 18, 3, 12335, 22.22, 29
2026/08/15 22:52:15.981, 11, 2, 12439, 23.05, 29
2026/08/15 22:52:17.983, 4, 0, 12395, 22.42, 29
2026/08/15 22:52:19.984, 8, 1, 12367, 23.16, 29
2026/08/15 22:52:21.985, 26, 3, 12443, 22.51, 29
2026/08/15 22:52:23.987, 4, 1, 12391, 22.17, 29
2026/08/15 22:52:25.988, 25, 3, 12367, 22.50, 29
2026/08/15 22:52:27.988, 21, 2, 12379, 22.46, 29
2026/08/15 22:52:29.989, 9, 2, 12331, 23.16, 29
2026/08/15 22:52:31.989, 5, 1, 12339, 22.95, 29
2026/08/15 22:52:33.990, 10, 1, 12359, 23.67, 29
2026/08/15 22:52:35.990, 3, 0, 12371, 22.02, 29
2026/08/15 22:52:37.991, 20, 2, 12363, 23.18, 29
2026/08/15 22:52:39.992, 23, 5, 12351, 22.39, 29
2026/08/15 22:52:41.993, 26, 4, 12371, 22.59, 29
2026/08/15 22:52:43.993, 11, 1, 12315, 22.50, 29
2026/08/15 22:52:45.994, 8, 1, 12403, 22.82, 29
2026/08/15 22:52:47.995, 4, 1, 12299, 22.82, 29
2026/08/15 22:52:49.995, 6, 1, 12379, 22.83, 29
2026/08/15 22:52:51.996, 0, 0, 12383, 22.47, 29
2026/08/15 22:52:53.997, 8, 1, 12339, 22.35, 29
2026/08/15 22:52:55.997, 17, 3, 12379, 23.48, 29
2026/08/15 22:52:57.998, 15, 2, 12363, 22.62, 29
2026/08/15 22:52:59.998, 14, 2, 12379, 23.23, 29
2026/08/15 22:53:01.999, 12, 2, 12403, 22.43, 29
2026/08/15 22:53:04.000, 4, 1, 12363, 22.93, 29
2026/08/15 22:53:06.000, 25, 3, 12347, 22.42, 29
2026/08/15 22:53:08.001, 13, 2, 12359, 22.49, 29
2026/08/15 22:53:10.002, 0, 0, 12327, 23.06, 29
2026/08/15 22:53:12.002, 2, 0, 12355, 22.52, 29
2026/08/15 22:53:14.002, 28, 4, 12371, 22.29, 29
2026/08/15 22:53:16.003, 6, 2, 12327, 22.34, 29
2026/08/15 22:53:18.004, 19, 4, 12351, 22.62, 29
2026/08/15 22:53:20.004, 21, 2, 12363, 22.13, 29
2026/08/15 22:53:22.005, 4, 0, 12371, 22.43, 29
2026/08/15 22:53:24.005, 7, 1, 12371, 22.97, 29
2026/08/15 22:53:26.006, 19, 3, 12359, 21.78, 29
2026/08/15 22:53:28.006, 16, 2, 12371, 22.86, 29
2026/08/15 22:53:30.006, 17, 2, 12371, 22.16, 29
2026/08/15 22:53:32.007, 5, 1, 12367, 22.59, 29
2026/08/15 22:53:34.007, 7, 1, 12391, 23.46, 29
2026/08/15 22:53:36.008, 8, 1, 12367, 21.97, 29
2026/08/15 22:53:38.008, 19, 3, 12343, 22.52, 29
2026/08/15 22:53:40.009, 7, 2, 12359, 22.75, 29
2026/08/15 22:53:42.009, 0, 0, 12379, 21.83, 29
2026/08/15 22:53:44.010, 36, 5, 12367, 23.60, 29
2026/08/15 22:53:46.010, 18, 3, 12379, 22.99, 29
2026/08/15 22:53:48.011, 6, 1, 12347, 22.22, 29
2026/08/15 22:53:50.011, 8, 1, 12351, 22.81, 29
2026/08/15 22:53:52.012, 13, 0, 12367, 21.95, 29
2026/08/15 22:53:54.014, 0, 0, 12367, 22.16, 29
2026/08/15 22:53:56.015, 10, 2, 12379, 22.68, 29
2026/08/15 22:53:58.015, 1, 1, 12339, 21.85, 29
2026/08/15 22:54:00.017, 7, 0, 12359, 23.00, 29
2026/08/15 22:54:02.017, 13, 2, 12339, 22.28, 29
2026/08/15 22:54:04.018, 15, 2, 12351, 22.88, 29
2026/08/15 22:54:06.018, 16, 2, 12359, 22.43, 29
2026/08/15 22:54:08.018, 5, 1, 12403, 23.26, 29
2026/08/15 22:54:10.019, 11, 1, 12379, 22.56, 29
2026/08/15 22:54:12.019, 12, 2, 12383, 22.56, 29
2026/08/15 22:54:14.020, 3, 1, 12383, 22.18, 29
2026/08/15 22:54:16.021, 0, 0, 12415, 22.58, 29
2026/08/15 22:54:18.021, 11, 1, 12379, 22.21, 29
2026/08/15 22:54:20.022, 9, 1, 12379, 22.55, 29
2026/08/15 22:54:22.022, 0, 0, 12367, 22.39, 29
2026/08/15 22:54:24.023, 12, 0, 12351, 23.36, 29
2026/08/15 22:54:26.024, 12, 2, 12415, 22.97, 29
2026/08/15 22:54:28.024, 0, 0, 12367, 22.55, 29
2026/08/15 22:54:30.025, 38, 8, 12363, 22.94, 29
2026/08/15 22:54:32.027, 1, 1, 12319, 22.44, 29
2026/08/15 22:54:34.028, 19, 3, 12415, 23.60, 29
2026/08/15 22:54:36.028, 4, 1, 12383, 22.00, 29
2026/08/15 22:54:38.030, 6, 1, 12379, 22.13, 29
2026/08/15 22:54:40.032, 33, 5, 12343, 24.27, 29
2026/08/15 22:54:42.032, 10, 0, 12379, 22.72, 29
2026/08/15 22:54:44.033, 0, 0, 12403, 23.68, 29
2026/08/15 22:54:46.033, 1, 0, 12347, 23.17, 29
2026/08/15 22:54:48.033, 2, 1, 12383, 23.35, 29
2026/08/15 22:54:50.034, 0, 0, 12347, 23.57, 29
2026/08/15 22:54:52.035, 13, 3, 12331, 22.70, 29
2026/08/15 22:54:54.035, 13, 2, 12331, 23.31, 29
2026/08/15 22:54:56.035, 13, 1, 12403, 23.74, 29
2026/08/15 22:54:58.036, 3, 1, 12363, 22.79, 29
2026/08/15 22:55:00.036, 3, 1, 12359, 23.95, 29
2026/08/15 22:55:02.037, 14, 2, 12331, 23.27, 29
2026/08/15 22:55:04.038, 14, 3, 12343, 23.93, 29
2026/08/15 22:55:06.038, 0, 0, 12379, 23.00, 29
2026/08/15 22:55:08.039, 23, 3, 12371, 24.37, 29
2026/08/15 22:55:10.040, 0, 0, 12379, 22.53, 29
2026/08/15 22:55:12.040, 11, 1, 12379, 24.45, 29
2026/08/15 22:55:14.041, 14, 3, 12339, 22.88, 29
2026/08/15 22:55:16.041, 11, 1, 12391, 23.71, 29
2026/08/15 22:55:18.042, 11, 3, 12371, 23.04, 29
2026/08/15 22:55:20.042, 12, 2, 12367, 23.94, 29
2026/08/15 22:55:22.043, 19, 4, 12371, 24.12, 29
2026/08/15 22:55:24.043, 15, 1, 12383, 23.24, 29
2026/08/15 22:55:26.044, 10, 3, 12339, 23.64, 29
2026/08/15 22:55:28.045, 4, 0, 12371, 23.61, 29
2026/08/15 22:55:30.045, 9, 1, 12391, 23.83, 29
2026/08/15 22:55:32.046, 0, 1, 12347, 23.05, 29
2026/08/15 22:55:34.047, 42, 7, 12335, 24.71, 29
2026/08/15 22:55:36.051, 12, 3, 12359, 23.26, 29
2026/08/15 22:55:38.052, 35, 5, 12347, 23.68, 29
2026/08/15 22:55:40.052, 9, 1, 12371, 23.45, 29
2026/08/15 22:55:42.053, 0, 0, 12371, 22.83, 29
2026/08/15 22:55:44.053, 37, 5, 12355, 23.66, 29
2026/08/15 22:55:46.053, 38, 4, 12371, 22.50, 29
2026/08/15 22:55:48.058, 0, 0, 12339, 22.69, 29
2026/08/15 22:55:50.059, 19, 5, 12371, 23.33, 29
2026/08/15 22:55:52.060, 15, 1, 12327, 24.94, 29
2026/08/15 22:55:54.060, 3, 1, 12403, 23.89, 29
2026/08/15 22:55:56.061, 5, 2, 12319, 23.75, 29
2026/08/15 22:55:58.061, 28, 4, 12367, 24.25, 29
2026/08/15 22:56:00.062, 4, 1, 12347, 23.44, 29
2026/08/15 22:56:02.062, 12, 1, 12371, 22.73, 29
2026/08/15 22:56:04.063, 3, 1, 12327, 22.61, 29
2026/08/15 22:56:06.063, 9, 1, 12391, 22.93, 29
2026/08/15 22:56:08.064, 15, 1, 12347, 22.40, 29
2026/08/15 22:56:10.064, 29, 4, 12327, 22.93, 29
2026/08/15 22:56:12.065, 16, 3, 12371, 23.85, 29
2026/08/15 22:56:14.066, 8, 1, 12339, 23.35, 29
2026/08/15 22:56:16.066, 7, 1, 12367, 23.09, 29
2026/08/15 22:56:18.067, 6, 1, 12391, 22.91, 29
2026/08/15 22:56:20.067, 33, 7, 12367, 22.75, 29
2026/08/15 22:56:22.068, 0, 0, 12371, 22.68, 29
2026/08/15 22:56:24.068, 13, 2, 12347, 23.64, 29
2026/08/15 22:56:26.069, 17, 1, 12379, 23.27, 29
2026/08/15 22:56:28.069, 4, 1, 12335, 22.98, 29
2026/08/15 22:56:30.070, 6, 0, 12363, 22.99, 29
2026/08/15 22:56:32.071, 0, 0, 12379, 22.94, 29
2026/08/15 22:56:34.071, 44, 10, 12339, 22.89, 29
2026/08/15 22:56:36.071, 25, 3, 12379, 22.71, 29
2026/08/15 22:56:38.072, 0, 0, 12379, 22.70, 29
2026/08/15 22:56:40.072, 1, 1, 12319, 22.30, 29
2026/08/15 22:56:42.073, 26, 4, 12351, 23.01, 29
2026/08/15 22:56:44.073, 4, 1, 12351, 23.21, 29
2026/08/15 22:56:46.074, 6, 0, 12371, 22.39, 29
2026/08/15 22:56:48.074, 12, 1, 12391, 23.23, 29
2026/08/15 22:56:50.075, 11, 1, 12379, 22.90, 29
2026/08/15 22:56:52.075, 53, 13, 12383, 23.49, 29
2026/08/15 22:56:54.076, 11, 2, 12391, 23.33, 29
2026/08/15 22:56:56.077, 9, 1, 12319, 22.27, 29
2026/08/15 22:56:58.078, 9, 1, 12371, 23.33, 29
2026/08/15 22:57:00.079, 17, 2, 12355, 23.43, 29
2026/08/15 22:57:02.079, 23, 4, 12403, 23.61, 29
2026/08/15 22:57:04.080, 1, 1, 12347, 22.66, 29
2026/08/15 22:57:06.080, 18, 3, 12331, 22.88, 29
2026/08/15 22:57:08.081, 16, 2, 12403, 23.50, 29
2026/08/15 22:57:10.081, 21, 3, 12367, 23.35, 29
2026/08/15 22:57:12.082, 4, 1, 12363, 22.65, 29
2026/08/15 22:57:14.082, 3, 0, 12339, 22.63, 29
2026/08/15 22:57:16.082, 21, 3, 12383, 24.34, 29
2026/08/15 22:57:18.083, 1, 1, 12323, 23.35, 29
2026/08/15 22:57:20.084, 28, 4, 12379, 23.42, 29
2026/08/15 22:57:22.084, 7, 1, 12339, 24.81, 29
2026/08/15 22:57:24.085, 0, 0, 12327, 23.00, 29
2026/08/15 22:57:26.085, 32, 6, 12347, 24.19, 29
2026/08/15 22:57:28.085, 5, 1, 12371, 22.46, 29
2026/08/15 22:57:30.086, 4, 1, 12363, 22.74, 29
2026/08/15 22:57:32.087, 13, 0, 12359, 22.85, 29
2026/08/15 22:57:34.087, 16, 3, 12383, 23.54, 29
2026/08/15 22:57:36.088, 4, 1, 12371, 22.90, 29
2026/08/15 22:57:38.089, 14, 2, 12379, 23.30, 29
2026/08/15 22:57:40.089, 26, 3, 12355, 23.45, 29
2026/08/15 22:57:42.092, 8, 1, 12355, 23.23, 29
2026/08/15 22:57:44.093, 17, 2, 12395, 23.67, 29
2026/08/15 22:57:46.093, 0, 0, 12391, 23.37, 29
2026/08/15 22:57:48.094, 0, 0, 12339, 23.45, 29
2026/08/15 22:57:50.095, 19, 3, 12411, 22.79, 29
2026/08/15 22:57:52.095, 0, 0, 12399, 23.07, 29
2026/08/15 22:57:54.101, 21, 3, 12359, 23.13, 29
2026/08/15 22:57:56.102, 14, 1, 12367, 22.41, 29
2026/08/15 22:57:58.102, 20, 2, 12371, 23.03, 29
2026/08/15 22:58:00.102, 28, 3, 12335, 23.07, 29
2026/08/15 22:58:02.103, 13, 2, 12379, 23.72, 29
2026/08/15 22:58:04.104, 24, 4, 12387, 22.81, 29
2026/08/15 22:58:06.105, 6, 1, 12351, 23.11, 29
2026/08/15 22:58:08.105, 9, 1, 12339, 22.97, 29
2026/08/15 22:58:10.107, 0, 0, 12367, 23.55, 29
2026/08/15 22:58:12.108, 8, 1, 12383, 22.33, 29
2026/08/15 22:58:14.108, 22, 3, 12371, 23.74, 29
2026/08/15 22:58:16.109, 2, 0, 12371, 23.36, 29
2026/08/15 22:58:18.109, 7, 1, 12399, 22.71, 29
2026/08/15 22:58:20.110, 1, 1, 12339, 22.29, 29
2026/08/15 22:58:22.110, 17, 3, 12363, 22.95, 29
2026/08/15 22:58:24.110, 4, 2, 12311, 23.21, 29
2026/08/15 22:58:26.114, 16, 1, 12355, 22.66, 29
2026/08/15 22:58:28.115, 11, 1, 12391, 22.31, 29
2026/08/15 22:58:30.115, 13, 2, 12307, 23.15, 29
2026/08/15 22:58:32.116, 1, 1, 12347, 23.29, 29
2026/08/15 22:58:34.116, 12, 0, 12379, 23.07, 29
2026/08/15 22:58:36.116, 9, 2, 12359, 23.59, 29
2026/08/15 22:58:38.117, 4, 1, 12387, 22.25, 29
2026/08/15 22:58:40.118, 8, 1, 12407, 22.70, 29
2026/08/15 22:58:42.118, 9, 1, 12371, 22.72, 29
2026/08/15 22:58:44.119, 0, 0, 12343, 21.84, 29
2026/08/15 22:58:46.119, 6, 0, 12379, 22.18, 29
2026/08/15 22:58:48.120, 0, 0, 12391, 22.22, 29
2026/08/15 22:58:50.122, 4, 1, 12367, 21.57, 29
2026/08/15 22:58:52.122, 0, 0, 12411, 22.50, 29
2026/08/15 22:58:54.123, 0, 1, 12347, 22.90, 29
2026/08/15 22:58:56.123, 20, 2, 12391, 22.10, 29
2026/08/15 22:58:58.124, 0, 0, 12423, 22.73, 29
2026/08/15 22:59:00.124, 1, 0, 12343, 22.59, 29
2026/08/15 22:59:02.125, 4, 1, 12379, 22.55, 29
2026/08/15 22:59:04.126, 6, 1, 12387, 22.85, 29
2026/08/15 22:59:06.126, 8, 1, 12351, 22.72, 29
2026/08/15 22:59:08.129, 3, 1, 12331, 22.05, 29
2026/08/15 22:59:10.130, 32, 5, 12419, 22.85, 29
2026/08/15 22:59:12.131, 17, 2, 12327, 22.16, 29
2026/08/15 22:59:14.132, 0, 0, 12355, 21.61, 29
2026/08/15 22:59:16.132, 12, 1, 12347, 22.38, 29
2026/08/15 22:59:18.133, 9, 2, 12339, 22.70, 29
2026/08/15 22:59:20.133, 0, 0, 12323, 22.09, 29
2026/08/15 22:59:22.134, 28, 2, 12415, 22.35, 29
2026/08/15 22:59:24.135, 17, 2, 12379, 22.64, 29
2026/08/15 22:59:26.135, 13, 2, 12355, 23.40, 29
2026/08/15 22:59:28.136, 0, 0, 12407, 23.26, 29
2026/08/15 22:59:30.137, 11, 2, 12375, 22.88, 29
2026/08/15 22:59:32.138, 34, 6, 12403, 22.95, 29
2026/08/15 22:59:34.139, 0, 0, 12327, 21.90, 29
2026/08/15 22:59:36.140, 6, 1, 12371, 21.94, 29
2026/08/15 22:59:38.141, 16, 2, 12391, 21.58, 29
2026/08/15 22:59:40.141, 9, 2, 12327, 21.82, 29
2026/08/15 22:59:42.142, 27, 4, 12395, 23.10, 29
2026/08/15 22:59:44.142, 11, 1, 12367, 22.77, 29
2026/08/15 22:59:46.143, 0, 0, 12347, 22.15, 29
2026/08/15 22:59:48.143, 6, 1, 12391, 22.27, 29
2026/08/15 22:59:50.145, 22, 3, 12355, 22.18, 29
2026/08/15 22:59:52.145, 3, 1, 12371, 22.67, 29
2026/08/15 22:59:54.145, 0, 0, 12347, 22.31, 29
2026/08/15 22:59:56.146, 13, 3, 12383, 23.27, 29
2026/08/15 22:59:58.146, 1, 1, 12319, 21.94, 29
2026/08/15 23:00:00.147, 3, 1, 12359, 22.89, 29
2026/08/15 23:00:02.148, 22, 4, 12391, 22.19, 29
2026/08/15 23:00:04.148, 32, 6, 12319, 22.78, 29
2026/08/15 23:00:06.148, 4, 1, 12339, 22.30, 29
2026/08/15 23:00:08.151, 2, 1, 12415, 23.05, 29
2026/08/15 23:00:10.152, 1, 2, 12339, 22.26, 29
2026/08/15 23:00:12.152, 19, 3, 12371, 22.85, 29
2026/08/15 23:00:14.153, 5, 1, 12351, 23.67, 29
2026/08/15 23:00:16.153, 5, 3, 12303, 23.34, 29
2026/08/15 23:00:18.154, 2, 1, 12351, 22.52, 29
2026/08/15 23:00:20.154, 40, 8, 12379, 22.89, 30
2026/08/15 23:00:22.155, 15, 1, 12331, 21.24, 30
2026/08/15 23:00:24.155, 25, 3, 12379, 22.26, 30
2026/08/15 23:00:26.156, 31, 5, 12359, 22.61, 30
2026/08/15 23:00:28.156, 11, 1, 12327, 23.20, 30
2026/08/15 23:00:30.157, 20, 3, 12383, 22.77, 30
2026/08/15 23:00:32.157, 8, 1, 12367, 22.75, 30
2026/08/15 23:00:34.158, 0, 0, 12371, 22.42, 30
2026/08/15 23:00:36.158, 3, 0, 12379, 22.65, 30
2026/08/15 23:00:38.159, 0, 1, 12347, 22.40, 30
2026/08/15 23:00:40.159, 6, 1, 12407, 22.78, 30
2026/08/15 23:00:42.160, 8, 1, 12347, 22.75, 30
2026/08/15 23:00:44.160, 10, 2, 12347, 22.97, 30
2026/08/15 23:00:46.161, 9, 1, 12359, 22.48, 30
2026/08/15 23:00:48.161, 17, 2, 12379, 22.69, 30
2026/08/15 23:00:50.162, 10, 1, 12339, 21.62, 30
2026/08/15 23:00:52.163, 13, 2, 12403, 22.80, 30
2026/08/15 23:00:54.163, 29, 3, 12367, 22.85, 30
2026/08/15 23:00:56.164, 14, 2, 12371, 23.21, 30
2026/08/15 23:00:58.164, 1, 0, 12371, 22.31, 30
2026/08/15 23:01:00.165, 4, 1, 12367, 22.27, 30
2026/08/15 23:01:02.165, 15, 2, 12339, 22.14, 30
2026/08/15 23:01:04.166, 25, 2, 12355, 22.78, 30
2026/08/15 23:01:06.166, 2, 0, 12383, 22.53, 30
2026/08/15 23:01:08.167, 17, 1, 12379, 22.36, 30
2026/08/15 23:01:10.167, 16, 1, 12367, 22.82, 30
2026/08/15 23:01:12.168, 0, 0, 12383, 22.83, 30
2026/08/15 23:01:14.168, 3, 1, 12307, 22.11, 30
2026/08/15 23:01:16.169, 31, 5, 12363, 23.64, 30
2026/08/15 23:01:18.170, 3, 1, 12371, 22.21, 30
2026/08/15 23:01:20.170, 0, 0, 12355, 22.69, 30
2026/08/15 23:01:22.171, 12, 0, 12391, 22.28, 30
2026/08/15 23:01:24.172, 0, 0, 12367, 22.22, 30
2026/08/15 23:01:26.172, 1, 0, 12371, 22.36, 30
2026/08/15 23:01:28.173, 0, 0, 12347, 21.90, 30
2026/08/15 23:01:30.174, 17, 2, 12379, 23.79, 30
2026/08/15 23:01:32.179, 0, 0, 12359, 23.17, 30
2026/08/15 23:01:34.180, 0, 0, 12347, 22.28, 30
2026/08/15 23:01:36.188, 0, 0, 12375, 22.11, 30
2026/08/15 23:01:38.189, 0, 0, 12347, 23.29, 30
2026/08/15 23:01:40.189, 20, 4, 12359, 22.86, 30
2026/08/15 23:01:42.190, 0, 0, 12391, 22.66, 30
2026/08/15 23:01:44.191, 9, 1, 12367, 22.29, 30
2026/08/15 23:01:46.192, 9, 1, 12379, 22.89, 30
2026/08/15 23:01:48.192, 23, 3, 12371, 23.55, 30
2026/08/15 23:01:50.193, 16, 2, 12319, 21.79, 30
2026/08/15 23:01:52.193, 1, 1, 12347, 22.37, 30
2026/08/15 23:01:54.194, 17, 1, 12379, 23.01, 30
2026/08/15 23:01:56.194, 6, 1, 12359, 22.23, 30
2026/08/15 23:01:58.194, 48, 6, 12355, 23.15, 30
2026/08/15 23:02:00.197, 11, 1, 12383, 22.19, 30
2026/08/15 23:02:02.197, 0, 0, 12379, 22.50, 30
2026/08/15 23:02:04.198, 12, 3, 12327, 22.65, 30
2026/08/15 23:02:06.198, 16, 2, 12383, 23.38, 30
2026/08/15 23:02:08.198, 10, 2, 12359, 22.87, 31
2026/08/15 23:02:10.199, 16, 1, 12379, 22.56, 31
2026/08/15 23:02:12.200, 10, 2, 12367, 22.31, 31
2026/08/15 23:02:14.201, 14, 1, 12367, 22.77, 31
2026/08/15 23:02:16.201, 13, 3, 12383, 22.56, 31
2026/08/15 23:02:18.201, 7, 1, 12311, 23.07, 31
2026/08/15 23:02:20.202, 8, 2, 12379, 22.62, 31
2026/08/15 23:02:22.203, 14, 2, 12351, 22.34, 31
2026/08/15 23:02:24.203, 9, 2, 12355, 22.35, 31
2026/08/15 23:02:26.203, 33, 7, 12367, 22.34, 31
2026/08/15 23:02:28.204, 10, 1, 12379, 22.47, 31
2026/08/15 23:02:30.204, 23, 2, 12379, 22.94, 31
2026/08/15 23:02:32.205, 0, 0, 12367, 22.70, 31
2026/08/15 23:02:34.205, 7, 1, 12371, 22.56, 31
2026/08/15 23:02:36.206, 0, 0, 12367, 22.00, 31
2026/08/15 23:02:38.206, 2, 0, 12359, 21.87, 31
2026/08/15 23:02:40.207, 4, 0, 12379, 22.84, 31
2026/08/15 23:02:42.207, 16, 3, 12331, 22.22, 31
2026/08/15 23:02:44.208, 29, 4, 12391, 23.28, 31
2026/08/15 23:02:46.209, 7, 1, 12311, 22.12, 31
2026/08/15 23:02:48.209, 20, 2, 12375, 23.11, 31
2026/08/15 23:02:50.210, 3, 0, 12339, 22.00, 31
2026/08/15 23:02:52.211, 6, 1, 12403, 22.82, 31
2026/08/15 23:02:54.211, 15, 2, 12331, 22.86, 31
2026/08/15 23:02:56.211, 30, 5, 12383, 23.35, 31
2026/08/15 23:02:58.212, 3, 1, 12359, 21.72, 31
2026/08/15 23:03:00.212, 15, 4, 12379, 22.87, 31
2026/08/15 23:03:02.213, 9, 1, 12371, 22.10, 31
2026/08/15 23:03:04.213, 27, 4, 12379, 22.75, 31
2026/08/15 23:03:06.216, 12, 2, 12335, 22.09, 31
2026/08/15 23:03:08.217, 12, 1, 12359, 22.65, 31
2026/08/15 23:03:10.217, 0, 0, 12367, 22.04, 31
2026/08/15 23:03:12.217, 1, 0, 12371, 22.38, 31
2026/08/15 23:03:14.218, 26, 4, 12367, 23.09, 31
2026/08/15 23:03:16.219, 23, 4, 12351, 23.45, 31
2026/08/15 23:03:18.219, 31, 6, 12367, 22.73, 31
2026/08/15 23:03:20.219, 9, 2, 12371, 22.50, 31
2026/08/15 23:03:22.220, 6, 1, 12335, 22.93, 31
2026/08/15 23:03:24.221, 17, 3, 12379, 22.75, 31
2026/08/15 23:03:26.222, 0, 0, 12403, 22.61, 31
2026/08/15 23:03:28.222, 36, 8, 12355, 22.52, 31
2026/08/15 23:03:30.223, 0, 0, 12359, 22.60, 31
2026/08/15 23:03:32.223, 0, 0, 12323, 22.42, 31
2026/08/15 23:03:34.224, 7, 1, 12351, 22.85, 31
2026/08/15 23:03:36.224, 14, 2, 12379, 22.83, 31
2026/08/15 23:03:38.225, 10, 1, 12359, 22.59, 31
2026/08/15 23:03:40.225, 41, 7, 12347, 22.97, 31
2026/08/15 23:03:42.226, 8, 1, 12343, 22.56, 31
2026/08/15 23:03:44.226, 15, 3, 12351, 22.83, 31
2026/08/15 23:03:46.226, 10, 2, 12351, 22.11, 31
2026/08/15 23:03:48.228, 10, 0, 12347, 22.88, 31
2026/08/15 23:03:50.229, 17, 2, 12391, 22.97, 31
2026/08/15 23:03:52.229, 18, 2, 12391, 23.10, 31
2026/08/15 23:03:54.230, 2, 0, 12379, 23.61, 31
2026/08/15 23:03:56.230, 14, 2, 12363, 23.69, 31
2026/08/15 23:03:58.230, 15, 1, 12335, 22.16, 31
2026/08/15 23:04:00.232, 8, 2, 12399, 23.53, 31
2026/08/15 23:04:02.235, 5, 0, 12339, 22.77, 31
2026/08/15 23:04:04.236, 13, 2, 12339, 22.91, 31
2026/08/15 23:04:06.236, 18, 3, 12371, 23.67, 31
2026/08/15 23:04:08.237, 10, 2, 12347, 21.80, 31
2026/08/15 23:04:10.238, 0, 0, 12371, 22.69, 31
2026/08/15 23:04:12.241, 20, 4, 12351, 23.15, 31
2026/08/15 23:04:14.242, 8, 2, 12371, 22.01, 31
2026/08/15 23:04:16.242, 14, 3, 12351, 22.17, 31
2026/08/15 23:04:18.243, 3, 1, 12343, 22.87, 31
2026/08/15 23:04:20.243, 8, 2, 12331, 21.81, 31
2026/08/15 23:04:22.244, 5, 1, 12335, 22.87, 31
2026/08/15 23:04:24.244, 5, 0, 12347, 22.44, 31
2026/08/15 23:04:26.244, 1, 1, 12351, 22.00, 31
2026/08/15 23:04:28.245, 0, 0, 12347, 21.74, 31
2026/08/15 23:04:30.245, 11, 3, 12387, 23.86, 32
2026/08/15 23:04:32.246, 7, 2, 12371, 22.83, 32
2026/08/15 23:04:34.246, 5, 2, 12331, 21.88, 32
2026/08/15 23:04:36.247, 6, 1, 12363, 22.65, 32
2026/08/15 23:04:38.247, 7, 1, 12383, 22.35, 32
2026/08/15 23:04:40.248, 31, 4, 12343, 22.46, 32
2026/08/15 23:04:42.248, 36, 7, 12383, 22.72, 32
2026/08/15 23:04:44.249, 0, 0, 12339, 22.27, 32
2026/08/15 23:04:46.249, 20, 3, 12343, 22.48, 32
2026/08/15 23:04:48.250, 0, 0, 12387, 22.56, 32
2026/08/15 23:04:50.255, 9, 1, 12307, 22.46, 32
2026/08/15 23:04:52.255, 35, 7, 12403, 23.05, 32
2026/08/15 23:04:54.256, 14, 2, 12347, 21.81, 32
2026/08/15 23:04:56.256, 0, 0, 12347, 23.16, 32
2026/08/15 23:04:58.257, 39, 6, 12379, 22.99, 32
2026/08/15 23:05:00.258, 14, 0, 12391, 22.18, 32
2026/08/15 23:05:02.258, 8, 0, 12359, 22.18, 32
2026/08/15 23:05:04.259, 0, 0, 12347, 23.08, 32
2026/08/15 23:05:06.259, 0, 0, 12371, 23.01, 32
2026/08/15 23:05:08.260, 9, 2, 12359, 22.46, 32
2026/08/15 23:05:10.263, 0, 0, 12367, 22.00, 32
2026/08/15 23:05:12.264, 14, 3, 12383, 23.25, 32
2026/08/15 23:05:14.264, 5, 2, 12335, 22.26, 32
2026/08/15 23:05:16.265, 7, 1, 12367, 23.05, 32
2026/08/15 23:05:18.265, 15, 1, 12371, 22.34, 32
2026/08/15 23:05:20.266, 16, 2, 12339, 23.36, 32
2026/08/15 23:05:22.267, 13, 2, 12367, 23.22, 32
2026/08/15 23:05:24.267, 10, 1, 12359, 22.78, 32
2026/08/15 23:05:26.268, 13, 1, 12379, 23.10, 32
2026/08/15 23:05:28.268, 12, 1, 12375, 22.20, 32
2026/08/15 23:05:30.268, 0, 0, 12383, 22.23, 32
2026/08/15 23:05:32.269, 13, 2, 12343, 23.30, 32
2026/08/15 23:05:34.269, 5, 1, 12371, 23.07, 32
2026/08/15 23:05:36.270, 6, 1, 12355, 22.32, 32
2026/08/15 23:05:38.271, 2, 0, 12371, 23.90, 32
2026/08/15 23:05:40.271, 13, 2, 12359, 23.35, 32
2026/08/15 23:05:42.272, 22, 2, 12367, 22.49, 32
2026/08/15 23:05:44.272, 5, 1, 12391, 22.63, 32
2026/08/15 23:05:46.273, 4, 1, 12371, 22.89, 32
2026/08/15 23:05:48.273, 18, 3, 12371, 23.76, 32
2026/08/15 23:05:50.273, 14, 2, 12367, 22.57, 32
2026/08/15 23:05:52.275, 15, 2, 12363, 22.35, 32
2026/08/15 23:05:54.275, 12, 2, 12351, 22.67, 32
2026/08/15 23:05:56.277, 0, 0, 12359, 22.64, 32
2026/08/15 23:05:58.278, 14, 1, 12351, 23.38, 32
2026/08/15 23:06:00.278, 12, 2, 12339, 22.68, 32
2026/08/15 23:06:02.279, 12, 2, 12323, 22.21, 32
2026/08/15 23:06:04.279, 18, 3, 12367, 22.57, 32
2026/08/15 23:06:06.280, 25, 5, 12351, 22.24, 32
2026/08/15 23:06:08.280, 7, 1, 12351, 23.16, 32
2026/08/15 23:06:10.280, 6, 1, 12311, 22.87, 32
2026/08/15 23:06:12.281, 2, 1, 12371, 24.12, 32
2026/08/15 23:06:14.281, 4, 1, 12371, 23.18, 32
2026/08/15 23:06:16.282, 21, 2, 12359, 22.76, 32
2026/08/15 23:06:18.282, 21, 4, 12383, 22.76, 32
2026/08/15 23:06:20.283, 3, 1, 12379, 22.01, 32
2026/08/15 23:06:22.283, 15, 2, 12383, 23.48, 32
2026/08/15 23:06:24.284, 11, 1, 12367, 22.26, 32
2026/08/15 23:06:26.285, 31, 6, 12403, 23.16, 32
2026/08/15 23:06:28.285, 3, 2, 12343, 22.28, 32
2026/08/15 23:06:30.286, 5, 0, 12351, 23.54, 32
2026/08/15 23:06:32.286, 4, 1, 12351, 22.99, 32
2026/08/15 23:06:34.288, 15, 2, 12339, 23.27, 32
2026/08/15 23:06:36.289, 1, 1, 12371, 22.59, 32
2026/08/15 23:06:38.289, 29, 3, 12315, 22.63, 32
2026/08/15 23:06:40.290, 21, 2, 12391, 22.66, 32
2026/08/15 23:06:42.290, 18, 2, 12367, 22.13, 32
2026/08/15 23:06:44.291, 0, 0, 12351, 21.95, 32
2026/08/15 23:06:46.294, 4, 0, 12367, 22.26, 32
2026/08/15 23:06:48.295, 8, 0, 12371, 23.39, 32
2026/08/15 23:06:50.295, 31, 4, 12367, 22.91, 32
2026/08/15 23:06:52.296, 3, 0, 12403, 22.26, 32
2026/08/15 23:06:54.296, 23, 3, 12359, 22.23, 32
2026/08/15 23:06:56.297, 0, 0, 12379, 22.42, 32
2026/08/15 23:06:58.298, 23, 3, 12339, 22.76, 32
2026/08/15 23:07:00.298, 4, 0, 12391, 21.90, 32
2026/08/15 23:07:02.299, 13, 2, 12371, 22.50, 32
2026/08/15 23:07:04.300, 23, 3, 12383, 22.73, 32
2026/08/15 23:07:06.300, 38, 5, 12327, 22.03, 32
2026/08/15 23:07:08.301, 18, 3, 12331, 22.56, 32
2026/08/15 23:07:10.301, 38, 8, 12379, 22.98, 32
2026/08/15 23:07:12.302, 0, 0, 12331, 22.32, 32
2026/08/15 23:07:14.303, 28, 4, 12371, 23.44, 32
2026/08/15 23:07:16.303, 32, 5, 12347, 22.69, 32
2026/08/15 23:07:18.304, 28, 5, 12379, 23.03, 32
2026/08/15 23:07:20.305, 5, 1, 12355, 23.04, 32
2026/08/15 23:07:22.305, 22, 3, 12379, 22.66, 32
2026/08/15 23:07:24.306, 25, 2, 12391, 23.71, 32
2026/08/15 23:07:26.306, 6, 2, 12339, 23.36, 32
2026/08/15 23:07:28.307, 7, 0, 12343, 23.65, 32
2026/08/15 23:07:30.308, 12, 2, 12371, 24.22, 32
2026/08/15 23:07:32.308, 0, 0, 12327, 22.22, 32
2026/08/15 23:07:34.309, 6, 1, 12359, 22.29, 32
2026/08/15 23:07:36.309, 13, 2, 12371, 23.13, 32
2026/08/15 23:07:38.310, 16, 1, 12347, 22.49, 32
2026/08/15 23:07:40.311, 23, 2, 12359, 23.36, 32
2026/08/15 23:07:42.312, 10, 1, 12371, 22.55, 32
2026/08/15 23:07:44.312, 11, 2, 12355, 23.41, 32
2026/08/15 23:07:46.313, 22, 3, 12355, 22.94, 32
2026/08/15 23:07:48.313, 0, 0, 12379, 22.41, 32
2026/08/15 23:07:50.314, 11, 1, 12347, 22.88, 32
2026/08/15 23:07:52.315, 14, 0, 12359, 22.98, 32
2026/08/15 23:07:54.315, 8, 1, 12355, 23.12, 32
2026/08/15 23:07:56.316, 5, 1, 12371, 23.17, 32
2026/08/15 23:07:58.316, 19, 3, 12371, 22.89, 32
2026/08/15 23:08:00.317, 43, 6, 12355, 23.69, 32
2026/08/15 23:08:02.318, 0, 0, 12391, 22.98, 32
2026/08/15 23:08:04.318, 27, 4, 12339, 23.07, 32
2026/08/15 23:08:06.319, 10, 1, 12343, 22.86, 32
2026/08/15 23:08:08.319, 0, 0, 12355, 23.38, 32
2026/08/15 23:08:10.320, 0, 0, 12359, 23.17, 32
2026/08/15 23:08:12.320, 11, 1, 12347, 22.22, 32
2026/08/15 23:08:14.321, 13, 2, 12359, 23.17, 32
2026/08/15 23:08:16.321, 11, 1, 12359, 22.26, 32
2026/08/15 23:08:18.321, 4, 0, 12335, 22.71, 32
2026/08/15 23:08:20.322, 39, 8, 12375, 23.37, 32
2026/08/15 23:08:22.323, 12, 1, 12315, 22.57, 32
2026/08/15 23:08:24.323, 10, 1, 12379, 23.18, 32
2026/08/15 23:08:26.324, 0, 0, 12351, 22.73, 32
2026/08/15 23:08:28.328, 0, 0, 12391, 22.84, 32
2026/08/15 23:08:30.329, 4, 1, 12347, 23.20, 32
2026/08/15 23:08:32.330, 0, 0, 12363, 24.06, 32
2026/08/15 23:08:34.331, 14, 1, 12347, 22.88, 32
2026/08/15 23:08:36.332, 0, 0, 12379, 23.37, 31
2026/08/15 23:08:38.332, 1, 1, 12339, 23.06, 31
2026/08/15 23:08:40.332, 28, 2, 12379, 22.93, 31
2026/08/15 23:08:42.333, 14, 1, 12359, 23.12, 31
2026/08/15 23:08:44.333, 35, 5, 12367, 22.57, 31
2026/08/15 23:08:46.334, 9, 1, 12379, 23.29, 31
2026/08/15 23:08:48.335, 25, 3, 12315, 23.19, 31
2026/08/15 23:08:50.335, 0, 0, 12367, 23.34, 31
2026/08/15 23:08:52.338, 1, 1, 12355, 22.48, 31
2026/08/15 23:08:54.339, 0, 1, 12359, 23.31, 31
2026/08/15 23:08:56.339, 3, 1, 12379, 23.41, 31
2026/08/15 23:08:58.340, 20, 3, 12347, 22.63, 31
2026/08/15 23:09:00.340, 27, 4, 12339, 22.83, 31
2026/08/15 23:09:02.341, 0, 0, 12351, 22.27, 31
2026/08/15 23:09:04.342, 12, 2, 12359, 22.55, 31
2026/08/15 23:09:06.342, 7, 1, 12351, 22.51, 31
2026/08/15 23:09:08.344, 35, 7, 12359, 23.08, 31
2026/08/15 23:09:10.344, 19, 4, 12383, 23.34, 31
2026/08/15 23:09:12.345, 14, 3, 12371, 23.02, 31
2026/08/15 23:09:14.345, 2, 0, 12343, 22.67, 31
2026/08/15 23:09:16.346, 8, 1, 12403, 24.08, 31
2026/08/15 23:09:18.346, 30, 4, 12355, 23.05, 31
2026/08/15 23:09:20.346, 5, 0, 12379, 22.72, 31
2026/08/15 23:09:22.347, 16, 1, 12355, 22.79, 31
2026/08/15 23:09:24.348, 3, 1, 12383, 23.44, 31
2026/08/15 23:09:26.348, 21, 3, 12343, 23.10, 31
2026/08/15 23:09:28.349, 2, 1, 12371, 22.51, 31
2026/08/15 23:09:30.349, 0, 0, 12347, 23.36, 31
2026/08/15 23:09:32.352, 3, 1, 12355, 22.56, 31
2026/08/15 23:09:34.353, 10, 0, 12379, 23.26, 31
2026/08/15 23:09:36.354, 22, 4, 12391, 23.20, 31
2026/08/15 23:09:38.354, 19, 3, 12323, 22.74, 31
2026/08/15 23:09:40.355, 15, 2, 12371, 23.52, 31
2026/08/15 23:09:42.357, 0, 0, 12367, 22.50, 31
2026/08/15 23:09:44.358, 4, 1, 12367, 22.88, 31
2026/08/15 23:09:46.359, 34, 6, 12383, 23.09, 31
2026/08/15 23:09:48.360, 10, 2, 12327, 22.80, 31
2026/08/15 23:09:50.360, 0, 0, 12335, 22.19, 31
2026/08/15 23:09:52.361, 12, 2, 12363, 22.98, 31
2026/08/15 23:09:54.362, 26, 5, 12323, 22.64, 31
2026/08/15 23:09:56.362, 16, 2, 12343, 22.68, 31
2026/08/15 23:09:58.363, 0, 0, 12319, 22.88, 31
2026/08/15 23:10:00.363, 15, 1, 12383, 23.37, 31
2026/08/15 23:10:02.364, 31, 3, 12335, 22.56, 31
2026/08/15 23:10:04.365, 29, 3, 12403, 22.98, 31
2026/08/15 23:10:06.365, 0, 0, 12331, 22.21, 31
2026/08/15 23:10:08.366, 3, 0, 12371, 22.55, 31
2026/08/15 23:10:10.366, 3, 0, 12391, 22.68, 31
2026/08/15 23:10:12.367, 0, 0, 12359, 23.08, 31
2026/08/15 23:10:14.367, 12, 2, 12351, 23.15, 31
2026/08/15 23:10:16.368, 24, 2, 12355, 23.08, 31
2026/08/15 23:10:18.369, 0, 0, 12391, 23.43, 31
2026/08/15 23:10:20.369, 18, 2, 12347, 22.97, 31
2026/08/15 23:10:22.370, 4, 1, 12379, 22.83, 31
2026/08/15 23:10:24.370, 0, 0, 12391, 23.26, 31
2026/08/15 23:10:26.370, 26, 3, 12363, 23.22, 31
2026/08/15 23:10:28.371, 29, 3, 12379, 23.24, 31
2026/08/15 23:10:30.371, 24, 3, 12359, 23.66, 30
2026/08/15 23:10:32.372, 0, 0, 12395, 23.68, 30
2026/08/15 23:10:34.372, 3, 2, 12323, 22.62, 30
2026/08/15 23:10:36.373, 11, 2, 12383, 22.92, 30
2026/08/15 23:10:38.374, 8, 1, 12399, 23.16, 30
2026/08/15 23:10:40.374, 21, 2, 12379, 22.94, 30
2026/08/15 23:10:42.374, 9, 0, 12367, 23.09, 30
2026/08/15 23:10:44.375, 0, 0, 12383, 23.84, 30
2026/08/15 23:10:46.375, 14, 2, 12415, 23.67, 30
2026/08/15 23:10:48.376, 2, 1, 12307, 22.72, 30
2026/08/15 23:10:50.376, 25, 6, 12395, 24.01, 30
2026/08/15 23:10:52.377, 0, 0, 12351, 23.36, 30
2026/08/15 23:10:54.377, 11, 1, 12363, 23.77, 30
2026/08/15 23:10:56.378, 19, 2, 12339, 22.73, 30
2026/08/15 23:10:58.378, 13, 1, 12371, 22.88, 30
2026/08/15 23:11:00.379, 5, 1, 12415, 23.61, 30
2026/08/15 23:11:02.379, 16, 2, 12359, 22.63, 30
2026/08/15 23:11:04.380, 5, 1, 12379, 22.41, 30
2026/08/15 23:11:06.381, 19, 3, 12415, 23.67, 30
2026/08/15 23:11:08.381, 6, 1, 12411, 23.06, 30
2026/08/15 23:11:10.382, 0, 0, 12355, 22.63, 30
2026/08/15 23:11:12.382, 20, 4, 12411, 23.52, 30
2026/08/15 23:11:14.383, 9, 2, 12395, 22.74, 30
2026/08/15 23:11:16.383, 19, 2, 12367, 23.23, 30
2026/08/15 23:11:18.384, 27, 4, 12411, 23.43, 30
2026/08/15 23:11:20.385, 25, 4, 12399, 23.20, 30
2026/08/15 23:11:22.386, 6, 1, 12391, 24.39, 30
2026/08/15 23:11:24.387, 2, 1, 12351, 23.13, 30
2026/08/15 23:11:26.388, 19, 2, 12399, 23.51, 30
2026/08/15 23:11:28.388, 4, 1, 12411, 22.91, 30
2026/08/15 23:11:30.388, 16, 1, 12355, 22.22, 30
2026/08/15 23:11:32.389, 16, 2, 12411, 23.67, 30
2026/08/15 23:11:34.390, 7, 1, 12359, 23.04, 30
2026/08/15 23:11:36.390, 25, 3, 12367, 23.40, 30
2026/08/15 23:11:38.391, 9, 1, 12367, 23.06, 30
2026/08/15 23:11:40.392, 0, 0, 12359, 23.23, 30
2026/08/15 23:11:42.392, 9, 0, 12347, 23.82, 30
2026/08/15 23:11:44.393, 0, 0, 12391, 23.68, 30
2026/08/15 23:11:46.393, 5, 0, 12347, 22.74, 30
2026/08/15 23:11:48.393, 37, 6, 12331, 23.29, 30
2026/08/15 23:11:50.394, 15, 3, 12423, 23.13, 30
2026/08/15 23:11:52.394, 29, 4, 12355, 23.45, 30
2026/08/15 23:11:54.395, 28, 5, 12383, 23.20, 30
2026/08/15 23:11:56.395, 19, 1, 12351, 23.47, 30
2026/08/15 23:11:58.398, 36, 8, 12411, 23.77, 30
2026/08/15 23:12:00.399, 0, 0, 12359, 22.91, 30
2026/08/15 23:12:02.399, 15, 2, 12379, 23.43, 30
2026/08/15 23:12:04.400, 7, 1, 12399, 24.04, 30
2026/08/15 23:12:06.401, 24, 4, 12379, 23.98, 30
2026/08/15 23:12:08.401, 6, 2, 12403, 23.31, 30
2026/08/15 23:12:10.403, 21, 4, 12411, 23.68, 30
2026/08/15 23:12:12.404, 6, 2, 12331, 22.54, 30
2026/08/15 23:12:14.405, 12, 1, 12371, 23.31, 30
2026/08/15 23:12:16.405, 14, 2, 12367, 23.73, 30
2026/08/15 23:12:18.406, 17, 1, 12411, 23.46, 30
2026/08/15 23:12:20.406, 5, 2, 12327, 23.04, 30
2026/08/15 23:12:22.409, 11, 1, 12335, 22.72, 30
2026/08/15 23:12:24.410, 43, 6, 12411, 23.21, 30
2026/08/15 23:12:26.410, 24, 3, 12331, 22.63, 30
2026/08/15 23:12:28.416, 23, 3, 12355, 23.16, 30
2026/08/15 23:12:30.417, 9, 2, 12383, 23.52, 30
2026/08/15 23:12:32.417, 0, 0, 12355, 23.29, 30
2026/08/15 23:12:34.418, 6, 1, 12391, 23.25, 30
2026/08/15 23:12:36.419, 19, 4, 12339, 22.87, 30
2026/08/15 23:12:38.419, 3, 0, 12379, 22.91, 30
2026/08/15 23:12:40.420, 15, 1, 12383, 23.02, 30
2026/08/15 23:12:42.421, 28, 5, 12391, 22.35, 30
2026/08/15 23:12:44.421, 20, 3, 12359, 23.24, 30
2026/08/15 23:12:46.422, 0, 0, 12367, 23.83, 30
2026/08/15 23:12:48.422, 8, 2, 12363, 23.35, 30
2026/08/15 23:12:50.422, 8, 0, 12391, 23.17, 30
2026/08/15 23:12:52.423, 1, 1, 12327, 22.59, 30
2026/08/15 23:12:54.424, 10, 1, 12351, 23.97, 30
2026/08/15 23:12:56.424, 17, 1, 12343, 23.24, 30
2026/08/15 23:12:58.424, 6, 1, 12359, 23.49, 30
2026/08/15 23:13:00.425, 4, 1, 12355, 22.78, 30
2026/08/15 23:13:02.425, 1, 1, 12367, 23.25, 30
2026/08/15 23:13:04.426, 12, 1, 12367, 22.93, 30
2026/08/15 23:13:06.426, 4, 1, 12371, 22.44, 30
2026/08/15 23:13:08.427, 24, 3, 12351, 23.05, 30
2026/08/15 23:13:10.427, 3, 1, 12391, 23.00, 30
2026/08/15 23:13:12.428, 19, 2, 12335, 23.11, 30
2026/08/15 23:13:14.428, 9, 1, 12371, 23.41, 30
2026/08/15 23:13:16.431, 0, 0, 12355, 22.47, 30
2026/08/15 23:13:18.432, 15, 2, 12351, 23.19, 30
2026/08/15 23:13:20.432, 21, 3, 12327, 22.47, 30
2026/08/15 23:13:22.433, 13, 2, 12391, 23.84, 30
2026/08/15 23:13:24.434, 29, 4, 12359, 22.61, 30
2026/08/15 23:13:26.434, 27, 3, 12371, 23.40, 30
2026/08/15 23:13:28.435, 10, 2, 12367, 23.38, 30
2026/08/15 23:13:30.435, 9, 2, 12347, 23.39, 30
2026/08/15 23:13:32.436, 10, 3, 12359, 23.25, 30
2026/08/15 23:13:34.436, 19, 3, 12371, 23.42, 30
2026/08/15 23:13:36.437, 9, 2, 12359, 22.83, 30
2026/08/15 23:13:38.438, 14, 2, 12379, 23.69, 30
2026/08/15 23:13:40.438, 2, 1, 12347, 22.35, 30
2026/08/15 23:13:42.439, 21, 2, 12371, 22.50, 30
2026/08/15 23:13:44.440, 5, 1, 12331, 23.14, 30
2026/08/15 23:13:46.440, 6, 1, 12403, 23.00, 30
2026/08/15 23:13:48.443, 17, 2, 12335, 22.70, 30
2026/08/15 23:13:50.444, 15, 2, 12419, 24.15, 30
2026/08/15 23:13:52.445, 3, 0, 12427, 23.22, 29
2026/08/15 23:13:54.445, 7, 1, 12347, 22.28, 29
2026/08/15 23:13:56.446, 15, 3, 12387, 23.04, 29
2026/08/15 23:13:58.447, 22, 4, 12387, 23.47, 29
2026/08/15 23:14:00.447, 32, 3, 12355, 22.75, 29
2026/08/15 23:14:02.447, 4, 1, 12331, 22.73, 29
2026/08/15 23:14:04.449, 5, 1, 12383, 23.29, 29
2026/08/15 23:14:06.449, 26, 4, 12311, 23.00, 29
2026/08/15 23:14:08.450, 28, 3, 12379, 23.57, 29
2026/08/15 23:14:10.450, 1, 1, 12319, 22.61, 29
2026/08/15 23:14:12.450, 15, 2, 12399, 22.74, 29
2026/08/15 23:14:14.451, 26, 4, 12451, 22.39, 29
2026/08/15 23:14:16.451, 14, 2, 12359, 23.55, 29
2026/08/15 23:14:18.452, 11, 1, 12371, 23.03, 29
2026/08/15 23:14:20.452, 20, 2, 12431, 23.54, 29
2026/08/15 23:14:22.453, 11, 1, 12343, 22.69, 29
2026/08/15 23:14:24.454, 5, 1, 12411, 22.24, 29
2026/08/15 23:14:26.454, 13, 3, 12327, 22.50, 29
2026/08/15 23:14:28.455, 3, 1, 12419, 23.25, 29
2026/08/15 23:14:30.455, 8, 1, 12431, 23.42, 29
2026/08/15 23:14:32.456, 19, 2, 12367, 22.95, 29
2026/08/15 23:14:34.459, 15, 1, 12419, 23.21, 29
2026/08/15 23:14:36.460, 0, 0, 12379, 23.29, 29
2026/08/15 23:14:38.460, 19, 3, 12359, 23.63, 29
2026/08/15 23:14:40.461, 0, 0, 12407, 23.35, 29
2026/08/15 23:14:42.462, 4, 0, 12399, 23.80, 29
2026/08/15 23:14:44.462, 9, 2, 12371, 22.58, 29
2026/08/15 23:14:46.463, 15, 2, 12387, 22.37, 29
2026/08/15 23:14:48.463, 25, 2, 12391, 23.65, 29
2026/08/15 23:14:50.466, 21, 2, 12383, 23.43, 29
2026/08/15 23:14:52.467, 14, 2, 12379, 22.81, 29
2026/08/15 23:14:54.467, 32, 3, 12379, 23.31, 29
2026/08/15 23:14:56.468, 7, 1, 12319, 23.07, 29
2026/08/15 23:14:58.468, 0, 0, 12419, 22.96, 29
2026/08/15 23:15:00.469, 31, 4, 12375, 23.91, 29
2026/08/15 23:15:02.469, 0, 0, 12399, 22.65, 29
2026/08/15 23:15:04.470, 17, 3, 12351, 23.76, 29
2026/08/15 23:15:06.470, 24, 3, 12367, 23.07, 29
2026/08/15 23:15:08.471, 29, 2, 12351, 23.39, 29
2026/08/15 23:15:10.472, 16, 3, 12379, 22.94, 29
2026/08/15 23:15:12.473, 6, 1, 12391, 22.82, 29
2026/08/15 23:15:14.474, 0, 0, 12315, 22.91, 29
2026/08/15 23:15:16.474, 28, 4, 12407, 23.23, 29
2026/08/15 23:15:18.474, 1, 0, 12375, 22.15, 29
2026/08/15 23:15:20.475, 0, 0, 12391, 22.50, 29
2026/08/15 23:15:22.475, 26, 3, 12379, 23.10, 29
2026/08/15 23:15:24.476, 0, 0, 12355, 22.97, 29
2026/08/15 23:15:26.477, 14, 2, 12391, 23.89, 29
2026/08/15 23:15:28.477, 7, 1, 12367, 22.67, 29
2026/08/15 23:15:30.478, 19, 1, 12335, 23.48, 29
2026/08/15 23:15:32.479, 0, 0, 12403, 23.22, 29
2026/08/15 23:15:34.479, 8, 3, 12359, 22.38, 29
2026/08/15 23:15:36.479, 0, 0, 12371, 24.31, 29
2026/08/15 23:15:38.480, 0, 0, 12371, 23.50, 29
2026/08/15 23:15:40.480, 11, 1, 12371, 23.12, 29
2026/08/15 23:15:42.481, 12, 1, 12359, 23.13, 29
2026/08/15 23:15:44.483, 15, 1, 12379, 23.07, 29
2026/08/15 23:15:46.484, 11, 1, 12347, 23.32, 29
2026/08/15 23:15:48.484, 6, 2, 12375, 23.60, 29
2026/08/15 23:15:50.485, 0, 0, 12395, 22.78, 29
2026/08/15 23:15:52.485, 16, 3, 12391, 23.31, 29
2026/08/15 23:15:54.485, 0, 0, 12351, 22.39, 29
2026/08/15 23:15:56.486, 17, 3, 12375, 22.55, 29
2026/08/15 23:15:58.486, 12, 2, 12359, 23.04, 29
2026/08/15 23:16:00.487, 3, 0, 12359, 23.07, 29
2026/08/15 23:16:02.487, 22, 4, 12403, 23.09, 29
2026/08/15 23:16:04.488, 0, 0, 12299, 21.76, 29
2026/08/15 23:16:06.488, 4, 0, 12423, 22.53, 29
2026/08/15 23:16:08.489, 0, 0, 12383, 23.11, 29
2026/08/15 23:16:10.489, 12, 2, 12359, 23.54, 29
2026/08/15 23:16:12.491, 4, 1, 12351, 23.63, 29
2026/08/15 23:16:14.492, 9, 1, 12347, 22.88, 29
2026/08/15 23:16:16.492, 0, 0, 12339, 22.50, 29
2026/08/15 23:16:18.493, 6, 1, 12351, 23.84, 29
2026/08/15 23:16:20.493, 9, 2, 12359, 22.59, 29
2026/08/15 23:16:22.494, 8, 1, 12375, 23.44, 29
2026/08/15 23:16:24.495, 25, 3, 12327, 22.82, 29
2026/08/15 23:16:26.496, 25, 2, 12391, 23.25, 29
2026/08/15 23:16:28.497, 20, 2, 12391, 22.82, 29
2026/08/15 23:16:30.498, 31, 5, 12375, 23.50, 29
2026/08/15 23:16:32.498, 19, 3, 12371, 22.62, 29
2026/08/15 23:16:34.498, 28, 7, 12399, 23.28, 29
2026/08/15 23:16:36.499, 20, 3, 12387, 23.07, 29
2026/08/15 23:16:38.499, 0, 0, 12355, 23.84, 29
2026/08/15 23:16:40.500, 4, 1, 12375, 23.31, 29
2026/08/15 23:16:42.501, 4, 1, 12403, 23.04, 29
2026/08/15 23:16:44.502, 4, 1, 12371, 22.64, 29
2026/08/15 23:16:46.502, 5, 2, 12375, 23.76, 29
2026/08/15 23:16:48.503, 0, 0, 12339, 23.23, 29
2026/08/15 23:16:50.503, 0, 0, 12371, 23.04, 29
2026/08/15 23:16:52.504, 8, 1, 12359, 22.85, 29
2026/08/15 23:16:54.504, 17, 4, 12371, 23.24, 29
2026/08/15 23:16:56.505, 5, 1, 12359, 22.47, 29
2026/08/15 23:16:58.505, 8, 1, 12359, 23.52, 29
2026/08/15 23:17:00.506, 0, 0, 12395, 23.62, 29
2026/08/15 23:17:02.506, 17, 2, 12311, 22.90, 29
2026/08/15 23:17:04.506, 0, 0, 12383, 23.17, 29
2026/08/15 23:17:06.507, 38, 7, 12379, 22.70, 29
2026/08/15 23:17:08.507, 2, 1, 12351, 22.37, 29
2026/08/15 23:17:10.508, 0, 0, 12351, 23.54, 29
2026/08/15 23:17:12.508, 0, 0, 12391, 23.41, 29
2026/08/15 23:17:14.508, 32, 5, 12367, 22.84, 29
2026/08/15 23:17:16.509, 12, 2, 12399, 23.82, 29
2026/08/15 23:17:18.510, 10, 0, 12339, 22.92, 29
2026/08/15 23:17:20.511, 16, 1, 12367, 23.02, 29
2026/08/15 23:17:22.513, 25, 2, 12379, 22.99, 29
2026/08/15 23:17:24.514, 17, 3, 12391, 23.66, 29
2026/08/15 23:17:26.514, 1, 1, 12355, 22.95, 29
2026/08/15 23:17:28.515, 9, 1, 12379, 23.38, 29
2026/08/15 23:17:30.515, 0, 0, 12359, 23.12, 29
2026/08/15 23:17:32.516, 3, 0, 12379, 22.84, 29
2026/08/15 23:17:34.516, 0, 0, 12371, 22.83, 29
2026/08/15 23:17:36.516, 0, 0, 12367, 23.04, 29
2026/08/15 23:17:38.517, 13, 3, 12391, 22.85, 29
2026/08/15 23:17:40.517, 26, 3, 12371, 22.95, 29
2026/08/15 23:17:42.518, 28, 5, 12383, 22.60, 29
2026/08/15 23:17:44.519, 4, 1, 12359, 22.67, 29
2026/08/15 23:17:46.520, 5, 0, 12339, 22.77, 29
2026/08/15 23:17:48.520, 18, 4, 12371, 24.01, 29
2026/08/15 23:17:50.520, 44, 5, 12347, 23.03, 29
2026/08/15 23:17:52.521, 0, 0, 12371, 22.48, 29
2026/08/15 23:17:54.521, 0, 0, 12371, 22.82, 29
2026/08/15 23:17:56.522, 7, 1, 12379, 22.59, 29
2026/08/15 23:17:58.523, 29, 7, 12383, 23.41, 29
2026/08/15 23:18:00.523, 8, 1, 12351, 23.44, 29
2026/08/15 23:18:02.524, 7, 1, 12371, 23.07, 29
2026/08/15 23:18:04.525, 34, 7, 12351, 23.56, 29
2026/08/15 23:18:06.525, 7, 1, 12363, 24.06, 29
2026/08/15 23:18:08.526, 12, 2, 12343, 22.90, 29
2026/08/15 23:18:10.526, 17, 3, 12371, 23.78, 29
2026/08/15 23:18:12.527, 7, 0, 12383, 23.82, 29
2026/08/15 23:18:14.527, 26, 5, 12343, 22.84, 29
2026/08/15 23:18:16.530, 0, 0, 12363, 24.12, 29
2026/08/15 23:18:18.530, 48, 10, 12391, 23.38, 29
2026/08/15 23:18:20.531, 3, 1, 12351, 22.38, 29
2026/08/15 23:18:22.531, 7, 1, 12391, 23.35, 29
2026/08/15 23:18:24.532, 15, 3, 12339, 23.07, 29
2026/08/15 23:18:26.532, 37, 8, 12391, 23.23, 29
2026/08/15 23:18:28.532, 4, 1, 12383, 22.98, 29
2026/08/15 23:18:30.533, 11, 1, 12379, 22.75, 29
2026/08/15 23:18:32.533, 17, 1, 12367, 23.23, 29
2026/08/15 23:18:34.534, 29, 6, 12331, 23.94, 29
2026/08/15 23:18:36.535, 5, 2, 12359, 23.18, 29
2026/08/15 23:18:38.535, 18, 3, 12383, 23.91, 29
2026/08/15 23:18:40.536, 17, 2, 12371, 23.38, 29
2026/08/15 23:18:42.536, 54, 7, 12339, 23.31, 29
2026/08/15 23:18:44.536, 7, 2, 12383, 24.00, 29
2026/08/15 23:18:46.537, 19, 3, 12327, 23.33, 29
2026/08/15 23:18:48.538, 2, 1, 12391, 24.03, 29
2026/08/15 23:18:50.545, 20, 3, 12347, 23.74, 29
2026/08/15 23:18:52.546, 8, 2, 12371, 24.45, 29
2026/08/15 23:18:54.546, 4, 1, 12351, 22.73, 29
2026/08/15 23:18:56.547, 28, 4, 12327, 24.06, 29
2026/08/15 23:18:58.547, 20, 3, 12371, 24.45, 29
2026/08/15 23:19:00.548, 3, 1, 12311, 23.11, 29
2026/08/15 23:19:02.549, 18, 1, 12383, 23.96, 29
2026/08/15 23:19:04.549, 27, 3, 12315, 22.80, 29
2026/08/15 23:19:06.550, 29, 4, 12403, 23.83, 29
2026/08/15 23:19:08.550, 21, 2, 12359, 23.18, 29
2026/08/15 23:19:10.550, 21, 3, 12339, 23.30, 29
2026/08/15 23:19:12.551, 11, 2, 12339, 23.94, 29
2026/08/15 23:19:14.551, 5, 1, 12383, 23.36, 29
2026/08/15 23:19:16.552, 14, 1, 12379, 23.18, 29
2026/08/15 23:19:18.552, 0, 0, 12331, 23.45, 29
2026/08/15 23:19:20.552, 13, 1, 12383, 24.34, 29
2026/08/15 23:19:22.553, 0, 0, 12323, 22.99, 29
2026/08/15 23:19:24.554, 24, 3, 12367, 23.41, 29
2026/08/15 23:19:26.554, 9, 2, 12359, 23.06, 29
2026/08/15 23:19:28.554, 13, 3, 12363, 23.48, 29
2026/08/15 23:19:30.555, 0, 1, 12351, 23.08, 29
2026/08/15 23:19:32.556, 24, 5, 12391, 23.33, 29
2026/08/15 23:19:34.556, 3, 0, 12367, 22.71, 29
2026/08/15 23:19:36.558, 17, 2, 12355, 23.47, 29
2026/08/15 23:19:38.559, 12, 2, 12327, 21.85, 29
2026/08/15 23:19:40.559, 0, 0, 12391, 23.43, 29
2026/08/15 23:19:42.560, 3, 1, 12371, 22.48, 29
2026/08/15 23:19:44.560, 0, 0, 12371, 22.31, 28
2026/08/15 23:19:46.562, 6, 1, 12335, 22.24, 29
2026/08/15 23:19:48.562, 11, 2, 12391, 23.39, 29
2026/08/15 23:19:50.563, 16, 2, 12347, 22.27, 29
2026/08/15 23:19:52.563, 13, 2, 12379, 23.22, 29
2026/08/15 23:19:54.564, 12, 2, 12339, 22.34, 29
2026/08/15 23:19:56.564, 9, 2, 12359, 22.49, 29
2026/08/15 23:19:58.565, 15, 2, 12331, 22.20, 29
2026/08/15 23:20:00.565, 2, 1, 12359, 23.11, 29
2026/08/15 23:20:02.566, 18, 3, 12379, 22.83, 29
2026/08/15 23:20:04.567, 25, 3, 12359, 22.61, 29
2026/08/15 23:20:06.567, 17, 2, 12367, 22.94, 29
2026/08/15 23:20:08.568, 0, 0, 12371, 22.36, 29
2026/08/15 23:20:10.568, 17, 2, 12379, 22.42, 29
2026/08/15 23:20:12.568, 14, 2, 12367, 21.97, 29
2026/08/15 23:20:14.569, 0, 0, 12379, 21.40, 29
2026/08/15 23:20:16.570, 32, 6, 12371, 22.60, 29
2026/08/15 23:20:18.570, 0, 0, 12383, 21.68, 29
2026/08/15 23:20:20.571, 12, 1, 12403, 21.60, 29
2026/08/15 23:20:22.573, 32, 6, 12339, 22.53, 29
2026/08/15 23:20:24.578, 18, 2, 12359, 22.51, 29
2026/08/15 23:20:26.579, 28, 5, 12383, 23.03, 29
2026/08/15 23:20:28.579, 36, 6, 12339, 22.24, 29
2026/08/15 23:20:30.580, 2, 1, 12351, 21.85, 29
2026/08/15 23:20:32.580, 10, 2, 12359, 22.49, 29
2026/08/15 23:20:34.581, 22, 2, 12383, 22.33, 29
2026/08/15 23:20:36.582, 9, 1, 12351, 22.37, 29
2026/08/15 23:20:38.582, 14, 1, 12403, 23.00, 29
2026/08/15 23:20:40.583, 27, 4, 12359, 22.84, 29
2026/08/15 23:20:42.583, 17, 2, 12371, 23.22, 29
2026/08/15 23:20:44.584, 18, 3, 12371, 23.32, 29
2026/08/15 23:20:46.585, 4, 1, 12339, 23.06, 29
2026/08/15 23:20:48.585, 4, 1, 12351, 23.02, 29
2026/08/15 23:20:50.586, 15, 2, 12359, 22.66, 29
2026/08/15 23:20:52.586, 22, 3, 12403, 23.01, 29
2026/08/15 23:20:54.586, 22, 3, 12367, 23.52, 29
2026/08/15 23:20:56.587, 13, 2, 12359, 22.69, 29
2026/08/15 23:20:58.588, 11, 1, 12419, 23.12, 29
2026/08/15 23:21:00.589, 19, 2, 12403, 22.55, 29
2026/08/15 23:21:02.589, 0, 0, 12339, 23.03, 29
2026/08/15 23:21:04.590, 11, 1, 12403, 24.06, 29
2026/08/15 23:21:06.590, 15, 2, 12339, 22.69, 29
2026/08/15 23:21:08.591, 13, 1, 12379, 23.65, 29
2026/08/15 23:21:10.592, 7, 1, 12343, 23.16, 29
2026/08/15 23:21:12.592, 0, 0, 12347, 22.60, 29
2026/08/15 23:21:14.593, 16, 2, 12347, 23.39, 29
2026/08/15 23:21:16.594, 6, 1, 12339, 23.37, 29
2026/08/15 23:21:18.594, 17, 1, 12371, 22.90, 29
2026/08/15 23:21:20.595, 6, 1, 12367, 23.29, 29
2026/08/15 23:21:22.595, 29, 6, 12383, 22.81, 29
2026/08/15 23:21:24.596, 16, 2, 12383, 23.23, 29
2026/08/15 23:21:26.596, 13, 2, 12391, 23.35, 29
2026/08/15 23:21:28.596, 13, 1, 12339, 23.37, 29
2026/08/15 23:21:30.597, 11, 1, 12359, 22.79, 29
2026/08/15 23:21:32.597, 0, 0, 12371, 22.59, 29
2026/08/15 23:21:34.598, 4, 1, 12439, 22.94, 29
2026/08/15 23:21:36.599, 8, 1, 12359, 23.07, 29
2026/08/15 23:21:38.600, 12, 2, 12427, 22.62, 29
2026/08/15 23:21:40.600, 9, 2, 12395, 22.20, 29
2026/08/15 23:21:42.601, 0, 0, 12355, 23.57, 29
2026/08/15 23:21:44.601, 7, 2, 12375, 23.17, 30
2026/08/15 23:21:46.602, 5, 0, 12419, 24.02, 30
2026/08/15 23:21:48.602, 13, 1, 12343, 22.72, 30
2026/08/15 23:21:50.603, 48, 8, 12407, 23.00, 30
2026/08/15 23:21:52.604, 27, 3, 12407, 22.70, 30
2026/08/15 23:21:54.604, 0, 0, 12367, 22.42, 30
2026/08/15 23:21:56.605, 34, 5, 12395, 23.46, 30
2026/08/15 23:21:58.605, 10, 1, 12447, 23.44, 30
2026/08/15 23:22:00.606, 8, 3, 12319, 22.29, 30
2026/08/15 23:22:02.606, 0, 0, 12379, 23.33, 30
2026/08/15 23:22:04.607, 13, 2, 12403, 22.72, 30
2026/08/15 23:22:06.608, 16, 1, 12359, 23.73, 30
2026/08/15 23:22:08.609, 4, 0, 12355, 22.53, 30
2026/08/15 23:22:10.609, 5, 0, 12403, 23.18, 30
2026/08/15 23:22:12.610, 11, 1, 12403, 23.58, 30
2026/08/15 23:22:14.610, 3, 1, 12371, 22.56, 30
2026/08/15 23:22:16.611, 19, 4, 12383, 22.67, 30
2026/08/15 23:22:18.612, 4, 0, 12359, 22.19, 30
2026/08/15 23:22:20.612, 7, 1, 12347, 22.79, 30
2026/08/15 23:22:22.613, 10, 2, 12383, 22.69, 30
2026/08/15 23:22:24.613, 0, 0, 12371, 23.16, 30
2026/08/15 23:22:26.614, 2, 1, 12343, 22.92, 30
2026/08/15 23:22:28.614, 12, 2, 12375, 24.69, 30
2026/08/15 23:22:30.615, 51, 9, 12347, 22.93, 30
2026/08/15 23:22:32.616, 14, 2, 12367, 23.21, 30
2026/08/15 23:22:34.616, 5, 2, 12323, 23.44, 30
2026/08/15 23:22:36.617, 25, 4, 12379, 23.32, 30
2026/08/15 23:22:38.617, 6, 2, 12319, 22.56, 30
2026/08/15 23:22:40.618, 7, 2, 12403, 22.61, 30
2026/08/15 23:22:42.619, 5, 1, 12371, 22.73, 30
2026/08/15 23:22:44.619, 32, 6, 12367, 23.17, 30
2026/08/15 23:22:46.619, 39, 7, 12395, 23.03, 30
2026/08/15 23:22:48.620, 0, 0, 12335, 22.92, 30
2026/08/15 23:22:50.621, 0, 0, 12391, 22.46, 30
2026/08/15 23:22:52.623, 36, 4, 12367, 23.29, 30
2026/08/15 23:22:54.624, 0, 0, 12347, 23.24, 30
2026/08/15 23:22:56.624, 7, 1, 12339, 23.48, 30
2026/08/15 23:22:58.625, 13, 2, 12391, 23.47, 30
2026/08/15 23:23:00.625, 15, 1, 12367, 22.82, 30
2026/08/15 23:23:02.626, 7, 1, 12379, 23.13, 30
2026/08/15 23:23:04.626, 1, 1, 12351, 22.88, 30
2026/08/15 23:23:06.627, 34, 3, 12355, 23.61, 30
2026/08/15 23:23:08.628, 7, 1, 12351, 22.60, 30
2026/08/15 23:23:10.628, 0, 0, 12359, 22.85, 30
2026/08/15 23:23:12.629, 7, 1, 12367, 23.66, 30
2026/08/15 23:23:14.630, 13, 3, 12323, 23.74, 30
2026/08/15 23:23:16.630, 4, 0, 12403, 24.02, 30
2026/08/15 23:23:18.631, 3, 0, 12339, 22.50, 30
2026/08/15 23:23:20.631, 20, 3, 12391, 23.56, 30
2026/08/15 23:23:22.632, 31, 4, 12403, 23.30, 30
2026/08/15 23:23:24.632, 4, 2, 12407, 23.82, 30
2026/08/15 23:23:26.633, 10, 1, 12347, 23.27, 30
2026/08/15 23:23:28.633, 20, 3, 12331, 23.74, 30
2026/08/15 23:23:30.634, 7, 1, 12391, 23.89, 30
2026/08/15 23:23:32.635, 15, 2, 12327, 22.89, 30
2026/08/15 23:23:34.635, 18, 4, 12371, 23.06, 30
2026/08/15 23:23:36.636, 0, 0, 12351, 22.67, 30
2026/08/15 23:23:38.636, 9, 1, 12367, 23.27, 30
2026/08/15 23:23:40.637, 21, 3, 12363, 23.53, 30
2026/08/15 23:23:42.638, 16, 3, 12383, 22.89, 31
2026/08/15 23:23:44.639, 19, 3, 12371, 23.88, 31
2026/08/15 23:23:46.639, 10, 2, 12391, 23.11, 31
2026/08/15 23:23:48.640, 15, 2, 12363, 23.38, 31
2026/08/15 23:23:50.640, 13, 2, 12359, 23.01, 31
2026/08/15 23:23:52.640, 30, 3, 12359, 22.82, 31
2026/08/15 23:23:54.641, 17, 2, 12391, 23.14, 31
2026/08/15 23:23:56.641, 9, 2, 12327, 23.00, 31
2026/08/15 23:23:58.642, 17, 3, 12383, 25.05, 31
2026/08/15 23:24:00.643, 11, 0, 12403, 23.14, 31
2026/08/15 23:24:02.645, 12, 2, 12359, 22.50, 31
2026/08/15 23:24:04.646, 20, 3, 12359, 23.35, 31
2026/08/15 23:24:06.646, 8, 1, 12427, 23.38, 31
2026/08/15 23:24:08.647, 15, 1, 12379, 22.94, 31
2026/08/15 23:24:10.647, 11, 2, 12347, 22.79, 31
2026/08/15 23:24:12.647, 0, 0, 12371, 22.71, 31
2026/08/15 23:24:14.648, 9, 1, 12379, 22.47, 31
2026/08/15 23:24:16.649, 23, 4, 12403, 23.02, 31
2026/08/15 23:24:18.649, 3, 1, 12343, 23.02, 31
2026/08/15 23:24:20.650, 2, 1, 12371, 23.14, 31
2026/08/15 23:24:22.651, 0, 0, 12351, 22.65, 31
2026/08/15 23:24:24.654, 0, 0, 12383, 22.55, 31
2026/08/15 23:24:26.655, 4, 0, 12347, 23.18, 31
2026/08/15 23:24:28.656, 21, 4, 12351, 23.50, 31
2026/08/15 23:24:30.656, 12, 1, 12339, 22.60, 31
2026/08/15 23:24:32.657, 2, 1, 12327, 22.79, 31
2026/08/15 23:24:34.658, 0, 0, 12331, 22.35, 31
2026/08/15 23:24:36.659, 16, 3, 12379, 22.46, 31
2026/08/15 23:24:38.659, 0, 1, 12331, 22.53, 31
2026/08/15 23:24:40.660, 3, 0, 12339, 24.37, 31
2026/08/15 23:24:42.660, 5, 1, 12363, 22.95, 31
2026/08/15 23:24:44.661, 4, 1, 12359, 22.33, 31
2026/08/15 23:24:46.662, 0, 0, 12403, 22.57, 31
2026/08/15 23:24:48.662, 16, 2, 12339, 22.23, 31
2026/08/15 23:24:50.663, 36, 6, 12403, 23.60, 31
2026/08/15 23:24:52.663, 8, 1, 12395, 21.94, 31
2026/08/15 23:24:54.664, 0, 0, 12379, 22.72, 31
2026/08/15 23:24:56.665, 2, 1, 12319, 21.95, 31
2026/08/15 23:24:58.665, 10, 1, 12359, 23.00, 31
2026/08/15 23:25:00.666, 15, 2, 12359, 23.19, 31
2026/08/15 23:25:02.667, 2, 1, 12359, 22.67, 31
2026/08/15 23:25:04.667, 17, 2, 12371, 23.15, 31
2026/08/15 23:25:06.668, 7, 1, 12371, 22.85, 31
2026/08/15 23:25:08.669, 12, 3, 12319, 23.31, 31
2026/08/15 23:25:10.669, 0, 1, 12363, 23.61, 31
2026/08/15 23:25:12.670, 3, 0, 12367, 22.42, 31
2026/08/15 23:25:14.671, 12, 2, 12403, 22.28, 31
2026/08/15 23:25:16.671, 0, 0, 12355, 22.67, 31
2026/08/15 23:25:18.672, 2, 1, 12391, 22.16, 31
2026/08/15 23:25:20.673, 11, 1, 12347, 22.39, 31
2026/08/15 23:25:22.673, 0, 1, 12359, 23.04, 31
2026/08/15 23:25:24.674, 13, 1, 12347, 22.58, 31
2026/08/15 23:25:26.674, 15, 3, 12383, 22.14, 31
2026/08/15 23:25:28.674, 0, 0, 12379, 22.10, 31
2026/08/15 23:25:30.675, 0, 0, 12363, 22.86, 31
2026/08/15 23:25:32.675, 19, 2, 12355, 22.21, 31
2026/08/15 23:25:34.676, 20, 3, 12359, 22.58, 31
2026/08/15 23:25:36.678, 9, 2, 12347, 22.16, 31
2026/08/15 23:25:38.679, 16, 3, 12379, 22.56, 31
2026/08/15 23:25:40.679, 4, 1, 12359, 22.04, 31
2026/08/15 23:25:42.681, 6, 1, 12367, 22.25, 31
2026/08/15 23:25:44.682, 7, 2, 12351, 22.53, 31
2026/08/15 23:25:46.682, 15, 1, 12339, 22.04, 31
2026/08/15 23:25:48.683, 13, 1, 12367, 22.79, 31
2026/08/15 23:25:50.683, 11, 2, 12355, 22.80, 31
2026/08/15 23:25:52.684, 30, 4, 12379, 23.79, 31
2026/08/15 23:25:54.684, 0, 0, 12379, 22.35, 31
2026/08/15 23:25:56.685, 7, 1, 12367, 22.94, 31
2026/08/15 23:25:58.685, 0, 0, 12347, 23.44, 31
2026/08/15 23:26:00.686, 19, 1, 12367, 23.03, 31
2026/08/15 23:26:02.687, 21, 3, 12359, 23.07, 31
2026/08/15 23:26:04.687, 22, 4, 12371, 23.26, 31
2026/08/15 23:26:06.688, 30, 5, 12383, 23.48, 31
2026/08/15 23:26:08.688, 14, 1, 12351, 22.98, 31
2026/08/15 23:26:10.689, 20, 3, 12399, 22.89, 31
2026/08/15 23:26:12.689, 0, 0, 12379, 22.73, 31
2026/08/15 23:26:14.690, 15, 1, 12391, 22.79, 31
2026/08/15 23:26:16.690, 9, 3, 12351, 22.61, 31
2026/08/15 23:26:18.691, 5, 1, 12403, 22.72, 31
2026/08/15 23:26:20.692, 0, 0, 12387, 22.19, 31
2026/08/15 23:26:22.692, 33, 6, 12359, 24.44, 32
2026/08/15 23:26:24.693, 0, 0, 12359, 23.42, 31
2026/08/15 23:26:26.694, 11, 1, 12351, 23.42, 32
2026/08/15 23:26:28.695, 3, 1, 12359, 22.50, 32
2026/08/15 23:26:30.695, 13, 3, 12359, 22.41, 32
2026/08/15 23:26:32.696, 11, 2, 12383, 23.06, 32
2026/08/15 23:26:34.696, 14, 3, 12371, 23.03, 32
2026/08/15 23:26:36.697, 3, 1, 12351, 22.57, 32
2026/08/15 23:26:38.697, 13, 2, 12351, 23.41, 32
2026/08/15 23:26:40.697, 13, 2, 12367, 23.18, 32
2026/08/15 23:26:42.698, 22, 3, 12351, 22.74, 32
2026/08/15 23:26:44.699, 7, 1, 12339, 22.61, 32
2026/08/15 23:26:46.700, 6, 1, 12379, 22.83, 32
2026/08/15 23:26:48.700, 3, 1, 12391, 22.78, 32
2026/08/15 23:26:50.700, 5, 1, 12339, 22.05, 32
2026/08/15 23:26:52.701, 9, 1, 12403, 22.84, 32
2026/08/15 23:26:54.702, 38, 7, 12343, 23.13, 32
2026/08/15 23:26:56.703, 23, 3, 12391, 22.91, 32
2026/08/15 23:26:58.703, 9, 3, 12347, 23.00, 32
2026/08/15 23:27:00.704, 13, 1, 12371, 22.35, 32
2026/08/15 23:27:02.705, 16, 3, 12403, 23.15, 32
2026/08/15 23:27:04.705, 27, 4, 12351, 22.87, 32
2026/08/15 23:27:06.705, 10, 2, 12359, 23.63, 32
2026/08/15 23:27:08.706, 1, 1, 12351, 22.91, 32
2026/08/15 23:27:10.707, 0, 0, 12379, 23.81, 32
2026/08/15 23:27:12.707, 0, 0, 12379, 22.24, 32
2026/08/15 23:27:14.707, 0, 0, 12395, 22.44, 32
2026/08/15 23:27:16.708, 0, 0, 12339, 22.75, 32
2026/08/15 23:27:18.708, 29, 4, 12379, 23.00, 32
2026/08/15 23:27:20.709, 30, 4, 12367, 22.65, 32
2026/08/15 23:27:22.709, 3, 1, 12379, 23.16, 32
2026/08/15 23:27:24.710, 0, 0, 12351, 22.55, 32
2026/08/15 23:27:26.710, 16, 3, 12351, 23.23, 32
2026/08/15 23:27:28.711, 28, 5, 12391, 23.60, 32
2026/08/15 23:27:30.711, 7, 2, 12311, 22.42, 32
2026/08/15 23:27:32.712, 10, 1, 12391, 23.80, 32
2026/08/15 23:27:34.713, 25, 5, 12403, 22.83, 32
2026/08/15 23:27:36.714, 5, 1, 12391, 22.97, 32
2026/08/15 23:27:38.714, 8, 1, 12355, 22.01, 32
2026/08/15 23:27:40.715, 0, 0, 12403, 22.45, 32
2026/08/15 23:27:42.715, 20, 2, 12347, 22.41, 32
2026/08/15 23:27:44.716, 20, 4, 12391, 24.02, 32
2026/08/15 23:27:46.717, 0, 0, 12419, 22.89, 32
2026/08/15 23:27:48.717, 10, 0, 12439, 22.77, 32
2026/08/15 23:27:50.717, 17, 1, 12343, 22.61, 32
2026/08/15 23:27:52.718, 15, 1, 12355, 23.07, 32
2026/08/15 23:27:54.719, 18, 3, 12387, 23.39, 32
2026/08/15 23:27:56.719, 6, 0, 12351, 22.89, 32
2026/08/15 23:27:58.723, 3, 2, 12319, 22.71, 32
2026/08/15 23:28:00.724, 3, 1, 12415, 23.01, 32
2026/08/15 23:28:02.724, 4, 3, 12347, 22.50, 32
2026/08/15 23:28:04.725, 9, 2, 12347, 22.49, 32
2026/08/15 23:28:06.725, 8, 1, 12403, 23.37, 32
2026/08/15 23:28:08.726, 8, 2, 12387, 22.64, 32
2026/08/15 23:28:10.726, 5, 0, 12351, 22.37, 32
2026/08/15 23:28:12.726, 26, 3, 12347, 23.10, 32
2026/08/15 23:28:14.727, 15, 2, 12391, 22.54, 32
2026/08/15 23:28:16.729, 10, 1, 12343, 22.51, 32
2026/08/15 23:28:18.730, 27, 4, 12327, 23.19, 32
2026/08/15 23:28:20.730, 7, 2, 12351, 23.02, 32
2026/08/15 23:28:22.730, 25, 3, 12351, 23.16, 32
2026/08/15 23:28:24.731, 17, 2, 12415, 23.58, 32
2026/08/15 23:28:26.732, 9, 2, 12375, 22.79, 32
2026/08/15 23:28:28.732, 9, 0, 12379, 23.30, 32
2026/08/15 23:28:30.733, 13, 2, 12371, 22.22, 32
2026/08/15 23:28:32.733, 0, 0, 12403, 23.04, 32
2026/08/15 23:28:34.734, 27, 2, 12367, 23.01, 32
2026/08/15 23:28:36.734, 13, 1, 12391, 23.32, 32
2026/08/15 23:28:38.735, 27, 4, 12395, 22.94, 32
2026/08/15 23:28:40.736, 12, 2, 12451, 22.75, 32
2026/08/15 23:28:42.736, 6, 2, 12395, 22.93, 32
2026/08/15 23:28:44.737, 17, 3, 12403, 23.92, 32
2026/08/15 23:28:46.738, 8, 1, 12403, 23.64, 32
2026/08/15 23:28:48.738, 0, 0, 12335, 22.86, 32
2026/08/15 23:28:50.739, 19, 2, 12371, 24.65, 32
2026/08/15 23:28:52.739, 13, 2, 12299, 23.20, 32
2026/08/15 23:28:54.740, 17, 3, 12403, 23.88, 32
2026/08/15 23:28:56.740, 16, 2, 12391, 23.53, 32
2026/08/15 23:28:58.741, 2, 0, 12379, 23.00, 32
2026/08/15 23:29:00.741, 13, 2, 12347, 22.96, 32
2026/08/15 23:29:02.742, 6, 1, 12347, 22.41, 32
2026/08/15 23:29:04.743, 10, 2, 12443, 25.14, 32
2026/08/15 23:29:06.744, 27, 3, 12415, 22.89, 32
2026/08/15 23:29:08.744, 0, 0, 12367, 22.86, 32
2026/08/15 23:29:10.745, 43, 8, 12411, 22.66, 32
2026/08/15 23:29:12.746, 18, 2, 12439, 23.08, 32
2026/08/15 23:29:14.746, 31, 5, 12347, 22.20, 32
2026/08/15 23:29:16.747, 21, 2, 12375, 22.16, 32
2026/08/15 23:29:18.747, 7, 1, 12423, 22.78, 32
2026/08/15 23:29:20.748, 6, 2, 12331, 22.78, 32
2026/08/15 23:29:22.748, 14, 1, 12343, 22.01, 32
2026/08/15 23:29:24.749, 0, 0, 12419, 24.83, 32
2026/08/15 23:29:26.749, 10, 3, 12387, 23.20, 32
2026/08/15 23:29:28.750, 12, 2, 12371, 23.19, 32
2026/08/15 23:29:30.750, 7, 0, 12379, 22.71, 32
2026/08/15 23:29:32.751, 9, 0, 12355, 23.42, 32
2026/08/15 23:29:34.751, 3, 1, 12447, 23.07, 32
2026/08/15 23:29:36.752, 20, 2, 12435, 23.51, 32
2026/08/15 23:29:38.752, 3, 1, 12383, 22.65, 32
2026/08/15 23:29:40.756, 0, 0, 12355, 22.69, 32
2026/08/15 23:29:42.757, 7, 0, 12455, 23.18, 32
2026/08/15 23:29:44.757, 0, 0, 12443, 22.78, 32
2026/08/15 23:29:46.758, 3, 1, 12335, 22.97, 32
2026/08/15 23:29:48.759, 36, 5, 12399, 23.24, 32
2026/08/15 23:29:50.760, 18, 3, 12371, 22.92, 32
2026/08/15 23:29:52.760, 9, 2, 12347, 23.19, 32
2026/08/15 23:29:54.760, 12, 2, 12383, 23.06, 32
2026/08/15 23:29:56.764, 15, 2, 12415, 22.89, 32
2026/08/15 23:29:58.765, 9, 3, 12359, 23.34, 32
2026/08/15 23:30:00.765, 12, 2, 12319, 22.88, 32
2026/08/15 23:30:02.765, 12, 0, 12379, 23.65, 32
2026/08/15 23:30:04.766, 12, 2, 12371, 23.73, 32
2026/08/15 23:30:06.767, 26, 5, 12387, 23.89, 32
2026/08/15 23:30:08.767, 5, 1, 12331, 23.09, 32
2026/08/15 23:30:10.768, 28, 6, 12375, 23.04, 32
2026/08/15 23:30:12.768, 22, 5, 12351, 23.68, 32
2026/08/15 23:30:14.769, 7, 2, 12331, 22.71, 32
2026/08/15 23:30:16.770, 3, 1, 12403, 23.64, 31
2026/08/15 23:30:18.772, 6, 1, 12347, 23.90, 31
2026/08/15 23:30:20.772, 6, 0, 12395, 24.02, 31
2026/08/15 23:30:22.773, 12, 1, 12319, 22.97, 31
2026/08/15 23:30:24.773, 17, 2, 12403, 23.49, 31
2026/08/15 23:30:26.774, 31, 5, 12371, 23.46, 31
2026/08/15 23:30:28.774, 16, 2, 12347, 23.55, 31
2026/08/15 23:30:30.774, 13, 2, 12403, 23.85, 31
2026/08/15 23:30:32.775, 4, 1, 12379, 22.70, 31
2026/08/15 23:30:34.776, 13, 2, 12351, 23.40, 31
2026/08/15 23:30:36.776, 1, 1, 12343, 22.57, 31
2026/08/15 23:30:38.779, 5, 1, 12371, 23.66, 31
2026/08/15 23:30:40.780, 18, 3, 12403, 23.19, 31
2026/08/15 23:30:42.780, 36, 5, 12367, 23.42, 31
2026/08/15 23:30:44.781, 22, 4, 12391, 23.38, 31
2026/08/15 23:30:46.781, 5, 1, 12371, 22.57, 31
2026/08/15 23:30:48.781, 10, 2, 12391, 22.78, 31
2026/08/15 23:30:50.782, 19, 4, 12391, 23.61, 31
2026/08/15 23:30:52.782, 1, 1, 12327, 22.47, 31
2026/08/15 23:30:54.783, 24, 5, 12371, 23.02, 31
2026/08/15 23:30:56.783, 0, 0, 12379, 23.18, 31
2026/08/15 23:30:58.784, 28, 4, 12367, 22.73, 31
2026/08/15 23:31:00.784, 7, 2, 12379, 22.86, 31
2026/08/15 23:31:02.786, 0, 0, 12359, 22.58, 31
2026/08/15 23:31:04.786, 11, 1, 12359, 22.63, 31
2026/08/15 23:31:06.787, 24, 4, 12351, 23.09, 31
2026/08/15 23:31:08.787, 12, 2, 12351, 23.95, 31
2026/08/15 23:31:10.788, 29, 4, 12363, 22.92, 31
2026/08/15 23:31:12.788, 5, 1, 12347, 23.06, 31
2026/08/15 23:31:14.788, 28, 4, 12391, 23.45, 31
2026/08/15 23:31:16.789, 18, 2, 12391, 22.70, 31
2026/08/15 23:31:18.789, 13, 2, 12315, 22.29, 31
2026/08/15 23:31:20.790, 3, 0, 12403, 22.21, 31
2026/08/15 23:31:22.790, 14, 2, 12379, 22.60, 31
2026/08/15 23:31:24.791, 2, 1, 12347, 22.76, 31
2026/08/15 23:31:26.791, 0, 0, 12379, 24.34, 31
2026/08/15 23:31:28.791, 9, 1, 12335, 22.21, 31
2026/08/15 23:31:30.792, 21, 3, 12371, 23.52, 31
2026/08/15 23:31:32.793, 3, 1, 12359, 22.71, 31
2026/08/15 23:31:34.793, 22, 4, 12355, 23.85, 31
2026/08/15 23:31:36.794, 13, 2, 12371, 22.74, 31
2026/08/15 23:31:38.794, 19, 2, 12371, 22.68, 31
2026/08/15 23:31:40.794, 8, 1, 12367, 22.83, 31
2026/08/15 23:31:42.795, 17, 1, 12379, 23.30, 31
2026/08/15 23:31:44.795, 49, 7, 12355, 23.30, 31
2026/08/15 23:31:46.796, 4, 1, 12371, 22.43, 31
2026/08/15 23:31:48.796, 14, 1, 12355, 23.12, 31
2026/08/15 23:31:50.797, 13, 1, 12347, 22.88, 31
2026/08/15 23:31:52.797, 26, 6, 12391, 22.92, 31
2026/08/15 23:31:54.798, 8, 2, 12351, 22.47, 30
2026/08/15 23:31:56.798, 11, 1, 12347, 22.82, 31
2026/08/15 23:31:58.799, 20, 2, 12367, 23.19, 30
2026/08/15 23:32:00.799, 0, 0, 12347, 22.13, 30
2026/08/15 23:32:02.800, 17, 3, 12323, 23.04, 30
2026/08/15 23:32:04.800, 6, 0, 12391, 23.42, 30
2026/08/15 23:32:06.800, 0, 0, 12351, 22.49, 30
2026/08/15 23:32:08.801, 9, 0, 12347, 23.46, 30
2026/08/15 23:32:10.802, 7, 1, 12405, 22.44, 30
2026/08/15 23:32:12.803, 0, 0, 12361, 22.72, 30
2026/08/15 23:32:14.803, 21, 2, 12393, 22.84, 30
2026/08/15 23:32:16.804, 35, 4, 12349, 22.63, 30
2026/08/15 23:32:18.804, 23, 1, 12365, 23.34, 30
2026/08/15 23:32:20.805, 0, 0, 12329, 22.79, 30
2026/08/15 23:32:22.806, 31, 6, 12397, 23.21, 30
2026/08/15 23:32:24.807, 3, 1, 12369, 22.01, 30
2026/08/15 23:32:26.807, 4, 0, 12369, 22.53, 30
2026/08/15 23:32:28.808, 25, 4, 12365, 23.12, 30
2026/08/15 23:32:30.808, 51, 11, 12349, 23.35, 30
2026/08/15 23:32:32.808, 8, 2, 12373, 23.30, 30
2026/08/15 23:32:34.809, 11, 1, 12361, 22.46, 30
2026/08/15 23:32:36.809, 0, 0, 12361, 23.10, 30
2026/08/15 23:32:38.815, 2, 2, 12321, 23.18, 30
2026/08/15 23:32:40.816, 4, 1, 12373, 23.50, 30
2026/08/15 23:32:42.816, 12, 1, 12381, 22.53, 30
2026/08/15 23:32:44.817, 17, 1, 12393, 22.67, 30
2026/08/15 23:32:46.818, 14, 2, 12349, 22.58, 30
2026/08/15 23:32:48.818, 17, 4, 12417, 23.38, 30
2026/08/15 23:32:50.819, 0, 0, 12357, 22.56, 30
2026/08/15 23:32:52.819, 20, 3, 12417, 23.18, 30
2026/08/15 23:32:54.820, 21, 3, 12361, 22.76, 30
2026/08/15 23:32:56.820, 2, 1, 12401, 22.67, 30
2026/08/15 23:32:58.821, 20, 4, 12401, 22.80, 30
2026/08/15 23:33:00.821, 10, 1, 12349, 22.31, 30
2026/08/15 23:33:02.822, 3, 1, 12333, 21.84, 30
2026/08/15 23:33:04.823, 24, 3, 12365, 23.53, 30
2026/08/15 23:33:06.823, 0, 0, 12357, 21.96, 30
2026/08/15 23:33:08.824, 3, 1, 12401, 23.57, 30
2026/08/15 23:33:10.824, 0, 0, 12373, 22.66, 30
2026/08/15 23:33:12.828, 0, 0, 12369, 22.23, 30
2026/08/15 23:33:14.828, 7, 1, 12441, 23.79, 30
2026/08/15 23:33:16.829, 20, 3, 12353, 23.36, 30
2026/08/15 23:33:18.829, 9, 1, 12409, 22.79, 30
2026/08/15 23:33:20.830, 10, 1, 12433, 22.75, 30
2026/08/15 23:33:22.831, 3, 1, 12341, 21.64, 30
2026/08/15 23:33:24.831, 52, 9, 12385, 23.11, 30
2026/08/15 23:33:26.832, 18, 4, 12357, 22.32, 30
2026/08/15 23:33:28.832, 14, 2, 12373, 23.11, 30
2026/08/15 23:33:30.833, 26, 4, 12353, 22.64, 30
2026/08/15 23:33:32.833, 15, 2, 12389, 22.75, 30
2026/08/15 23:33:34.834, 22, 5, 12321, 22.01, 30
2026/08/15 23:33:36.835, 15, 1, 12385, 22.84, 30
2026/08/15 23:33:38.835, 19, 3, 12341, 22.48, 30
2026/08/15 23:33:40.839, 4, 1, 12353, 22.66, 30
2026/08/15 23:33:42.840, 9, 1, 12397, 23.35, 30
2026/08/15 23:33:44.840, 23, 4, 12373, 22.43, 30
2026/08/15 23:33:46.841, 8, 2, 12389, 23.16, 30
2026/08/15 23:33:48.842, 1, 2, 12345, 22.93, 30
2026/08/15 23:33:50.842, 24, 2, 12369, 22.33, 30
2026/08/15 23:33:52.843, 0, 0, 12373, 21.95, 30
2026/08/15 23:33:54.843, 8, 3, 12313, 22.98, 30
2026/08/15 23:33:56.844, 5, 1, 12397, 22.94, 30
2026/08/15 23:33:58.844, 26, 3, 12345, 22.43, 30
2026/08/15 23:34:00.845, 38, 8, 12369, 24.18, 30
2026/08/15 23:34:02.846, 18, 2, 12353, 22.85, 30
2026/08/15 23:34:04.847, 3, 1, 12349, 22.89, 30
2026/08/15 23:34:06.847, 18, 2, 12397, 23.00, 30
2026/08/15 23:34:08.848, 23, 4, 12365, 23.00, 30
2026/08/15 23:34:10.849, 27, 5, 12385, 23.43, 30
2026/08/15 23:34:12.850, 16, 2, 12405, 22.94, 30
2026/08/15 23:34:14.850, 17, 3, 12369, 23.52, 30
2026/08/15 23:34:16.851, 15, 2, 12353, 22.48, 30
2026/08/15 23:34:18.852, 7, 0, 12389, 23.26, 30
2026/08/15 23:34:20.853, 12, 2, 12361, 23.21, 30
2026/08/15 23:34:22.853, 0, 0, 12353, 22.86, 30
2026/08/15 23:34:24.854, 1, 1, 12349, 23.16, 30
2026/08/15 23:34:26.855, 13, 2, 12393, 23.09, 30
2026/08/15 23:34:28.859, 3, 1, 12345, 22.75, 30
2026/08/15 23:34:30.860, 2, 1, 12405, 23.70, 30
2026/08/15 23:34:32.860, 13, 2, 12373, 22.01, 30
2026/08/15 23:34:34.861, 7, 1, 12373, 22.36, 30
2026/08/15 23:34:36.862, 0, 0, 12373, 21.89, 30
2026/08/15 23:34:38.862, 18, 3, 12361, 23.85, 30
2026/08/15 23:34:40.863, 7, 1, 12353, 22.77, 30
2026/08/15 23:34:42.863, 0, 0, 12369, 22.95, 30
2026/08/15 23:34:44.863, 17, 2, 12417, 22.70, 30
2026/08/15 23:34:46.864, 23, 3, 12361, 23.20, 30
2026/08/15 23:34:48.864, 29, 4, 12345, 23.16, 30
2026/08/15 23:34:50.865, 9, 1, 12405, 23.56, 30
2026/08/15 23:34:52.866, 1, 1, 12357, 22.44, 30
2026/08/15 23:34:54.867, 9, 1, 12413, 23.86, 30
2026/08/15 23:34:56.867, 0, 0, 12381, 22.91, 30
2026/08/15 23:34:58.868, 7, 1, 12381, 23.47, 30
2026/08/15 23:35:00.869, 8, 2, 12341, 23.52, 30
2026/08/15 23:35:02.869, 24, 5, 12373, 23.59, 30
2026/08/15 23:35:04.870, 11, 2, 12409, 23.52, 30
2026/08/15 23:35:06.870, 7, 1, 12357, 23.10, 30
2026/08/15 23:35:08.870, 8, 1, 12365, 23.49, 30
2026/08/15 23:35:10.872, 0, 0, 12381, 23.03, 30
2026/08/15 23:35:12.872, 11, 1, 12389, 23.18, 30
2026/08/15 23:35:14.873, 0, 0, 12381, 23.03, 30
2026/08/15 23:35:16.873, 15, 3, 12417, 24.17, 30
2026/08/15 23:35:18.875, 19, 2, 12393, 23.40, 30
2026/08/15 23:35:20.875, 0, 0, 12377, 22.89, 30
2026/08/15 23:35:22.876, 5, 1, 12361, 23.18, 30
2026/08/15 23:35:24.876, 4, 1, 12361, 23.30, 30
2026/08/15 23:35:26.877, 0, 0, 12377, 23.29, 30
2026/08/15 23:35:28.878, 16, 2, 12405, 23.04, 30
2026/08/15 23:35:30.879, 3, 1, 12329, 22.65, 30
2026/08/15 23:35:32.879, 2, 1, 12361, 23.33, 30
2026/08/15 23:35:34.880, 8, 0, 12393, 23.50, 30
2026/08/15 23:35:36.881, 17, 2, 12421, 23.89, 30
2026/08/15 23:35:38.882, 9, 1, 12373, 22.58, 30
2026/08/15 23:35:40.884, 9, 2, 12349, 23.32, 30
2026/08/15 23:35:42.885, 12, 1, 12429, 23.39, 30
2026/08/15 23:35:44.893, 8, 0, 12349, 23.04, 30
2026/08/15 23:35:46.894, 0, 0, 12397, 23.78, 30
2026/08/15 23:35:48.894, 2, 1, 12333, 23.08, 30
2026/08/15 23:35:50.895, 9, 2, 12361, 22.91, 30
2026/08/15 23:35:52.895, 10, 2, 12365, 23.06, 30
2026/08/15 23:35:54.896, 9, 2, 12361, 22.77, 30
2026/08/15 23:35:56.897, 16, 4, 12377, 22.92, 30
2026/08/15 23:35:58.897, 17, 2, 12397, 23.01, 30
2026/08/15 23:36:00.897, 4, 0, 12329, 22.87, 30
2026/08/15 23:36:02.898, 18, 3, 12393, 23.09, 30
2026/08/15 23:36:04.898, 0, 0, 12329, 22.63, 29
2026/08/15 23:36:06.899, 6, 1, 12393, 23.04, 30
2026/08/15 23:36:08.901, 5, 2, 12333, 22.73, 30
2026/08/15 23:36:10.902, 32, 5, 12385, 23.88, 30
2026/08/15 23:36:12.902, 13, 3, 12353, 22.34, 29
2026/08/15 23:36:14.902, 0, 0, 12409, 22.61, 29
2026/08/15 23:36:16.903, 22, 3, 12361, 23.33, 30
2026/08/15 23:36:18.903, 32, 6, 12361, 22.71, 30
2026/08/15 23:36:20.904, 20, 2, 12409, 22.45, 29
2026/08/15 23:36:22.904, 0, 0, 12357, 23.29, 29
2026/08/15 23:36:24.905, 11, 1, 12369, 22.97, 29
2026/08/15 23:36:26.909, 13, 1, 12357, 22.23, 29
2026/08/15 23:36:28.910, 19, 1, 12393, 22.53, 29
2026/08/15 23:36:30.911, 15, 2, 12349, 22.34, 29
2026/08/15 23:36:32.911, 36, 7, 12381, 23.06, 29
2026/08/15 23:36:34.912, 0, 0, 12381, 22.92, 29
2026/08/15 23:36:36.912, 7, 1, 12393, 23.20, 29
2026/08/15 23:36:38.917, 15, 2, 12317, 22.68, 29
2026/08/15 23:36:40.918, 5, 1, 12405, 23.06, 29
2026/08/15 23:36:42.918, 12, 1, 12405, 23.55, 29
2026/08/15 23:36:44.919, 21, 3, 12337, 22.57, 29
2026/08/15 23:36:46.919, 7, 1, 12349, 22.10, 29
2026/08/15 23:36:48.920, 9, 1, 12405, 23.57, 29
2026/08/15 23:36:50.921, 15, 1, 12329, 22.52, 29
2026/08/15 23:36:52.922, 15, 2, 12333, 22.99, 29
2026/08/15 23:36:54.922, 13, 1, 12389, 23.18, 29
2026/08/15 23:36:56.923, 20, 3, 12341, 22.91, 29
2026/08/15 23:36:58.923, 10, 1, 12361, 22.53, 29
2026/08/15 23:37:00.924, 21, 3, 12309, 23.27, 29
2026/08/15 23:37:02.924, 3, 1, 12333, 23.63, 29
2026/08/15 23:37:04.925, 5, 1, 12349, 23.01, 29
2026/08/15 23:37:06.926, 8, 0, 12381, 22.55, 29
2026/08/15 23:37:08.926, 26, 3, 12381, 22.71, 29
2026/08/15 23:37:10.927, 24, 3, 12361, 23.20, 29
2026/08/15 23:37:12.927, 9, 1, 12373, 22.18, 29
2026/08/15 23:37:14.928, 16, 2, 12349, 22.99, 29
2026/08/15 23:37:16.928, 4, 1, 12373, 22.36, 29
2026/08/15 23:37:18.929, 21, 3, 12361, 23.25, 29
2026/08/15 23:37:20.930, 5, 0, 12329, 22.59, 29
2026/08/15 23:37:22.934, 4, 1, 12381, 23.51, 29
2026/08/15 23:37:24.935, 6, 0, 12333, 22.32, 29
2026/08/15 23:37:26.936, 0, 0, 12361, 23.19, 29
2026/08/15 23:37:28.936, 8, 0, 12341, 22.44, 29
2026/08/15 23:37:30.937, 26, 2, 12369, 22.93, 29
2026/08/15 23:37:32.938, 15, 2, 12357, 23.00, 29
2026/08/15 23:37:34.938, 22, 4, 12385, 22.43, 29
2026/08/15 23:37:36.938, 7, 1, 12393, 22.36, 29
2026/08/15 23:37:38.939, 6, 0, 12361, 22.39, 29
2026/08/15 23:37:40.943, 23, 4, 12349, 23.03, 29
2026/08/15 23:37:42.944, 0, 0, 12369, 23.03, 29
2026/08/15 23:37:44.944, 15, 2, 12393, 23.54, 29
2026/08/15 23:37:46.945, 0, 0, 12337, 22.62, 29
2026/08/15 23:37:48.945, 0, 0, 12361, 22.67, 29
2026/08/15 23:37:50.946, 18, 2, 12361, 23.14, 29
2026/08/15 23:37:52.946, 0, 0, 12369, 22.19, 29
2026/08/15 23:37:54.947, 21, 3, 12329, 22.35, 29
2026/08/15 23:37:56.947, 34, 5, 12341, 23.21, 29
2026/08/15 23:37:58.951, 4, 1, 12361, 22.68, 29
2026/08/15 23:38:00.952, 0, 0, 12381, 22.40, 29
2026/08/15 23:38:02.952, 25, 2, 12381, 22.57, 29
2026/08/15 23:38:04.953, 0, 0, 12349, 23.49, 29
2026/08/15 23:38:06.953, 10, 2, 12373, 23.39, 29
2026/08/15 23:38:08.954, 2, 1, 12357, 22.50, 29
2026/08/15 23:38:10.954, 21, 5, 12377, 23.07, 29
2026/08/15 23:38:12.954, 0, 0, 12397, 22.81, 29
2026/08/15 23:38:14.955, 1, 1, 12337, 22.46, 29
2026/08/15 23:38:16.955, 16, 1, 12393, 23.29, 29
2026/08/15 23:38:18.956, 3, 1, 12349, 22.47, 29
2026/08/15 23:38:20.956, 12, 2, 12373, 23.03, 29
2026/08/15 23:38:22.957, 0, 0, 12385, 22.09, 29
2026/08/15 23:38:24.958, 1, 0, 12369, 22.11, 29
2026/08/15 23:38:26.959, 8, 1, 12365, 22.79, 29
2026/08/15 23:38:28.959, 12, 2, 12377, 22.56, 29
2026/08/15 23:38:30.959, 31, 5, 12381, 22.68, 29
2026/08/15 23:38:32.960, 8, 1, 12393, 22.62, 29
2026/08/15 23:38:34.960, 14, 4, 12341, 22.55, 29
2026/08/15 23:38:36.961, 4, 0, 12349, 22.95, 29
2026/08/15 23:38:38.962, 37, 5, 12393, 23.24, 29
2026/08/15 23:38:40.962, 22, 3, 12361, 22.86, 29
2026/08/15 23:38:42.963, 7, 1, 12361, 23.78, 29
2026/08/15 23:38:44.963, 16, 3, 12381, 23.18, 29
2026/08/15 23:38:46.963, 11, 0, 12349, 22.73, 29
2026/08/15 23:38:48.964, 6, 0, 12381, 22.82, 29
2026/08/15 23:38:50.965, 0, 0, 12369, 22.75, 29
2026/08/15 23:38:52.965, 15, 2, 12325, 23.15, 29
2026/08/15 23:38:54.966, 26, 4, 12393, 23.35, 29
2026/08/15 23:38:56.966, 14, 2, 12373, 22.99, 29
2026/08/15 23:38:58.967, 22, 2, 12349, 22.14, 29
2026/08/15 23:39:00.967, 11, 0, 12393, 22.51, 29
2026/08/15 23:39:02.968, 7, 1, 12361, 21.84, 29
2026/08/15 23:39:04.968, 8, 1, 12373, 23.01, 29
2026/08/15 23:39:06.969, 35, 5, 12373, 22.71, 29
2026/08/15 23:39:08.970, 18, 3, 12357, 22.09, 29
2026/08/15 23:39:10.970, 4, 1, 12373, 22.63, 29
2026/08/15 23:39:12.971, 0, 0, 12337, 22.96, 29
2026/08/15 23:39:14.971, 0, 0, 12345, 22.46, 29
2026/08/15 23:39:16.972, 3, 1, 12373, 21.80, 29
2026/08/15 23:39:18.973, 5, 1, 12385, 22.88, 29
2026/08/15 23:39:20.973, 0, 0, 12357, 22.27, 29
2026/08/15 23:39:22.974, 29, 6, 12385, 22.24, 29
2026/08/15 23:39:24.974, 14, 3, 12373, 22.40, 29
2026/08/15 23:39:26.975, 21, 2, 12369, 22.65, 29
2026/08/15 23:39:28.975, 20, 1, 12373, 23.73, 29
2026/08/15 23:39:30.975, 10, 2, 12361, 22.97, 29
2026/08/15 23:39:32.976, 34, 6, 12341, 23.61, 29
2026/08/15 23:39:34.977, 9, 1, 12345, 23.04, 29
2026/08/15 23:39:36.977, 14, 2, 12373, 23.79, 29
2026/08/15 23:39:38.978, 0, 0, 12393, 22.80, 29
2026/08/15 23:39:40.978, 6, 1, 12385, 22.91, 29
2026/08/15 23:39:42.979, 4, 0, 12393, 22.92, 29
2026/08/15 23:39:44.979, 24, 4, 12337, 23.58, 29
2026/08/15 23:39:46.979, 13, 1, 12385, 23.83, 29
2026/08/15 23:39:48.980, 8, 1, 12341, 22.36, 29
2026/08/15 23:39:50.981, 25, 2, 12393, 23.32, 29
2026/08/15 23:39:52.982, 0, 0, 12333, 22.38, 29
2026/08/15 23:39:54.982, 9, 2, 12381, 23.02, 29
2026/08/15 23:39:56.983, 0, 1, 12321, 23.05, 29
2026/08/15 23:39:58.984, 11, 1, 12381, 23.40, 29
2026/08/15 23:40:00.984, 3, 0, 12397, 23.53, 29
2026/08/15 23:40:02.985, 7, 1, 12397, 23.16, 29
2026/08/15 23:40:04.985, 1, 0, 12361, 23.34, 29
2026/08/15 23:40:06.985, 2, 1, 12389, 23.82, 29
2026/08/15 23:40:08.986, 19, 2, 12349, 23.33, 29
2026/08/15 23:40:10.986, 28, 5, 12373, 23.37, 29
2026/08/15 23:40:12.987, 6, 2, 12345, 23.09, 29
2026/08/15 23:40:14.987, 13, 1, 12361, 22.81, 29
2026/08/15 23:40:16.988, 15, 1, 12381, 22.83, 29
2026/08/15 23:40:18.988, 11, 2, 12385, 23.03, 29
2026/08/15 23:40:20.988, 6, 1, 12381, 22.75, 29
2026/08/15 23:40:22.989, 24, 4, 12393, 23.64, 29
2026/08/15 23:40:24.989, 14, 3, 12353, 22.74, 29
2026/08/15 23:40:26.990, 53, 11, 12405, 23.51, 29
2026/08/15 23:40:28.990, 10, 1, 12373, 22.88, 29
2026/08/15 23:40:30.991, 11, 0, 12361, 23.14, 29
2026/08/15 23:40:32.991, 9, 1, 12413, 23.33, 29
2026/08/15 23:40:34.992, 0, 0, 12405, 23.17, 29
2026/08/15 23:40:36.992, 2, 1, 12309, 22.24, 29
2026/08/15 23:40:38.993, 26, 3, 12381, 23.60, 29
2026/08/15 23:40:40.993, 3, 2, 12329, 23.20, 29
2026/08/15 23:40:42.994, 0, 1, 12349, 22.98, 29
2026/08/15 23:40:44.995, 15, 2, 12397, 22.69, 29
2026/08/15 23:40:46.995, 8, 1, 12357, 23.05, 29
2026/08/15 23:40:48.996, 21, 1, 12345, 23.22, 29
2026/08/15 23:40:50.997, 0, 0, 12405, 23.09, 29
2026/08/15 23:40:52.998, 10, 2, 12341, 22.46, 29
2026/08/15 23:40:54.998, 2, 0, 12381, 23.47, 29
2026/08/15 23:40:56.999, 0, 1, 12381, 23.05, 29
2026/08/15 23:40:59.000, 20, 3, 12393, 23.76, 29
2026/08/15 23:41:01.000, 16, 3, 12337, 23.23, 29
2026/08/15 23:41:03.000, 12, 1, 12437, 24.28, 29
2026/08/15 23:41:05.001, 4, 1, 12369, 22.51, 29
2026/08/15 23:41:07.002, 14, 1, 12357, 23.07, 29
2026/08/15 23:41:09.002, 5, 0, 12365, 23.01, 29
2026/08/15 23:41:11.003, 22, 3, 12381, 23.13, 29
2026/08/15 23:41:13.004, 3, 1, 12349, 22.64, 29
2026/08/15 23:41:15.004, 9, 2, 12405, 24.24, 29
2026/08/15 23:41:17.005, 14, 2, 12337, 22.68, 29
2026/08/15 23:41:19.005, 21, 3, 12393, 23.46, 29
2026/08/15 23:41:21.006, 0, 1, 12329, 22.64, 29
2026/08/15 23:41:23.006, 12, 2, 12369, 23.56, 29
2026/08/15 23:41:25.007, 15, 1, 12385, 23.15, 29
2026/08/15 23:41:27.007, 15, 3, 12361, 22.29, 29
2026/08/15 23:41:29.008, 0, 0, 12349, 23.42, 29
2026/08/15 23:41:31.008, 0, 0, 12373, 22.80, 29
2026/08/15 23:41:33.009, 18, 1, 12361, 23.05, 29
2026/08/15 23:41:35.009, 21, 2, 12349, 23.78, 29
2026/08/15 23:41:37.010, 18, 3, 12353, 23.60, 29
2026/08/15 23:41:39.011, 3, 0, 12357, 23.10, 29
2026/08/15 23:41:41.012, 7, 0, 12365, 23.13, 29
2026/08/15 23:41:43.012, 23, 3, 12353, 23.17, 29
2026/08/15 23:41:45.013, 0, 0, 12361, 22.57, 29
2026/08/15 23:41:47.014, 4, 1, 12381, 22.83, 29
2026/08/15 23:41:49.014, 18, 2, 12373, 22.61, 29
2026/08/15 23:41:51.015, 6, 1, 12349, 22.92, 29
2026/08/15 23:41:53.016, 8, 1, 12373, 23.15, 29
2026/08/15 23:41:55.017, 14, 1, 12369, 22.67, 29
2026/08/15 23:41:57.018, 0, 0, 12361, 23.27, 29
2026/08/15 23:41:59.019, 14, 2, 12357, 22.86, 29
2026/08/15 23:42:01.020, 0, 0, 12369, 23.17, 29
2026/08/15 23:42:03.020, 18, 2, 12373, 22.76, 29
2026/08/15 23:42:05.021, 3, 0, 12381, 22.82, 29
2026/08/15 23:42:07.022, 9, 1, 12393, 23.30, 29
2026/08/15 23:42:09.022, 0, 0, 12357, 22.99, 29
2026/08/15 23:42:11.024, 0, 0, 12373, 22.74, 29
2026/08/15 23:42:13.024, 11, 1, 12349, 23.69, 29
2026/08/15 23:42:15.024, 45, 10, 12353, 24.81, 29
2026/08/15 23:42:17.025, 0, 0, 12361, 22.91, 29
2026/08/15 23:42:19.025, 4, 1, 12349, 23.17, 29
2026/08/15 23:42:21.026, 14, 2, 12361, 23.65, 29
2026/08/15 23:42:23.027, 35, 4, 12357, 23.76, 29
2026/08/15 23:42:25.028, 8, 1, 12341, 23.23, 29
2026/08/15 23:42:27.028, 11, 0, 12405, 22.96, 29
2026/08/15 23:42:29.029, 10, 2, 12401, 23.03, 29
2026/08/15 23:42:31.029, 10, 1, 12361, 23.28, 29
2026/08/15 23:42:33.030, 13, 1, 12357, 23.16, 29
2026/08/15 23:42:35.030, 4, 1, 12373, 22.60, 29
2026/08/15 23:42:37.031, 0, 0, 12357, 22.93, 29
2026/08/15 23:42:39.031, 0, 0, 12369, 22.92, 29
2026/08/15 23:42:41.032, 29, 5, 12393, 22.38, 29
2026/08/15 23:42:43.033, 7, 1, 12349, 22.49, 29
2026/08/15 23:42:45.034, 0, 0, 12369, 22.35, 29
2026/08/15 23:42:47.034, 16, 2, 12409, 22.74, 29
2026/08/15 23:42:49.035, 9, 0, 12405, 22.33, 29
2026/08/15 23:42:51.035, 3, 0, 12361, 22.47, 29
2026/08/15 23:42:53.036, 0, 0, 12357, 23.50, 29
2026/08/15 23:42:55.036, 14, 3, 12421, 22.77, 29
2026/08/15 23:42:57.037, 17, 2, 12369, 22.63, 29
2026/08/15 23:42:59.037, 13, 2, 12369, 22.25, 29
2026/08/15 23:43:01.038, 3, 1, 12385, 22.45, 29
2026/08/15 23:43:03.039, 17, 2, 12413, 22.57, 29
2026/08/15 23:43:05.040, 15, 2, 12353, 22.64, 29
2026/08/15 23:43:07.041, 17, 1, 12341, 21.71, 29
2026/08/15 23:43:09.042, 13, 2, 12429, 23.83, 29
2026/08/15 23:43:11.042, 1, 1, 12397, 22.44, 29
2026/08/15 23:43:13.043, 36, 4, 12345, 23.70, 29
2026/08/15 23:43:15.043, 10, 2, 12385, 22.96, 29
2026/08/15 23:43:17.044, 9, 2, 12401, 22.97, 29
2026/08/15 23:43:19.044, 6, 3, 12333, 22.19, 29
2026/08/15 23:43:21.047, 9, 2, 12361, 22.33, 29
2026/08/15 23:43:23.048, 0, 0, 12341, 23.07, 29
2026/08/15 23:43:25.048, 4, 1, 12373, 23.02, 29
2026/08/15 23:43:27.049, 13, 2, 12369, 22.54, 29
2026/08/15 23:43:29.049, 10, 0, 12381, 22.59, 29
2026/08/15 23:43:31.049, 27, 3, 12417, 23.22, 29
2026/08/15 23:43:33.050, 0, 0, 12369, 22.20, 29
2026/08/15 23:43:35.051, 21, 3, 12421, 22.92, 29
2026/08/15 23:43:37.052, 3, 0, 12417, 22.56, 29
2026/08/15 23:43:39.052, 13, 4, 12341, 22.98, 29
2026/08/15 23:43:41.055, 23, 2, 12361, 23.12, 29
2026/08/15 23:43:43.056, 9, 1, 12417, 23.00, 29
2026/08/15 23:43:45.056, 9, 1, 12393, 22.81, 29
2026/08/15 23:43:47.057, 0, 0, 12381, 23.50, 29
2026/08/15 23:43:49.057, 4, 1, 12325, 22.49, 29
2026/08/15 23:43:51.058, 25, 3, 12393, 24.24, 29
2026/08/15 23:43:53.058, 11, 2, 12333, 22.04, 29
2026/08/15 23:43:55.061, 22, 3, 12373, 23.05, 29
2026/08/15 23:43:57.062, 17, 3, 12393, 22.94, 29
2026/08/15 23:43:59.062, 12, 1, 12365, 23.21, 29
2026/08/15 23:44:01.063, 32, 7, 12393, 23.79, 29
2026/08/15 23:44:03.064, 1, 1, 12337, 22.16, 29
2026/08/15 23:44:05.064, 7, 0, 12393, 23.10, 29
2026/08/15 23:44:07.065, 16, 2, 12341, 22.98, 29
2026/08/15 23:44:09.065, 16, 2, 12393, 22.52, 29
2026/08/15 23:44:11.066, 9, 1, 12385, 22.69, 29
2026/08/15 23:44:13.067, 24, 3, 12369, 23.47, 29
2026/08/15 23:44:15.067, 10, 1, 12417, 23.01, 29
2026/08/15 23:44:17.068, 4, 2, 12333, 22.27, 29
2026/08/15 23:44:19.068, 0, 0, 12361, 22.54, 30
2026/08/15 23:44:21.069, 26, 3, 12329, 22.57, 30
2026/08/15 23:44:23.069, 7, 0, 12373, 22.91, 30
2026/08/15 23:44:25.070, 10, 1, 12353, 23.17, 30
2026/08/15 23:44:27.070, 8, 1, 12349, 22.93, 30
2026/08/15 23:44:29.070, 10, 0, 12385, 23.05, 30
2026/08/15 23:44:31.071, 23, 3, 12357, 22.75, 30
2026/08/15 23:44:33.072, 14, 2, 12361, 23.14, 30
2026/08/15 23:44:35.072, 10, 2, 12329, 22.02, 30
2026/08/15 23:44:37.073, 25, 3, 12393, 23.23, 30
2026/08/15 23:44:39.073, 4, 0, 12337, 22.31, 30
2026/08/15 23:44:41.074, 15, 3, 12373, 24.30, 30
2026/08/15 23:44:43.074, 10, 2, 12353, 22.27, 30
2026/08/15 23:44:45.075, 1, 1, 12361, 23.40, 30
2026/08/15 23:44:47.075, 3, 1, 12361, 22.20, 30
2026/08/15 23:44:49.076, 11, 1, 12441, 22.79, 30
2026/08/15 23:44:51.076, 19, 3, 12417, 22.09, 30
2026/08/15 23:44:53.077, 15, 1, 12381, 23.25, 30
2026/08/15 23:44:55.077, 7, 1, 12309, 23.22, 30
2026/08/15 23:44:57.078, 11, 2, 12353, 22.92, 30
2026/08/15 23:44:59.078, 16, 2, 12321, 22.40, 30
2026/08/15 23:45:01.078, 18, 3, 12401, 22.02, 30
2026/08/15 23:45:03.079, 20, 2, 12405, 22.24, 30
2026/08/15 23:45:05.080, 20, 3, 12361, 22.03, 30
2026/08/15 23:45:07.081, 10, 2, 12337, 22.45, 30
2026/08/15 23:45:09.081, 30, 4, 12365, 22.54, 30
2026/08/15 23:45:11.082, 19, 3, 12353, 21.50, 30
2026/08/15 23:45:13.082, 5, 1, 12289, 22.55, 30
2026/08/15 23:45:15.083, 14, 1, 12385, 22.11, 30
2026/08/15 23:45:17.084, 2, 1, 12373, 21.60, 30
2026/08/15 23:45:19.084, 10, 2, 12357, 22.70, 30
2026/08/15 23:45:21.085, 7, 1, 12413, 21.88, 30
2026/08/15 23:45:23.085, 4, 1, 12421, 22.30, 30
2026/08/15 23:45:25.086, 27, 4, 12337, 22.47, 30
2026/08/15 23:45:27.087, 5, 1, 12405, 22.17, 30
2026/08/15 23:45:29.087, 31, 3, 12389, 22.05, 30
2026/08/15 23:45:31.088, 24, 3, 12369, 23.28, 30
2026/08/15 23:45:33.089, 4, 1, 12381, 22.05, 30
2026/08/15 23:45:35.089, 7, 1, 12349, 22.15, 30
2026/08/15 23:45:37.090, 18, 3, 12381, 22.53, 30
2026/08/15 23:45:39.090, 5, 1, 12333, 21.86, 30
2026/08/15 23:45:41.090, 0, 0, 12369, 21.90, 30
2026/08/15 23:45:43.091, 6, 1, 12369, 22.18, 30
2026/08/15 23:45:45.092, 0, 0, 12369, 22.35, 30
2026/08/15 23:45:47.092, 18, 2, 12329, 21.91, 30
2026/08/15 23:45:49.093, 5, 1, 12413, 21.67, 30
2026/08/15 23:45:51.093, 15, 1, 12349, 22.05, 30
2026/08/15 23:45:53.094, 15, 1, 12361, 22.32, 30
2026/08/15 23:45:55.095, 23, 4, 12353, 22.18, 30
2026/08/15 23:45:57.095, 10, 1, 12389, 22.34, 30
2026/08/15 23:45:59.096, 3, 1, 12405, 22.49, 30
2026/08/15 23:46:01.097, 21, 4, 12357, 22.57, 30
2026/08/15 23:46:03.098, 30, 5, 12345, 23.00, 30
2026/08/15 23:46:05.098, 0, 0, 12309, 22.38, 30
2026/08/15 23:46:07.099, 13, 2, 12385, 22.61, 30
2026/08/15 23:46:09.100, 25, 3, 12365, 22.50, 30
2026/08/15 23:46:11.101, 19, 2, 12357, 22.37, 31
2026/08/15 23:46:13.102, 23, 2, 12369, 22.48, 30
2026/08/15 23:46:15.102, 4, 1, 12373, 22.97, 30
2026/08/15 23:46:17.103, 39, 7, 12341, 22.94, 31
2026/08/15 23:46:19.104, 3, 1, 12329, 22.87, 31
2026/08/15 23:46:21.105, 23, 4, 12353, 23.33, 31
2026/08/15 23:46:23.106, 14, 2, 12385, 22.76, 31
2026/08/15 23:46:25.107, 0, 1, 12381, 22.07, 31
2026/08/15 23:46:27.109, 8, 1, 12345, 22.71, 31
2026/08/15 23:46:29.110, 11, 1, 12373, 24.00, 31
2026/08/15 23:46:31.111, 19, 3, 12349, 22.63, 31
2026/08/15 23:46:33.111, 6, 1, 12361, 22.45, 31
2026/08/15 23:46:35.112, 0, 1, 12361, 22.80, 31
2026/08/15 23:46:37.112, 11, 1, 12349, 22.44, 31
2026/08/15 23:46:39.113, 16, 2, 12381, 23.20, 31
2026/08/15 23:46:41.113, 12, 1, 12329, 22.59, 31
2026/08/15 23:46:43.114, 6, 2, 12381, 23.92, 31
2026/08/15 23:46:45.115, 10, 1, 12365, 22.42, 31
2026/08/15 23:46:47.115, 3, 1, 12393, 22.89, 31
2026/08/15 23:46:49.116, 12, 2, 12341, 22.49, 31
2026/08/15 23:46:51.116, 11, 2, 12353, 23.36, 31
2026/08/15 23:46:53.116, 13, 1, 12385, 23.52, 31
2026/08/15 23:46:55.117, 4, 1, 12325, 23.18, 31
2026/08/15 23:46:57.117, 6, 1, 12373, 22.48, 31
2026/08/15 23:46:59.118, 20, 3, 12369, 23.27, 31
2026/08/15 23:47:01.118, 13, 2, 12385, 22.98, 31
2026/08/15 23:47:03.119, 26, 5, 12333, 22.44, 31
2026/08/15 23:47:05.119, 5, 1, 12385, 22.94, 31
2026/08/15 23:47:07.120, 22, 3, 12393, 22.87, 31
2026/08/15 23:47:09.120, 12, 2, 12361, 22.50, 31
2026/08/15 23:47:11.120, 5, 1, 12393, 23.34, 31
2026/08/15 23:47:13.121, 7, 1, 12405, 22.72, 31
2026/08/15 23:47:15.121, 3, 1, 12361, 22.52, 31
2026/08/15 23:47:17.122, 0, 0, 12373, 22.16, 31
2026/08/15 23:47:19.122, 4, 1, 12393, 22.60, 31
2026/08/15 23:47:21.123, 37, 8, 12353, 22.33, 31
2026/08/15 23:47:23.124, 7, 1, 12381, 23.56, 31
2026/08/15 23:47:25.125, 5, 1, 12333, 22.20, 31
2026/08/15 23:47:27.125, 11, 3, 12353, 23.20, 31
2026/08/15 23:47:29.125, 24, 5, 12405, 23.84, 31
2026/08/15 23:47:31.126, 10, 2, 12365, 21.98, 31
2026/08/15 23:47:33.132, 11, 2, 12349, 22.80, 31
2026/08/15 23:47:35.133, 10, 2, 12385, 22.66, 31
2026/08/15 23:47:37.133, 3, 2, 12349, 22.30, 31
2026/08/15 23:47:39.135, 16, 2, 12377, 22.60, 31
2026/08/15 23:47:41.136, 19, 1, 12373, 22.58, 31
2026/08/15 23:47:43.136, 3, 1, 12333, 22.26, 31
2026/08/15 23:47:45.137, 21, 4, 12369, 22.56, 31
2026/08/15 23:47:47.137, 1, 1, 12401, 22.27, 31
2026/08/15 23:47:49.138, 27, 4, 12341, 23.07, 31
2026/08/15 23:47:51.141, 2, 1, 12341, 22.25, 31
2026/08/15 23:47:53.142, 18, 3, 12357, 22.61, 31
2026/08/15 23:47:55.143, 0, 0, 12361, 22.50, 31
2026/08/15 23:47:57.143, 17, 1, 12369, 22.22, 31
2026/08/15 23:47:59.144, 36, 5, 12381, 22.71, 31
2026/08/15 23:48:01.144, 0, 0, 12393, 21.65, 31
2026/08/15 23:48:03.145, 5, 1, 12405, 22.12, 31
2026/08/15 23:48:05.146, 3, 0, 12417, 22.56, 31
2026/08/15 23:48:07.146, 11, 1, 12337, 22.40, 31
2026/08/15 23:48:09.147, 15, 1, 12381, 22.29, 31
2026/08/15 23:48:11.148, 23, 2, 12357, 21.98, 31
2026/08/15 23:48:13.148, 45, 7, 12345, 22.72, 32
2026/08/15 23:48:15.149, 3, 1, 12373, 21.86, 31
2026/08/15 23:48:17.149, 30, 4, 12373, 21.91, 32
2026/08/15 23:48:19.150, 0, 0, 12345, 22.09, 31
2026/08/15 23:48:21.150, 25, 3, 12393, 22.87, 32
2026/08/15 23:48:23.151, 9, 2, 12361, 22.15, 32
2026/08/15 23:48:25.152, 10, 1, 12357, 21.51, 32
2026/08/15 23:48:27.152, 0, 0, 12361, 21.80, 32
2026/08/15 23:48:29.153, 30, 3, 12369, 21.91, 32
2026/08/15 23:48:31.153, 7, 1, 12361, 21.16, 32
2026/08/15 23:48:33.153, 20, 3, 12361, 22.16, 32
2026/08/15 23:48:35.154, 29, 5, 12361, 21.90, 32
2026/08/15 23:48:37.154, 11, 3, 12421, 22.15, 32
2026/08/15 23:48:39.155, 15, 2, 12397, 21.53, 32
2026/08/15 23:48:41.156, 4, 1, 12361, 22.58, 32
2026/08/15 23:48:43.156, 16, 2, 12409, 22.28, 32
2026/08/15 23:48:45.157, 15, 1, 12325, 21.79, 32
2026/08/15 23:48:47.158, 12, 1, 12393, 22.42, 32
2026/08/15 23:48:49.159, 29, 3, 12385, 21.56, 32
2026/08/15 23:48:51.159, 10, 1, 12429, 21.05, 32
2026/08/15 23:48:53.160, 9, 0, 12393, 22.88, 32
2026/08/15 23:48:55.161, 13, 2, 12353, 21.83, 32
2026/08/15 23:48:57.161, 0, 0, 12441, 21.81, 32
2026/08/15 23:48:59.162, 19, 3, 12333, 22.55, 32
2026/08/15 23:49:01.165, 14, 2, 12353, 22.27, 32
2026/08/15 23:49:03.166, 31, 4, 12381, 23.61, 32
2026/08/15 23:49:05.167, 5, 2, 12341, 21.90, 32
2026/08/15 23:49:07.168, 16, 2, 12353, 23.44, 32
2026/08/15 23:49:09.169, 21, 4, 12353, 23.76, 32
2026/08/15 23:49:11.169, 12, 1, 12337, 22.36, 32
2026/08/15 23:49:13.170, 39, 9, 12405, 23.51, 32
2026/08/15 23:49:15.170, 0, 0, 12333, 21.83, 32
2026/08/15 23:49:17.171, 0, 0, 12369, 22.65, 32
2026/08/15 23:49:19.172, 12, 1, 12353, 23.47, 32
2026/08/15 23:49:21.173, 7, 1, 12349, 22.87, 32
2026/08/15 23:49:23.173, 0, 0, 12417, 22.84, 32
2026/08/15 23:49:25.175, 20, 1, 12361, 22.98, 32
2026/08/15 23:49:27.175, 32, 4, 12365, 23.32, 32
2026/08/15 23:49:29.176, 0, 0, 12369, 23.12, 32
2026/08/15 23:49:31.176, 5, 1, 12373, 22.76, 32
2026/08/15 23:49:33.177, 9, 1, 12369, 22.72, 32
2026/08/15 23:49:35.177, 0, 0, 12361, 22.63, 32
2026/08/15 23:49:37.178, 0, 0, 12361, 22.53, 32
2026/08/15 23:49:39.179, 3, 1, 12353, 22.55, 32
2026/08/15 23:49:41.179, 8, 1, 12381, 22.33, 32
2026/08/15 23:49:43.180, 4, 1, 12373, 21.46, 32
2026/08/15 23:49:45.180, 33, 7, 12381, 23.24, 32
2026/08/15 23:49:47.181, 7, 0, 12373, 21.93, 32
2026/08/15 23:49:49.182, 30, 4, 12357, 23.28, 32
2026/08/15 23:49:51.182, 24, 3, 12357, 22.70, 32
2026/08/15 23:49:53.183, 9, 1, 12373, 23.04, 32
2026/08/15 23:49:55.183, 22, 3, 12365, 22.92, 32
2026/08/15 23:49:57.183, 8, 1, 12417, 21.81, 32
2026/08/15 23:49:59.184, 17, 2, 12393, 22.76, 32
2026/08/15 23:50:01.184, 9, 1, 12361, 22.50, 32
2026/08/15 23:50:03.185, 10, 1, 12361, 22.44, 32
2026/08/15 23:50:05.185, 0, 0, 12337, 22.76, 32
2026/08/15 23:50:07.185, 13, 1, 12365, 24.17, 32
2026/08/15 23:50:09.186, 0, 0, 12381, 23.29, 32
2026/08/15 23:50:11.186, 0, 0, 12373, 22.92, 32
2026/08/15 23:50:13.187, 1, 1, 12341, 22.60, 32
2026/08/15 23:50:15.188, 33, 5, 12373, 23.90, 32
2026/08/15 23:50:17.189, 1, 0, 12353, 22.31, 32
2026/08/15 23:50:19.189, 16, 2, 12405, 22.58, 32
2026/08/15 23:50:21.189, 9, 1, 12361, 22.23, 32
2026/08/15 23:50:23.190, 4, 1, 12349, 22.19, 32
2026/08/15 23:50:25.190, 12, 2, 12373, 22.45, 32
2026/08/15 23:50:27.191, 19, 3, 12393, 23.00, 32
2026/08/15 23:50:29.192, 6, 2, 12313, 21.89, 32
2026/08/15 23:50:31.192, 25, 5, 12417, 23.20, 32
2026/08/15 23:50:33.193, 7, 1, 12349, 23.49, 32
2026/08/15 23:50:35.194, 6, 1, 12385, 23.18, 32
2026/08/15 23:50:37.195, 32, 5, 12357, 22.78, 33
2026/08/15 23:50:39.195, 0, 0, 12325, 22.75, 32
2026/08/15 23:50:41.196, 17, 2, 12417, 23.22, 33
2026/08/15 23:50:43.196, 22, 3, 12361, 22.56, 33
2026/08/15 23:50:45.197, 16, 1, 12381, 22.44, 33
2026/08/15 23:50:47.198, 40, 6, 12357, 21.92, 33
2026/08/15 23:50:49.200, 19, 2, 12385, 21.61, 33
2026/08/15 23:50:51.201, 3, 1, 12349, 22.24, 33
2026/08/15 23:50:53.201, 22, 4, 12365, 22.31, 33
2026/08/15 23:50:55.202, 14, 3, 12385, 22.20, 33
2026/08/15 23:50:57.203, 7, 1, 12393, 21.86, 33
2026/08/15 23:50:59.203, 15, 1, 12361, 21.99, 33
2026/08/15 23:51:01.204, 5, 1, 12417, 22.45, 33
2026/08/15 23:51:03.204, 25, 4, 12381, 22.60, 33
2026/08/15 23:51:05.205, 20, 3, 12325, 22.56, 33
2026/08/15 23:51:07.205, 16, 1, 12393, 23.04, 32
2026/08/15 23:51:09.205, 6, 1, 12373, 21.75, 32
2026/08/15 23:51:11.206, 10, 1, 12405, 22.25, 32
2026/08/15 23:51:13.206, 5, 1, 12341, 21.94, 32
2026/08/15 23:51:15.207, 8, 1, 12381, 22.69, 32
2026/08/15 23:51:17.208, 0, 0, 12373, 21.33, 32
2026/08/15 23:51:19.208, 29, 3, 12333, 22.36, 32
2026/08/15 23:51:21.209, 0, 0, 12385, 23.57, 32
2026/08/15 23:51:23.209, 0, 0, 12345, 22.08, 32
2026/08/15 23:51:25.210, 21, 3, 12385, 22.16, 32
2026/08/15 23:51:27.211, 0, 1, 12349, 22.80, 32
2026/08/15 23:51:29.211, 25, 5, 12361, 22.88, 32
2026/08/15 23:51:31.212, 13, 2, 12361, 22.93, 32
2026/08/15 23:51:33.212, 5, 1, 12381, 21.72, 32
2026/08/15 23:51:35.213, 13, 2, 12373, 22.26, 32
2026/08/15 23:51:37.218, 24, 4, 12361, 22.30, 32
2026/08/15 23:51:39.219, 24, 3, 12373, 22.96, 32
2026/08/15 23:51:41.220, 3, 1, 12361, 21.81, 32
2026/08/15 23:51:43.221, 13, 3, 12361, 21.99, 32
2026/08/15 23:51:45.221, 12, 1, 12369, 22.25, 32
2026/08/15 23:51:47.222, 4, 1, 12361, 22.87, 32
2026/08/15 23:51:49.222, 27, 5, 12405, 22.65, 32
2026/08/15 23:51:51.223, 7, 1, 12357, 22.93, 32
2026/08/15 23:51:53.223, 29, 3, 12361, 22.66, 32
2026/08/15 23:51:55.224, 14, 4, 12321, 22.41, 32
2026/08/15 23:51:57.225, 29, 3, 12373, 22.73, 32
2026/08/15 23:51:59.226, 15, 1, 12381, 22.38, 32
2026/08/15 23:52:01.226, 24, 4, 12405, 22.45, 32
2026/08/15 23:52:03.226, 0, 0, 12361, 22.43, 32
2026/08/15 23:52:05.227, 10, 1, 12373, 22.19, 32
2026/08/15 23:52:07.227, 10, 1, 12337, 22.31, 32
2026/08/15 23:52:09.228, 6, 0, 12373, 21.82, 32
2026/08/15 23:52:11.228, 25, 5, 12373, 23.40, 32
2026/08/15 23:52:13.228, 12, 1, 12341, 22.21, 32
2026/08/15 23:52:15.229, 0, 0, 12365, 21.57, 32
2026/08/15 23:52:17.230, 3, 0, 12357, 21.97, 32
2026/08/15 23:52:19.230, 9, 1, 12385, 21.99, 32
2026/08/15 23:52:21.231, 6, 1, 12361, 22.74, 32
2026/08/15 23:52:23.231, 9, 1, 12365, 21.69, 32
2026/08/15 23:52:25.231, 0, 0, 12393, 22.26, 32
2026/08/15 23:52:27.232, 0, 0, 12337, 21.61, 32
2026/08/15 23:52:29.232, 15, 1, 12361, 22.36, 32
2026/08/15 23:52:31.233, 5, 1, 12361, 21.07, 32
2026/08/15 23:52:33.233, 2, 1, 12361, 21.76, 32
2026/08/15 23:52:35.234, 20, 3, 12393, 22.36, 32
2026/08/15 23:52:37.234, 11, 2, 12361, 21.91, 32
2026/08/15 23:52:39.235, 27, 5, 12373, 21.89, 32
2026/08/15 23:52:41.236, 10, 2, 12377, 21.81, 32
2026/08/15 23:52:43.237, 33, 7, 12341, 22.42, 32
2026/08/15 23:52:45.238, 2, 0, 12353, 21.16, 32
2026/08/15 23:52:47.238, 0, 0, 12361, 21.98, 32
2026/08/15 23:52:49.239, 9, 1, 12349, 22.19, 32
2026/08/15 23:52:51.239, 16, 2, 12393, 22.36, 31
2026/08/15 23:52:53.240, 27, 3, 12337, 21.89, 31
2026/08/15 23:52:55.240, 7, 1, 12393, 22.17, 31
2026/08/15 23:52:57.241, 0, 0, 12381, 21.04, 31
2026/08/15 23:52:59.242, 3, 0, 12381, 21.87, 31
2026/08/15 23:53:01.242, 0, 0, 12349, 21.51, 31
2026/08/15 23:53:03.247, 6, 2, 12357, 21.45, 31
2026/08/15 23:53:05.248, 7, 1, 12393, 22.62, 31
2026/08/15 23:53:07.248, 45, 6, 12349, 21.30, 31
2026/08/15 23:53:09.249, 13, 1, 12381, 22.14, 31
2026/08/15 23:53:11.250, 15, 1, 12341, 21.54, 31
2026/08/15 23:53:13.253, 13, 2, 12381, 22.42, 31
2026/08/15 23:53:15.254, 14, 2, 12341, 22.10, 31
2026/08/15 23:53:17.254, 9, 1, 12381, 21.83, 31
2026/08/15 23:53:19.255, 7, 1, 12373, 21.67, 31
2026/08/15 23:53:21.255, 0, 0, 12381, 22.35, 31
2026/08/15 23:53:23.259, 11, 2, 12381, 22.80, 31
2026/08/15 23:53:25.260, 0, 0, 12369, 21.52, 31
2026/08/15 23:53:27.260, 10, 2, 12357, 22.00, 31
2026/08/15 23:53:29.261, 15, 1, 12361, 22.42, 31
2026/08/15 23:53:31.261, 8, 1, 12385, 21.90, 31
2026/08/15 23:53:33.264, 8, 1, 12333, 22.01, 31
2026/08/15 23:53:35.265, 8, 3, 12385, 22.75, 31
2026/08/15 23:53:37.265, 3, 1, 12373, 22.13, 31
2026/08/15 23:53:39.266, 5, 1, 12381, 21.91, 31
2026/08/15 23:53:41.266, 22, 5, 12329, 22.41, 31
2026/08/15 23:53:43.266, 25, 5, 12405, 23.72, 31
2026/08/15 23:53:45.267, 5, 2, 12345, 21.41, 31
2026/08/15 23:53:47.268, 53, 9, 12397, 22.88, 31
2026/08/15 23:53:49.268, 8, 1, 12393, 22.12, 31
2026/08/15 23:53:51.268, 25, 6, 12341, 21.67, 31
2026/08/15 23:53:53.269, 32, 5, 12393, 22.23, 31
2026/08/15 23:53:55.269, 0, 0, 12393, 22.31, 31
2026/08/15 23:53:57.270, 18, 1, 12373, 22.37, 31
2026/08/15 23:53:59.270, 0, 0, 12353, 22.43, 31
2026/08/15 23:54:01.271, 20, 2, 12381, 21.91, 31
2026/08/15 23:54:03.271, 2, 0, 12305, 22.00, 31
2026/08/15 23:54:05.272, 13, 2, 12405, 23.35, 31
2026/08/15 23:54:07.272, 1, 1, 12329, 21.81, 31
2026/08/15 23:54:09.273, 9, 2, 12385, 23.31, 31
2026/08/15 23:54:11.273, 7, 0, 12405, 23.18, 31
2026/08/15 23:54:13.274, 11, 1, 12333, 22.77, 31
2026/08/15 23:54:15.275, 16, 2, 12385, 23.17, 31
2026/08/15 23:54:17.275, 11, 0, 12397, 22.62, 31
2026/08/15 23:54:19.276, 3, 0, 12357, 22.64, 31
2026/08/15 23:54:21.277, 17, 2, 12341, 23.49, 31
2026/08/15 23:54:23.277, 4, 1, 12385, 23.40, 31
2026/08/15 23:54:25.278, 6, 1, 12349, 22.91, 31
2026/08/15 23:54:27.278, 20, 4, 12321, 24.18, 31
2026/08/15 23:54:29.279, 0, 0, 12393, 22.75, 31
2026/08/15 23:54:31.280, 3, 1, 12393, 22.44, 31
2026/08/15 23:54:33.283, 16, 2, 12349, 22.41, 31
2026/08/15 23:54:35.284, 29, 3, 12369, 22.86, 31
2026/08/15 23:54:37.284, 7, 1, 12393, 22.14, 30
2026/08/15 23:54:39.284, 7, 1, 12321, 22.33, 30
2026/08/15 23:54:41.285, 12, 1, 12369, 22.50, 30
2026/08/15 23:54:43.285, 3, 1, 12365, 21.67, 30
2026/08/15 23:54:45.286, 6, 1, 12373, 22.03, 30
2026/08/15 23:54:47.287, 8, 0, 12357, 22.35, 30
2026/08/15 23:54:49.288, 8, 0, 12381, 22.52, 30
2026/08/15 23:54:51.288, 5, 0, 12349, 22.77, 30
2026/08/15 23:54:53.289, 13, 2, 12349, 22.11, 30
2026/08/15 23:54:55.290, 23, 2, 12369, 22.56, 30
2026/08/15 23:54:57.291, 9, 0, 12353, 22.27, 30
2026/08/15 23:54:59.292, 0, 0, 12393, 22.37, 30
2026/08/15 23:55:01.292, 10, 1, 12381, 22.09, 30
2026/08/15 23:55:03.292, 16, 2, 12345, 22.51, 30
2026/08/15 23:55:05.293, 8, 1, 12393, 23.11, 30
2026/08/15 23:55:07.293, 21, 2, 12329, 22.54, 30
2026/08/15 23:55:09.294, 21, 3, 12341, 22.71, 30
2026/08/15 23:55:11.294, 55, 11, 12373, 22.81, 30
2026/08/15 23:55:13.295, 12, 1, 12353, 22.11, 30
2026/08/15 23:55:15.295, 1, 0, 12357, 22.01, 30
2026/08/15 23:55:17.296, 15, 1, 12361, 23.75, 30
2026/08/15 23:55:19.296, 0, 0, 12393, 22.59, 30
2026/08/15 23:55:21.297, 34, 6, 12357, 22.24, 30
2026/08/15 23:55:23.297, 0, 0, 12373, 22.36, 30
2026/08/15 23:55:25.298, 17, 1, 12353, 22.50, 30
2026/08/15 23:55:27.298, 17, 2, 12385, 22.04, 30
2026/08/15 23:55:29.299, 10, 1, 12369, 21.72, 30
2026/08/15 23:55:31.300, 4, 1, 12361, 23.01, 30
2026/08/15 23:55:33.301, 18, 2, 12325, 22.69, 30
2026/08/15 23:55:35.301, 7, 1, 12341, 22.12, 30
2026/08/15 23:55:37.302, 17, 2, 12385, 22.67, 30
2026/08/15 23:55:39.302, 5, 1, 12349, 22.47, 30
2026/08/15 23:55:41.302, 2, 1, 12361, 22.35, 30
2026/08/15 23:55:43.303, 0, 0, 12381, 22.52, 30
2026/08/15 23:55:45.303, 0, 0, 12373, 21.79, 30
2026/08/15 23:55:47.304, 21, 3, 12361, 21.51, 30
2026/08/15 23:55:49.305, 21, 2, 12321, 22.88, 30
2026/08/15 23:55:51.305, 25, 4, 12345, 22.66, 30
2026/08/15 23:55:53.306, 17, 2, 12369, 21.45, 30
2026/08/15 23:55:55.306, 27, 3, 12425, 22.83, 30
2026/08/15 23:55:57.307, 1, 1, 12353, 21.59, 30
2026/08/15 23:55:59.307, 30, 5, 12385, 22.20, 30
2026/08/15 23:56:01.308, 6, 2, 12329, 21.25, 30
2026/08/15 23:56:03.308, 0, 0, 12345, 22.06, 30
2026/08/15 23:56:05.312, 15, 2, 12309, 22.65, 30
2026/08/15 23:56:07.313, 15, 2, 12381, 21.71, 30
2026/08/15 23:56:09.313, 9, 2, 12385, 23.12, 30
2026/08/15 23:56:11.313, 6, 1, 12381, 22.00, 30
2026/08/15 23:56:13.314, 20, 2, 12381, 21.57, 30
2026/08/15 23:56:15.314, 8, 1, 12381, 21.96, 30
2026/08/15 23:56:17.315, 0, 0, 12361, 21.88, 30
2026/08/15 23:56:19.317, 1, 1, 12329, 22.88, 30
2026/08/15 23:56:21.321, 17, 3, 12361, 22.92, 30
2026/08/15 23:56:23.321, 13, 2, 12361, 22.02, 30
2026/08/15 23:56:25.322, 15, 3, 12381, 22.11, 30
2026/08/15 23:56:27.323, 15, 1, 12345, 21.45, 30
2026/08/15 23:56:29.323, 14, 1, 12381, 23.00, 30
2026/08/15 23:56:31.329, 9, 2, 12341, 21.88, 30
2026/08/15 23:56:33.329, 12, 1, 12333, 21.39, 30
2026/08/15 23:56:35.330, 10, 2, 12373, 22.50, 30
2026/08/15 23:56:37.330, 13, 3, 12353, 21.89, 30
2026/08/15 23:56:39.331, 3, 1, 12357, 21.37, 30
2026/08/15 23:56:41.331, 3, 1, 12373, 22.58, 30
2026/08/15 23:56:43.332, 0, 0, 12369, 22.03, 30
2026/08/15 23:56:45.332, 22, 2, 12369, 21.76, 30
2026/08/15 23:56:47.333, 13, 2, 12369, 22.01, 30
2026/08/15 23:56:49.333, 6, 1, 12361, 22.12, 30
2026/08/15 23:56:51.334, 27, 4, 12341, 22.27, 30
2026/08/15 23:56:53.335, 12, 2, 12393, 22.40, 30
2026/08/15 23:56:55.336, 1, 1, 12349, 21.44, 30
2026/08/15 23:56:57.336, 0, 0, 12381, 22.67, 30
2026/08/15 23:56:59.337, 8, 0, 12333, 21.34, 30
2026/08/15 23:57:01.338, 18, 2, 12417, 21.79, 30
2026/08/15 23:57:03.339, 30, 3, 12381, 22.46, 30
2026/08/15 23:57:05.339, 6, 1, 12361, 21.55, 30
2026/08/15 23:57:07.340, 0, 0, 12381, 21.42, 30
2026/08/15 23:57:09.340, 15, 1, 12361, 22.44, 30
2026/08/15 23:57:11.345, 0, 1, 12337, 21.76, 30
2026/08/15 23:57:13.346, 13, 1, 12349, 22.66, 30
2026/08/15 23:57:15.346, 6, 1, 12373, 21.70, 30
2026/08/15 23:57:17.347, 8, 0, 12361, 21.81, 30
2026/08/15 23:57:19.347, 20, 2, 12373, 21.88, 30
2026/08/15 23:57:21.348, 25, 2, 12393, 21.40, 30
2026/08/15 23:57:23.349, 18, 3, 12349, 22.17, 30
2026/08/15 23:57:25.349, 30, 5, 12361, 22.00, 30
2026/08/15 23:57:27.349, 4, 0, 12353, 21.01, 30
2026/08/15 23:57:29.350, 11, 2, 12361, 22.16, 30
2026/08/15 23:57:31.350, 9, 1, 12341, 21.16, 30
2026/08/15 23:57:33.351, 15, 1, 12381, 21.73, 30
2026/08/15 23:57:35.352, 0, 0, 12381, 21.60, 30
2026/08/15 23:57:37.352, 8, 2, 12309, 21.82, 30
2026/08/15 23:57:39.353, 3, 1, 12361, 22.08, 30
2026/08/15 23:57:41.354, 24, 4, 12345, 21.98, 30
2026/08/15 23:57:43.354, 13, 0, 12349, 21.45, 30
2026/08/15 23:57:45.355, 14, 0, 12385, 22.30, 30
2026/08/15 23:57:47.355, 14, 2, 12349, 21.92, 30
2026/08/15 23:57:49.356, 28, 5, 12381, 22.61, 30
2026/08/15 23:57:51.356, 18, 2, 12357, 22.19, 30
2026/08/15 23:57:53.357, 9, 0, 12381, 23.29, 29
2026/08/15 23:57:55.357, 0, 0, 12349, 22.34, 29
2026/08/15 23:57:57.358, 32, 4, 12369, 22.91, 29
2026/08/15 23:57:59.358, 30, 5, 12333, 22.48, 29
2026/08/15 23:58:01.358, 17, 2, 12373, 22.02, 29
2026/08/15 23:58:03.359, 7, 2, 12381, 21.76, 29
2026/08/15 23:58:05.360, 15, 1, 12349, 22.31, 29
2026/08/15 23:58:07.360, 18, 3, 12353, 23.50, 29
2026/08/15 23:58:09.361, 13, 2, 12333, 22.30, 29
2026/08/15 23:58:11.361, 14, 2, 12405, 21.96, 29
2026/08/15 23:58:13.362, 8, 2, 12317, 22.36, 29
2026/08/15 23:58:15.362, 20, 1, 12393, 23.20, 29
2026/08/15 23:58:17.363, 10, 0, 12405, 22.29, 29
2026/08/15 23:58:19.364, 26, 4, 12361, 22.50, 29
2026/08/15 23:58:21.366, 0, 0, 12341, 21.91, 29
2026/08/15 23:58:23.366, 13, 2, 12361, 22.27, 29
2026/08/15 23:58:25.367, 0, 0, 12373, 22.84, 29
2026/08/15 23:58:27.367, 6, 1, 12377, 22.06, 29
2026/08/15 23:58:29.368, 1, 1, 12385, 22.99, 29
2026/08/15 23:58:31.368, 53, 10, 12349, 23.15, 29
2026/08/15 23:58:33.368, 6, 1, 12353, 22.98, 29
2026/08/15 23:58:35.369, 9, 1, 12349, 22.16, 29
2026/08/15 23:58:37.370, 18, 3, 12401, 21.58, 29
2026/08/15 23:58:39.370, 0, 0, 12421, 23.04, 29
2026/08/15 23:58:41.371, 15, 1, 12325, 22.40, 29
2026/08/15 23:58:43.372, 11, 3, 12385, 22.52, 29
2026/08/15 23:58:45.373, 13, 1, 12389, 22.59, 29
2026/08/15 23:58:47.373, 15, 1, 12369, 22.64, 29
2026/08/15 23:58:49.375, 7, 2, 12441, 21.62, 29
2026/08/15 23:58:51.376, 0, 1, 12417, 22.11, 29
2026/08/15 23:58:53.376, 14, 1, 12361, 21.87, 29
2026/08/15 23:58:55.377, 2, 1, 12345, 21.72, 29
2026/08/15 23:58:57.378, 11, 0, 12421, 22.37, 29
2026/08/15 23:58:59.381, 11, 2, 12317, 22.17, 29
2026/08/15 23:59:01.381, 8, 2, 12381, 21.69, 29
2026/08/15 23:59:03.382, 28, 4, 12429, 22.90, 29
2026/08/15 23:59:05.383, 6, 1, 12365, 21.75, 29
2026/08/15 23:59:07.384, 14, 2, 12381, 21.95, 29
2026/08/15 23:59:09.384, 2, 0, 12361, 21.94, 29
2026/08/15 23:59:11.385, 7, 1, 12369, 22.05, 29
2026/08/15 23:59:13.386, 26, 5, 12373, 22.44, 29
2026/08/15 23:59:15.387, 13, 2, 12353, 22.06, 29
2026/08/15 23:59:17.387, 17, 2, 12369, 21.92, 29
2026/08/15 23:59:19.388, 7, 1, 12381, 22.43, 29
2026/08/15 23:59:21.389, 31, 3, 12357, 22.27, 29
2026/08/15 23:59:23.390, 13, 0, 12341, 21.98, 29
2026/08/15 23:59:25.390, 6, 0, 12369, 21.43, 29
2026/08/15 23:59:27.391, 9, 1, 12381, 22.85, 29
2026/08/15 23:59:29.391, 34, 4, 12345, 22.58, 29
2026/08/15 23:59:31.391, 4, 0, 12361, 22.49, 29
2026/08/15 23:59:33.392, 0, 0, 12357, 22.01, 29
2026/08/15 23:59:35.392, 7, 1, 12349, 22.05, 29
2026/08/15 23:59:37.393, 10, 1, 12393, 22.02, 29
2026/08/15 23:59:39.393, 16, 2, 12349, 22.03, 29
2026/08/15 23:59:41.398, 35, 8, 12373, 22.58, 29
2026/08/15 23:59:43.398, 3, 1, 12353, 22.01, 29
2026/08/15 23:59:45.399, 25, 3, 12393, 22.25, 29
2026/08/15 23:59:47.400, 8, 1, 12369, 22.62, 29
2026/08/15 23:59:49.401, 4, 0, 12381, 22.57, 29
2026/08/15 23:59:51.401, 12, 1, 12309, 23.48, 29
2026/08/15 23:59:53.402, 25, 3, 12393, 22.32, 29
2026/08/15 23:59:55.402, 0, 0, 12369, 22.07, 29
2026/08/15 23:59:57.403, 23, 4, 12405, 23.18, 29
2026/08/15 23:59:59.404, 11, 1, 12373, 22.73, 29
2026/08/16 00:00:01.404, 0, 0, 12369, 22.35, 29
2026/08/16 00:00:03.405, 0, 0, 12373, 22.90, 29
2026/08/16 00:00:05.407, 33, 4, 12357, 22.28, 29
2026/08/16 00:00:07.408, 13, 2, 12369, 23.13, 29
2026/08/16 00:00:09.408, 17, 1, 12337, 22.80, 29
2026/08/16 00:00:11.409, 11, 2, 12369, 23.29, 29
2026/08/16 00:00:13.410, 3, 1, 12385, 22.67, 29
2026/08/16 00:00:15.410, 15, 3, 12289, 22.19, 29
2026/08/16 00:00:17.410, 8, 1, 12393, 22.84, 29
2026/08/16 00:00:19.411, 12, 1, 12369, 22.38, 29
2026/08/16 00:00:21.411, 0, 0, 12357, 22.58, 29
2026/08/16 00:00:23.412, 16, 2, 12405, 23.10, 29
2026/08/16 00:00:25.412, 18, 4, 12329, 22.26, 29
2026/08/16 00:00:27.413, 3, 0, 12381, 22.83, 29
2026/08/16 00:00:29.414, 0, 0, 12361, 21.71, 29
2026/08/16 00:00:31.414, 3, 1, 12381, 22.66, 29
2026/08/16 00:00:33.415, 5, 0, 12361, 22.23, 29
2026/08/16 00:00:35.415, 7, 1, 12357, 21.85, 29
2026/08/16 00:00:37.416, 35, 5, 12361, 22.88, 29
2026/08/16 00:00:39.416, 7, 1, 12373, 21.80, 29
2026/08/16 00:00:41.416, 36, 4, 12357, 22.16, 29
2026/08/16 00:00:43.417, 4, 1, 12361, 21.98, 29
2026/08/16 00:00:45.418, 6, 2, 12381, 21.72, 29
2026/08/16 00:00:47.419, 7, 0, 12341, 22.23, 29
2026/08/16 00:00:49.419, 11, 1, 12373, 22.72, 29
2026/08/16 00:00:51.420, 40, 8, 12341, 22.11, 29
2026/08/16 00:00:53.421, 23, 3, 12373, 22.19, 29
2026/08/16 00:00:55.421, 8, 1, 12381, 21.79, 29
2026/08/16 00:00:57.422, 29, 4, 12349, 21.80, 29
2026/08/16 00:00:59.423, 31, 5, 12381, 22.25, 29
2026/08/16 00:01:01.423, 0, 0, 12329, 21.55, 29
2026/08/16 00:01:03.424, 13, 1, 12361, 22.03, 29
2026/08/16 00:01:05.424, 27, 4, 12349, 22.39, 29
2026/08/16 00:01:07.425, 21, 1, 12397, 22.58, 29
2026/08/16 00:01:09.425, 6, 1, 12341, 21.28, 29
2026/08/16 00:01:11.425, 9, 1, 12393, 22.71, 29
2026/08/16 00:01:13.426, 19, 3, 12381, 22.71, 29
2026/08/16 00:01:15.426, 0, 0, 12369, 21.88, 29
2026/08/16 00:01:17.427, 17, 3, 12381, 22.96, 29
2026/08/16 00:01:19.427, 23, 3, 12385, 22.14, 29
2026/08/16 00:01:21.428, 13, 1, 12397, 22.29, 29
2026/08/16 00:01:23.428, 10, 1, 12337, 22.53, 29
2026/08/16 00:01:25.428, 32, 4, 12373, 22.49, 29
2026/08/16 00:01:27.429, 10, 0, 12381, 23.03, 29
2026/08/16 00:01:29.429, 16, 1, 12373, 21.87, 29
2026/08/16 00:01:31.430, 8, 2, 12357, 22.42, 29
2026/08/16 00:01:33.431, 12, 2, 12385, 23.04, 29
2026/08/16 00:01:35.432, 36, 6, 12353, 22.22, 29
2026/08/16 00:01:37.432, 10, 2, 12349, 22.30, 29
2026/08/16 00:01:39.433, 3, 0, 12353, 22.22, 29
2026/08/16 00:01:41.434, 1, 1, 12381, 23.16, 29
2026/08/16 00:01:43.434, 40, 8, 12353, 22.46, 29
2026/08/16 00:01:45.435, 9, 1, 12337, 22.31, 29
2026/08/16 00:01:47.436, 22, 3, 12365, 22.32, 29
2026/08/16 00:01:49.436, 3, 1, 12373, 22.64, 29
2026/08/16 00:01:51.437, 6, 1, 12393, 23.13, 29
2026/08/16 00:01:53.437, 6, 1, 12349, 22.00, 29
2026/08/16 00:01:55.437, 12, 2, 12381, 21.82, 29
2026/08/16 00:01:57.438, 43, 8, 12341, 23.15, 29
2026/08/16 00:01:59.438, 15, 1, 12385, 22.90, 29
2026/08/16 00:02:01.439, 15, 2, 12369, 22.31, 29
2026/08/16 00:02:03.439, 18, 1, 12381, 22.26, 29
2026/08/16 00:02:05.440, 32, 6, 12381, 22.72, 29
2026/08/16 00:02:07.441, 22, 2, 12385, 22.44, 29
2026/08/16 00:02:09.441, 14, 2, 12353, 23.06, 29
2026/08/16 00:02:11.442, 7, 1, 12373, 22.42, 29
2026/08/16 00:02:13.442, 17, 2, 12361, 22.96, 29
2026/08/16 00:02:15.443, 20, 4, 12353, 22.56, 29
2026/08/16 00:02:17.444, 34, 6, 12345, 22.99, 29
2026/08/16 00:02:19.444, 11, 2, 12365, 22.52, 29
2026/08/16 00:02:21.444, 9, 2, 12349, 22.68, 29
2026/08/16 00:02:23.445, 4, 0, 12373, 21.96, 29
2026/08/16 00:02:25.450, 17, 3, 12369, 22.50, 29
2026/08/16 00:02:27.451, 34, 5, 12361, 22.28, 29
2026/08/16 00:02:29.451, 21, 3, 12345, 22.47, 29
2026/08/16 00:02:31.452, 11, 2, 12377, 21.36, 29
2026/08/16 00:02:33.452, 0, 0, 12405, 22.07, 29
2026/08/16 00:02:35.453, 3, 1, 12329, 21.29, 29
2026/08/16 00:02:37.453, 7, 2, 12373, 21.99, 29
2026/08/16 00:02:39.454, 23, 3, 12373, 22.55, 29
2026/08/16 00:02:41.455, 9, 1, 12381, 22.21, 29
2026/08/16 00:02:43.455, 0, 0, 12365, 21.72, 29
2026/08/16 00:02:45.456, 8, 1, 12381, 22.81, 29
2026/08/16 00:02:47.456, 26, 1, 12365, 22.28, 29
2026/08/16 00:02:49.456, 9, 1, 12353, 22.06, 29
2026/08/16 00:02:51.457, 8, 1, 12385, 21.60, 29
2026/08/16 00:02:53.457, 25, 4, 12345, 21.76, 29
2026/08/16 00:02:55.458, 5, 1, 12357, 21.72, 29
2026/08/16 00:02:57.458, 6, 1, 12361, 22.51, 29
2026/08/16 00:02:59.459, 19, 3, 12361, 22.13, 29
2026/08/16 00:03:01.460, 17, 2, 12337, 22.40, 29
2026/08/16 00:03:03.461, 27, 5, 12385, 22.33, 29
2026/08/16 00:03:05.461, 9, 1, 12381, 22.42, 29
2026/08/16 00:03:07.462, 3, 1, 12353, 21.17, 29
2026/08/16 00:03:09.462, 3, 1, 12393, 21.82, 29
2026/08/16 00:03:11.463, 22, 3, 12381, 21.57, 29
2026/08/16 00:03:13.463, 13, 1, 12333, 21.38, 29
2026/08/16 00:03:15.464, 9, 1, 12393, 22.34, 29
2026/08/16 00:03:17.464, 5, 0, 12381, 21.15, 29
2026/08/16 00:03:19.467, 0, 0, 12369, 21.95, 29
2026/08/16 00:03:21.468, 15, 0, 12369, 22.66, 29
2026/08/16 00:03:23.469, 10, 0, 12357, 22.73, 29
2026/08/16 00:03:25.469, 12, 2, 12397, 22.17, 29
2026/08/16 00:03:27.470, 18, 3, 12341, 22.10, 29
2026/08/16 00:03:29.471, 7, 2, 12377, 22.44, 29
2026/08/16 00:03:31.471, 28, 3, 12337, 22.83, 29
2026/08/16 00:03:33.473, 5, 1, 12421, 22.25, 29
2026/08/16 00:03:35.473, 13, 2, 12369, 21.91, 29
2026/08/16 00:03:37.474, 17, 2, 12385, 21.92, 29
2026/08/16 00:03:39.475, 3, 1, 12321, 21.42, 29
2026/08/16 00:03:41.475, 34, 5, 12361, 22.66, 29
2026/08/16 00:03:43.476, 20, 3, 12373, 22.87, 29
2026/08/16 00:03:45.477, 3, 1, 12373, 21.59, 29
2026/08/16 00:03:47.478, 0, 0, 12385, 22.54, 29
2026/08/16 00:03:49.478, 8, 2, 12365, 21.47, 29
2026/08/16 00:03:51.479, 18, 3, 12393, 22.17, 29
2026/08/16 00:03:53.479, 14, 1, 12369, 22.17, 29
2026/08/16 00:03:55.479, 0, 0, 12373, 21.89, 29
2026/08/16 00:03:57.480, 21, 4, 12429, 23.38, 29
2026/08/16 00:03:59.481, 0, 0, 12389, 21.96, 29
2026/08/16 00:04:01.486, 25, 4, 12357, 22.80, 29
2026/08/16 00:04:03.487, 13, 1, 12401, 22.39, 29
2026/08/16 00:04:05.487, 41, 7, 12385, 22.55, 29
2026/08/16 00:04:07.487, 19, 3, 12385, 22.98, 29
2026/08/16 00:04:09.488, 3, 1, 12345, 22.34, 29
2026/08/16 00:04:11.488, 9, 1, 12381, 22.54, 29
2026/08/16 00:04:13.489, 13, 1, 12329, 23.02, 29
2026/08/16 00:04:15.490, 32, 8, 12361, 22.54, 29
2026/08/16 00:04:17.491, 1, 0, 12369, 22.95, 29
2026/08/16 00:04:19.493, 33, 5, 12361, 22.46, 29
2026/08/16 00:04:21.494, 15, 2, 12393, 22.21, 29
2026/08/16 00:04:23.494, 14, 2, 12413, 21.79, 29
2026/08/16 00:04:25.495, 44, 10, 12361, 22.03, 29
2026/08/16 00:04:27.495, 21, 3, 12365, 23.01, 29
2026/08/16 00:04:29.496, 14, 1, 12385, 21.51, 29
2026/08/16 00:04:31.496, 12, 2, 12365, 21.46, 29
2026/08/16 00:04:33.496, 12, 2, 12337, 21.51, 29
2026/08/16 00:04:35.497, 13, 2, 12341, 22.17, 29
2026/08/16 00:04:37.498, 36, 5, 12369, 21.81, 29
2026/08/16 00:04:39.498, 11, 2, 12353, 21.54, 29
2026/08/16 00:04:41.499, 15, 2, 12369, 21.97, 29
2026/08/16 00:04:43.499, 25, 4, 12373, 22.25, 29
2026/08/16 00:04:45.500, 6, 1, 12333, 21.17, 29
2026/08/16 00:04:47.501, 10, 2, 12385, 22.12, 29
2026/08/16 00:04:49.501, 0, 0, 12365, 20.93, 28
2026/08/16 00:04:51.502, 0, 0, 12361, 21.35, 28
2026/08/16 00:04:53.502, 14, 1, 12381, 21.65, 29
2026/08/16 00:04:55.503, 17, 3, 12381, 22.04, 28
2026/08/16 00:04:57.504, 10, 1, 12353, 20.93, 29
2026/08/16 00:04:59.504, 21, 4, 12385, 22.07, 29
2026/08/16 00:05:01.505, 12, 2, 12365, 22.09, 28
2026/08/16 00:05:03.505, 3, 1, 12365, 22.04, 28
2026/08/16 00:05:05.506, 4, 1, 12349, 21.03, 28
2026/08/16 00:05:07.506, 10, 1, 12333, 21.86, 29
2026/08/16 00:05:09.506, 0, 0, 12369, 21.38, 29
2026/08/16 00:05:11.507, 26, 4, 12381, 22.22, 29
2026/08/16 00:05:13.507, 0, 0, 12337, 21.49, 29
2026/08/16 00:05:15.508, 2, 1, 12373, 22.72, 29
2026/08/16 00:05:17.508, 0, 0, 12341, 21.23, 29
2026/08/16 00:05:19.509, 42, 7, 12361, 22.49, 29
2026/08/16 00:05:21.509, 13, 3, 12373, 22.38, 29
2026/08/16 00:05:23.510, 0, 0, 12349, 21.39, 29
2026/08/16 00:05:25.510, 24, 3, 12385, 21.64, 29
2026/08/16 00:05:27.511, 14, 3, 12357, 22.05, 29
2026/08/16 00:05:29.511, 9, 0, 12393, 21.80, 29
2026/08/16 00:05:31.512, 5, 0, 12341, 21.81, 29
2026/08/16 00:05:33.512, 3, 1, 12401, 21.61, 29
2026/08/16 00:05:35.512, 8, 2, 12341, 21.70, 29
2026/08/16 00:05:37.513, 24, 2, 12369, 22.54, 29
2026/08/16 00:05:39.513, 22, 2, 12341, 22.32, 29
2026/08/16 00:05:41.514, 9, 2, 12361, 22.28, 29
2026/08/16 00:05:43.515, 7, 1, 12349, 22.19, 29
2026/08/16 00:05:45.516, 0, 0, 12349, 22.03, 29
2026/08/16 00:05:47.516, 18, 2, 12405, 22.57, 29
2026/08/16 00:05:49.517, 3, 0, 12365, 21.60, 29
2026/08/16 00:05:51.517, 8, 1, 12401, 22.52, 29
2026/08/16 00:05:53.518, 0, 0, 12353, 21.95, 29
2026/08/16 00:05:55.518, 0, 0, 12361, 22.34, 29
2026/08/16 00:05:57.519, 18, 4, 12313, 22.23, 29
2026/08/16 00:05:59.520, 36, 7, 12425, 23.04, 29
2026/08/16 00:06:01.521, 3, 1, 12301, 21.43, 29
2026/08/16 00:06:03.522, 13, 2, 12405, 23.07, 29
2026/08/16 00:06:05.522, 13, 1, 12389, 22.47, 29
2026/08/16 00:06:07.528, 7, 1, 12341, 22.33, 29
2026/08/16 00:06:09.529, 7, 1, 12393, 22.81, 29
2026/08/16 00:06:11.529, 27, 2, 12337, 22.77, 29
2026/08/16 00:06:13.530, 4, 0, 12401, 22.72, 29
2026/08/16 00:06:15.531, 10, 2, 12357, 22.56, 29
2026/08/16 00:06:17.531, 9, 0, 12373, 22.96, 29
2026/08/16 00:06:19.532, 5, 1, 12365, 22.06, 29
2026/08/16 00:06:21.535, 4, 1, 12369, 22.47, 29
2026/08/16 00:06:23.535, 4, 1, 12341, 22.08, 29
2026/08/16 00:06:25.536, 24, 3, 12349, 22.67, 29
2026/08/16 00:06:27.536, 31, 7, 12373, 22.85, 29
2026/08/16 00:06:29.536, 24, 4, 12373, 21.96, 29
2026/08/16 00:06:31.537, 9, 1, 12373, 22.02, 29
2026/08/16 00:06:33.537, 17, 4, 12401, 22.37, 29
2026/08/16 00:06:35.538, 0, 0, 12373, 21.93, 29
2026/08/16 00:06:37.539, 14, 3, 12377, 21.54, 29
2026/08/16 00:06:39.540, 12, 2, 12385, 22.48, 29
2026/08/16 00:06:41.540, 6, 0, 12321, 21.67, 29
2026/08/16 00:06:43.541, 6, 1, 12361, 21.99, 29
2026/08/16 00:06:45.541, 0, 0, 12413, 22.15, 29
2026/08/16 00:06:47.541, 11, 2, 12349, 21.66, 29
2026/08/16 00:06:49.542, 15, 3, 12353, 21.94, 29
2026/08/16 00:06:51.543, 13, 3, 12317, 21.69, 29
2026/08/16 00:06:53.544, 10, 1, 12349, 22.01, 29
2026/08/16 00:06:55.546, 0, 0, 12373, 21.75, 29
2026/08/16 00:06:57.547, 18, 2, 12353, 21.77, 29
2026/08/16 00:06:59.549, 0, 0, 12357, 22.24, 29
2026/08/16 00:07:01.550, 0, 0, 12369, 21.74, 29
2026/08/16 00:07:03.551, 22, 3, 12349, 22.34, 29
2026/08/16 00:07:05.552, 0, 0, 12349, 23.25, 29
2026/08/16 00:07:07.553, 5, 1, 12361, 22.31, 29
2026/08/16 00:07:09.553, 18, 3, 12349, 21.26, 29
2026/08/16 00:07:11.554, 3, 2, 12341, 22.35, 29
2026/08/16 00:07:13.554, 0, 0, 12393, 21.47, 29
2026/08/16 00:07:15.555, 19, 3, 12361, 21.74, 30
2026/08/16 00:07:17.555, 24, 2, 12381, 22.54, 29
2026/08/16 00:07:19.556, 0, 1, 12345, 21.92, 29
2026/08/16 00:07:21.556, 18, 2, 12385, 22.35, 29
2026/08/16 00:07:23.557, 4, 1, 12357, 21.39, 29
2026/08/16 00:07:25.557, 12, 1, 12349, 22.03, 30
2026/08/16 00:07:27.558, 2, 0, 12385, 21.58, 29
2026/08/16 00:07:29.559, 9, 1, 12345, 22.31, 30
2026/08/16 00:07:31.559, 0, 0, 12373, 22.33, 30
2026/08/16 00:07:33.560, 0, 0, 12385, 21.75, 30
2026/08/16 00:07:35.560, 14, 1, 12373, 22.92, 30
2026/08/16 00:07:37.561, 24, 3, 12349, 22.73, 30
2026/08/16 00:07:39.561, 13, 1, 12381, 21.87, 30
2026/08/16 00:07:41.562, 3, 1, 12341, 21.52, 30
2026/08/16 00:07:43.562, 6, 0, 12405, 22.28, 30
2026/08/16 00:07:45.563, 0, 1, 12337, 21.47, 30
2026/08/16 00:07:47.564, 12, 1, 12393, 22.49, 30
2026/08/16 00:07:49.564, 24, 2, 12369, 21.83, 30
2026/08/16 00:07:51.565, 23, 2, 12381, 22.12, 30
2026/08/16 00:07:53.565, 12, 2, 12405, 22.63, 30
2026/08/16 00:07:55.566, 24, 3, 12349, 22.23, 30
2026/08/16 00:07:57.566, 6, 1, 12353, 22.38, 30
2026/08/16 00:07:59.566, 15, 2, 12381, 22.89, 30
2026/08/16 00:08:01.567, 35, 8, 12365, 22.18, 30
2026/08/16 00:08:03.568, 11, 1, 12369, 21.87, 30
2026/08/16 00:08:05.568, 10, 1, 12373, 22.11, 30
2026/08/16 00:08:07.569, 16, 2, 12373, 21.33, 30
2026/08/16 00:08:09.569, 19, 2, 12337, 21.86, 30
2026/08/16 00:08:11.570, 26, 4, 12385, 22.46, 30
2026/08/16 00:08:13.571, 13, 1, 12353, 22.25, 30
2026/08/16 00:08:15.571, 11, 2, 12349, 21.56, 30
2026/08/16 00:08:17.572, 16, 3, 12401, 22.83, 30
2026/08/16 00:08:19.574, 29, 5, 12373, 22.02, 30
2026/08/16 00:08:21.576, 15, 1, 12365, 21.35, 30
2026/08/16 00:08:23.577, 18, 3, 12409, 22.94, 30
2026/08/16 00:08:25.577, 20, 3, 12373, 22.66, 30
2026/08/16 00:08:27.578, 0, 0, 12369, 22.07, 30
2026/08/16 00:08:29.579, 11, 2, 12385, 22.82, 30
2026/08/16 00:08:31.579, 13, 3, 12401, 23.09, 30
2026/08/16 00:08:33.580, 1, 2, 12349, 22.11, 30
2026/08/16 00:08:35.580, 14, 2, 12361, 22.17, 30
2026/08/16 00:08:37.581, 5, 1, 12405, 23.04, 30
2026/08/16 00:08:39.582, 5, 1, 12345, 21.70, 30
2026/08/16 00:08:41.582, 11, 2, 12357, 22.33, 30
2026/08/16 00:08:43.582, 21, 3, 12361, 23.35, 30
2026/08/16 00:08:45.583, 7, 2, 12361, 22.85, 30
2026/08/16 00:08:47.584, 10, 2, 12369, 21.51, 30
2026/08/16 00:08:49.584, 19, 3, 12357, 23.21, 30
2026/08/16 00:08:51.584, 15, 3, 12373, 21.89, 30
2026/08/16 00:08:53.585, 9, 2, 12369, 21.36, 30
2026/08/16 00:08:55.586, 13, 2, 12337, 22.74, 30
2026/08/16 00:08:57.587, 26, 4, 12333, 21.73, 30
2026/08/16 00:08:59.588, 5, 1, 12381, 22.23, 30
2026/08/16 00:09:01.588, 35, 4, 12349, 22.21, 30
2026/08/16 00:09:03.589, 17, 2, 12365, 21.84, 30
2026/08/16 00:09:05.589, 10, 2, 12341, 21.64, 30
2026/08/16 00:09:07.590, 19, 3, 12385, 21.03, 30
2026/08/16 00:09:09.590, 19, 2, 12357, 21.76, 30
2026/08/16 00:09:11.591, 0, 0, 12345, 21.88, 30
2026/08/16 00:09:13.593, 7, 1, 12381, 21.74, 30
2026/08/16 00:09:15.593, 0, 0, 12429, 21.93, 30
2026/08/16 00:09:17.594, 46, 6, 12393, 22.19, 30
2026/08/16 00:09:19.594, 18, 2, 12361, 22.14, 30
2026/08/16 00:09:21.595, 10, 2, 12353, 22.04, 30
2026/08/16 00:09:23.596, 20, 3, 12429, 22.29, 30
2026/08/16 00:09:25.599, 16, 2, 12373, 22.18, 30
2026/08/16 00:09:27.599, 0, 0, 12357, 21.51, 30
2026/08/16 00:09:29.600, 0, 0, 12433, 22.31, 30
2026/08/16 00:09:31.600, 2, 1, 12397, 21.47, 30
2026/08/16 00:09:33.600, 7, 1, 12361, 21.94, 30
2026/08/16 00:09:35.601, 29, 6, 12365, 21.80, 30
2026/08/16 00:09:37.602, 1, 1, 12345, 21.42, 30
2026/08/16 00:09:39.603, 13, 2, 12377, 21.66, 30
2026/08/16 00:09:41.603, 10, 3, 12333, 20.74, 30
2026/08/16 00:09:43.603, 12, 2, 12365, 22.35, 30
2026/08/16 00:09:45.604, 0, 0, 12353, 22.41, 30
2026/08/16 00:09:47.604, 8, 0, 12393, 21.79, 31
2026/08/16 00:09:49.605, 19, 3, 12349, 21.97, 31
2026/08/16 00:09:51.605, 13, 1, 12381, 21.42, 31
2026/08/16 00:09:53.605, 9, 1, 12361, 22.05, 31
2026/08/16 00:09:55.607, 16, 1, 12429, 21.62, 31
2026/08/16 00:09:57.607, 8, 1, 12341, 21.10, 31
2026/08/16 00:09:59.608, 6, 0, 12365, 22.52, 31
2026/08/16 00:10:01.609, 18, 2, 12341, 21.62, 31
2026/08/16 00:10:03.610, 0, 0, 12385, 21.55, 31
2026/08/16 00:10:05.610, 11, 3, 12389, 21.36, 31
2026/08/16 00:10:07.611, 10, 2, 12413, 21.45, 31
2026/08/16 00:10:09.611, 20, 3, 12393, 21.84, 31
2026/08/16 00:10:11.611, 23, 6, 12325, 22.12, 31
2026/08/16 00:10:13.613, 12, 1, 12389, 21.55, 31
2026/08/16 00:10:15.613, 12, 2, 12353, 21.83, 31
2026/08/16 00:10:17.614, 0, 0, 12393, 21.26, 31
2026/08/16 00:10:19.616, 7, 1, 12377, 20.76, 31
2026/08/16 00:10:21.617, 15, 1, 12373, 22.55, 31
2026/08/16 00:10:23.617, 32, 5, 12369, 22.09, 31
2026/08/16 00:10:25.618, 45, 5, 12337, 22.30, 31
2026/08/16 00:10:27.618, 23, 4, 12361, 21.79, 31
2026/08/16 00:10:29.619, 10, 2, 12373, 22.21, 31
2026/08/16 00:10:31.619, 8, 0, 12373, 21.39, 31
2026/08/16 00:10:33.620, 0, 0, 12381, 22.12, 31
2026/08/16 00:10:35.620, 9, 0, 12365, 21.37, 31
2026/08/16 00:10:37.621, 1, 1, 12365, 21.67, 31
2026/08/16 00:10:39.622, 22, 3, 12385, 21.76, 31
2026/08/16 00:10:41.622, 14, 2, 12401, 21.97, 31
2026/08/16 00:10:43.623, 11, 1, 12357, 21.31, 31
2026/08/16 00:10:45.623, 12, 2, 12333, 21.88, 31
2026/08/16 00:10:47.624, 6, 1, 12409, 21.77, 31
2026/08/16 00:10:49.624, 13, 0, 12337, 21.67, 31
2026/08/16 00:10:51.625, 17, 3, 12401, 21.93, 31
2026/08/16 00:10:53.625, 9, 1, 12369, 21.93, 31
2026/08/16 00:10:55.626, 0, 0, 12409, 22.89, 31
2026/08/16 00:10:57.635, 13, 1, 12365, 21.68, 31
2026/08/16 00:10:59.636, 5, 0, 12409, 21.86, 31
2026/08/16 00:11:01.636, 1, 1, 12321, 21.58, 31
2026/08/16 00:11:03.636, 13, 1, 12409, 22.21, 31
2026/08/16 00:11:05.637, 6, 0, 12345, 21.40, 31
2026/08/16 00:11:07.637, 3, 0, 12369, 22.00, 31
2026/08/16 00:11:09.638, 3, 1, 12389, 21.89, 31
2026/08/16 00:11:11.641, 43, 8, 12361, 21.57, 31
2026/08/16 00:11:13.642, 4, 1, 12377, 21.64, 31
2026/08/16 00:11:15.643, 8, 1, 12385, 21.65, 31
2026/08/16 00:11:17.647, 24, 4, 12385, 22.47, 31
2026/08/16 00:11:19.649, 0, 0, 12361, 21.63, 31
2026/08/16 00:11:21.650, 0, 0, 12401, 23.11, 31
2026/08/16 00:11:23.650, 21, 3, 12333, 21.48, 31
2026/08/16 00:11:25.651, 0, 0, 12409, 22.37, 31
2026/08/16 00:11:27.651, 11, 0, 12381, 21.78, 31
2026/08/16 00:11:29.652, 33, 3, 12385, 22.53, 31
2026/08/16 00:11:31.653, 21, 2, 12421, 22.77, 31
2026/08/16 00:11:33.653, 2, 0, 12373, 21.88, 31
2026/08/16 00:11:35.654, 11, 2, 12393, 22.12, 31
2026/08/16 00:11:37.654, 28, 3, 12369, 22.32, 31
2026/08/16 00:11:39.655, 5, 0, 12405, 21.82, 31
2026/08/16 00:11:41.656, 2, 1, 12361, 22.00, 31
2026/08/16 00:11:43.656, 24, 3, 12361, 22.87, 31
2026/08/16 00:11:45.657, 21, 4, 12313, 22.69, 32
2026/08/16 00:11:47.657, 15, 3, 12385, 22.75, 32
2026/08/16 00:11:49.658, 11, 2, 12381, 21.94, 32
2026/08/16 00:11:51.659, 12, 1, 12373, 22.39, 32
2026/08/16 00:11:53.659, 29, 5, 12365, 22.87, 32
2026/08/16 00:11:55.660, 10, 1, 12337, 22.14, 32
2026/08/16 00:11:57.660, 29, 4, 12405, 21.59, 32
2026/08/16 00:11:59.661, 25, 4, 12361, 21.91, 32
2026/08/16 00:12:01.661, 13, 1, 12349, 23.06, 32
2026/08/16 00:12:03.662, 14, 1, 12345, 22.33, 32
2026/08/16 00:12:05.662, 13, 2, 12361, 22.98, 32
2026/08/16 00:12:07.662, 20, 1, 12381, 22.65, 32
2026/08/16 00:12:09.663, 1, 1, 12373, 22.54, 32
2026/08/16 00:12:11.664, 11, 3, 12381, 22.76, 32
2026/08/16 00:12:13.664, 18, 4, 12393, 23.06, 32
2026/08/16 00:12:15.665, 0, 0, 12381, 22.27, 32
2026/08/16 00:12:17.665, 0, 0, 12381, 23.15, 32
2026/08/16 00:12:19.665, 4, 1, 12329, 22.27, 32
2026/08/16 00:12:21.666, 7, 2, 12393, 22.63, 32
2026/08/16 00:12:23.667, 11, 1, 12361, 21.18, 32
2026/08/16 00:12:25.668, 22, 3, 12357, 22.65, 32
2026/08/16 00:12:27.668, 0, 0, 12393, 22.65, 32
2026/08/16 00:12:29.669, 8, 2, 12297, 22.63, 32
2026/08/16 00:12:31.669, 22, 4, 12381, 22.36, 32
2026/08/16 00:12:33.671, 37, 6, 12317, 22.87, 32
2026/08/16 00:12:35.672, 15, 1, 12361, 23.01, 32
2026/08/16 00:12:37.672, 4, 2, 12341, 22.21, 32
2026/08/16 00:12:39.672, 16, 2, 12369, 21.99, 32
2026/08/16 00:12:41.673, 0, 0, 12381, 22.24, 32
2026/08/16 00:12:43.673, 0, 0, 12353, 22.19, 32
2026/08/16 00:12:45.674, 24, 4, 12365, 22.28, 32
2026/08/16 00:12:47.674, 0, 0, 12381, 21.88, 32
2026/08/16 00:12:49.674, 42, 6, 12369, 22.60, 32
2026/08/16 00:12:51.675, 11, 2, 12393, 21.76, 32
2026/08/16 00:12:53.675, 3, 1, 12353, 21.99, 32
2026/08/16 00:12:55.676, 0, 0, 12381, 21.62, 32
2026/08/16 00:12:57.676, 4, 2, 12381, 21.54, 32
2026/08/16 00:12:59.677, 22, 3, 12329, 22.37, 32
2026/08/16 00:13:01.678, 12, 2, 12361, 23.24, 32
2026/08/16 00:13:03.679, 0, 0, 12385, 21.78, 32
2026/08/16 00:13:05.679, 6, 1, 12361, 22.64, 32
2026/08/16 00:13:07.680, 12, 1, 12385, 22.71, 32
2026/08/16 00:13:09.680, 19, 3, 12333, 22.27, 32
2026/08/16 00:13:11.681, 39, 8, 12313, 23.63, 32
2026/08/16 00:13:13.682, 7, 1, 12361, 22.10, 32
2026/08/16 00:13:15.683, 3, 0, 12385, 21.61, 32
2026/08/16 00:13:17.684, 13, 2, 12385, 22.02, 32
2026/08/16 00:13:19.685, 5, 0, 12369, 21.93, 32
2026/08/16 00:13:21.685, 0, 0, 12381, 22.32, 32
2026/08/16 00:13:23.686, 2, 1, 12353, 21.90, 32
2026/08/16 00:13:25.686, 12, 2, 12373, 22.56, 32
2026/08/16 00:13:27.686, 18, 3, 12369, 22.55, 32
2026/08/16 00:13:29.687, 3, 1, 12365, 22.97, 32
2026/08/16 00:13:31.688, 13, 1, 12357, 21.89, 32
2026/08/16 00:13:33.689, 3, 1, 12389, 21.32, 32
2026/08/16 00:13:35.689, 8, 1, 12373, 21.85, 32
2026/08/16 00:13:37.690, 18, 2, 12389, 21.68, 32
2026/08/16 00:13:39.690, 9, 0, 12409, 21.64, 32
2026/08/16 00:13:41.690, 0, 0, 12361, 22.11, 32
2026/08/16 00:13:43.691, 22, 3, 12353, 22.22, 32
2026/08/16 00:13:45.692, 20, 5, 12401, 22.70, 32
2026/08/16 00:13:47.692, 12, 2, 12329, 21.56, 32
2026/08/16 00:13:49.693, 2, 1, 12393, 23.16, 32
2026/08/16 00:13:51.693, 13, 2, 12333, 22.85, 32
2026/08/16 00:13:53.694, 11, 2, 12417, 22.65, 32
2026/08/16 00:13:55.694, 15, 1, 12337, 22.20, 32
2026/08/16 00:13:57.694, 0, 0, 12381, 23.26, 32
2026/08/16 00:13:59.695, 11, 1, 12357, 22.52, 32
2026/08/16 00:14:01.695, 11, 2, 12353, 22.63, 32
2026/08/16 00:14:03.696, 19, 3, 12329, 22.17, 32
2026/08/16 00:14:05.696, 5, 1, 12405, 22.17, 32
2026/08/16 00:14:07.697, 6, 1, 12381, 22.37, 32
2026/08/16 00:14:09.697, 18, 2, 12337, 23.00, 32
2026/08/16 00:14:11.698, 6, 1, 12401, 23.30, 32
2026/08/16 00:14:13.698, 3, 1, 12341, 22.02, 32
2026/08/16 00:14:15.699, 23, 2, 12373, 22.92, 32
2026/08/16 00:14:17.700, 13, 2, 12353, 22.15, 32
2026/08/16 00:14:19.702, 15, 1, 12349, 22.62, 32
2026/08/16 00:14:21.704, 19, 3, 12393, 23.58, 32
2026/08/16 00:14:23.705, 2, 1, 12321, 21.97, 32
2026/08/16 00:14:25.705, 9, 2, 12353, 23.89, 32
2026/08/16 00:14:27.706, 2, 1, 12353, 23.45, 32
2026/08/16 00:14:29.707, 0, 0, 12373, 22.65, 32
2026/08/16 00:14:31.707, 17, 4, 12381, 22.82, 32
2026/08/16 00:14:33.708, 0, 1, 12385, 22.62, 32
2026/08/16 00:14:35.709, 11, 1, 12317, 22.37, 32
2026/08/16 00:14:37.710, 8, 1, 12373, 23.95, 32
2026/08/16 00:14:39.710, 2, 1, 12345, 22.49, 32
2026/08/16 00:14:41.711, 9, 1, 12385, 22.89, 32
2026/08/16 00:14:43.711, 11, 2, 12373, 23.18, 32
2026/08/16 00:14:45.713, 17, 3, 12361, 22.48, 32
2026/08/16 00:14:47.720, 15, 2, 12361, 22.92, 32
2026/08/16 00:14:49.721, 11, 2, 12345, 22.83, 32
2026/08/16 00:14:51.721, 14, 1, 12393, 22.55, 32
2026/08/16 00:14:53.721, 0, 0, 12397, 21.77, 32
2026/08/16 00:14:55.722, 15, 1, 12329, 23.12, 32
2026/08/16 00:14:57.722, 25, 5, 12329, 24.24, 32
2026/08/16 00:14:59.723, 10, 3, 12377, 23.02, 32
2026/08/16 00:15:01.723, 38, 7, 12393, 22.86, 32
2026/08/16 00:15:03.724, 18, 1, 12361, 23.50, 32
2026/08/16 00:15:05.724, 13, 1, 12377, 23.16, 32
2026/08/16 00:15:07.727, 4, 1, 12361, 23.43, 32
2026/08/16 00:15:09.728, 17, 2, 12369, 23.65, 32
2026/08/16 00:15:11.728, 0, 0, 12373, 22.48, 32
2026/08/16 00:15:13.728, 6, 2, 12361, 22.45, 32
2026/08/16 00:15:15.730, 0, 0, 12393, 22.64, 32
2026/08/16 00:15:17.731, 10, 1, 12381, 22.63, 32
2026/08/16 00:15:19.731, 12, 1, 12393, 22.23, 32
2026/08/16 00:15:21.732, 0, 0, 12381, 22.50, 32
2026/08/16 00:15:23.733, 8, 1, 12405, 23.05, 32
2026/08/16 00:15:25.733, 20, 3, 12353, 22.72, 32
2026/08/16 00:15:27.733, 0, 0, 12393, 22.68, 32
2026/08/16 00:15:29.734, 6, 0, 12373, 21.88, 32
2026/08/16 00:15:31.734, 37, 9, 12377, 23.14, 32
2026/08/16 00:15:33.735, 19, 5, 12341, 22.54, 32
2026/08/16 00:15:35.736, 19, 3, 12361, 22.81, 32
2026/08/16 00:15:37.736, 17, 2, 12365, 22.95, 32
2026/08/16 00:15:39.737, 5, 1, 12341, 22.41, 32
2026/08/16 00:15:41.737, 0, 0, 12361, 23.10, 32
2026/08/16 00:15:43.737, 1, 1, 12341, 22.31, 31
2026/08/16 00:15:45.738, 14, 1, 12405, 22.50, 32
2026/08/16 00:15:47.738, 21, 5, 12373, 22.49, 31
2026/08/16 00:15:49.739, 12, 1, 12333, 23.69, 31
2026/08/16 00:15:51.740, 8, 1, 12357, 22.36, 31
2026/08/16 00:15:53.741, 9, 1, 12393, 22.66, 31
2026/08/16 00:15:55.741, 5, 1, 12349, 22.50, 31
2026/08/16 00:15:57.742, 14, 1, 12393, 22.83, 31
2026/08/16 00:15:59.742, 2, 0, 12381, 22.50, 31
2026/08/16 00:16:01.743, 9, 3, 12369, 23.47, 31
2026/08/16 00:16:03.744, 2, 0, 12393, 22.58, 31
2026/08/16 00:16:05.744, 16, 2, 12361, 23.22, 31
2026/08/16 00:16:07.745, 17, 1, 12345, 22.32, 31
2026/08/16 00:16:09.745, 33, 8, 12373, 22.85, 31
2026/08/16 00:16:11.746, 20, 5, 12361, 22.31, 31
2026/08/16 00:16:13.746, 15, 3, 12381, 22.46, 31
2026/08/16 00:16:15.747, 17, 0, 12377, 22.90, 31
2026/08/16 00:16:17.747, 0, 0, 12373, 21.42, 31
2026/08/16 00:16:19.747, 22, 2, 12361, 21.29, 31
2026/08/16 00:16:21.748, 4, 0, 12373, 21.88, 31
2026/08/16 00:16:23.748, 15, 3, 12373, 22.39, 31
2026/08/16 00:16:25.749, 5, 2, 12341, 21.55, 31
2026/08/16 00:16:27.749, 4, 1, 12329, 22.94, 31
2026/08/16 00:16:29.750, 26, 3, 12381, 23.09, 31
2026/08/16 00:16:31.751, 13, 2, 12381, 22.22, 31
2026/08/16 00:16:33.751, 4, 1, 12341, 22.34, 31
2026/08/16 00:16:35.752, 27, 4, 12345, 22.59, 31
2026/08/16 00:16:37.752, 0, 0, 12365, 21.54, 31
2026/08/16 00:16:39.753, 21, 3, 12361, 21.50, 31
2026/08/16 00:16:41.754, 18, 3, 12393, 21.89, 31
2026/08/16 00:16:43.754, 9, 1, 12361, 21.37, 31
2026/08/16 00:16:45.760, 15, 1, 12361, 22.68, 31
2026/08/16 00:16:47.761, 10, 1, 12345, 22.34, 31
2026/08/16 00:16:49.761, 8, 1, 12361, 22.77, 31
2026/08/16 00:16:51.761, 21, 3, 12349, 22.03, 31
2026/08/16 00:16:53.762, 7, 1, 12373, 22.72, 31
2026/08/16 00:16:55.762, 15, 2, 12337, 22.21, 31
2026/08/16 00:16:57.763, 12, 0, 12393, 22.00, 31
2026/08/16 00:16:59.763, 2, 1, 12361, 21.82, 31
2026/08/16 00:17:01.766, 2, 0, 12381, 22.42, 31
2026/08/16 00:17:03.766, 0, 0, 12393, 22.05, 31
2026/08/16 00:17:05.767, 14, 1, 12393, 22.33, 31
2026/08/16 00:17:07.768, 0, 0, 12329, 21.54, 31
2026/08/16 00:17:09.768, 6, 2, 12373, 22.46, 31
2026/08/16 00:17:11.769, 2, 1, 12373, 22.31, 31
2026/08/16 00:17:13.769, 23, 4, 12349, 22.75, 31
2026/08/16 00:17:15.770, 7, 2, 12345, 21.94, 31
2026/08/16 00:17:17.770, 9, 2, 12385, 22.99, 31
2026/08/16 00:17:19.770, 10, 1, 12365, 22.66, 31
2026/08/16 00:17:21.771, 2, 1, 12341, 21.84, 31
2026/08/16 00:17:23.772, 0, 0, 12405, 22.92, 31
2026/08/16 00:17:25.772, 20, 2, 12365, 21.97, 31
2026/08/16 00:17:27.773, 0, 0, 12361, 22.33, 31
2026/08/16 00:17:29.773, 5, 1, 12357, 22.61, 31
2026/08/16 00:17:31.774, 7, 1, 12385, 22.62, 31
2026/08/16 00:17:33.774, 4, 0, 12317, 22.02, 31
2026/08/16 00:17:35.775, 8, 0, 12405, 22.47, 31
2026/08/16 00:17:37.776, 17, 1, 12361, 22.22, 31
2026/08/16 00:17:39.776, 19, 2, 12381, 22.97, 31
2026/08/16 00:17:41.776, 14, 1, 12393, 22.09, 30
2026/08/16 00:17:43.777, 21, 2, 12373, 22.62, 31
2026/08/16 00:17:45.780, 5, 1, 12369, 21.98, 30
2026/08/16 00:17:47.781, 2, 1, 12373, 22.68, 30
2026/08/16 00:17:49.781, 9, 2, 12301, 22.70, 30
2026/08/16 00:17:51.782, 5, 0, 12369, 22.25, 30
2026/08/16 00:17:53.782, 7, 1, 12341, 22.47, 30
2026/08/16 00:17:55.783, 1, 1, 12377, 22.52, 30
2026/08/16 00:17:57.784, 15, 2, 12329, 22.77, 30
2026/08/16 00:17:59.784, 1, 0, 12373, 23.11, 30
2026/08/16 00:18:01.785, 7, 2, 12357, 21.79, 30
2026/08/16 00:18:03.786, 5, 1, 12381, 22.24, 30
2026/08/16 00:18:05.786, 17, 1, 12373, 22.06, 30
2026/08/16 00:18:07.787, 12, 3, 12329, 22.45, 30
2026/08/16 00:18:09.787, 32, 6, 12397, 22.24, 30
2026/08/16 00:18:11.787, 0, 0, 12341, 22.41, 30
2026/08/16 00:18:13.788, 15, 2, 12381, 22.39, 30
2026/08/16 00:18:15.789, 10, 1, 12349, 21.50, 30
2026/08/16 00:18:17.789, 0, 0, 12345, 22.25, 30
2026/08/16 00:18:19.790, 33, 6, 12373, 22.79, 30
2026/08/16 00:18:21.790, 24, 3, 12377, 21.62, 30
2026/08/16 00:18:23.791, 12, 1, 12345, 22.35, 30
2026/08/16 00:18:25.791, 24, 3, 12393, 22.75, 30
2026/08/16 00:18:27.792, 3, 1, 12381, 22.17, 30
2026/08/16 00:18:29.792, 0, 0, 12361, 22.28, 30
2026/08/16 00:18:31.793, 0, 0, 12357, 22.16, 30
2026/08/16 00:18:33.793, 4, 0, 12373, 22.82, 30
2026/08/16 00:18:35.793, 8, 1, 12373, 22.14, 30
2026/08/16 00:18:37.794, 14, 2, 12361, 22.73, 30
2026/08/16 00:18:39.794, 6, 1, 12341, 21.91, 30
2026/08/16 00:18:41.795, 0, 0, 12369, 22.49, 30
2026/08/16 00:18:43.796, 12, 1, 12393, 22.49, 30
2026/08/16 00:18:45.796, 16, 2, 12369, 22.53, 30
2026/08/16 00:18:47.797, 22, 3, 12361, 21.94, 30
2026/08/16 00:18:49.797, 10, 1, 12381, 22.35, 30
2026/08/16 00:18:51.797, 31, 6, 12373, 22.91, 30
2026/08/16 00:18:53.798, 7, 1, 12393, 22.16, 30
2026/08/16 00:18:55.798, 15, 1, 12393, 22.27, 30
2026/08/16 00:18:57.799, 15, 2, 12353, 21.76, 30
2026/08/16 00:18:59.799, 2, 1, 12341, 22.39, 30
2026/08/16 00:19:01.800, 33, 5, 12369, 22.61, 30
2026/08/16 00:19:03.800, 11, 1, 12365, 21.52, 30
2026/08/16 00:19:05.801, 24, 4, 12353, 22.38, 30
2026/08/16 00:19:07.802, 25, 5, 12385, 21.77, 30
2026/08/16 00:19:09.802, 2, 1, 12357, 22.00, 30
2026/08/16 00:19:11.803, 5, 1, 12361, 22.50, 30
2026/08/16 00:19:13.803, 4, 1, 12321, 22.41, 30
2026/08/16 00:19:15.804, 6, 1, 12385, 22.99, 30
2026/08/16 00:19:17.805, 10, 1, 12305, 22.37, 30
2026/08/16 00:19:19.805, 14, 3, 12393, 22.61, 30
2026/08/16 00:19:21.806, 21, 3, 12349, 22.43, 30
2026/08/16 00:19:23.806, 13, 1, 12393, 22.66, 30
2026/08/16 00:19:25.806, 13, 2, 12357, 21.89, 30
2026/08/16 00:19:27.808, 0, 0, 12361, 22.11, 30
2026/08/16 00:19:29.809, 20, 2, 12373, 22.69, 30
2026/08/16 00:19:31.809, 9, 0, 12349, 21.91, 30
2026/08/16 00:19:33.810, 15, 2, 12393, 21.83, 30
2026/08/16 00:19:35.810, 13, 1, 12349, 21.88, 30
2026/08/16 00:19:37.811, 17, 3, 12341, 22.97, 30
2026/08/16 00:19:39.812, 11, 2, 12365, 22.22, 30
2026/08/16 00:19:41.813, 3, 0, 12373, 21.69, 30
2026/08/16 00:19:43.814, 15, 1, 12381, 22.06, 30
2026/08/16 00:19:45.815, 0, 0, 12357, 21.65, 30
2026/08/16 00:19:47.815, 24, 3, 12373, 22.43, 30
2026/08/16 00:19:49.816, 3, 0, 12373, 22.43, 30
2026/08/16 00:19:51.817, 20, 2, 12353, 22.27, 30
2026/08/16 00:19:53.817, 13, 1, 12381, 22.16, 30
2026/08/16 00:19:55.818, 10, 1, 12373, 21.87, 30
2026/08/16 00:19:57.818, 13, 1, 12349, 21.38, 30
2026/08/16 00:19:59.819, 10, 1, 12333, 22.56, 30
2026/08/16 00:20:01.819, 0, 0, 12373, 21.94, 30
2026/08/16 00:20:03.820, 6, 1, 12349, 22.16, 30
2026/08/16 00:20:05.820, 12, 2, 12393, 22.61, 30
2026/08/16 00:20:07.821, 5, 1, 12321, 21.91, 30
2026/08/16 00:20:09.821, 26, 3, 12369, 22.25, 30
2026/08/16 00:20:11.821, 32, 4, 12365, 22.28, 30
2026/08/16 00:20:13.822, 32, 6, 12381, 22.84, 30
2026/08/16 00:20:15.825, 16, 3, 12337, 22.08, 30
2026/08/16 00:20:17.825, 17, 2, 12409, 22.14, 30
2026/08/16 00:20:19.826, 54, 11, 12357, 22.56, 30
2026/08/16 00:20:21.829, 6, 1, 12341, 23.27, 30
2026/08/16 00:20:23.830, 3, 1, 12373, 23.81, 30
2026/08/16 00:20:25.830, 0, 0, 12357, 21.85, 30
2026/08/16 00:20:27.831, 6, 0, 12365, 23.33, 30
2026/08/16 00:20:29.831, 16, 3, 12361, 22.34, 30
2026/08/16 00:20:31.832, 15, 2, 12393, 22.84, 30
2026/08/16 00:20:33.833, 7, 0, 12381, 22.75, 30
2026/08/16 00:20:35.833, 4, 1, 12361, 22.81, 30
2026/08/16 00:20:37.834, 25, 4, 12349, 22.80, 30
2026/08/16 00:20:39.835, 16, 4, 12333, 22.53, 30
2026/08/16 00:20:41.835, 9, 2, 12381, 22.69, 30
2026/08/16 00:20:43.835, 6, 0, 12353, 22.49, 29
2026/08/16 00:20:45.836, 14, 1, 12397, 22.02, 29
2026/08/16 00:20:47.837, 36, 4, 12341, 22.39, 29
2026/08/16 00:20:49.838, 0, 0, 12385, 21.77, 29
2026/08/16 00:20:51.838, 0, 0, 12381, 23.11, 29
2026/08/16 00:20:53.839, 3, 0, 12341, 22.13, 29
2026/08/16 00:20:55.839, 3, 1, 12361, 22.71, 29
2026/08/16 00:20:57.844, 16, 2, 12393, 22.55, 29
2026/08/16 00:20:59.846, 18, 3, 12361, 22.17, 29
2026/08/16 00:21:01.847, 0, 0, 12365, 22.79, 29
2026/08/16 00:21:03.847, 23, 3, 12357, 22.94, 29
2026/08/16 00:21:05.848, 17, 1, 12353, 22.04, 29
2026/08/16 00:21:07.848, 10, 1, 12369, 23.18, 29
2026/08/16 00:21:09.848, 40, 4, 12381, 22.89, 29
2026/08/16 00:21:11.849, 13, 0, 12341, 21.78, 29
2026/08/16 00:21:13.849, 14, 1, 12341, 22.62, 29
2026/08/16 00:21:15.850, 10, 1, 12385, 22.13, 29
2026/08/16 00:21:17.850, 12, 2, 12385, 22.53, 29
2026/08/16 00:21:19.851, 8, 2, 12349, 21.83, 29
2026/08/16 00:21:21.851, 24, 4, 12381, 22.62, 29
2026/08/16 00:21:23.852, 3, 0, 12353, 21.82, 29
2026/08/16 00:21:25.852, 14, 1, 12329, 22.22, 29
2026/08/16 00:21:27.853, 39, 7, 12393, 22.42, 29
2026/08/16 00:21:29.853, 4, 1, 12309, 21.57, 29
2026/08/16 00:21:31.854, 9, 0, 12349, 22.30, 29
2026/08/16 00:21:33.854, 0, 0, 12361, 22.07, 29
2026/08/16 00:21:35.854, 23, 2, 12357, 22.10, 29
2026/08/16 00:21:37.855, 17, 4, 12373, 22.47, 29
2026/08/16 00:21:39.855, 12, 1, 12381, 22.61, 29
2026/08/16 00:21:41.856, 7, 0, 12361, 23.27, 29
2026/08/16 00:21:43.857, 25, 4, 12361, 21.90, 29
2026/08/16 00:21:45.858, 5, 1, 12385, 21.98, 29
2026/08/16 00:21:47.858, 5, 1, 12381, 22.69, 29
2026/08/16 00:21:49.858, 3, 1, 12369, 22.51, 29
2026/08/16 00:21:51.859, 22, 3, 12373, 22.64, 29
2026/08/16 00:21:53.859, 12, 1, 12417, 22.64, 29
2026/08/16 00:21:55.860, 20, 2, 12357, 22.13, 29
2026/08/16 00:21:57.860, 0, 0, 12361, 21.86, 29
2026/08/16 00:21:59.861, 24, 4, 12357, 22.11, 29
2026/08/16 00:22:01.861, 9, 2, 12349, 22.83, 29
2026/08/16 00:22:03.862, 3, 2, 12341, 21.48, 29
2026/08/16 00:22:05.862, 2, 1, 12369, 23.31, 29
2026/08/16 00:22:07.863, 5, 1, 12341, 21.99, 29
2026/08/16 00:22:09.863, 13, 1, 12381, 22.22, 29
2026/08/16 00:22:11.864, 29, 4, 12341, 22.90, 29
2026/08/16 00:22:13.865, 13, 1, 12361, 21.82, 29
2026/08/16 00:22:15.866, 26, 3, 12361, 22.59, 29
2026/08/16 00:22:17.866, 17, 1, 12341, 22.04, 29
2026/08/16 00:22:19.867, 10, 1, 12357, 21.99, 29
2026/08/16 00:22:21.867, 21, 4, 12341, 22.19, 29
2026/08/16 00:22:23.868, 4, 1, 12369, 22.05, 29
2026/08/16 00:22:25.869, 19, 2, 12381, 22.26, 29
2026/08/16 00:22:27.869, 5, 1, 12357, 22.11, 29
2026/08/16 00:22:29.869, 4, 0, 12385, 22.17, 29
2026/08/16 00:22:31.870, 6, 1, 12345, 22.23, 29
2026/08/16 00:22:33.870, 38, 7, 12381, 22.46, 29
2026/08/16 00:22:35.873, 15, 0, 12393, 21.61, 29
2026/08/16 00:22:37.874, 27, 3, 12325, 22.73, 29
2026/08/16 00:22:39.875, 16, 1, 12373, 22.37, 29
2026/08/16 00:22:41.875, 0, 0, 12349, 21.43, 29
2026/08/16 00:22:43.876, 22, 2, 12341, 22.48, 29
2026/08/16 00:22:45.876, 10, 1, 12341, 22.62, 29
2026/08/16 00:22:47.876, 5, 1, 12369, 22.62, 29
2026/08/16 00:22:49.877, 17, 2, 12341, 22.00, 29
2026/08/16 00:22:51.877, 3, 1, 12373, 23.46, 29
2026/08/16 00:22:53.878, 3, 1, 12341, 22.13, 29
2026/08/16 00:22:55.878, 0, 0, 12365, 21.52, 29
2026/08/16 00:22:57.879, 6, 1, 12385, 22.83, 29
2026/08/16 00:22:59.879, 24, 2, 12389, 22.67, 29
2026/08/16 00:23:01.880, 8, 1, 12357, 21.87, 29
2026/08/16 00:23:03.880, 8, 1, 12373, 22.16, 29
2026/08/16 00:23:05.880, 13, 1, 12317, 22.70, 29
2026/08/16 00:23:07.881, 19, 1, 12381, 23.19, 29
2026/08/16 00:23:09.882, 16, 2, 12369, 21.70, 29
2026/08/16 00:23:11.882, 10, 1, 12405, 22.18, 29
2026/08/16 00:23:13.883, 13, 1, 12357, 22.12, 29
2026/08/16 00:23:15.884, 0, 0, 12373, 22.24, 29
2026/08/16 00:23:17.884, 39, 7, 12381, 22.62, 29
2026/08/16 00:23:19.885, 15, 1, 12361, 22.43, 29
2026/08/16 00:23:21.885, 18, 3, 12381, 23.25, 29
2026/08/16 00:23:23.886, 0, 0, 12321, 21.85, 29
2026/08/16 00:23:25.886, 19, 2, 12369, 22.93, 29
2026/08/16 00:23:27.887, 15, 1, 12357, 22.45, 29
2026/08/16 00:23:29.887, 0, 0, 12369, 22.26, 29
2026/08/16 00:23:31.888, 5, 0, 12341, 22.18, 29
2026/08/16 00:23:33.888, 0, 0, 12393, 22.29, 29
2026/08/16 00:23:35.889, 31, 4, 12349, 22.30, 29
2026/08/16 00:23:37.890, 12, 3, 12341, 22.27, 29
2026/08/16 00:23:39.890, 7, 2, 12313, 22.50, 29
2026/08/16 00:23:41.891, 1, 0, 12381, 22.66, 29
2026/08/16 00:23:43.891, 27, 4, 12393, 21.53, 29
2026/08/16 00:23:45.891, 17, 1, 12361, 21.66, 29
2026/08/16 00:23:47.892, 3, 1, 12373, 21.83, 29
2026/08/16 00:23:49.893, 15, 0, 12345, 21.65, 29
2026/08/16 00:23:51.894, 5, 1, 12405, 22.36, 29
2026/08/16 00:23:53.894, 7, 1, 12361, 22.33, 29
2026/08/16 00:23:55.896, 11, 2, 12353, 22.05, 29
2026/08/16 00:23:57.896, 5, 0, 12333, 22.63, 29
2026/08/16 00:23:59.897, 0, 0, 12381, 21.33, 29
2026/08/16 00:24:01.897, 15, 2, 12349, 21.72, 29
2026/08/16 00:24:03.898, 11, 1, 12385, 22.64, 29
2026/08/16 00:24:05.898, 15, 1, 12349, 22.41, 29
2026/08/16 00:24:07.899, 23, 4, 12361, 23.43, 29
2026/08/16 00:24:09.899, 23, 2, 12393, 22.04, 29
2026/08/16 00:24:11.900, 22, 2, 12381, 22.51, 29
2026/08/16 00:24:13.901, 25, 3, 12345, 22.49, 29
2026/08/16 00:24:15.901, 19, 3, 12385, 22.49, 29
2026/08/16 00:24:17.901, 17, 3, 12357, 22.30, 29
2026/08/16 00:24:19.902, 6, 1, 12373, 22.83, 29
2026/08/16 00:24:21.902, 2, 1, 12361, 22.73, 29
2026/08/16 00:24:23.903, 12, 1, 12393, 23.32, 29
2026/08/16 00:24:25.903, 9, 1, 12353, 22.71, 29
2026/08/16 00:24:27.903, 29, 4, 12361, 23.07, 29
2026/08/16 00:24:29.904, 15, 2, 12353, 23.75, 29
2026/08/16 00:24:31.904, 3, 1, 12385, 22.09, 29
2026/08/16 00:24:33.905, 20, 3, 12349, 22.65, 29
2026/08/16 00:24:35.905, 5, 1, 12393, 22.84, 29
2026/08/16 00:24:37.906, 0, 0, 12361, 22.28, 29
2026/08/16 00:24:39.907, 1, 1, 12381, 22.92, 29
2026/08/16 00:24:41.912, 44, 6, 12369, 23.53, 29
2026/08/16 00:24:43.913, 9, 1, 12349, 22.17, 29
2026/08/16 00:24:45.913, 9, 1, 12373, 22.23, 29
2026/08/16 00:24:47.914, 9, 2, 12393, 21.89, 29
2026/08/16 00:24:49.914, 10, 1, 12385, 22.20, 29
2026/08/16 00:24:51.914, 11, 2, 12353, 22.14, 29
2026/08/16 00:24:53.915, 10, 1, 12361, 21.39, 29
2026/08/16 00:24:55.915, 14, 2, 12377, 22.17, 29
2026/08/16 00:24:57.916, 5, 2, 12361, 21.19, 29
2026/08/16 00:24:59.916, 4, 1, 12393, 22.23, 29
2026/08/16 00:25:01.917, 16, 2, 12349, 22.33, 29
2026/08/16 00:25:03.917, 20, 3, 12393, 22.36, 29
2026/08/16 00:25:05.917, 0, 0, 12349, 21.48, 29
2026/08/16 00:25:07.918, 4, 1, 12381, 22.56, 29
2026/08/16 00:25:09.918, 0, 0, 12341, 21.41, 29
2026/08/16 00:25:11.919, 25, 3, 12369, 21.23, 29
2026/08/16 00:25:13.919, 14, 1, 12349, 21.30, 29
2026/08/16 00:25:15.920, 20, 3, 12341, 20.39, 29
2026/08/16 00:25:17.920, 23, 3, 12393, 20.74, 29
2026/08/16 00:25:19.921, 15, 2, 12357, 20.99, 29
2026/08/16 00:25:21.921, 25, 3, 12357, 20.96, 29
2026/08/16 00:25:23.924, 13, 1, 12381, 22.12, 29
2026/08/16 00:25:25.925, 4, 0, 12329, 22.15, 29
2026/08/16 00:25:27.925, 4, 1, 12393, 21.46, 29
2026/08/16 00:25:29.926, 7, 1, 12345, 21.50, 29
2026/08/16 00:25:31.926, 14, 1, 12381, 21.54, 29
2026/08/16 00:25:33.926, 4, 0, 12337, 22.48, 29
2026/08/16 00:25:35.927, 9, 1, 12405, 21.99, 29
2026/08/16 00:25:37.928, 6, 2, 12369, 21.83, 29
2026/08/16 00:25:39.928, 3, 1, 12373, 20.82, 29
2026/08/16 00:25:41.929, 4, 0, 12369, 20.83, 29
2026/08/16 00:25:43.930, 1, 1, 12373, 22.72, 29
2026/08/16 00:25:45.931, 7, 1, 12349, 21.31, 29
2026/08/16 00:25:47.931, 9, 1, 12381, 21.60, 29
2026/08/16 00:25:49.932, 0, 0, 12381, 21.36, 29
2026/08/16 00:25:51.933, 1, 1, 12325, 21.29, 29
2026/08/16 00:25:53.934, 24, 4, 12381, 23.71, 29
2026/08/16 00:25:55.935, 6, 1, 12341, 21.62, 29
2026/08/16 00:25:57.935, 12, 1, 12381, 21.70, 29
2026/08/16 00:25:59.936, 0, 0, 12361, 21.46, 29
2026/08/16 00:26:01.938, 35, 4, 12381, 21.46, 29
2026/08/16 00:26:03.939, 12, 0, 12349, 22.36, 29
2026/08/16 00:26:05.939, 0, 0, 12349, 21.70, 29
2026/08/16 00:26:07.940, 5, 1, 12357, 21.18, 29
2026/08/16 00:26:09.941, 38, 7, 12405, 22.14, 29
2026/08/16 00:26:11.943, 27, 4, 12361, 20.79, 29
2026/08/16 00:26:13.945, 12, 1, 12337, 21.12, 29
2026/08/16 00:26:15.946, 11, 0, 12413, 21.21, 29
2026/08/16 00:26:17.946, 6, 2, 12409, 20.97, 29
2026/08/16 00:26:19.947, 11, 1, 12369, 21.98, 29
2026/08/16 00:26:21.947, 11, 1, 12401, 22.10, 29
2026/08/16 00:26:23.948, 25, 5, 12377, 21.55, 29
2026/08/16 00:26:25.948, 0, 0, 12393, 21.12, 29
2026/08/16 00:26:27.949, 14, 2, 12389, 21.46, 29
2026/08/16 00:26:29.950, 3, 1, 12393, 21.92, 29
2026/08/16 00:26:31.952, 1, 1, 12317, 21.17, 29
2026/08/16 00:26:33.952, 10, 1, 12433, 22.29, 29
2026/08/16 00:26:35.953, 3, 1, 12381, 20.87, 29
2026/08/16 00:26:37.953, 15, 2, 12409, 22.24, 29
2026/08/16 00:26:39.953, 8, 1, 12373, 21.17, 29
2026/08/16 00:26:41.954, 18, 2, 12397, 21.50, 29
2026/08/16 00:26:43.954, 9, 1, 12393, 21.65, 29
2026/08/16 00:26:45.955, 0, 0, 12397, 22.42, 29
2026/08/16 00:26:47.955, 0, 0, 12413, 21.58, 29
2026/08/16 00:26:49.956, 12, 2, 12401, 22.11, 29
2026/08/16 00:26:51.957, 0, 0, 12369, 22.25, 29
2026/08/16 00:26:53.957, 13, 2, 12409, 21.32, 29
2026/08/16 00:26:55.958, 2, 0, 12425, 22.34, 29
2026/08/16 00:26:57.958, 19, 3, 12349, 21.72, 29
2026/08/16 00:26:59.959, 29, 3, 12401, 21.11, 29
2026/08/16 00:27:01.959, 15, 1, 12385, 22.02, 29
2026/08/16 00:27:03.960, 0, 0, 12345, 21.46, 29
2026/08/16 00:27:05.960, 11, 1, 12385, 22.10, 29
2026/08/16 00:27:07.962, 22, 4, 12401, 21.26, 29
2026/08/16 00:27:09.962, 15, 1, 12421, 21.58, 29
2026/08/16 00:27:11.963, 3, 1, 12381, 21.00, 29
2026/08/16 00:27:13.963, 4, 1, 12421, 21.63, 29
2026/08/16 00:27:15.964, 34, 4, 12357, 21.23, 29
2026/08/16 00:27:17.964, 12, 2, 12409, 21.16, 29
2026/08/16 00:27:19.965, 13, 2, 12381, 22.28, 29
2026/08/16 00:27:21.965, 5, 0, 12385, 21.82, 29
2026/08/16 00:27:23.966, 20, 4, 12373, 21.33, 29
2026/08/16 00:27:25.966, 9, 0, 12413, 22.08, 29
2026/08/16 00:27:27.967, 0, 0, 12421, 21.75, 29
2026/08/16 00:27:29.967, 20, 2, 12353, 21.91, 29
2026/08/16 00:27:31.967, 37, 4, 12421, 22.03, 29
2026/08/16 00:27:33.968, 0, 0, 12393, 21.50, 29
2026/08/16 00:27:35.968, 0, 0, 12349, 21.81, 29
2026/08/16 00:27:37.969, 0, 0, 12373, 22.19, 29
2026/08/16 00:27:39.969, 17, 3, 12369, 22.12, 29
2026/08/16 00:27:41.970, 0, 0, 12365, 22.13, 29
2026/08/16 00:27:43.970, 0, 0, 12361, 21.51, 29
2026/08/16 00:27:45.975, 5, 2, 12361, 21.38, 29
2026/08/16 00:27:47.976, 21, 3, 12353, 21.55, 29
2026/08/16 00:27:49.976, 24, 3, 12369, 21.16, 29
2026/08/16 00:27:51.976, 26, 4, 12313, 21.95, 29
2026/08/16 00:27:53.977, 8, 2, 12381, 21.11, 29
2026/08/16 00:27:55.978, 2, 1, 12361, 21.88, 29
2026/08/16 00:27:57.979, 23, 2, 12373, 21.95, 29
2026/08/16 00:27:59.979, 16, 3, 12413, 21.86, 29
2026/08/16 00:28:01.980, 26, 3, 12313, 21.89, 29
2026/08/16 00:28:03.980, 24, 4, 12393, 21.86, 29
2026/08/16 00:28:05.981, 17, 2, 12349, 21.58, 29
2026/08/16 00:28:07.982, 19, 2, 12381, 22.50, 29
2026/08/16 00:28:09.982, 2, 1, 12321, 22.06, 29
2026/08/16 00:28:11.982, 5, 1, 12409, 21.76, 29
2026/08/16 00:28:13.983, 0, 0, 12373, 20.87, 29
2026/08/16 00:28:15.984, 7, 1, 12353, 22.24, 29
2026/08/16 00:28:17.984, 19, 4, 12369, 21.91, 29
2026/08/16 00:28:19.985, 0, 0, 12373, 22.19, 29
2026/08/16 00:28:21.985, 15, 2, 12361, 22.16, 29
2026/08/16 00:28:23.985, 8, 0, 12381, 21.74, 29
2026/08/16 00:28:25.986, 14, 1, 12357, 21.95, 29
2026/08/16 00:28:27.986, 18, 2, 12393, 22.42, 29
2026/08/16 00:28:29.987, 15, 1, 12381, 21.85, 29
2026/08/16 00:28:31.987, 24, 3, 12349, 21.75, 29
2026/08/16 00:28:33.988, 12, 2, 12313, 22.22, 29
2026/08/16 00:28:35.988, 6, 1, 12341, 21.95, 29
2026/08/16 00:28:37.989, 4, 1, 12365, 21.64, 29
2026/08/16 00:28:39.989, 15, 3, 12385, 21.43, 29
2026/08/16 00:28:41.989, 19, 3, 12349, 21.51, 29
2026/08/16 00:28:43.990, 20, 3, 12393, 21.97, 29
2026/08/16 00:28:45.991, 29, 4, 12329, 21.44, 29
2026/08/16 00:28:47.991, 17, 2, 12381, 21.49, 29
2026/08/16 00:28:49.993, 25, 3, 12381, 21.71, 29
2026/08/16 00:28:51.993, 9, 1, 12381, 22.29, 29
2026/08/16 00:28:53.994, 18, 1, 12353, 21.62, 29
2026/08/16 00:28:55.994, 18, 3, 12353, 23.14, 29
2026/08/16 00:28:57.995, 0, 0, 12381, 21.50, 29
2026/08/16 00:28:59.995, 3, 0, 12373, 21.74, 29
2026/08/16 00:29:01.996, 3, 2, 12341, 21.99, 29
2026/08/16 00:29:03.997, 26, 4, 12369, 22.15, 30
2026/08/16 00:29:05.998, 10, 2, 12341, 21.70, 30
2026/08/16 00:29:07.999, 14, 2, 12369, 21.52, 30
2026/08/16 00:29:09.999, 4, 1, 12369, 20.93, 30
2026/08/16 00:29:12.000, 11, 2, 12377, 21.57, 30
2026/08/16 00:29:14.001, 10, 1, 12361, 21.40, 30
2026/08/16 00:29:16.001, 9, 1, 12361, 21.98, 30
2026/08/16 00:29:18.002, 3, 1, 12373, 21.19, 30
2026/08/16 00:29:20.003, 24, 4, 12393, 21.42, 30
2026/08/16 00:29:22.003, 4, 1, 12305, 20.73, 30
2026/08/16 00:29:24.009, 22, 4, 12361, 22.08, 30
2026/08/16 00:29:26.010, 11, 1, 12321, 21.43, 30
2026/08/16 00:29:28.010, 5, 1, 12361, 21.77, 30
2026/08/16 00:29:30.011, 3, 1, 12341, 21.59, 30
2026/08/16 00:29:32.011, 23, 3, 12361, 21.81, 30
2026/08/16 00:29:34.012, 21, 3, 12353, 21.78, 30
2026/08/16 00:29:36.013, 13, 1, 12385, 21.21, 30
2026/08/16 00:29:38.013, 14, 2, 12341, 21.66, 30
2026/08/16 00:29:40.014, 12, 1, 12373, 21.77, 30
2026/08/16 00:29:42.014, 24, 3, 12361, 21.65, 30
2026/08/16 00:29:44.015, 29, 4, 12381, 22.25, 30
2026/08/16 00:29:46.015, 4, 1, 12333, 21.59, 30
2026/08/16 00:29:48.016, 11, 2, 12353, 21.30, 30
2026/08/16 00:29:50.017, 10, 0, 12373, 20.72, 30
2026/08/16 00:29:52.017, 20, 3, 12393, 21.34, 30
2026/08/16 00:29:54.018, 0, 0, 12373, 21.20, 30
2026/08/16 00:29:56.019, 13, 1, 12345, 21.14, 30
2026/08/16 00:29:58.019, 9, 2, 12393, 21.38, 30
2026/08/16 00:30:00.020, 6, 1, 12373, 20.56, 30
2026/08/16 00:30:02.021, 3, 0, 12361, 20.64, 30
2026/08/16 00:30:04.021, 0, 0, 12381, 20.79, 30
2026/08/16 00:30:06.022, 15, 3, 12357, 20.85, 30
2026/08/16 00:30:08.022, 11, 3, 12341, 20.87, 30
2026/08/16 00:30:10.023, 0, 0, 12373, 20.32, 30
2026/08/16 00:30:12.024, 3, 1, 12393, 21.62, 30
2026/08/16 00:30:14.024, 0, 0, 12357, 21.69, 30
2026/08/16 00:30:16.025, 14, 2, 12361, 22.06, 30
2026/08/16 00:30:18.025, 18, 2, 12337, 21.59, 30
2026/08/16 00:30:20.026, 6, 1, 12393, 21.47, 30
2026/08/16 00:30:22.026, 0, 0, 12361, 21.51, 30
2026/08/16 00:30:24.027, 5, 1, 12353, 21.14, 30
2026/08/16 00:30:26.028, 18, 2, 12361, 22.58, 30
2026/08/16 00:30:28.028, 6, 1, 12385, 22.05, 30
2026/08/16 00:30:30.029, 9, 1, 12369, 21.97, 30
2026/08/16 00:30:32.029, 11, 1, 12405, 21.63, 30
2026/08/16 00:30:34.031, 15, 1, 12345, 21.43, 30
2026/08/16 00:30:36.032, 0, 0, 12373, 22.82, 30
2026/08/16 00:30:38.032, 32, 3, 12405, 22.32, 30
2026/08/16 00:30:40.034, 0, 0, 12345, 21.46, 30
2026/08/16 00:30:42.034, 0, 0, 12373, 21.79, 30
2026/08/16 00:30:44.035, 12, 2, 12365, 22.05, 30
2026/08/16 00:30:46.036, 25, 3, 12373, 21.76, 30
2026/08/16 00:30:48.036, 22, 2, 12393, 22.44, 30
2026/08/16 00:30:50.037, 9, 2, 12373, 21.89, 30
2026/08/16 00:30:52.037, 2, 1, 12349, 21.39, 30
2026/08/16 00:30:54.038, 0, 0, 12381, 22.58, 30
2026/08/16 00:30:56.038, 2, 1, 12337, 22.16, 30
2026/08/16 00:30:58.039, 0, 0, 12397, 22.14, 30
2026/08/16 00:31:00.040, 11, 1, 12381, 22.00, 30
2026/08/16 00:31:02.040, 24, 2, 12321, 22.41, 31
2026/08/16 00:31:04.041, 26, 4, 12397, 22.15, 30
2026/08/16 00:31:06.041, 21, 2, 12341, 21.90, 31
2026/08/16 00:31:08.041, 17, 2, 12393, 22.04, 31
2026/08/16 00:31:10.042, 9, 2, 12381, 22.64, 31
2026/08/16 00:31:12.042, 2, 1, 12341, 21.88, 31
2026/08/16 00:31:14.043, 0, 0, 12341, 22.65, 31
2026/08/16 00:31:16.043, 1, 1, 12349, 21.94, 31
2026/08/16 00:31:18.044, 14, 1, 12361, 22.20, 31
2026/08/16 00:31:20.044, 17, 2, 12361, 21.44, 31
2026/08/16 00:31:22.045, 6, 0, 12361, 22.06, 31
2026/08/16 00:31:24.045, 10, 2, 12361, 21.49, 31
2026/08/16 00:31:26.045, 8, 1, 12373, 22.05, 31
2026/08/16 00:31:28.046, 3, 1, 12393, 21.86, 31
2026/08/16 00:31:30.047, 5, 1, 12417, 21.35, 31
2026/08/16 00:31:32.050, 21, 2, 12393, 21.64, 31
2026/08/16 00:31:34.051, 1, 1, 12361, 21.46, 31
2026/08/16 00:31:36.051, 4, 1, 12381, 21.78, 31
2026/08/16 00:31:38.052, 3, 0, 12381, 21.70, 31
2026/08/16 00:31:40.053, 10, 1, 12333, 21.25, 31
2026/08/16 00:31:42.053, 4, 1, 12365, 21.95, 31
2026/08/16 00:31:44.054, 9, 2, 12385, 22.40, 31
2026/08/16 00:31:46.055, 42, 6, 12365, 22.26, 31
2026/08/16 00:31:48.055, 4, 2, 12361, 21.57, 31
2026/08/16 00:31:50.056, 0, 0, 12393, 21.85, 31
2026/08/16 00:31:52.057, 34, 4, 12369, 22.07, 31
2026/08/16 00:31:54.057, 14, 2, 12353, 22.12, 31
2026/08/16 00:31:56.058, 0, 0, 12361, 21.48, 31
2026/08/16 00:31:58.059, 8, 1, 12381, 21.68, 31
2026/08/16 00:32:00.059, 11, 2, 12385, 22.61, 31
2026/08/16 00:32:02.060, 6, 2, 12361, 21.68, 31
2026/08/16 00:32:04.060, 16, 1, 12365, 22.45, 31
2026/08/16 00:32:06.061, 3, 2, 12361, 21.95, 31
2026/08/16 00:32:08.061, 15, 1, 12417, 22.70, 31
2026/08/16 00:32:10.062, 4, 1, 12313, 21.47, 31
2026/08/16 00:32:12.062, 18, 3, 12397, 23.46, 31
2026/08/16 00:32:14.070, 0, 0, 12349, 21.62, 31
2026/08/16 00:32:16.071, 3, 1, 12389, 21.87, 31
2026/08/16 00:32:18.071, 17, 3, 12405, 22.41, 31
2026/08/16 00:32:20.072, 28, 5, 12353, 22.02, 31
2026/08/16 00:32:22.072, 12, 1, 12397, 21.64, 31
2026/08/16 00:32:24.073, 9, 1, 12381, 21.12, 31
2026/08/16 00:32:26.073, 8, 1, 12385, 22.14, 31
2026/08/16 00:32:28.074, 24, 3, 12369, 21.76, 31
2026/08/16 00:32:30.074, 23, 2, 12393, 21.61, 31
2026/08/16 00:32:32.075, 23, 2, 12361, 21.19, 31
2026/08/16 00:32:34.075, 19, 3, 12361, 22.52, 31
2026/08/16 00:32:36.076, 12, 3, 12341, 21.85, 31
2026/08/16 00:32:38.076, 3, 0, 12381, 21.29, 31
2026/08/16 00:32:40.077, 15, 1, 12385, 21.69, 31
2026/08/16 00:32:42.077, 9, 1, 12349, 21.52, 31
2026/08/16 00:32:44.077, 9, 1, 12381, 22.17, 31
2026/08/16 00:32:46.078, 15, 2, 12373, 21.09, 31
2026/08/16 00:32:48.078, 13, 2, 12357, 21.32, 31
2026/08/16 00:32:50.079, 29, 3, 12381, 22.49, 31
2026/08/16 00:32:52.079, 9, 2, 12381, 21.43, 31
2026/08/16 00:32:54.080, 10, 1, 12377, 21.65, 31
2026/08/16 00:32:56.080, 7, 1, 12337, 21.37, 31
2026/08/16 00:32:58.081, 15, 2, 12393, 21.55, 31
2026/08/16 00:33:00.081, 3, 1, 12341, 20.70, 31
2026/08/16 00:33:02.082, 3, 1, 12385, 21.19, 31
2026/08/16 00:33:04.082, 2, 1, 12329, 20.44, 31
2026/08/16 00:33:06.087, 11, 2, 12393, 21.90, 31
2026/08/16 00:33:08.088, 6, 1, 12365, 21.17, 31
2026/08/16 00:33:10.088, 2, 0, 12385, 21.88, 31
2026/08/16 00:33:12.089, 17, 3, 12373, 21.44, 31
2026/08/16 00:33:14.089, 1, 1, 12333, 20.34, 31
2026/08/16 00:33:16.089, 4, 1, 12385, 21.08, 31
2026/08/16 00:33:18.090, 6, 1, 12341, 21.11, 31
2026/08/16 00:33:20.091, 0, 0, 12353, 21.71, 31
2026/08/16 00:33:22.091, 8, 1, 12333, 21.40, 31
2026/08/16 00:33:24.092, 6, 0, 12361, 21.69, 31
2026/08/16 00:33:26.094, 8, 0, 12353, 21.47, 31
2026/08/16 00:33:28.095, 10, 1, 12397, 21.52, 31
2026/08/16 00:33:30.096, 27, 4, 12349, 21.52, 32
2026/08/16 00:33:32.096, 16, 2, 12349, 22.56, 31
2026/08/16 00:33:34.096, 16, 1, 12365, 22.11, 32
2026/08/16 00:33:36.097, 34, 5, 12385, 22.32, 32
2026/08/16 00:33:38.098, 11, 1, 12353, 22.50, 32
2026/08/16 00:33:40.098, 30, 3, 12361, 21.92, 32
2026/08/16 00:33:42.099, 21, 2, 12361, 21.39, 32
2026/08/16 00:33:44.099, 16, 2, 12385, 21.33, 32
2026/08/16 00:33:46.100, 4, 1, 12341, 21.12, 32
2026/08/16 00:33:48.100, 22, 3, 12405, 21.80, 32
2026/08/16 00:33:50.101, 10, 2, 12349, 21.08, 32
2026/08/16 00:33:52.101, 3, 1, 12373, 22.26, 32
2026/08/16 00:33:54.101, 12, 2, 12353, 21.22, 32
2026/08/16 00:33:56.102, 15, 2, 12341, 22.19, 32
2026/08/16 00:33:58.103, 9, 0, 12373, 20.92, 32
2026/08/16 00:34:00.103, 30, 5, 12385, 20.83, 32
2026/08/16 00:34:02.104, 22, 3, 12393, 21.31, 32
2026/08/16 00:34:04.104, 16, 3, 12357, 20.81, 32
2026/08/16 00:34:06.105, 15, 2, 12409, 22.52, 32
2026/08/16 00:34:08.105, 44, 6, 12357, 21.17, 32
2026/08/16 00:34:10.106, 37, 5, 12401, 21.27, 32
2026/08/16 00:34:12.107, 3, 0, 12385, 21.53, 32
2026/08/16 00:34:14.107, 28, 3, 12405, 21.63, 32
2026/08/16 00:34:16.107, 10, 2, 12373, 21.78, 32
2026/08/16 00:34:18.108, 3, 0, 12429, 21.90, 32
2026/08/16 00:34:20.108, 15, 2, 12397, 22.01, 32
2026/08/16 00:34:22.109, 7, 1, 12373, 21.36, 32
2026/08/16 00:34:24.109, 10, 2, 12417, 21.62, 32
2026/08/16 00:34:26.110, 11, 1, 12389, 21.89, 32
2026/08/16 00:34:28.111, 15, 1, 12341, 22.23, 32
2026/08/16 00:34:30.111, 14, 3, 12365, 21.16, 32
2026/08/16 00:34:32.112, 6, 0, 12393, 22.16, 32
2026/08/16 00:34:34.113, 17, 2, 12349, 21.52, 32
2026/08/16 00:34:36.114, 15, 3, 12373, 22.57, 32
2026/08/16 00:34:38.115, 24, 4, 12361, 20.74, 32
2026/08/16 00:34:40.116, 11, 0, 12381, 21.48, 32
2026/08/16 00:34:42.116, 6, 2, 12369, 21.11, 32
2026/08/16 00:34:44.117, 9, 1, 12361, 21.01, 32
2026/08/16 00:34:46.118, 38, 6, 12393, 21.26, 32
2026/08/16 00:34:48.118, 0, 0, 12321, 21.21, 32
2026/08/16 00:34:50.119, 6, 0, 12373, 22.31, 32
2026/08/16 00:34:52.119, 14, 2, 12341, 21.40, 32
2026/08/16 00:34:54.120, 17, 4, 12405, 22.08, 32
2026/08/16 00:34:56.120, 19, 3, 12317, 21.03, 32
2026/08/16 00:34:58.121, 1, 1, 12393, 22.34, 32
2026/08/16 00:35:00.121, 15, 2, 12329, 21.43, 32
2026/08/16 00:35:02.122, 7, 1, 12381, 21.59, 32
2026/08/16 00:35:04.123, 28, 4, 12405, 23.52, 32
2026/08/16 00:35:06.123, 13, 1, 12369, 21.10, 32
2026/08/16 00:35:08.124, 4, 0, 12381, 22.19, 32
2026/08/16 00:35:10.124, 3, 1, 12341, 22.05, 32
2026/08/16 00:35:12.125, 17, 3, 12385, 23.13, 32
2026/08/16 00:35:14.125, 2, 1, 12397, 21.58, 32
2026/08/16 00:35:16.126, 0, 0, 12385, 21.99, 32
2026/08/16 00:35:18.126, 0, 0, 12373, 21.00, 32
2026/08/16 00:35:20.127, 15, 1, 12401, 21.24, 32
2026/08/16 00:35:22.127, 8, 1, 12365, 22.09, 32
2026/08/16 00:35:24.128, 8, 1, 12361, 20.95, 32
2026/08/16 00:35:26.128, 2, 0, 12373, 21.82, 32
2026/08/16 00:35:28.129, 0, 0, 12381, 21.79, 32
2026/08/16 00:35:30.129, 9, 1, 12385, 21.27, 32
2026/08/16 00:35:32.129, 28, 5, 12361, 21.84, 32
2026/08/16 00:35:34.130, 9, 1, 12365, 22.00, 32
2026/08/16 00:35:36.130, 2, 0, 12341, 21.28, 32
2026/08/16 00:35:38.131, 28, 3, 12369, 22.19, 32
2026/08/16 00:35:40.132, 18, 3, 12353, 22.40, 32
2026/08/16 00:35:42.132, 25, 4, 12341, 22.16, 32
2026/08/16 00:35:44.133, 7, 1, 12349, 21.93, 32
2026/08/16 00:35:46.133, 4, 0, 12385, 22.65, 32
2026/08/16 00:35:48.133, 0, 0, 12381, 22.00, 32
2026/08/16 00:35:50.134, 13, 1, 12345, 22.64, 32
2026/08/16 00:35:52.134, 5, 2, 12393, 23.11, 32
2026/08/16 00:35:54.135, 2, 0, 12345, 21.86, 32
2026/08/16 00:35:56.135, 11, 2, 12381, 21.49, 32
2026/08/16 00:35:58.136, 28, 3, 12401, 22.32, 32
2026/08/16 00:36:00.137, 35, 6, 12365, 21.92, 32
2026/08/16 00:36:02.145, 14, 1, 12369, 22.31, 32
2026/08/16 00:36:04.146, 20, 2, 12401, 22.54, 32
2026/08/16 00:36:06.146, 0, 0, 12381, 22.22, 32
2026/08/16 00:36:08.147, 7, 1, 12341, 22.36, 32
2026/08/16 00:36:10.148, 11, 2, 12365, 22.48, 32
2026/08/16 00:36:12.149, 17, 2, 12413, 22.51, 32
2026/08/16 00:36:14.150, 16, 2, 12361, 21.12, 32
2026/08/16 00:36:16.150, 7, 0, 12405, 21.52, 32
2026/08/16 00:36:18.151, 15, 1, 12389, 20.75, 32
2026/08/16 00:36:20.151, 10, 1, 12361, 21.27, 32
2026/08/16 00:36:22.157, 4, 0, 12361, 21.21, 32
2026/08/16 00:36:24.158, 14, 3, 12361, 21.32, 32
2026/08/16 00:36:26.158, 17, 2, 12385, 21.87, 32
2026/08/16 00:36:28.158, 8, 1, 12341, 21.82, 32
2026/08/16 00:36:30.159, 4, 1, 12321, 21.54, 32
2026/08/16 00:36:32.159, 8, 1, 12385, 21.96, 32
2026/08/16 00:36:34.160, 0, 0, 12317, 20.79, 32
2026/08/16 00:36:36.161, 17, 2, 12405, 21.60, 32
2026/08/16 00:36:38.162, 17, 2, 12349, 20.99, 32
2026/08/16 00:36:40.163, 28, 5, 12373, 22.04, 32
2026/08/16 00:36:42.164, 12, 2, 12365, 21.65, 32
2026/08/16 00:36:44.165, 6, 1, 12393, 21.84, 32
2026/08/16 00:36:46.165, 8, 1, 12353, 21.06, 32
2026/08/16 00:36:48.166, 15, 3, 12373, 21.01, 32
2026/08/16 00:36:50.173, 33, 4, 12341, 21.42, 32
2026/08/16 00:36:52.174, 15, 2, 12417, 22.12, 32
2026/08/16 00:36:54.174, 2, 1, 12321, 20.82, 32
2026/08/16 00:36:56.176, 15, 2, 12373, 22.15, 32
2026/08/16 00:36:58.177, 7, 0, 12409, 22.88, 32
2026/08/16 00:37:00.178, 26, 4, 12429, 22.43, 32
2026/08/16 00:37:02.179, 28, 5, 12353, 21.42, 32
2026/08/16 00:37:04.179, 41, 8, 12381, 23.21, 32
2026/08/16 00:37:06.180, 0, 0, 12361, 20.88, 32
2026/08/16 00:37:08.181, 29, 7, 12393, 21.76, 32
2026/08/16 00:37:10.181, 47, 9, 12353, 22.45, 32
2026/08/16 00:37:12.182, 22, 3, 12333, 21.98, 32
2026/08/16 00:37:14.183, 12, 2, 12429, 22.39, 32
2026/08/16 00:37:16.184, 11, 3, 12373, 21.67, 32
2026/08/16 00:37:18.184, 4, 1, 12429, 21.02, 32
2026/08/16 00:37:20.185, 1, 1, 12417, 22.23, 32
2026/08/16 00:37:22.186, 21, 1, 12325, 21.44, 32
2026/08/16 00:37:24.187, 6, 1, 12385, 22.52, 32
2026/08/16 00:37:26.188, 26, 4, 12337, 22.02, 32
2026/08/16 00:37:28.188, 49, 10, 12377, 23.16, 32
2026/08/16 00:37:30.188, 0, 0, 12413, 21.83, 32
2026/08/16 00:37:32.189, 14, 2, 12377, 21.93, 32
2026/08/16 00:37:34.189, 13, 2, 12385, 21.76, 32
2026/08/16 00:37:36.190, 8, 1, 12313, 22.80, 32
2026/08/16 00:37:38.190, 7, 1, 12381, 22.71, 32
2026/08/16 00:37:40.191, 4, 1, 12357, 20.91, 31
2026/08/16 00:37:42.192, 0, 0, 12421, 21.19, 31
2026/08/16 00:37:44.192, 8, 1, 12401, 21.08, 31
2026/08/16 00:37:46.193, 37, 6, 12361, 21.68, 31
2026/08/16 00:37:48.194, 24, 3, 12385, 21.49, 31
2026/08/16 00:37:50.194, 10, 2, 12365, 21.36, 31
2026/08/16 00:37:52.195, 24, 2, 12361, 21.50, 31
2026/08/16 00:37:54.195, 6, 1, 12417, 21.62, 31
2026/08/16 00:37:56.196, 14, 2, 12409, 21.02, 31
2026/08/16 00:37:58.196, 0, 0, 12365, 20.96, 31
2026/08/16 00:38:00.197, 21, 3, 12385, 22.01, 31
2026/08/16 00:38:02.198, 21, 2, 12377, 21.85, 31
2026/08/16 00:38:04.199, 7, 1, 12373, 22.05, 31
2026/08/16 00:38:06.199, 28, 5, 12353, 22.12, 31
2026/08/16 00:38:08.199, 7, 1, 12421, 21.67, 31
2026/08/16 00:38:10.200, 0, 0, 12353, 21.11, 31
2026/08/16 00:38:12.200, 0, 0, 12385, 22.27, 31
2026/08/16 00:38:14.201, 9, 1, 12385, 21.54, 31
2026/08/16 00:38:16.203, 11, 2, 12353, 22.15, 31
2026/08/16 00:38:18.206, 14, 1, 12365, 21.96, 31
2026/08/16 00:38:20.207, 0, 0, 12409, 22.19, 31
2026/08/16 00:38:22.208, 17, 2, 12357, 21.82, 31
2026/08/16 00:38:24.208, 11, 2, 12349, 21.55, 31
2026/08/16 00:38:26.209, 22, 3, 12417, 22.08, 31
2026/08/16 00:38:28.210, 10, 1, 12373, 21.65, 31
2026/08/16 00:38:30.210, 7, 0, 12361, 21.55, 31
2026/08/16 00:38:32.211, 10, 1, 12361, 22.50, 31
2026/08/16 00:38:34.212, 0, 0, 12353, 22.56, 31
2026/08/16 00:38:36.213, 27, 4, 12325, 22.69, 31
2026/08/16 00:38:38.214, 35, 6, 12385, 22.36, 31
2026/08/16 00:38:40.214, 16, 3, 12373, 21.71, 31
2026/08/16 00:38:42.215, 16, 2, 12349, 22.81, 31
2026/08/16 00:38:44.215, 30, 4, 12341, 22.65, 31
2026/08/16 00:38:46.216, 12, 2, 12373, 22.57, 31
2026/08/16 00:38:48.217, 13, 1, 12317, 21.79, 31
2026/08/16 00:38:50.217, 14, 2, 12401, 22.35, 31
2026/08/16 00:38:52.218, 8, 2, 12353, 22.72, 31
2026/08/16 00:38:54.224, 0, 0, 12329, 22.20, 31
2026/08/16 00:38:56.225, 9, 1, 12385, 23.52, 31
2026/08/16 00:38:58.225, 5, 1, 12345, 21.23, 31
2026/08/16 00:39:00.226, 14, 1, 12369, 22.37, 31
2026/08/16 00:39:02.227, 0, 0, 12421, 22.27, 31
2026/08/16 00:39:04.227, 16, 1, 12401, 21.38, 31
2026/08/16 00:39:06.228, 7, 1, 12381, 22.08, 31
2026/08/16 00:39:08.229, 7, 1, 12369, 21.54, 31
2026/08/16 00:39:10.230, 9, 0, 12349, 22.58, 31
2026/08/16 00:39:12.230, 8, 1, 12353, 22.22, 31
2026/08/16 00:39:14.231, 24, 2, 12385, 21.93, 31
2026/08/16 00:39:16.232, 2, 0, 12353, 21.21, 31
2026/08/16 00:39:18.232, 16, 3, 12357, 21.39, 31
2026/08/16 00:39:20.233, 12, 1, 12393, 21.06, 31
2026/08/16 00:39:22.233, 0, 0, 12369, 21.65, 31
2026/08/16 00:39:24.234, 9, 2, 12381, 21.57, 31
2026/08/16 00:39:26.234, 6, 1, 12317, 21.27, 31
2026/08/16 00:39:28.235, 12, 1, 12393, 21.49, 31
2026/08/16 00:39:30.236, 10, 0, 12385, 21.43, 30
2026/08/16 00:39:32.236, 11, 2, 12349, 21.15, 31
2026/08/16 00:39:34.237, 14, 1, 12397, 21.36, 30
2026/08/16 00:39:36.237, 31, 5, 12349, 21.76, 31
2026/08/16 00:39:38.238, 8, 2, 12345, 21.39, 30
2026/08/16 00:39:40.238, 0, 0, 12365, 21.84, 30
2026/08/16 00:39:42.238, 9, 2, 12337, 21.11, 30
2026/08/16 00:39:44.239, 16, 4, 12333, 21.29, 30
2026/08/16 00:39:46.239, 8, 0, 12385, 21.15, 30
2026/08/16 00:39:48.240, 15, 1, 12369, 20.60, 30
2026/08/16 00:39:50.240, 27, 4, 12385, 21.44, 30
2026/08/16 00:39:52.241, 9, 2, 12361, 20.52, 30
2026/08/16 00:39:54.241, 31, 7, 12373, 21.15, 30
2026/08/16 00:39:56.242, 10, 1, 12349, 21.59, 30
2026/08/16 00:39:58.242, 0, 0, 12381, 21.41, 30
2026/08/16 00:40:00.243, 15, 3, 12321, 20.32, 30
2026/08/16 00:40:02.243, 4, 0, 12405, 20.50, 30
2026/08/16 00:40:04.243, 17, 2, 12361, 21.40, 30
2026/08/16 00:40:06.244, 9, 0, 12341, 20.83, 30
2026/08/16 00:40:08.245, 12, 2, 12393, 21.56, 30
2026/08/16 00:40:10.246, 0, 0, 12349, 20.93, 30
2026/08/16 00:40:12.246, 18, 3, 12369, 21.10, 30
2026/08/16 00:40:14.247, 6, 1, 12333, 22.13, 30
2026/08/16 00:40:16.247, 8, 2, 12373, 21.70, 30
2026/08/16 00:40:18.248, 13, 1, 12381, 21.94, 30
2026/08/16 00:40:20.248, 13, 0, 12337, 20.96, 30
2026/08/16 00:40:22.249, 7, 1, 12405, 21.58, 30
2026/08/16 00:40:24.249, 12, 2, 12361, 20.99, 30
2026/08/16 00:40:26.250, 11, 0, 12341, 21.12, 30
2026/08/16 00:40:28.251, 3, 0, 12369, 21.82, 30
2026/08/16 00:40:30.251, 0, 0, 12381, 21.27, 30
2026/08/16 00:40:32.252, 10, 1, 12361, 21.63, 30
2026/08/16 00:40:34.252, 11, 1, 12329, 21.69, 30
2026/08/16 00:40:36.253, 30, 4, 12405, 21.72, 30
2026/08/16 00:40:38.254, 7, 1, 12369, 20.89, 30
2026/08/16 00:40:40.255, 19, 3, 12361, 21.30, 30
2026/08/16 00:40:42.255, 7, 1, 12393, 21.72, 30
2026/08/16 00:40:44.256, 0, 0, 12373, 21.57, 30
2026/08/16 00:40:46.256, 24, 4, 12341, 21.21, 30
2026/08/16 00:40:48.259, 16, 2, 12381, 21.93, 30
2026/08/16 00:40:50.260, 12, 1, 12349, 21.21, 30
2026/08/16 00:40:52.260, 32, 6, 12353, 21.64, 30
2026/08/16 00:40:54.261, 18, 3, 12353, 22.24, 30
2026/08/16 00:40:56.261, 5, 1, 12361, 21.67, 30
2026/08/16 00:40:58.262, 11, 0, 12405, 21.68, 30
2026/08/16 00:41:00.263, 3, 1, 12329, 21.53, 30
2026/08/16 00:41:02.263, 0, 0, 12361, 22.33, 30
2026/08/16 00:41:04.264, 21, 3, 12369, 22.95, 30
2026/08/16 00:41:06.264, 6, 2, 12345, 21.90, 30
2026/08/16 00:41:08.265, 12, 1, 12353, 21.57, 30
2026/08/16 00:41:10.266, 23, 4, 12365, 21.18, 30
2026/08/16 00:41:12.267, 10, 1, 12361, 20.65, 30
2026/08/16 00:41:14.268, 34, 6, 12393, 22.05, 30
2026/08/16 00:41:16.268, 18, 1, 12321, 20.80, 30
2026/08/16 00:41:18.268, 14, 2, 12393, 20.91, 30
2026/08/16 00:41:20.269, 0, 0, 12369, 21.48, 30
2026/08/16 00:41:22.269, 6, 1, 12357, 21.63, 30
2026/08/16 00:41:24.270, 0, 0, 12393, 22.02, 30
2026/08/16 00:41:26.270, 13, 3, 12297, 21.43, 30
2026/08/16 00:41:28.271, 4, 1, 12393, 21.99, 30
2026/08/16 00:41:30.271, 0, 0, 12353, 21.32, 30
2026/08/16 00:41:32.272, 23, 5, 12349, 21.32, 30
2026/08/16 00:41:34.272, 3, 1, 12333, 21.37, 30
2026/08/16 00:41:36.273, 7, 2, 12349, 22.31, 30
2026/08/16 00:41:38.274, 11, 3, 12353, 21.96, 30
2026/08/16 00:41:40.274, 19, 4, 12381, 21.65, 30
2026/08/16 00:41:42.275, 20, 1, 12369, 22.24, 30
2026/08/16 00:41:44.276, 4, 0, 12341, 21.78, 30
2026/08/16 00:41:46.277, 24, 5, 12381, 22.30, 30
2026/08/16 00:41:48.278, 10, 2, 12337, 21.89, 30
2026/08/16 00:41:50.278, 20, 4, 12369, 22.51, 30
2026/08/16 00:41:52.279, 3, 0, 12401, 21.63, 30
2026/08/16 00:41:54.280, 10, 1, 12357, 21.00, 30
2026/08/16 00:41:56.280, 14, 2, 12381, 21.20, 30
2026/08/16 00:41:58.281, 12, 2, 12361, 22.17, 30
2026/08/16 00:42:00.281, 9, 1, 12393, 21.55, 30
2026/08/16 00:42:02.282, 13, 1, 12385, 22.05, 30
2026/08/16 00:42:04.282, 20, 2, 12361, 21.76, 30
2026/08/16 00:42:06.282, 23, 3, 12325, 21.84, 30
2026/08/16 00:42:08.283, 6, 1, 12409, 21.24, 30
2026/08/16 00:42:10.283, 34, 6, 12397, 22.20, 30
2026/08/16 00:42:12.284, 0, 0, 12377, 21.09, 30
2026/08/16 00:42:14.284, 13, 2, 12385, 21.34, 30
2026/08/16 00:42:16.285, 20, 2, 12361, 21.63, 30
2026/08/16 00:42:18.285, 15, 2, 12357, 21.44, 30
2026/08/16 00:42:20.288, 14, 1, 12381, 21.56, 30
2026/08/16 00:42:22.288, 0, 0, 12381, 21.22, 29
2026/08/16 00:42:24.289, 3, 1, 12349, 21.70, 29
2026/08/16 00:42:26.295, 4, 0, 12393, 22.32, 29
2026/08/16 00:42:28.295, 5, 0, 12381, 21.50, 29
2026/08/16 00:42:30.296, 6, 0, 12357, 21.55, 29
2026/08/16 00:42:32.298, 3, 0, 12393, 22.80, 29
2026/08/16 00:42:34.299, 17, 2, 12337, 21.34, 29
2026/08/16 00:42:36.299, 12, 1, 12349, 22.04, 29
2026/08/16 00:42:38.299, 2, 1, 12385, 21.33, 29
2026/08/16 00:42:40.300, 19, 2, 12349, 21.27, 29
2026/08/16 00:42:42.301, 0, 0, 12393, 21.71, 29
2026/08/16 00:42:44.301, 31, 5, 12381, 22.08, 29
2026/08/16 00:42:46.301, 19, 2, 12381, 22.20, 29
2026/08/16 00:42:48.304, 23, 4, 12373, 21.85, 29
2026/08/16 00:42:50.304, 19, 3, 12397, 21.45, 29
2026/08/16 00:42:52.305, 8, 1, 12373, 21.30, 29
2026/08/16 00:42:54.305, 10, 1, 12361, 21.56, 29
2026/08/16 00:42:56.306, 11, 1, 12397, 21.33, 29
2026/08/16 00:42:58.307, 31, 3, 12317, 21.52, 29
2026/08/16 00:43:00.307, 5, 1, 12361, 21.39, 29
2026/08/16 00:43:02.308, 7, 2, 12385, 21.59, 29
2026/08/16 00:43:04.308, 35, 7, 12381, 22.45, 29
2026/08/16 00:43:06.309, 16, 3, 12377, 21.60, 29
2026/08/16 00:43:08.309, 14, 1, 12437, 21.77, 29
2026/08/16 00:43:10.310, 20, 2, 12369, 21.40, 29
2026/08/16 00:43:12.310, 2, 1, 12349, 21.28, 29
2026/08/16 00:43:14.311, 20, 2, 12365, 21.67, 29
2026/08/16 00:43:16.311, 0, 0, 12329, 21.21, 29
2026/08/16 00:43:18.311, 15, 2, 12397, 22.32, 29
2026/08/16 00:43:20.312, 1, 1, 12353, 21.54, 29
2026/08/16 00:43:22.312, 0, 0, 12417, 21.43, 29
2026/08/16 00:43:24.313, 1, 1, 12381, 21.23, 29
2026/08/16 00:43:26.316, 11, 2, 12405, 21.13, 29
2026/08/16 00:43:28.317, 0, 0, 12373, 20.09, 29
2026/08/16 00:43:30.317, 40, 9, 12369, 21.66, 29
2026/08/16 00:43:32.318, 7, 1, 12381, 21.09, 29
2026/08/16 00:43:34.318, 23, 3, 12361, 20.93, 29
2026/08/16 00:43:36.319, 19, 3, 12341, 21.45, 29
2026/08/16 00:43:38.319, 36, 7, 12361, 21.29, 29
2026/08/16 00:43:40.320, 2, 1, 12393, 20.95, 29
2026/08/16 00:43:42.321, 19, 3, 12349, 21.02, 29
2026/08/16 00:43:44.321, 7, 1, 12381, 21.76, 29
2026/08/16 00:43:46.322, 3, 0, 12389, 21.53, 29
2026/08/16 00:43:48.322, 0, 0, 12349, 21.18, 29
2026/08/16 00:43:50.323, 4, 1, 12361, 21.37, 29
2026/08/16 00:43:52.323, 0, 1, 12341, 20.77, 29
2026/08/16 00:43:54.323, 22, 4, 12381, 22.58, 29
2026/08/16 00:43:56.324, 0, 0, 12393, 21.21, 29
2026/08/16 00:43:58.325, 3, 1, 12357, 21.68, 29
2026/08/16 00:44:00.325, 28, 3, 12381, 21.97, 29
2026/08/16 00:44:02.326, 5, 1, 12405, 21.25, 29
2026/08/16 00:44:04.327, 22, 2, 12345, 21.47, 29
2026/08/16 00:44:06.327, 12, 1, 12365, 21.98, 29
2026/08/16 00:44:08.328, 4, 1, 12361, 21.70, 29
2026/08/16 00:44:10.329, 0, 1, 12361, 21.57, 28
2026/08/16 00:44:12.329, 9, 2, 12333, 21.55, 28
2026/08/16 00:44:14.330, 23, 4, 12393, 22.88, 28
2026/08/16 00:44:16.330, 9, 1, 12385, 21.71, 28
2026/08/16 00:44:18.331, 25, 4, 12357, 22.52, 29
2026/08/16 00:44:20.331, 5, 1, 12373, 22.10, 28
2026/08/16 00:44:22.331, 14, 2, 12361, 21.47, 28
2026/08/16 00:44:24.332, 31, 3, 12369, 21.79, 28
2026/08/16 00:44:26.337, 15, 1, 12373, 22.14, 28
2026/08/16 00:44:28.338, 10, 1, 12385, 21.46, 28
2026/08/16 00:44:30.338, 19, 3, 12389, 22.13, 28
2026/08/16 00:44:32.338, 4, 1, 12333, 22.33, 28
2026/08/16 00:44:34.339, 20, 3, 12349, 21.51, 28
2026/08/16 00:44:36.339, 20, 3, 12373, 23.19, 28
2026/08/16 00:44:38.340, 1, 1, 12341, 21.73, 28
2026/08/16 00:44:40.340, 9, 0, 12357, 22.22, 28
2026/08/16 00:44:42.340, 0, 0, 12405, 21.94, 28
2026/08/16 00:44:44.341, 18, 2, 12381, 22.94, 28
2026/08/16 00:44:46.342, 21, 4, 12369, 22.05, 28
2026/08/16 00:44:48.342, 6, 1, 12409, 22.14, 28
2026/08/16 00:44:50.343, 21, 3, 12393, 22.17, 28
2026/08/16 00:44:52.344, 8, 1, 12361, 22.35, 28
2026/08/16 00:44:54.345, 7, 2, 12353, 21.34, 28
2026/08/16 00:44:56.345, 14, 4, 12397, 22.32, 28
2026/08/16 00:44:58.346, 20, 3, 12373, 21.81, 28
2026/08/16 00:45:00.347, 3, 1, 12329, 21.71, 28
2026/08/16 00:45:02.348, 13, 2, 12413, 24.01, 28
2026/08/16 00:45:04.348, 2, 1, 12321, 21.60, 28
2026/08/16 00:45:06.349, 0, 0, 12381, 21.87, 28
2026/08/16 00:45:08.349, 15, 2, 12341, 22.25, 28
2026/08/16 00:45:10.349, 5, 0, 12409, 22.22, 28
2026/08/16 00:45:12.350, 58, 8, 12369, 21.58, 28
2026/08/16 00:45:14.350, 0, 0, 12337, 21.54, 28
2026/08/16 00:45:16.351, 15, 3, 12357, 21.39, 28
2026/08/16 00:45:18.352, 17, 1, 12385, 20.90, 28
2026/08/16 00:45:20.352, 9, 1, 12357, 21.72, 28
2026/08/16 00:45:22.353, 17, 2, 12393, 22.25, 28
2026/08/16 00:45:24.354, 11, 1, 12373, 21.94, 28
2026/08/16 00:45:26.357, 20, 2, 12369, 22.01, 28
2026/08/16 00:45:28.357, 0, 0, 12353, 21.14, 28
2026/08/16 00:45:30.358, 34, 5, 12397, 22.11, 28
2026/08/16 00:45:32.358, 0, 0, 12373, 21.96, 28
2026/08/16 00:45:34.361, 11, 2, 12369, 21.78, 28
2026/08/16 00:45:36.362, 0, 0, 12397, 21.44, 28
2026/08/16 00:45:38.362, 3, 0, 12377, 21.26, 28
2026/08/16 00:45:40.363, 8, 1, 12341, 21.52, 28
2026/08/16 00:45:42.364, 5, 1, 12393, 22.05, 28
2026/08/16 00:45:44.364, 18, 4, 12353, 21.12, 28
2026/08/16 00:45:46.365, 13, 0, 12401, 20.94, 28
2026/08/16 00:45:48.365, 3, 1, 12369, 21.56, 28
2026/08/16 00:45:50.366, 16, 2, 12373, 22.46, 28
2026/08/16 00:45:52.366, 8, 2, 12321, 22.56, 28
2026/08/16 00:45:54.366, 9, 2, 12385, 21.66, 28
2026/08/16 00:45:56.367, 6, 1, 12373, 22.31, 28
2026/08/16 00:45:58.367, 17, 2, 12369, 22.50, 28
2026/08/16 00:46:00.368, 8, 1, 12373, 23.06, 28
2026/08/16 00:46:02.368, 5, 0, 12369, 22.01, 28
2026/08/16 00:46:04.369, 10, 2, 12337, 22.23, 28
2026/08/16 00:46:06.369, 4, 0, 12381, 21.87, 28
2026/08/16 00:46:08.370, 9, 1, 12381, 21.39, 28
2026/08/16 00:46:10.370, 11, 1, 12333, 21.96, 28
2026/08/16 00:46:12.371, 27, 5, 12373, 22.34, 28
2026/08/16 00:46:14.372, 0, 0, 12349, 21.78, 28
2026/08/16 00:46:16.372, 17, 2, 12397, 21.66, 28
2026/08/16 00:46:18.373, 0, 0, 12313, 22.29, 28
2026/08/16 00:46:20.373, 0, 0, 12393, 21.81, 28
2026/08/16 00:46:22.374, 39, 4, 12349, 21.41, 28
2026/08/16 00:46:24.374, 11, 1, 12381, 21.83, 28
2026/08/16 00:46:26.379, 11, 3, 12385, 21.56, 28
2026/08/16 00:46:28.380, 30, 5, 12381, 22.11, 28
2026/08/16 00:46:30.380, 25, 4, 12349, 22.16, 28
2026/08/16 00:46:32.381, 13, 1, 12365, 21.16, 28
2026/08/16 00:46:34.381, 16, 3, 12345, 21.41, 28
2026/08/16 00:46:36.382, 8, 1, 12373, 20.83, 28
2026/08/16 00:46:38.382, 6, 1, 12373, 21.17, 28
2026/08/16 00:46:40.383, 11, 1, 12369, 21.34, 28
2026/08/16 00:46:42.383, 0, 0, 12373, 21.58, 28
2026/08/16 00:46:44.384, 16, 2, 12317, 21.89, 28
2026/08/16 00:46:46.384, 12, 1, 12381, 22.30, 28
2026/08/16 00:46:48.384, 6, 2, 12405, 21.29, 28
2026/08/16 00:46:50.385, 49, 7, 12369, 22.22, 28
2026/08/16 00:46:52.385, 6, 1, 12373, 22.50, 28
2026/08/16 00:46:54.386, 3, 2, 12297, 21.62, 28
2026/08/16 00:46:56.388, 12, 2, 12405, 22.01, 28
2026/08/16 00:46:58.389, 23, 3, 12321, 21.14, 28
2026/08/16 00:47:00.389, 20, 4, 12341, 22.39, 28
2026/08/16 00:47:02.390, 2, 0, 12361, 22.44, 28
2026/08/16 00:47:04.390, 17, 1, 12361, 21.78, 28
2026/08/16 00:47:06.391, 0, 0, 12353, 21.56, 28
2026/08/16 00:47:08.391, 19, 3, 12369, 22.40, 28
2026/08/16 00:47:10.392, 0, 0, 12353, 21.81, 28
2026/08/16 00:47:12.392, 10, 1, 12393, 22.08, 28
2026/08/16 00:47:14.393, 11, 3, 12313, 21.50, 28
2026/08/16 00:47:16.393, 31, 7, 12361, 22.49, 28
2026/08/16 00:47:18.394, 0, 1, 12385, 21.48, 28
2026/08/16 00:47:20.394, 5, 2, 12345, 22.41, 28
2026/08/16 00:47:22.395, 6, 1, 12353, 21.43, 28
2026/08/16 00:47:24.396, 14, 2, 12373, 22.42, 28
2026/08/16 00:47:26.397, 3, 1, 12361, 21.69, 28
2026/08/16 00:47:28.397, 26, 3, 12349, 22.04, 28
2026/08/16 00:47:30.402, 0, 0, 12381, 21.69, 28
2026/08/16 00:47:32.403, 23, 3, 12349, 22.25, 29
2026/08/16 00:47:34.403, 13, 2, 12373, 22.21, 29
2026/08/16 00:47:36.404, 16, 2, 12381, 21.95, 29
2026/08/16 00:47:38.404, 3, 1, 12373, 21.58, 29
2026/08/16 00:47:40.405, 21, 4, 12381, 22.97, 29
2026/08/16 00:47:42.405, 10, 1, 12369, 22.16, 29
2026/08/16 00:47:44.405, 37, 4, 12389, 22.70, 29
2026/08/16 00:47:46.406, 10, 2, 12337, 21.68, 29
2026/08/16 00:47:48.406, 33, 6, 12353, 22.36, 29
2026/08/16 00:47:50.407, 6, 0, 12361, 21.99, 29
2026/08/16 00:47:52.408, 11, 2, 12373, 21.85, 29
2026/08/16 00:47:54.409, 26, 4, 12321, 21.86, 29
2026/08/16 00:47:56.410, 49, 12, 12405, 22.45, 29
2026/08/16 00:47:58.411, 3, 1, 12373, 21.84, 29
2026/08/16 00:48:00.411, 16, 2, 12381, 21.64, 29
2026/08/16 00:48:02.411, 2, 1, 12381, 21.14, 29
2026/08/16 00:48:04.412, 21, 3, 12369, 22.38, 29
2026/08/16 00:48:06.412, 18, 3, 12333, 21.98, 29
2026/08/16 00:48:08.413, 5, 2, 12373, 21.30, 29
2026/08/16 00:48:10.414, 12, 2, 12349, 21.86, 29
2026/08/16 00:48:12.414, 17, 2, 12385, 21.82, 29
2026/08/16 00:48:14.414, 9, 3, 12353, 22.58, 29
2026/08/16 00:48:16.415, 17, 2, 12381, 22.79, 29
2026/08/16 00:48:18.415, 4, 1, 12377, 21.44, 29
2026/08/16 00:48:20.418, 13, 2, 12369, 22.54, 29
2026/08/16 00:48:22.419, 0, 0, 12341, 22.14, 29
2026/08/16 00:48:24.420, 9, 2, 12361, 22.36, 29
2026/08/16 00:48:26.420, 5, 0, 12373, 21.66, 29
2026/08/16 00:48:28.423, 48, 10, 12393, 22.31, 29
2026/08/16 00:48:30.424, 2, 1, 12393, 22.01, 29
2026/08/16 00:48:32.424, 20, 2, 12381, 22.48, 29
2026/08/16 00:48:34.425, 18, 2, 12381, 22.27, 29
2026/08/16 00:48:36.425, 10, 1, 12345, 21.83, 29
2026/08/16 00:48:38.426, 5, 1, 12361, 21.79, 29
2026/08/16 00:48:40.426, 11, 1, 12377, 21.76, 29
2026/08/16 00:48:42.427, 23, 5, 12361, 22.42, 29
2026/08/16 00:48:44.427, 19, 3, 12385, 22.60, 29
2026/08/16 00:48:46.428, 7, 1, 12341, 21.26, 29
2026/08/16 00:48:48.428, 9, 1, 12385, 21.37, 29
2026/08/16 00:48:50.428, 16, 3, 12357, 22.04, 29
2026/08/16 00:48:52.429, 15, 1, 12361, 21.57, 29
2026/08/16 00:48:54.429, 8, 1, 12381, 22.12, 29
2026/08/16 00:48:56.432, 4, 0, 12373, 21.38, 29
2026/08/16 00:48:58.433, 7, 2, 12385, 21.63, 29
2026/08/16 00:49:00.433, 4, 0, 12361, 21.70, 29
2026/08/16 00:49:02.434, 14, 2, 12353, 22.31, 29
2026/08/16 00:49:04.434, 22, 3, 12365, 21.74, 29
2026/08/16 00:49:06.435, 15, 2, 12361, 22.08, 29
2026/08/16 00:49:08.435, 29, 5, 12393, 21.46, 29
2026/08/16 00:49:10.436, 3, 1, 12365, 22.80, 29
2026/08/16 00:49:12.437, 11, 1, 12385, 22.39, 29
2026/08/16 00:49:14.437, 20, 3, 12357, 23.03, 29
2026/08/16 00:49:16.438, 30, 3, 12345, 22.23, 29
2026/08/16 00:49:18.438, 11, 0, 12401, 21.79, 30
2026/08/16 00:49:20.439, 4, 1, 12325, 22.32, 30
2026/08/16 00:49:22.439, 0, 0, 12373, 22.44, 30
2026/08/16 00:49:24.440, 7, 1, 12349, 21.75, 30
2026/08/16 00:49:26.440, 0, 0, 12385, 20.96, 30
2026/08/16 00:49:28.441, 25, 3, 12369, 21.91, 30
2026/08/16 00:49:30.441, 12, 2, 12377, 21.60, 30
2026/08/16 00:49:32.442, 22, 2, 12381, 22.03, 30
2026/08/16 00:49:34.443, 17, 2, 12369, 21.53, 30
2026/08/16 00:49:36.443, 9, 1, 12345, 22.24, 30
2026/08/16 00:49:38.443, 0, 0, 12377, 22.54, 30
2026/08/16 00:49:40.444, 18, 4, 12393, 22.27, 30
2026/08/16 00:49:42.445, 51, 11, 12361, 22.56, 30
2026/08/16 00:49:44.445, 12, 0, 12373, 21.96, 30
2026/08/16 00:49:46.445, 8, 2, 12349, 22.39, 30
2026/08/16 00:49:48.446, 5, 1, 12349, 22.59, 30
2026/08/16 00:49:50.447, 23, 4, 12361, 21.96, 30
2026/08/16 00:49:52.447, 10, 1, 12361, 22.17, 30
2026/08/16 00:49:54.448, 3, 2, 12393, 22.02, 30
2026/08/16 00:49:56.449, 3, 1, 12345, 21.88, 30
2026/08/16 00:49:58.454, 0, 0, 12341, 22.39, 30
2026/08/16 00:50:00.454, 11, 2, 12353, 22.60, 30
2026/08/16 00:50:02.455, 40, 8, 12373, 22.08, 30
2026/08/16 00:50:04.455, 17, 2, 12357, 21.67, 30
2026/08/16 00:50:06.456, 7, 1, 12389, 22.11, 30
2026/08/16 00:50:08.457, 21, 2, 12361, 21.82, 30
2026/08/16 00:50:10.457, 20, 2, 12361, 21.78, 30
2026/08/16 00:50:12.457, 14, 1, 12421, 21.79, 30
2026/08/16 00:50:14.458, 7, 1, 12329, 22.90, 30
2026/08/16 00:50:16.458, 7, 1, 12377, 22.45, 30
2026/08/16 00:50:18.459, 17, 3, 12377, 22.86, 30
2026/08/16 00:50:20.459, 12, 2, 12385, 22.16, 30
2026/08/16 00:50:22.460, 22, 3, 12369, 23.04, 30
2026/08/16 00:50:24.460, 19, 2, 12357, 22.20, 30
2026/08/16 00:50:26.461, 23, 4, 12381, 22.93, 30
2026/08/16 00:50:28.461, 12, 2, 12361, 23.07, 30
2026/08/16 00:50:30.462, 15, 1, 12381, 22.61, 30
2026/08/16 00:50:32.462, 42, 6, 12349, 22.80, 30
2026/08/16 00:50:34.463, 9, 1, 12381, 22.81, 30
2026/08/16 00:50:36.464, 6, 1, 12357, 22.47, 30
2026/08/16 00:50:38.464, 4, 1, 12361, 22.81, 30
2026/08/16 00:50:40.465, 7, 1, 12393, 22.69, 30
2026/08/16 00:50:42.465, 0, 0, 12337, 22.85, 30
2026/08/16 00:50:44.466, 26, 3, 12385, 22.92, 30
2026/08/16 00:50:46.466, 21, 3, 12353, 22.08, 30
2026/08/16 00:50:48.466, 22, 3, 12365, 21.95, 30
2026/08/16 00:50:50.467, 40, 6, 12377, 22.59, 30
2026/08/16 00:50:52.467, 0, 0, 12381, 21.71, 30
2026/08/16 00:50:54.472, 0, 0, 12373, 22.60, 30
2026/08/16 00:50:56.482, 0, 0, 12353, 22.55, 30
2026/08/16 00:50:58.483, 0, 0, 12337, 22.42, 30
2026/08/16 00:51:00.488, 0, 0, 12381, 21.70, 30
2026/08/16 00:51:02.488, 6, 1, 12381, 22.47, 30
2026/08/16 00:51:04.489, 16, 2, 12369, 22.86, 30
2026/08/16 00:51:06.490, 9, 2, 12429, 22.19, 30
2026/08/16 00:51:08.490, 0, 0, 12373, 22.79, 30
2026/08/16 00:51:10.490, 12, 1, 12365, 22.47, 30
2026/08/16 00:51:12.491, 13, 1, 12409, 21.81, 30
2026/08/16 00:51:14.491, 17, 2, 12389, 22.14, 30
2026/08/16 00:51:16.492, 15, 2, 12357, 22.83, 31
2026/08/16 00:51:18.492, 9, 1, 12393, 23.19, 31
2026/08/16 00:51:20.493, 21, 2, 12333, 22.75, 31
2026/08/16 00:51:22.494, 21, 2, 12361, 21.82, 31
2026/08/16 00:51:24.494, 23, 3, 12417, 22.33, 31
2026/08/16 00:51:26.495, 0, 0, 12397, 21.93, 31
2026/08/16 00:51:28.495, 17, 4, 12369, 23.54, 31
2026/08/16 00:51:30.496, 5, 1, 12385, 22.38, 31
2026/08/16 00:51:32.497, 0, 0, 12373, 22.41, 31
2026/08/16 00:51:34.497, 0, 0, 12329, 22.20, 31
2026/08/16 00:51:36.498, 9, 1, 12357, 23.05, 31
2026/08/16 00:51:38.498, 7, 1, 12421, 22.40, 31
2026/08/16 00:51:40.499, 8, 2, 12297, 21.44, 31
2026/08/16 00:51:42.499, 16, 2, 12369, 22.68, 31
2026/08/16 00:51:44.500, 18, 2, 12373, 21.04, 31
2026/08/16 00:51:46.500, 0, 0, 12337, 22.00, 31
2026/08/16 00:51:48.501, 6, 1, 12385, 21.96, 31
2026/08/16 00:51:50.501, 18, 2, 12373, 22.33, 31
2026/08/16 00:51:52.502, 1, 1, 12353, 21.53, 31
2026/08/16 00:51:54.502, 0, 0, 12385, 22.05, 31
2026/08/16 00:51:56.503, 12, 3, 12385, 22.57, 31
2026/08/16 00:51:58.503, 27, 4, 12349, 21.62, 31
2026/08/16 00:52:00.503, 16, 2, 12337, 21.91, 31
2026/08/16 00:52:02.504, 17, 3, 12385, 22.73, 31
2026/08/16 00:52:04.505, 5, 1, 12381, 21.65, 31
2026/08/16 00:52:06.505, 9, 1, 12345, 21.83, 31
2026/08/16 00:52:08.506, 21, 3, 12405, 22.83, 31
2026/08/16 00:52:10.506, 1, 1, 12373, 21.60, 31
2026/08/16 00:52:12.507, 15, 0, 12357, 21.65, 31
2026/08/16 00:52:14.507, 5, 1, 12393, 22.28, 31
2026/08/16 00:52:16.508, 15, 1, 12337, 21.84, 31
2026/08/16 00:52:18.509, 5, 1, 12369, 22.30, 31
2026/08/16 00:52:20.510, 22, 2, 12369, 21.40, 31
2026/08/16 00:52:22.510, 6, 1, 12337, 21.60, 31
2026/08/16 00:52:24.511, 0, 0, 12381, 21.74, 31
2026/08/16 00:52:26.513, 7, 1, 12369, 21.70, 31
2026/08/16 00:52:28.514, 15, 1, 12369, 22.55, 31
2026/08/16 00:52:30.515, 11, 2, 12417, 21.89, 31
2026/08/16 00:52:32.515, 3, 1, 12381, 21.93, 31
2026/08/16 00:52:34.516, 22, 2, 12345, 22.14, 31
2026/08/16 00:52:36.517, 11, 1, 12345, 21.84, 31
2026/08/16 00:52:38.518, 0, 0, 12365, 21.66, 31
2026/08/16 00:52:40.518, 23, 3, 12349, 21.81, 31
2026/08/16 00:52:42.519, 9, 2, 12361, 21.01, 31
2026/08/16 00:52:44.519, 10, 1, 12349, 21.75, 31
2026/08/16 00:52:46.521, 0, 0, 12361, 22.76, 31
2026/08/16 00:52:48.521, 9, 1, 12373, 21.45, 31
2026/08/16 00:52:50.522, 16, 2, 12333, 21.64, 31
2026/08/16 00:52:52.522, 20, 2, 12409, 22.37, 31
2026/08/16 00:52:54.522, 0, 0, 12329, 21.44, 31
2026/08/16 00:52:56.523, 0, 0, 12369, 21.97, 31
2026/08/16 00:52:58.523, 35, 3, 12349, 22.70, 31
2026/08/16 00:53:00.524, 0, 0, 12389, 21.36, 31
2026/08/16 00:53:02.524, 21, 2, 12381, 21.91, 31
2026/08/16 00:53:04.525, 17, 2, 12357, 22.12, 31
2026/08/16 00:53:06.525, 4, 1, 12373, 22.11, 31
2026/08/16 00:53:08.526, 10, 2, 12349, 21.95, 31
2026/08/16 00:53:10.526, 32, 6, 12425, 22.59, 31
2026/08/16 00:53:12.526, 3, 1, 12341, 21.71, 31
2026/08/16 00:53:14.527, 2, 0, 12421, 22.55, 31
2026/08/16 00:53:16.528, 9, 2, 12373, 22.27, 31
2026/08/16 00:53:18.528, 10, 1, 12349, 22.58, 31
2026/08/16 00:53:20.528, 10, 1, 12373, 22.48, 31
2026/08/16 00:53:22.529, 9, 2, 12385, 22.40, 31
2026/08/16 00:53:24.530, 19, 2, 12349, 22.04, 31
2026/08/16 00:53:26.530, 0, 0, 12381, 22.45, 31
2026/08/16 00:53:28.530, 15, 2, 12361, 21.38, 31
2026/08/16 00:53:30.531, 24, 5, 12373, 22.39, 31
2026/08/16 00:53:32.531, 16, 3, 12373, 22.60, 31
2026/08/16 00:53:34.532, 12, 2, 12397, 22.47, 31
2026/08/16 00:53:36.532, 8, 2, 12381, 21.10, 31
2026/08/16 00:53:38.533, 3, 0, 12369, 21.69, 31
2026/08/16 00:53:40.534, 1, 1, 12333, 21.97, 31
2026/08/16 00:53:42.534, 9, 1, 12369, 21.70, 31
2026/08/16 00:53:44.535, 19, 3, 12353, 22.64, 31
2026/08/16 00:53:46.536, 0, 0, 12365, 22.40, 31
2026/08/16 00:53:48.536, 19, 2, 12377, 23.34, 32
2026/08/16 00:53:50.537, 18, 2, 12389, 21.84, 32
2026/08/16 00:53:52.537, 24, 3, 12369, 21.96, 32
2026/08/16 00:53:54.538, 5, 1, 12393, 21.50, 32
2026/08/16 00:53:56.539, 5, 0, 12349, 21.46, 32
2026/08/16 00:53:58.539, 2, 0, 12373, 21.69, 32
2026/08/16 00:54:00.540, 16, 1, 12373, 21.67, 32
2026/08/16 00:54:02.540, 4, 1, 12381, 21.67, 32
2026/08/16 00:54:04.541, 17, 4, 12393, 21.77, 32
2026/08/16 00:54:06.542, 23, 4, 12381, 21.50, 32
2026/08/16 00:54:08.543, 0, 0, 12381, 22.02, 32
2026/08/16 00:54:10.543, 18, 3, 12365, 22.26, 32
2026/08/16 00:54:12.544, 16, 2, 12365, 22.26, 32
2026/08/16 00:54:14.544, 18, 4, 12341, 21.95, 32
2026/08/16 00:54:16.544, 10, 2, 12385, 22.42, 32
2026/08/16 00:54:18.545, 9, 2, 12329, 21.74, 32
2026/08/16 00:54:20.546, 4, 1, 12393, 22.59, 32
2026/08/16 00:54:22.547, 30, 3, 12373, 22.48, 32
2026/08/16 00:54:24.548, 4, 1, 12361, 21.40, 32
2026/08/16 00:54:26.548, 14, 1, 12369, 22.83, 32
2026/08/16 00:54:28.549, 15, 2, 12369, 21.98, 32
2026/08/16 00:54:30.550, 5, 1, 12393, 21.97, 32
2026/08/16 00:54:32.551, 25, 2, 12297, 21.98, 32
2026/08/16 00:54:34.551, 13, 3, 12385, 22.88, 32
2026/08/16 00:54:36.552, 20, 3, 12369, 21.81, 32
2026/08/16 00:54:38.552, 11, 1, 12361, 22.07, 32
2026/08/16 00:54:40.553, 9, 1, 12409, 22.79, 32
2026/08/16 00:54:42.554, 20, 2, 12397, 22.11, 32
2026/08/16 00:54:44.554, 10, 2, 12329, 22.01, 32
2026/08/16 00:54:46.555, 17, 1, 12357, 21.69, 32
2026/08/16 00:54:48.556, 21, 2, 12353, 22.40, 32
2026/08/16 00:54:50.556, 1, 1, 12385, 22.12, 32
2026/08/16 00:54:52.557, 24, 6, 12349, 22.06, 32
2026/08/16 00:54:54.558, 48, 8, 12429, 22.62, 32
2026/08/16 00:54:56.558, 39, 7, 12389, 21.62, 32
2026/08/16 00:54:58.565, 4, 0, 12349, 21.19, 32
2026/08/16 00:55:00.566, 29, 4, 12381, 22.38, 32
2026/08/16 00:55:02.566, 3, 0, 12373, 21.09, 32
2026/08/16 00:55:04.566, 16, 2, 12369, 22.19, 32
2026/08/16 00:55:06.567, 22, 3, 12405, 21.98, 32
2026/08/16 00:55:08.568, 10, 2, 12453, 22.28, 32
2026/08/16 00:55:10.568, 19, 2, 12357, 22.20, 32
2026/08/16 00:55:12.569, 32, 6, 12381, 22.16, 32
2026/08/16 00:55:14.569, 12, 3, 12417, 21.67, 32
2026/08/16 00:55:16.570, 31, 5, 12373, 22.84, 32
2026/08/16 00:55:18.570, 9, 1, 12337, 21.35, 32
2026/08/16 00:55:20.571, 21, 3, 12385, 22.51, 32
2026/08/16 00:55:22.571, 13, 1, 12397, 22.24, 32
2026/08/16 00:55:24.572, 7, 1, 12337, 22.20, 32
2026/08/16 00:55:26.572, 0, 0, 12381, 22.35, 32
2026/08/16 00:55:28.573, 17, 3, 12329, 21.94, 32
2026/08/16 00:55:30.573, 14, 2, 12361, 22.39, 32
2026/08/16 00:55:32.574, 17, 2, 12405, 22.53, 32
2026/08/16 00:55:34.574, 3, 1, 12349, 22.51, 32
2026/08/16 00:55:36.575, 10, 3, 12373, 23.74, 32
2026/08/16 00:55:38.575, 13, 1, 12361, 22.34, 32
2026/08/16 00:55:40.576, 37, 4, 12389, 22.95, 32
2026/08/16 00:55:42.576, 15, 1, 12453, 21.66, 32
2026/08/16 00:55:44.576, 11, 1, 12405, 22.33, 32
2026/08/16 00:55:46.577, 20, 4, 12397, 22.77, 32
2026/08/16 00:55:48.578, 6, 2, 12385, 22.05, 32
2026/08/16 00:55:50.578, 1, 1, 12401, 23.10, 32
2026/08/16 00:55:52.580, 0, 0, 12325, 22.17, 32
2026/08/16 00:55:54.581, 11, 0, 12373, 23.25, 32
2026/08/16 00:55:56.582, 16, 2, 12357, 21.96, 32
2026/08/16 00:55:58.582, 11, 1, 12381, 22.32, 32
2026/08/16 00:56:00.586, 13, 1, 12369, 22.34, 32
2026/08/16 00:56:02.587, 25, 7, 12365, 23.23, 33
2026/08/16 00:56:04.588, 0, 0, 12361, 22.54, 32
2026/08/16 00:56:06.588, 0, 0, 12329, 22.79, 32
2026/08/16 00:56:08.589, 1, 1, 12365, 22.84, 32
2026/08/16 00:56:10.589, 2, 1, 12341, 22.63, 33
2026/08/16 00:56:12.590, 10, 1, 12385, 23.27, 33
2026/08/16 00:56:14.590, 19, 3, 12329, 22.97, 33
2026/08/16 00:56:16.591, 32, 4, 12341, 23.54, 33
2026/08/16 00:56:18.592, 0, 0, 12377, 22.60, 33
2026/08/16 00:56:20.592, 3, 0, 12369, 22.86, 33
2026/08/16 00:56:22.593, 3, 1, 12353, 21.08, 33
2026/08/16 00:56:24.593, 3, 0, 12369, 22.84, 33
2026/08/16 00:56:26.594, 11, 3, 12333, 21.99, 33
2026/08/16 00:56:28.594, 10, 3, 12381, 22.45, 33
2026/08/16 00:56:30.594, 41, 7, 12357, 22.35, 33
2026/08/16 00:56:32.595, 11, 2, 12357, 22.24, 33
2026/08/16 00:56:34.595, 0, 0, 12345, 21.50, 33
2026/08/16 00:56:36.596, 12, 1, 12397, 22.58, 33
2026/08/16 00:56:38.597, 10, 1, 12317, 22.03, 33
2026/08/16 00:56:40.598, 0, 0, 12381, 22.61, 32
2026/08/16 00:56:42.599, 0, 0, 12369, 21.81, 33
2026/08/16 00:56:44.599, 28, 3, 12357, 22.59, 32
2026/08/16 00:56:46.600, 5, 1, 12389, 22.02, 32
2026/08/16 00:56:48.600, 20, 2, 12353, 22.33, 32
2026/08/16 00:56:50.601, 25, 3, 12385, 22.92, 32
2026/08/16 00:56:52.602, 1, 1, 12317, 22.47, 32
2026/08/16 00:56:54.603, 9, 1, 12373, 23.00, 32
2026/08/16 00:56:56.603, 27, 3, 12381, 22.63, 32
2026/08/16 00:56:58.603, 8, 1, 12357, 22.69, 32
2026/08/16 00:57:00.604, 8, 2, 12353, 23.15, 32
2026/08/16 00:57:02.605, 9, 1, 12373, 22.80, 32
2026/08/16 00:57:04.605, 6, 1, 12393, 23.34, 32
2026/08/16 00:57:06.606, 23, 3, 12333, 22.34, 32
2026/08/16 00:57:08.606, 15, 1, 12349, 22.69, 32
2026/08/16 00:57:10.607, 5, 1, 12369, 22.05, 32
2026/08/16 00:57:12.607, 29, 6, 12369, 23.10, 32
2026/08/16 00:57:14.608, 11, 2, 12353, 22.46, 32
2026/08/16 00:57:16.608, 10, 1, 12353, 23.10, 32
2026/08/16 00:57:18.609, 10, 1, 12349, 21.50, 32
2026/08/16 00:57:20.610, 15, 3, 12377, 22.59, 32
2026/08/16 00:57:22.610, 6, 1, 12333, 22.87, 32
2026/08/16 00:57:24.610, 10, 1, 12329, 22.14, 32
2026/08/16 00:57:26.611, 35, 5, 12381, 23.10, 32
2026/08/16 00:57:28.612, 7, 0, 12421, 22.36, 32
2026/08/16 00:57:30.612, 0, 0, 12353, 23.05, 32
2026/08/16 00:57:32.613, 0, 0, 12337, 21.78, 32
2026/08/16 00:57:34.614, 21, 3, 12421, 22.97, 32
2026/08/16 00:57:36.614, 0, 0, 12425, 22.06, 32
2026/08/16 00:57:38.615, 19, 2, 12397, 23.03, 32
2026/08/16 00:57:40.616, 11, 1, 12341, 23.07, 32
2026/08/16 00:57:42.616, 5, 1, 12373, 22.62, 32
2026/08/16 00:57:44.617, 26, 4, 12373, 22.54, 32
2026/08/16 00:57:46.617, 0, 0, 12349, 22.41, 32
2026/08/16 00:57:48.618, 4, 1, 12349, 22.92, 32
2026/08/16 00:57:50.618, 13, 3, 12393, 22.17, 32
2026/08/16 00:57:52.618, 3, 0, 12369, 22.45, 32
2026/08/16 00:57:54.621, 5, 1, 12373, 22.15, 32
2026/08/16 00:57:56.622, 24, 3, 12405, 22.34, 32
2026/08/16 00:57:58.622, 8, 2, 12341, 22.75, 32
2026/08/16 00:58:00.623, 16, 3, 12321, 22.32, 32
2026/08/16 00:58:02.623, 16, 1, 12393, 22.40, 32
2026/08/16 00:58:04.623, 4, 1, 12361, 21.86, 32
2026/08/16 00:58:06.624, 4, 1, 12345, 22.03, 32
2026/08/16 00:58:08.625, 25, 4, 12385, 22.75, 32
2026/08/16 00:58:10.625, 1, 1, 12361, 22.30, 31
2026/08/16 00:58:12.626, 7, 1, 12393, 21.56, 31
2026/08/16 00:58:14.626, 9, 0, 12393, 22.09, 31
2026/08/16 00:58:16.627, 12, 0, 12429, 21.87, 31
2026/08/16 00:58:18.628, 5, 1, 12341, 22.14, 31
2026/08/16 00:58:20.628, 3, 0, 12337, 22.33, 31
2026/08/16 00:58:22.629, 16, 1, 12369, 22.04, 31
2026/08/16 00:58:24.630, 13, 0, 12373, 22.48, 31
2026/08/16 00:58:26.630, 7, 1, 12369, 22.20, 31
2026/08/16 00:58:28.631, 15, 2, 12357, 22.46, 31
2026/08/16 00:58:30.632, 0, 0, 12361, 23.13, 31
2026/08/16 00:58:32.633, 0, 1, 12329, 22.44, 31
2026/08/16 00:58:34.633, 25, 3, 12381, 22.49, 31
2026/08/16 00:58:36.633, 20, 4, 12373, 22.57, 31
2026/08/16 00:58:38.635, 8, 1, 12361, 22.42, 31
2026/08/16 00:58:40.635, 7, 2, 12349, 22.13, 31
2026/08/16 00:58:42.636, 6, 1, 12385, 22.64, 31
2026/08/16 00:58:44.638, 37, 6, 12349, 22.41, 31
2026/08/16 00:58:46.639, 0, 1, 12377, 22.15, 31
2026/08/16 00:58:48.639, 24, 3, 12349, 22.43, 31
2026/08/16 00:58:50.640, 21, 5, 12393, 21.83, 31
2026/08/16 00:58:52.640, 13, 2, 12361, 22.10, 31
2026/08/16 00:58:54.641, 3, 1, 12361, 21.76, 31
2026/08/16 00:58:56.641, 15, 1, 12349, 21.56, 31
2026/08/16 00:58:58.643, 5, 0, 12361, 21.95, 31
2026/08/16 00:59:00.644, 8, 1, 12361, 22.01, 31
2026/08/16 00:59:02.645, 37, 8, 12393, 22.41, 31
2026/08/16 00:59:04.645, 4, 1, 12361, 21.96, 31
2026/08/16 00:59:06.646, 3, 0, 12385, 22.36, 31
2026/08/16 00:59:08.646, 23, 3, 12361, 21.61, 31
2026/08/16 00:59:10.647, 12, 2, 12393, 22.29, 31
2026/08/16 00:59:12.648, 6, 0, 12385, 21.76, 31
2026/08/16 00:59:14.648, 22, 2, 12369, 22.10, 31
2026/08/16 00:59:16.648, 8, 1, 12381, 21.91, 31
2026/08/16 00:59:18.649, 27, 5, 12385, 23.59, 31
2026/08/16 00:59:20.649, 9, 1, 12365, 21.56, 31
2026/08/16 00:59:22.650, 25, 5, 12373, 22.09, 31
2026/08/16 00:59:24.650, 10, 1, 12353, 21.91, 31
2026/08/16 00:59:26.652, 10, 1, 12373, 21.86, 31
2026/08/16 00:59:28.653, 3, 2, 12305, 21.18, 31
2026/08/16 00:59:30.653, 0, 1, 12373, 21.43, 31
2026/08/16 00:59:32.654, 9, 2, 12361, 21.75, 31
2026/08/16 00:59:34.655, 3, 1, 12353, 21.57, 31
2026/08/16 00:59:36.655, 0, 0, 12373, 21.52, 31
2026/08/16 00:59:38.656, 10, 1, 12341, 21.92, 31
2026/08/16 00:59:40.657, 4, 1, 12385, 22.04, 31
2026/08/16 00:59:42.657, 11, 1, 12373, 21.67, 31
2026/08/16 00:59:44.658, 21, 3, 12349, 21.66, 31
2026/08/16 00:59:46.658, 4, 0, 12405, 21.87, 31
2026/08/16 00:59:48.659, 0, 0, 12361, 21.69, 31
2026/08/16 00:59:50.660, 17, 2, 12381, 22.43, 31
2026/08/16 00:59:52.661, 0, 0, 12341, 22.27, 30
2026/08/16 00:59:54.662, 6, 1, 12341, 21.61, 30
2026/08/16 00:59:56.664, 17, 3, 12337, 21.91, 30
2026/08/16 00:59:58.665, 9, 1, 12365, 22.27, 30
2026/08/16 01:00:00.665, 4, 1, 12309, 21.74, 30
2026/08/16 01:00:02.666, 17, 3, 12381, 22.06, 30
2026/08/16 01:00:04.666, 17, 1, 12365, 21.40, 30
2026/08/16 01:00:06.667, 4, 1, 12361, 21.62, 30
2026/08/16 01:00:08.667, 23, 3, 12381, 22.02, 30
2026/08/16 01:00:10.668, 21, 3, 12385, 22.00, 30
2026/08/16 01:00:12.668, 13, 1, 12349, 21.67, 30
2026/08/16 01:00:14.673, 5, 1, 12393, 22.08, 30
2026/08/16 01:00:16.675, 22, 4, 12341, 21.83, 30
2026/08/16 01:00:18.676, 9, 1, 12349, 21.87, 30
2026/08/16 01:00:20.676, 14, 3, 12373, 21.67, 30
2026/08/16 01:00:22.677, 24, 4, 12341, 22.30, 30
2026/08/16 01:00:24.678, 13, 3, 12373, 22.48, 30
2026/08/16 01:00:26.679, 7, 1, 12361, 22.45, 30
2026/08/16 01:00:28.679, 5, 1, 12317, 22.00, 30
2026/08/16 01:00:30.680, 33, 4, 12385, 22.57, 30
2026/08/16 01:00:32.681, 8, 2, 12361, 21.55, 30
2026/08/16 01:00:34.681, 6, 1, 12381, 21.74, 30
2026/08/16 01:00:36.682, 12, 1, 12357, 22.22, 30
2026/08/16 01:00:38.683, 13, 1, 12369, 21.92, 30
2026/08/16 01:00:40.683, 5, 1, 12349, 21.95, 30
2026/08/16 01:00:42.702, 10, 1, 12381, 21.83, 30
2026/08/16 01:00:44.703, 9, 1, 12361, 22.42, 30
2026/08/16 01:00:46.703, 3, 1, 12381, 21.50, 30
2026/08/16 01:00:48.707, 19, 2, 12337, 21.74, 30
2026/08/16 01:00:50.708, 15, 2, 12365, 22.34, 30
2026/08/16 01:00:52.708, 39, 6, 12373, 22.97, 30
2026/08/16 01:00:54.708, 7, 2, 12365, 22.16, 30
2026/08/16 01:00:56.709, 0, 0, 12349, 22.30, 30
2026/08/16 01:00:58.710, 3, 2, 12361, 21.24, 30
2026/08/16 01:01:00.711, 11, 1, 12381, 22.31, 30
2026/08/16 01:01:02.711, 4, 2, 12361, 21.74, 30
2026/08/16 01:01:04.712, 17, 2, 12373, 22.82, 30
2026/08/16 01:01:06.712, 10, 1, 12353, 21.38, 30
2026/08/16 01:01:08.712, 0, 0, 12373, 22.44, 30
2026/08/16 01:01:10.713, 1, 1, 12345, 21.97, 30
2026/08/16 01:01:12.713, 6, 0, 12393, 22.15, 30
2026/08/16 01:01:14.714, 34, 7, 12385, 21.51, 30
2026/08/16 01:01:16.714, 0, 0, 12321, 21.39, 30
2026/08/16 01:01:18.715, 4, 1, 12341, 22.11, 30
2026/08/16 01:01:20.716, 8, 1, 12385, 21.96, 30
2026/08/16 01:01:22.716, 15, 2, 12309, 21.40, 30
2026/08/16 01:01:24.716, 11, 1, 12385, 22.38, 30
2026/08/16 01:01:26.717, 19, 2, 12385, 21.34, 30
2026/08/16 01:01:28.717, 17, 2, 12337, 22.26, 30
2026/08/16 01:01:30.718, 3, 0, 12381, 22.30, 30
2026/08/16 01:01:32.718, 6, 1, 12361, 21.53, 30
2026/08/16 01:01:34.719, 0, 0, 12385, 21.33, 30
2026/08/16 01:01:36.719, 19, 2, 12301, 21.69, 30
2026/08/16 01:01:38.720, 31, 7, 12405, 21.95, 30
2026/08/16 01:01:40.721, 22, 3, 12361, 20.94, 30
2026/08/16 01:01:42.721, 8, 1, 12369, 21.82, 30
2026/08/16 01:01:44.722, 11, 1, 12353, 22.76, 30
2026/08/16 01:01:46.725, 0, 0, 12337, 21.05, 30
2026/08/16 01:01:48.726, 24, 5, 12353, 22.50, 30
2026/08/16 01:01:50.726, 0, 0, 12321, 21.43, 30
2026/08/16 01:01:52.727, 0, 0, 12357, 22.88, 30
2026/08/16 01:01:54.727, 9, 1, 12313, 22.50, 30
2026/08/16 01:01:56.728, 5, 1, 12369, 21.38, 30
2026/08/16 01:01:58.728, 15, 3, 12361, 21.71, 30
2026/08/16 01:02:00.729, 5, 0, 12373, 21.73, 30
2026/08/16 01:02:02.729, 2, 1, 12393, 21.43, 30
2026/08/16 01:02:04.730, 0, 0, 12349, 21.48, 30
2026/08/16 01:02:06.730, 4, 1, 12317, 21.69, 30
2026/08/16 01:02:08.730, 27, 3, 12393, 21.50, 30
2026/08/16 01:02:10.731, 3, 1, 12329, 21.47, 30
2026/08/16 01:02:12.731, 3, 0, 12385, 21.30, 30
2026/08/16 01:02:14.732, 15, 3, 12365, 21.62, 30
2026/08/16 01:02:16.732, 19, 2, 12345, 22.07, 30
2026/08/16 01:02:18.733, 3, 1, 12381, 22.03, 30
2026/08/16 01:02:20.733, 0, 1, 12377, 21.91, 30
2026/08/16 01:02:22.734, 12, 1, 12373, 21.41, 30
2026/08/16 01:02:24.735, 12, 1, 12341, 21.67, 30
2026/08/16 01:02:26.735, 3, 1, 12393, 22.04, 30
2026/08/16 01:02:28.735, 9, 1, 12333, 21.85, 30
2026/08/16 01:02:30.736, 10, 2, 12405, 22.43, 30
2026/08/16 01:02:32.736, 18, 2, 12349, 22.00, 30
2026/08/16 01:02:34.737, 0, 0, 12385, 22.36, 30
2026/08/16 01:02:36.737, 16, 2, 12321, 22.99, 30
2026/08/16 01:02:38.738, 10, 1, 12329, 23.13, 30
2026/08/16 01:02:40.738, 0, 1, 12373, 22.30, 30
2026/08/16 01:02:42.738, 0, 0, 12381, 22.16, 30
2026/08/16 01:02:44.739, 17, 3, 12361, 22.47, 30
2026/08/16 01:02:46.739, 0, 0, 12353, 22.63, 30
2026/08/16 01:02:48.740, 7, 1, 12393, 22.70, 30
2026/08/16 01:02:50.741, 12, 2, 12373, 22.16, 30
2026/08/16 01:02:52.741, 19, 3, 12369, 22.65, 29
2026/08/16 01:02:54.742, 19, 3, 12405, 23.08, 29
2026/08/16 01:02:56.743, 0, 0, 12313, 22.25, 29
2026/08/16 01:02:58.744, 0, 0, 12361, 21.82, 29
2026/08/16 01:03:00.744, 15, 1, 12369, 21.93, 29
2026/08/16 01:03:02.745, 27, 4, 12393, 22.07, 29
2026/08/16 01:03:04.746, 7, 1, 12393, 21.71, 29
2026/08/16 01:03:06.747, 20, 3, 12357, 21.93, 29
2026/08/16 01:03:08.747, 25, 3, 12361, 21.65, 29
2026/08/16 01:03:10.747, 16, 2, 12373, 22.34, 29
2026/08/16 01:03:12.748, 26, 7, 12353, 22.38, 29
2026/08/16 01:03:14.748, 18, 2, 12385, 22.07, 29
2026/08/16 01:03:16.749, 24, 2, 12361, 21.58, 29
2026/08/16 01:03:18.749, 0, 0, 12369, 22.96, 29
2026/08/16 01:03:20.750, 1, 1, 12373, 21.83, 29
2026/08/16 01:03:22.750, 21, 2, 12373, 22.78, 29
2026/08/16 01:03:24.750, 7, 1, 12349, 22.20, 29
2026/08/16 01:03:26.751, 11, 1, 12301, 22.04, 29
2026/08/16 01:03:28.752, 6, 2, 12365, 22.63, 29
2026/08/16 01:03:30.752, 47, 5, 12345, 22.07, 29
2026/08/16 01:03:32.752, 16, 4, 12385, 22.01, 29
2026/08/16 01:03:34.753, 16, 2, 12349, 22.51, 29
2026/08/16 01:03:36.753, 19, 2, 12361, 23.08, 29
2026/08/16 01:03:38.754, 7, 1, 12353, 22.34, 29
2026/08/16 01:03:40.754, 0, 0, 12361, 22.09, 29
2026/08/16 01:03:42.755, 21, 2, 12349, 23.27, 29
2026/08/16 01:03:44.755, 0, 0, 12393, 21.94, 29
2026/08/16 01:03:46.756, 47, 9, 12349, 21.99, 29
2026/08/16 01:03:48.756, 17, 3, 12373, 22.37, 29
2026/08/16 01:03:50.757, 3, 0, 12361, 22.77, 29
2026/08/16 01:03:52.757, 6, 2, 12361, 22.09, 29
2026/08/16 01:03:54.760, 27, 3, 12361, 22.37, 29
2026/08/16 01:03:56.761, 15, 1, 12317, 22.48, 29
2026/08/16 01:03:58.761, 6, 0, 12393, 20.83, 29
2026/08/16 01:04:00.762, 8, 1, 12381, 21.70, 29
2026/08/16 01:04:02.763, 26, 2, 12349, 21.45, 29
2026/08/16 01:04:04.763, 7, 1, 12369, 22.48, 29
2026/08/16 01:04:06.764, 13, 1, 12333, 22.40, 29
2026/08/16 01:04:08.764, 8, 0, 12357, 22.39, 29
2026/08/16 01:04:10.764, 4, 1, 12393, 22.04, 29
2026/08/16 01:04:12.765, 12, 1, 12325, 22.35, 29
2026/08/16 01:04:14.765, 22, 3, 12365, 22.96, 29
2026/08/16 01:04:16.766, 13, 2, 12373, 21.51, 29
2026/08/16 01:04:18.767, 3, 0, 12349, 21.76, 29
2026/08/16 01:04:20.768, 6, 1, 12381, 21.88, 29
2026/08/16 01:04:22.769, 20, 3, 12337, 21.88, 29
2026/08/16 01:04:24.770, 28, 3, 12381, 21.96, 29
2026/08/16 01:04:26.770, 11, 2, 12329, 22.17, 29
2026/08/16 01:04:28.771, 22, 4, 12405, 22.90, 29
2026/08/16 01:04:30.771, 6, 0, 12297, 21.58, 29
2026/08/16 01:04:32.772, 0, 0, 12333, 22.41, 29
2026/08/16 01:04:34.772, 19, 2, 12393, 22.37, 29
2026/08/16 01:04:36.773, 16, 1, 12381, 22.72, 29
2026/08/16 01:04:38.777, 7, 1, 12357, 22.05, 29
2026/08/16 01:04:40.779, 6, 1, 12381, 22.55, 29
2026/08/16 01:04:42.780, 9, 0, 12349, 22.68, 29
2026/08/16 01:04:44.782, 3, 0, 12361, 22.56, 29
2026/08/16 01:04:46.783, 3, 0, 12341, 22.23, 29
2026/08/16 01:04:48.784, 20, 2, 12349, 21.88, 29
2026/08/16 01:04:50.785, 18, 3, 12393, 22.04, 29
2026/08/16 01:04:52.785, 5, 0, 12373, 22.02, 29
2026/08/16 01:04:54.785, 8, 2, 12317, 21.83, 29
2026/08/16 01:04:56.786, 30, 4, 12381, 21.92, 29
2026/08/16 01:04:58.786, 3, 1, 12353, 22.03, 29
2026/08/16 01:05:00.787, 13, 2, 12393, 22.28, 29
2026/08/16 01:05:02.787, 7, 2, 12361, 23.03, 29
2026/08/16 01:05:04.788, 5, 0, 12409, 22.16, 29
2026/08/16 01:05:06.788, 10, 2, 12381, 21.81, 29
2026/08/16 01:05:08.789, 15, 2, 12361, 21.99, 29
2026/08/16 01:05:10.789, 0, 0, 12341, 21.53, 29
2026/08/16 01:05:12.790, 13, 0, 12361, 22.46, 29
2026/08/16 01:05:14.790, 3, 1, 12377, 21.93, 29
2026/08/16 01:05:16.791, 8, 0, 12349, 22.09, 29
2026/08/16 01:05:18.792, 3, 1, 12373, 23.02, 29
2026/08/16 01:05:20.795, 5, 0, 12381, 21.66, 29
2026/08/16 01:05:22.796, 16, 2, 12361, 22.07, 29
2026/08/16 01:05:24.797, 21, 3, 12369, 21.97, 29
2026/08/16 01:05:26.798, 14, 2, 12373, 22.24, 29
2026/08/16 01:05:28.798, 15, 1, 12345, 22.24, 29
2026/08/16 01:05:30.800, 0, 0, 12325, 21.75, 29
2026/08/16 01:05:32.800, 30, 4, 12393, 24.53, 29
2026/08/16 01:05:34.801, 12, 0, 12381, 22.36, 29
2026/08/16 01:05:36.801, 17, 3, 12353, 23.15, 29
2026/08/16 01:05:38.802, 0, 0, 12393, 22.59, 29
2026/08/16 01:05:40.802, 8, 2, 12345, 21.99, 29
2026/08/16 01:05:42.803, 22, 2, 12417, 23.09, 29
2026/08/16 01:05:44.803, 20, 2, 12357, 22.09, 29
2026/08/16 01:05:46.806, 12, 2, 12361, 22.05, 29
2026/08/16 01:05:48.810, 16, 2, 12381, 22.74, 29
2026/08/16 01:05:50.811, 17, 2, 12373, 22.10, 29
2026/08/16 01:05:52.812, 0, 0, 12337, 22.47, 29
2026/08/16 01:05:54.815, 2, 1, 12373, 23.92, 29
2026/08/16 01:05:56.816, 9, 1, 12353, 22.85, 29
2026/08/16 01:05:58.816, 6, 0, 12361, 22.45, 29
2026/08/16 01:06:00.817, 17, 1, 12381, 23.33, 29
2026/08/16 01:06:02.818, 4, 1, 12333, 22.58, 29
2026/08/16 01:06:04.818, 14, 4, 12353, 23.00, 29
2026/08/16 01:06:06.823, 15, 2, 12361, 23.26, 29
2026/08/16 01:06:08.824, 16, 3, 12385, 23.33, 29
2026/08/16 01:06:10.824, 3, 1, 12333, 22.57, 29
2026/08/16 01:06:12.824, 4, 1, 12385, 23.60, 29
2026/08/16 01:06:14.825, 14, 1, 12353, 22.15, 29
2026/08/16 01:06:16.825, 6, 1, 12361, 22.16, 29
2026/08/16 01:06:18.826, 8, 1, 12361, 22.34, 29
2026/08/16 01:06:20.832, 0, 0, 12329, 21.95, 29
2026/08/16 01:06:22.833, 21, 4, 12369, 22.52, 29
2026/08/16 01:06:24.834, 1, 1, 12353, 22.39, 29
2026/08/16 01:06:26.835, 7, 1, 12345, 22.28, 29
2026/08/16 01:06:28.837, 8, 1, 12317, 21.99, 29
2026/08/16 01:06:30.838, 17, 2, 12393, 22.73, 29
2026/08/16 01:06:32.838, 0, 0, 12353, 22.14, 29
2026/08/16 01:06:34.838, 0, 0, 12313, 22.85, 29
2026/08/16 01:06:36.839, 15, 0, 12381, 22.66, 29
2026/08/16 01:06:38.840, 17, 1, 12385, 22.11, 29
2026/08/16 01:06:40.841, 13, 1, 12321, 21.54, 29
2026/08/16 01:06:42.841, 17, 3, 12405, 23.72, 29
2026/08/16 01:06:44.842, 18, 2, 12349, 21.91, 29
2026/08/16 01:06:46.842, 14, 2, 12381, 22.54, 29
2026/08/16 01:06:48.843, 8, 1, 12329, 21.93, 29
2026/08/16 01:06:50.844, 0, 0, 12373, 22.74, 29
2026/08/16 01:06:52.844, 19, 3, 12365, 22.63, 29
2026/08/16 01:06:54.848, 15, 1, 12349, 22.58, 29
2026/08/16 01:06:56.849, 5, 0, 12381, 23.96, 29
2026/08/16 01:06:58.849, 21, 2, 12357, 22.57, 29
2026/08/16 01:07:00.849, 19, 2, 12373, 23.14, 29
2026/08/16 01:07:02.850, 0, 0, 12361, 22.55, 29
2026/08/16 01:07:04.851, 34, 4, 12349, 23.18, 29
2026/08/16 01:07:06.851, 3, 1, 12401, 22.21, 29
2026/08/16 01:07:08.852, 7, 2, 12341, 22.14, 29
2026/08/16 01:07:10.852, 30, 4, 12373, 22.76, 29
2026/08/16 01:07:12.853, 5, 0, 12365, 22.38, 29
2026/08/16 01:07:14.853, 29, 5, 12361, 22.49, 29
2026/08/16 01:07:16.854, 16, 4, 12385, 22.08, 29
2026/08/16 01:07:18.854, 8, 0, 12373, 22.49, 29
2026/08/16 01:07:20.855, 7, 2, 12369, 22.18, 29
2026/08/16 01:07:22.856, 22, 4, 12365, 22.66, 29
2026/08/16 01:07:24.856, 6, 1, 12361, 22.75, 29
2026/08/16 01:07:26.856, 22, 2, 12369, 22.65, 29
2026/08/16 01:07:28.857, 24, 3, 12393, 23.53, 29
2026/08/16 01:07:30.858, 12, 1, 12329, 23.34, 29
2026/08/16 01:07:32.859, 8, 2, 12373, 22.99, 29
2026/08/16 01:07:34.859, 16, 2, 12369, 23.54, 29
2026/08/16 01:07:36.860, 0, 0, 12353, 21.66, 29
2026/08/16 01:07:38.860, 23, 2, 12329, 22.65, 29
2026/08/16 01:07:40.861, 9, 0, 12393, 22.54, 29
2026/08/16 01:07:42.861, 11, 2, 12361, 22.39, 29
2026/08/16 01:07:44.862, 12, 1, 12373, 22.07, 29
2026/08/16 01:07:46.863, 31, 3, 12353, 21.28, 29
2026/08/16 01:07:48.866, 11, 2, 12353, 22.56, 29
2026/08/16 01:07:50.867, 2, 1, 12373, 22.46, 29
2026/08/16 01:07:52.868, 0, 0, 12341, 22.13, 29
2026/08/16 01:07:54.868, 0, 0, 12381, 22.35, 29
2026/08/16 01:07:56.869, 28, 4, 12369, 22.99, 29
2026/08/16 01:07:58.869, 0, 0, 12393, 21.63, 29
2026/08/16 01:08:00.869, 19, 2, 12361, 21.95, 29
2026/08/16 01:08:02.870, 21, 2, 12381, 21.81, 29
2026/08/16 01:08:04.870, 27, 3, 12373, 22.48, 29
2026/08/16 01:08:06.871, 32, 6, 12361, 23.08, 29
2026/08/16 01:08:08.871, 19, 3, 12393, 22.53, 29
2026/08/16 01:08:10.873, 4, 1, 12381, 22.12, 29
2026/08/16 01:08:12.873, 21, 3, 12349, 22.42, 29
2026/08/16 01:08:14.881, 6, 2, 12393, 22.41, 29
2026/08/16 01:08:16.882, 33, 4, 12349, 22.41, 29
2026/08/16 01:08:18.882, 5, 1, 12381, 23.67, 29
2026/08/16 01:08:20.883, 0, 0, 12365, 21.71, 29
2026/08/16 01:08:22.883, 0, 0, 12341, 23.24, 29
2026/08/16 01:08:24.884, 19, 2, 12341, 22.87, 29
2026/08/16 01:08:26.885, 6, 0, 12373, 23.30, 29
2026/08/16 01:08:28.885, 12, 1, 12361, 22.07, 29
2026/08/16 01:08:30.893, 4, 1, 12361, 22.29, 29
2026/08/16 01:08:32.894, 4, 2, 12305, 21.66, 29
2026/08/16 01:08:34.894, 7, 1, 12365, 22.38, 29
2026/08/16 01:08:36.895, 2, 0, 12361, 22.33, 29
2026/08/16 01:08:38.896, 3, 0, 12393, 22.25, 29
2026/08/16 01:08:40.897, 15, 1, 12361, 22.11, 29
2026/08/16 01:08:42.898, 9, 1, 12337, 22.57, 29
2026/08/16 01:08:44.898, 19, 2, 12405, 22.59, 29
2026/08/16 01:08:46.899, 7, 2, 12321, 21.75, 29
2026/08/16 01:08:48.899, 8, 1, 12393, 22.58, 29
2026/08/16 01:08:50.900, 20, 3, 12341, 21.65, 29
2026/08/16 01:08:52.900, 6, 2, 12385, 21.40, 29
2026/08/16 01:08:54.901, 30, 4, 12393, 22.50, 29
2026/08/16 01:08:56.901, 2, 1, 12357, 21.75, 29
2026/08/16 01:08:58.902, 17, 3, 12425, 21.80, 29
2026/08/16 01:09:00.902, 18, 2, 12389, 21.86, 29
2026/08/16 01:09:02.902, 2, 0, 12337, 21.06, 29
2026/08/16 01:09:04.903, 37, 9, 12409, 22.35, 29
2026/08/16 01:09:06.903, 8, 1, 12349, 20.81, 29
2026/08/16 01:09:08.904, 22, 3, 12405, 22.19, 29
2026/08/16 01:09:10.904, 28, 2, 12357, 21.67, 29
2026/08/16 01:09:12.905, 0, 0, 12317, 21.77, 29
2026/08/16 01:09:14.905, 26, 4, 12409, 22.70, 29
2026/08/16 01:09:16.905, 7, 1, 12337, 21.29, 29
2026/08/16 01:09:18.906, 8, 1, 12385, 22.60, 29
2026/08/16 01:09:20.907, 0, 0, 12345, 21.80, 29
2026/08/16 01:09:22.907, 26, 3, 12393, 22.71, 29
2026/08/16 01:09:24.908, 0, 0, 12369, 22.26, 29
2026/08/16 01:09:26.908, 12, 1, 12357, 22.14, 29
2026/08/16 01:09:28.909, 18, 3, 12361, 22.08, 29
2026/08/16 01:09:30.909, 6, 2, 12353, 22.21, 29
2026/08/16 01:09:32.909, 14, 3, 12393, 22.82, 29
2026/08/16 01:09:34.910, 28, 3, 12369, 22.23, 29
2026/08/16 01:09:36.911, 10, 2, 12385, 23.52, 29
2026/08/16 01:09:38.911, 4, 1, 12349, 22.16, 29
2026/08/16 01:09:40.912, 25, 5, 12385, 21.91, 29
2026/08/16 01:09:42.912, 3, 2, 12365, 22.48, 29
2026/08/16 01:09:44.913, 4, 0, 12373, 22.28, 29
2026/08/16 01:09:46.913, 0, 0, 12353, 21.32, 29
2026/08/16 01:09:48.914, 3, 0, 12393, 22.74, 29
2026/08/16 01:09:50.915, 2, 2, 12353, 21.13, 29
2026/08/16 01:09:52.915, 10, 1, 12361, 22.24, 29
2026/08/16 01:09:54.916, 5, 1, 12405, 21.89, 29
2026/08/16 01:09:56.917, 18, 2, 12349, 22.16, 29
2026/08/16 01:09:58.917, 0, 0, 12393, 22.11, 29
2026/08/16 01:10:00.920, 3, 2, 12329, 21.62, 29
2026/08/16 01:10:02.921, 14, 3, 12393, 22.18, 29
2026/08/16 01:10:04.921, 0, 0, 12337, 22.47, 29
2026/08/16 01:10:06.921, 4, 1, 12393, 22.46, 29
2026/08/16 01:10:08.922, 18, 5, 12349, 21.52, 29
2026/08/16 01:10:10.922, 8, 1, 12409, 21.28, 29
2026/08/16 01:10:12.923, 14, 1, 12357, 21.57, 29
2026/08/16 01:10:14.923, 2, 0, 12357, 21.60, 29
2026/08/16 01:10:16.924, 10, 3, 12341, 22.31, 29
2026/08/16 01:10:18.924, 30, 4, 12381, 22.16, 29
2026/08/16 01:10:20.925, 5, 1, 12333, 22.32, 29
2026/08/16 01:10:22.925, 22, 4, 12409, 21.94, 29
2026/08/16 01:10:24.926, 0, 0, 12357, 21.77, 29
2026/08/16 01:10:26.926, 5, 1, 12361, 22.52, 29
2026/08/16 01:10:28.927, 3, 0, 12393, 21.75, 29
2026/08/16 01:10:30.927, 11, 2, 12365, 21.43, 29
2026/08/16 01:10:32.928, 15, 2, 12385, 23.17, 29
2026/08/16 01:10:34.929, 10, 1, 12405, 21.61, 29
2026/08/16 01:10:36.930, 40, 9, 12373, 22.19, 29
2026/08/16 01:10:38.931, 0, 0, 12369, 21.89, 29
2026/08/16 01:10:40.931, 3, 0, 12373, 21.69, 29
2026/08/16 01:10:42.932, 15, 1, 12381, 22.48, 29
2026/08/16 01:10:44.933, 7, 0, 12321, 22.07, 29
2026/08/16 01:10:46.937, 0, 0, 12377, 22.52, 29
2026/08/16 01:10:48.938, 11, 2, 12353, 22.18, 29
2026/08/16 01:10:50.938, 44, 7, 12397, 22.58, 29
2026/08/16 01:10:52.939, 1, 2, 12321, 22.06, 29
2026/08/16 01:10:54.939, 28, 4, 12353, 23.53, 29
2026/08/16 01:10:56.940, 10, 2, 12341, 23.28, 30
2026/08/16 01:10:58.940, 5, 1, 12385, 22.42, 30
2026/08/16 01:11:00.941, 5, 1, 12317, 22.54, 30
2026/08/16 01:11:02.942, 10, 2, 12405, 25.93, 30
2026/08/16 01:11:04.942, 5, 2, 12361, 22.45, 30
2026/08/16 01:11:06.942, 7, 2, 12353, 22.99, 30
2026/08/16 01:11:08.943, 1, 1, 12337, 22.39, 30
2026/08/16 01:11:10.943, 15, 2, 12381, 22.45, 30
2026/08/16 01:11:12.944, 22, 3, 12377, 22.04, 30
2026/08/16 01:11:14.944, 18, 2, 12373, 22.07, 30
2026/08/16 01:11:16.945, 9, 1, 12345, 22.75, 30
2026/08/16 01:11:18.945, 16, 2, 12381, 22.88, 30
2026/08/16 01:11:20.945, 5, 0, 12357, 21.67, 30
2026/08/16 01:11:22.946, 35, 6, 12381, 22.20, 30
2026/08/16 01:11:24.946, 11, 0, 12393, 21.66, 30
2026/08/16 01:11:26.947, 26, 2, 12341, 21.77, 30
2026/08/16 01:11:28.948, 7, 2, 12345, 21.36, 30
2026/08/16 01:11:30.949, 25, 4, 12365, 22.42, 30
2026/08/16 01:11:32.950, 0, 0, 12385, 21.79, 30
2026/08/16 01:11:34.951, 13, 1, 12369, 22.11, 30
2026/08/16 01:11:36.951, 8, 1, 12361, 21.64, 30
2026/08/16 01:11:38.952, 1, 1, 12361, 21.94, 30
2026/08/16 01:11:40.952, 10, 1, 12333, 22.79, 30
2026/08/16 01:11:42.953, 0, 0, 12353, 23.62, 30
2026/08/16 01:11:44.954, 9, 1, 12341, 22.60, 30
2026/08/16 01:11:46.954, 13, 3, 12393, 21.63, 30
2026/08/16 01:11:48.955, 8, 0, 12393, 21.83, 30
2026/08/16 01:11:50.955, 45, 9, 12369, 22.51, 30
2026/08/16 01:11:52.955, 8, 1, 12373, 22.57, 30
2026/08/16 01:11:54.956, 6, 2, 12385, 21.55, 30
2026/08/16 01:11:56.957, 0, 0, 12349, 21.58, 30
2026/08/16 01:11:58.958, 8, 1, 12349, 22.14, 30
2026/08/16 01:12:00.958, 0, 1, 12385, 21.71, 30
2026/08/16 01:12:02.959, 17, 3, 12297, 21.02, 30
2026/08/16 01:12:04.959, 0, 0, 12369, 22.06, 30
2026/08/16 01:12:06.960, 24, 4, 12369, 21.58, 30
2026/08/16 01:12:08.960, 29, 5, 12361, 21.73, 30
2026/08/16 01:12:10.960, 6, 1, 12385, 21.40, 30
2026/08/16 01:12:12.961, 15, 2, 12349, 20.88, 30
2026/08/16 01:12:14.961, 2, 1, 12381, 21.25, 30
2026/08/16 01:12:16.962, 3, 0, 12377, 21.72, 30
2026/08/16 01:12:18.962, 3, 0, 12385, 21.59, 30
2026/08/16 01:12:20.963, 4, 0, 12337, 21.87, 30
2026/08/16 01:12:22.963, 7, 0, 12341, 21.99, 30
2026/08/16 01:12:24.964, 6, 1, 12373, 21.27, 30
2026/08/16 01:12:26.964, 3, 0, 12369, 22.14, 30
2026/08/16 01:12:28.964, 22, 4, 12369, 21.03, 30
2026/08/16 01:12:30.965, 25, 4, 12393, 22.13, 30
2026/08/16 01:12:32.965, 15, 2, 12341, 21.86, 30
2026/08/16 01:12:34.967, 5, 1, 12353, 21.05, 30
2026/08/16 01:12:36.968, 26, 5, 12393, 22.85, 31
2026/08/16 01:12:38.968, 9, 1, 12341, 21.70, 30
2026/08/16 01:12:40.969, 6, 1, 12349, 21.95, 30
2026/08/16 01:12:42.970, 32, 4, 12385, 23.58, 31
2026/08/16 01:12:44.970, 0, 0, 12333, 21.94, 30
2026/08/16 01:12:46.971, 14, 2, 12345, 22.50, 31
2026/08/16 01:12:48.971, 0, 0, 12381, 22.61, 31
2026/08/16 01:12:50.971, 17, 2, 12381, 22.11, 31
2026/08/16 01:12:52.973, 4, 1, 12337, 22.33, 31
2026/08/16 01:12:54.973, 9, 1, 12361, 22.17, 31
2026/08/16 01:12:56.974, 15, 2, 12373, 23.25, 31
2026/08/16 01:12:58.975, 9, 2, 12341, 22.37, 31
2026/08/16 01:13:00.976, 6, 1, 12349, 23.08, 31
2026/08/16 01:13:02.976, 7, 1, 12369, 23.48, 31
2026/08/16 01:13:04.977, 20, 2, 12353, 22.27, 31
2026/08/16 01:13:06.977, 6, 0, 12369, 22.56, 31
2026/08/16 01:13:08.977, 16, 3, 12377, 22.80, 31
2026/08/16 01:13:10.978, 3, 1, 12357, 21.94, 31
2026/08/16 01:13:12.979, 0, 1, 12361, 22.80, 31
2026/08/16 01:13:14.980, 26, 3, 12369, 22.23, 31
2026/08/16 01:13:16.980, 0, 0, 12393, 21.55, 31
2026/08/16 01:13:18.981, 21, 3, 12337, 22.09, 31
2026/08/16 01:13:20.981, 5, 1, 12393, 22.58, 31
2026/08/16 01:13:22.981, 0, 0, 12349, 22.34, 31
2026/08/16 01:13:24.982, 16, 2, 12381, 21.84, 31
2026/08/16 01:13:26.982, 6, 1, 12349, 21.83, 31
2026/08/16 01:13:28.983, 0, 1, 12353, 22.62, 31
2026/08/16 01:13:30.986, 9, 2, 12349, 22.33, 31
2026/08/16 01:13:32.987, 4, 0, 12349, 22.52, 31
2026/08/16 01:13:34.987, 7, 1, 12385, 21.99, 31
2026/08/16 01:13:36.988, 10, 1, 12321, 22.33, 31
2026/08/16 01:13:38.988, 2, 1, 12361, 22.17, 31
2026/08/16 01:13:40.994, 15, 1, 12329, 22.36, 31
2026/08/16 01:13:42.995, 0, 0, 12373, 22.90, 31
2026/08/16 01:13:44.995, 10, 1, 12309, 21.03, 31
2026/08/16 01:13:46.995, 13, 1, 12373, 22.57, 31
2026/08/16 01:13:48.996, 0, 0, 12361, 21.88, 31
2026/08/16 01:13:50.997, 13, 0, 12349, 22.42, 31
2026/08/16 01:13:52.998, 0, 0, 12313, 22.81, 31
2026/08/16 01:13:54.998, 8, 1, 12417, 23.49, 31
2026/08/16 01:13:56.999, 4, 1, 12369, 22.14, 31
2026/08/16 01:13:58.999, 18, 1, 12357, 22.93, 31
2026/08/16 01:14:01.000, 8, 0, 12353, 23.02, 31
2026/08/16 01:14:03.001, 25, 4, 12361, 22.79, 31
2026/08/16 01:14:05.001, 4, 0, 12381, 22.63, 31
2026/08/16 01:14:07.002, 10, 1, 12365, 22.01, 31
2026/08/16 01:14:09.003, 0, 0, 12365, 22.93, 31
2026/08/16 01:14:11.003, 0, 0, 12381, 22.89, 31
2026/08/16 01:14:13.004, 30, 4, 12337, 22.89, 31
2026/08/16 01:14:15.004, 9, 2, 12405, 22.98, 31
2026/08/16 01:14:17.005, 8, 0, 12381, 21.77, 31
2026/08/16 01:14:19.005, 5, 0, 12361, 23.10, 31
2026/08/16 01:14:21.005, 6, 0, 12361, 22.68, 31
2026/08/16 01:14:23.006, 27, 6, 12397, 22.84, 31
2026/08/16 01:14:25.006, 2, 1, 12397, 22.11, 31
2026/08/16 01:14:27.007, 3, 0, 12369, 23.09, 31
2026/08/16 01:14:29.008, 3, 0, 12361, 21.84, 31
2026/08/16 01:14:31.009, 4, 0, 12357, 22.39, 31
2026/08/16 01:14:33.009, 5, 2, 12409, 22.92, 31
2026/08/16 01:14:35.010, 3, 0, 12317, 22.05, 31
2026/08/16 01:14:37.011, 2, 1, 12377, 22.29, 31
2026/08/16 01:14:39.011, 3, 0, 12397, 22.22, 31
2026/08/16 01:14:41.012, 20, 2, 12349, 22.86, 31
2026/08/16 01:14:43.012, 17, 1, 12373, 22.14, 31
2026/08/16 01:14:45.013, 17, 2, 12397, 22.13, 31
2026/08/16 01:14:47.014, 0, 0, 12381, 22.28, 31
2026/08/16 01:14:49.015, 14, 3, 12325, 22.08, 31
2026/08/16 01:14:51.016, 16, 3, 12429, 22.78, 31
2026/08/16 01:14:53.016, 4, 1, 12397, 21.86, 31
2026/08/16 01:14:55.017, 14, 1, 12337, 23.22, 31
2026/08/16 01:14:57.018, 17, 2, 12409, 22.81, 31
2026/08/16 01:14:59.019, 0, 0, 12385, 22.87, 31
2026/08/16 01:15:01.019, 15, 1, 12421, 23.33, 31
2026/08/16 01:15:03.020, 1, 1, 12361, 21.88, 31
2026/08/16 01:15:05.020, 15, 2, 12345, 22.70, 31
2026/08/16 01:15:07.021, 4, 1, 12401, 22.86, 31
2026/08/16 01:15:09.023, 4, 1, 12341, 21.54, 32
2026/08/16 01:15:11.024, 17, 1, 12405, 22.20, 32
2026/08/16 01:15:13.025, 10, 1, 12445, 22.29, 32
2026/08/16 01:15:15.025, 5, 1, 12345, 22.17, 32
2026/08/16 01:15:17.026, 13, 3, 12397, 22.42, 32
2026/08/16 01:15:19.026, 0, 0, 12389, 22.20, 32
2026/08/16 01:15:21.027, 20, 4, 12361, 21.96, 32
2026/08/16 01:15:23.028, 0, 0, 12397, 22.18, 32
2026/08/16 01:15:25.028, 2, 0, 12417, 21.72, 32
2026/08/16 01:15:27.029, 6, 1, 12381, 21.80, 32
2026/08/16 01:15:29.029, 9, 1, 12409, 21.89, 32
2026/08/16 01:15:31.030, 0, 0, 12357, 22.00, 32
2026/08/16 01:15:33.031, 6, 2, 12397, 22.67, 32
2026/08/16 01:15:35.032, 22, 4, 12377, 22.24, 32
2026/08/16 01:15:37.032, 6, 0, 12397, 22.14, 32
2026/08/16 01:15:39.032, 35, 5, 12369, 23.33, 32
2026/08/16 01:15:41.033, 0, 0, 12349, 22.21, 32
2026/08/16 01:15:43.033, 22, 4, 12433, 22.07, 32
2026/08/16 01:15:45.034, 0, 0, 12365, 22.07, 32
2026/08/16 01:15:47.034, 14, 1, 12369, 22.94, 32
2026/08/16 01:15:49.035, 2, 2, 12345, 21.55, 32
2026/08/16 01:15:51.035, 18, 1, 12365, 23.80, 32
2026/08/16 01:15:53.036, 1, 1, 12329, 22.42, 32
2026/08/16 01:15:55.037, 0, 0, 12373, 22.76, 32
2026/08/16 01:15:57.037, 9, 1, 12353, 22.23, 32
2026/08/16 01:15:59.038, 0, 0, 12333, 22.69, 32
2026/08/16 01:16:01.038, 26, 4, 12361, 23.12, 32
2026/08/16 01:16:03.039, 16, 1, 12333, 23.13, 32
2026/08/16 01:16:05.039, 4, 0, 12373, 21.90, 32
2026/08/16 01:16:07.040, 18, 2, 12369, 22.10, 32
2026/08/16 01:16:09.040, 18, 3, 12369, 22.97, 32
2026/08/16 01:16:11.045, 5, 1, 12341, 22.28, 32
2026/08/16 01:16:13.047, 0, 0, 12393, 23.06, 32
2026/08/16 01:16:15.047, 26, 2, 12349, 22.97, 32
2026/08/16 01:16:17.048, 1, 1, 12341, 23.12, 32
2026/08/16 01:16:19.057, 0, 0, 12401, 22.26, 32
2026/08/16 01:16:21.058, 10, 2, 12381, 23.40, 32
2026/08/16 01:16:23.058, 23, 3, 12393, 22.81, 32
2026/08/16 01:16:25.059, 3, 1, 12349, 22.76, 32
2026/08/16 01:16:27.059, 6, 1, 12341, 22.32, 32
2026/08/16 01:16:29.060, 0, 0, 12413, 22.99, 32
2026/08/16 01:16:31.060, 8, 1, 12361, 21.90, 32
2026/08/16 01:16:33.062, 21, 2, 12357, 22.42, 32
2026/08/16 01:16:35.063, 26, 5, 12353, 22.39, 32
2026/08/16 01:16:37.063, 27, 7, 12401, 23.29, 32
2026/08/16 01:16:39.064, 13, 1, 12361, 22.57, 32
2026/08/16 01:16:41.064, 4, 1, 12353, 23.39, 32
2026/08/16 01:16:43.064, 5, 1, 12337, 22.73, 32
2026/08/16 01:16:45.065, 20, 2, 12389, 22.88, 32
2026/08/16 01:16:47.065, 0, 0, 12357, 22.83, 32
2026/08/16 01:16:49.066, 28, 3, 12369, 22.85, 32
2026/08/16 01:16:51.067, 22, 3, 12413, 23.63, 32
2026/08/16 01:16:53.067, 0, 0, 12361, 23.22, 32
2026/08/16 01:16:55.068, 11, 2, 12353, 22.57, 32
2026/08/16 01:16:57.068, 5, 1, 12373, 22.46, 32
2026/08/16 01:16:59.069, 17, 2, 12357, 22.15, 32
2026/08/16 01:17:01.069, 7, 1, 12389, 22.45, 32
2026/08/16 01:17:03.070, 14, 2, 12373, 23.02, 32
2026/08/16 01:17:05.070, 27, 6, 12385, 22.49, 32
2026/08/16 01:17:07.071, 1, 0, 12373, 22.87, 32
2026/08/16 01:17:09.072, 33, 6, 12337, 22.93, 32
2026/08/16 01:17:11.072, 20, 3, 12425, 23.19, 32
2026/08/16 01:17:13.073, 9, 3, 12361, 22.96, 32
2026/08/16 01:17:15.073, 21, 4, 12333, 22.80, 32
2026/08/16 01:17:17.073, 3, 1, 12373, 22.83, 32
2026/08/16 01:17:19.074, 13, 2, 12381, 22.51, 32
2026/08/16 01:17:21.075, 3, 1, 12373, 22.16, 32
2026/08/16 01:17:23.076, 12, 1, 12369, 22.83, 32
2026/08/16 01:17:25.076, 13, 2, 12361, 22.51, 32
2026/08/16 01:17:27.077, 3, 1, 12365, 22.54, 32
2026/08/16 01:17:29.077, 13, 2, 12333, 22.83, 32
2026/08/16 01:17:31.078, 16, 2, 12353, 23.54, 32
2026/08/16 01:17:33.079, 3, 1, 12349, 22.70, 32
2026/08/16 01:17:35.080, 0, 1, 12373, 22.60, 32
2026/08/16 01:17:37.080, 16, 2, 12361, 22.43, 32
2026/08/16 01:17:39.081, 6, 1, 12325, 22.52, 32
2026/08/16 01:17:41.081, 5, 1, 12345, 23.27, 32
2026/08/16 01:17:43.082, 5, 0, 12393, 22.96, 32
2026/08/16 01:17:45.082, 5, 0, 12369, 22.24, 32
2026/08/16 01:17:47.083, 6, 1, 12357, 22.12, 32
2026/08/16 01:17:49.084, 11, 3, 12393, 22.83, 32
2026/08/16 01:17:51.087, 16, 3, 12317, 23.10, 32
2026/08/16 01:17:53.088, 8, 1, 12393, 23.65, 32
2026/08/16 01:17:55.088, 9, 1, 12393, 22.82, 32
2026/08/16 01:17:57.091, 0, 0, 12337, 21.98, 32
2026/08/16 01:17:59.092, 5, 1, 12405, 22.57, 32
2026/08/16 01:18:01.092, 33, 6, 12381, 22.84, 32
2026/08/16 01:18:03.093, 3, 1, 12333, 22.32, 32
2026/08/16 01:18:05.093, 23, 3, 12381, 23.59, 32
2026/08/16 01:18:07.093, 2, 1, 12393, 22.23, 32
2026/08/16 01:18:09.094, 24, 3, 12381, 23.87, 32
2026/08/16 01:18:11.095, 0, 0, 12373, 22.35, 32
2026/08/16 01:18:13.095, 30, 3, 12361, 22.62, 32
2026/08/16 01:18:15.096, 12, 2, 12365, 23.60, 32
2026/08/16 01:18:17.098, 21, 3, 12341, 23.45, 32
2026/08/16 01:18:19.099, 0, 0, 12369, 22.53, 32
2026/08/16 01:18:21.099, 14, 2, 12353, 22.54, 32
2026/08/16 01:18:23.099, 14, 1, 12321, 22.68, 32
2026/08/16 01:18:25.100, 20, 3, 12369, 22.63, 32
2026/08/16 01:18:27.101, 11, 1, 12361, 23.00, 32
2026/08/16 01:18:29.102, 0, 0, 12317, 22.69, 32
2026/08/16 01:18:31.102, 34, 4, 12349, 22.53, 32
2026/08/16 01:18:33.102, 15, 1, 12381, 22.88, 32
2026/08/16 01:18:35.103, 0, 0, 12329, 22.58, 32
2026/08/16 01:18:37.103, 6, 2, 12393, 23.18, 32
2026/08/16 01:18:39.117, 31, 3, 12345, 22.44, 32
2026/08/16 01:18:41.118, 23, 3, 12349, 22.12, 32
2026/08/16 01:18:43.118, 11, 1, 12361, 22.47, 32
2026/08/16 01:18:45.119, 11, 2, 12341, 22.36, 32
2026/08/16 01:18:47.119, 12, 3, 12337, 21.84, 32
2026/08/16 01:18:49.120, 0, 0, 12381, 22.50, 32
2026/08/16 01:18:51.120, 0, 0, 12341, 22.67, 32
2026/08/16 01:18:53.121, 19, 2, 12353, 22.31, 32
2026/08/16 01:18:55.121, 6, 1, 12357, 22.34, 32
2026/08/16 01:18:57.125, 19, 2, 12381, 22.56, 32
2026/08/16 01:18:59.126, 11, 1, 12321, 22.06, 32
2026/08/16 01:19:01.129, 0, 0, 12341, 22.72, 32
2026/08/16 01:19:03.130, 2, 0, 12381, 22.91, 32
2026/08/16 01:19:05.130, 15, 1, 12349, 22.30, 32
2026/08/16 01:19:07.131, 33, 6, 12369, 22.82, 32
2026/08/16 01:19:09.131, 3, 0, 12357, 21.92, 32
2026/08/16 01:19:11.132, 8, 0, 12373, 22.82, 32
2026/08/16 01:19:13.132, 0, 0, 12317, 22.33, 32
2026/08/16 01:19:15.133, 13, 2, 12385, 22.62, 32
2026/08/16 01:19:17.134, 13, 1, 12349, 22.15, 32
2026/08/16 01:19:19.134, 18, 3, 12381, 22.50, 32
2026/08/16 01:19:21.135, 9, 1, 12349, 23.30, 32
2026/08/16 01:19:23.136, 33, 7, 12385, 22.35, 32
2026/08/16 01:19:25.136, 7, 1, 12369, 22.70, 32
2026/08/16 01:19:27.137, 5, 0, 12369, 23.08, 32
2026/08/16 01:19:29.137, 10, 2, 12341, 23.02, 32
2026/08/16 01:19:31.137, 10, 0, 12369, 23.62, 32
2026/08/16 01:19:33.138, 0, 1, 12349, 22.43, 32
2026/08/16 01:19:35.139, 12, 3, 12385, 22.90, 31
2026/08/16 01:19:37.140, 9, 1, 12373, 22.53, 31
2026/08/16 01:19:39.140, 2, 1, 12369, 22.40, 31
2026/08/16 01:19:41.145, 20, 3, 12373, 22.50, 31
2026/08/16 01:19:43.146, 0, 0, 12341, 23.17, 31
2026/08/16 01:19:45.147, 12, 2, 12397, 22.84, 31
2026/08/16 01:19:47.147, 6, 2, 12373, 22.11, 31
2026/08/16 01:19:49.147, 12, 1, 12357, 22.49, 31
2026/08/16 01:19:51.149, 0, 0, 12381, 22.26, 31
2026/08/16 01:19:53.150, 16, 1, 12369, 23.59, 31
2026/08/16 01:19:55.150, 17, 2, 12369, 23.03, 31
2026/08/16 01:19:57.151, 0, 0, 12381, 22.07, 31
2026/08/16 01:19:59.151, 16, 2, 12365, 22.18, 31
2026/08/16 01:20:01.151, 27, 2, 12369, 22.89, 31
2026/08/16 01:20:03.152, 24, 1, 12369, 22.38, 31
2026/08/16 01:20:05.153, 5, 1, 12381, 22.75, 31
2026/08/16 01:20:07.153, 3, 0, 12341, 22.21, 31
2026/08/16 01:20:09.154, 34, 6, 12369, 22.34, 31
2026/08/16 01:20:11.155, 13, 0, 12301, 23.02, 31
2026/08/16 01:20:13.155, 0, 0, 12385, 23.32, 31
2026/08/16 01:20:15.155, 33, 4, 12341, 22.34, 31
2026/08/16 01:20:17.156, 21, 3, 12393, 23.20, 31
2026/08/16 01:20:19.157, 26, 2, 12353, 22.25, 31
2026/08/16 01:20:21.158, 18, 2, 12329, 22.53, 31
2026/08/16 01:20:23.159, 23, 3, 12365, 23.41, 31
2026/08/16 01:20:25.159, 4, 0, 12361, 22.08, 31
2026/08/16 01:20:27.160, 7, 1, 12373, 22.56, 31
2026/08/16 01:20:29.160, 14, 1, 12361, 22.41, 31
2026/08/16 01:20:31.161, 13, 2, 12369, 22.22, 31
2026/08/16 01:20:33.161, 18, 2, 12417, 22.63, 31
2026/08/16 01:20:35.162, 9, 1, 12381, 22.45, 31
2026/08/16 01:20:37.162, 0, 0, 12373, 22.52, 31
2026/08/16 01:20:39.163, 15, 2, 12381, 22.58, 31
2026/08/16 01:20:41.164, 22, 3, 12381, 22.43, 31
2026/08/16 01:20:43.164, 8, 1, 12321, 22.44, 31
2026/08/16 01:20:45.164, 18, 3, 12393, 22.44, 31
2026/08/16 01:20:47.165, 2, 1, 12405, 21.72, 31
2026/08/16 01:20:49.165, 41, 11, 12369, 22.45, 31
2026/08/16 01:20:51.166, 11, 2, 12393, 21.83, 31
2026/08/16 01:20:53.167, 3, 1, 12381, 22.74, 31
2026/08/16 01:20:55.168, 28, 2, 12337, 22.44, 31
2026/08/16 01:20:57.168, 57, 7, 12345, 22.57, 31
2026/08/16 01:20:59.169, 13, 1, 12385, 23.07, 31
2026/08/16 01:21:01.169, 4, 0, 12337, 21.84, 31
2026/08/16 01:21:03.174, 7, 1, 12381, 21.79, 31
2026/08/16 01:21:05.175, 17, 3, 12393, 21.89, 31
2026/08/16 01:21:07.182, 13, 1, 12349, 22.19, 31
2026/08/16 01:21:09.183, 8, 1, 12381, 21.81, 31
2026/08/16 01:21:11.183, 4, 0, 12385, 21.89, 30
2026/08/16 01:21:13.184, 13, 2, 12349, 22.35, 30
2026/08/16 01:21:15.184, 20, 3, 12385, 22.43, 30
2026/08/16 01:21:17.184, 4, 1, 12361, 21.44, 31
2026/08/16 01:21:19.185, 12, 1, 12341, 21.36, 30
2026/08/16 01:21:21.186, 23, 3, 12385, 23.20, 30
2026/08/16 01:21:23.187, 11, 1, 12393, 21.76, 30
2026/08/16 01:21:25.187, 9, 2, 12381, 22.10, 30
2026/08/16 01:21:27.188, 0, 0, 12369, 21.70, 30
2026/08/16 01:21:29.188, 4, 0, 12405, 22.27, 30
2026/08/16 01:21:31.189, 10, 1, 12333, 22.17, 30
2026/08/16 01:21:33.189, 0, 0, 12361, 22.28, 30
2026/08/16 01:21:35.190, 22, 3, 12365, 21.82, 30
2026/08/16 01:21:37.191, 6, 1, 12393, 23.47, 30
2026/08/16 01:21:39.191, 54, 10, 12365, 22.77, 30
2026/08/16 01:21:41.195, 6, 0, 12373, 22.56, 30
2026/08/16 01:21:43.196, 6, 2, 12409, 21.69, 30
2026/08/16 01:21:45.196, 25, 4, 12421, 22.54, 30
2026/08/16 01:21:47.197, 17, 3, 12337, 22.54, 30
2026/08/16 01:21:49.197, 12, 1, 12433, 23.59, 30
2026/08/16 01:21:51.198, 0, 0, 12341, 22.79, 30
2026/08/16 01:21:53.198, 6, 0, 12441, 22.01, 30
2026/08/16 01:21:55.199, 22, 4, 12441, 23.59, 30
2026/08/16 01:21:57.199, 8, 1, 12381, 22.73, 30
2026/08/16 01:21:59.200, 40, 9, 12405, 23.27, 30
2026/08/16 01:22:01.200, 9, 1, 12361, 22.41, 30
2026/08/16 01:22:03.201, 18, 5, 12409, 24.23, 30
2026/08/16 01:22:05.201, 12, 2, 12453, 22.47, 30
2026/08/16 01:22:07.202, 23, 3, 12373, 22.96, 30
2026/08/16 01:22:09.203, 4, 1, 12389, 22.84, 30
2026/08/16 01:22:11.204, 2, 0, 12373, 22.83, 30
2026/08/16 01:22:13.204, 5, 1, 12453, 23.38, 30
2026/08/16 01:22:15.205, 2, 2, 12329, 22.66, 30
2026/08/16 01:22:17.206, 0, 0, 12361, 22.50, 30
2026/08/16 01:22:19.206, 0, 0, 12441, 22.39, 30
2026/08/16 01:22:21.207, 19, 2, 12357, 22.53, 30
2026/08/16 01:22:23.207, 9, 2, 12429, 22.18, 30
2026/08/16 01:22:25.208, 0, 0, 12461, 21.96, 30
2026/08/16 01:22:27.211, 3, 0, 12345, 21.89, 30
2026/08/16 01:22:29.212, 12, 2, 12393, 22.66, 30
2026/08/16 01:22:31.212, 0, 0, 12401, 23.26, 30
2026/08/16 01:22:33.216, 7, 2, 12377, 22.21, 30
2026/08/16 01:22:35.218, 26, 3, 12393, 22.08, 30
2026/08/16 01:22:37.218, 7, 1, 12381, 22.56, 30
2026/08/16 01:22:39.219, 10, 1, 12341, 22.33, 30
2026/08/16 01:22:41.219, 22, 3, 12405, 22.69, 30
2026/08/16 01:22:43.220, 3, 1, 12381, 21.60, 30
2026/08/16 01:22:45.221, 9, 0, 12397, 22.30, 30
2026/08/16 01:22:47.221, 0, 0, 12413, 22.74, 30
2026/08/16 01:22:49.222, 1, 1, 12361, 21.56, 30
2026/08/16 01:22:51.223, 12, 1, 12381, 22.73, 30
2026/08/16 01:22:53.223, 0, 0, 12393, 22.15, 30
2026/08/16 01:22:55.224, 0, 0, 12317, 21.83, 30
2026/08/16 01:22:57.224, 23, 3, 12417, 23.33, 30
2026/08/16 01:22:59.225, 9, 1, 12361, 21.71, 30
2026/08/16 01:23:01.225, 24, 5, 12357, 22.74, 30
2026/08/16 01:23:03.226, 0, 0, 12357, 21.93, 30
2026/08/16 01:23:05.226, 0, 0, 12373, 22.15, 30
2026/08/16 01:23:07.226, 10, 1, 12409, 22.64, 30
2026/08/16 01:23:09.227, 0, 0, 12389, 23.04, 30
2026/08/16 01:23:11.227, 0, 0, 12361, 22.01, 30
2026/08/16 01:23:13.228, 6, 1, 12385, 22.30, 30
2026/08/16 01:23:15.229, 25, 3, 12397, 22.48, 30
2026/08/16 01:23:17.230, 4, 0, 12361, 22.15, 30
2026/08/16 01:23:19.231, 0, 0, 12349, 21.76, 30
2026/08/16 01:23:21.231, 3, 1, 12377, 22.25, 30
2026/08/16 01:23:23.232, 0, 0, 12401, 22.61, 30
2026/08/16 01:23:25.233, 11, 2, 12325, 22.53, 30
2026/08/16 01:23:27.233, 25, 4, 12373, 23.02, 30
2026/08/16 01:23:29.233, 16, 2, 12381, 22.04, 30
2026/08/16 01:23:31.234, 27, 3, 12373, 22.59, 30
2026/08/16 01:23:33.235, 36, 6, 12381, 22.53, 30
2026/08/16 01:23:35.235, 15, 2, 12361, 22.47, 30
2026/08/16 01:23:37.236, 26, 4, 12405, 22.25, 30
2026/08/16 01:23:39.237, 21, 3, 12421, 22.22, 30
2026/08/16 01:23:41.237, 30, 5, 12361, 22.50, 30
2026/08/16 01:23:43.238, 13, 2, 12381, 22.23, 30
2026/08/16 01:23:45.238, 1, 1, 12361, 21.88, 30
2026/08/16 01:23:47.239, 12, 2, 12361, 22.56, 30
2026/08/16 01:23:49.239, 8, 1, 12341, 22.76, 30
2026/08/16 01:23:51.240, 34, 4, 12417, 22.86, 30
2026/08/16 01:23:53.240, 0, 0, 12405, 21.74, 30
2026/08/16 01:23:55.241, 22, 3, 12369, 22.59, 30
2026/08/16 01:23:57.245, 6, 1, 12357, 21.82, 30
2026/08/16 01:23:59.246, 7, 1, 12421, 22.16, 30
2026/08/16 01:24:01.246, 11, 2, 12381, 21.79, 30
2026/08/16 01:24:03.247, 11, 1, 12361, 21.91, 30
2026/08/16 01:24:05.247, 12, 1, 12397, 22.28, 30
2026/08/16 01:24:07.250, 29, 4, 12405, 22.08, 30
2026/08/16 01:24:09.251, 9, 2, 12393, 21.99, 30
2026/08/16 01:24:11.253, 8, 1, 12349, 21.36, 30
2026/08/16 01:24:13.254, 17, 2, 12393, 22.37, 30
2026/08/16 01:24:15.254, 5, 0, 12381, 22.39, 30
2026/08/16 01:24:17.255, 3, 1, 12337, 22.17, 29
2026/08/16 01:24:19.255, 4, 2, 12413, 22.70, 29
2026/08/16 01:24:21.256, 1, 1, 12357, 21.77, 29
2026/08/16 01:24:23.257, 39, 7, 12409, 22.37, 30
2026/08/16 01:24:25.257, 9, 0, 12345, 22.09, 30
2026/08/16 01:24:27.258, 25, 3, 12369, 22.18, 29
2026/08/16 01:24:29.259, 3, 1, 12361, 21.58, 29
2026/08/16 01:24:31.259, 3, 1, 12369, 22.03, 29
2026/08/16 01:24:33.261, 3, 0, 12373, 21.73, 29
2026/08/16 01:24:35.262, 5, 1, 12385, 22.03, 29
2026/08/16 01:24:37.262, 0, 0, 12397, 22.39, 29
2026/08/16 01:24:39.263, 17, 4, 12353, 22.16, 29
2026/08/16 01:24:41.265, 2, 0, 12349, 21.81, 29
2026/08/16 01:24:43.266, 14, 3, 12409, 21.53, 29
2026/08/16 01:24:45.266, 3, 1, 12409, 21.63, 29
2026/08/16 01:24:47.267, 10, 3, 12361, 21.58, 29
2026/08/16 01:24:49.267, 10, 2, 12405, 22.40, 29
2026/08/16 01:24:51.268, 15, 2, 12357, 22.34, 29
2026/08/16 01:24:53.268, 17, 2, 12393, 22.61, 29
2026/08/16 01:24:55.269, 6, 1, 12357, 22.38, 29
2026/08/16 01:24:57.269, 4, 1, 12369, 22.60, 29
2026/08/16 01:24:59.271, 4, 1, 12369, 23.02, 29
2026/08/16 01:25:01.271, 0, 0, 12349, 22.98, 29
2026/08/16 01:25:03.272, 0, 0, 12337, 22.45, 29
2026/08/16 01:25:05.276, 17, 3, 12369, 22.79, 29
2026/08/16 01:25:07.276, 22, 3, 12373, 22.18, 29
2026/08/16 01:25:09.277, 19, 3, 12381, 21.96, 29
2026/08/16 01:25:11.277, 5, 0, 12361, 22.29, 29
2026/08/16 01:25:13.278, 14, 1, 12361, 22.57, 29
2026/08/16 01:25:15.278, 9, 2, 12385, 22.31, 29
2026/08/16 01:25:17.278, 4, 1, 12361, 22.75, 29
2026/08/16 01:25:19.279, 31, 3, 12393, 22.59, 29
2026/08/16 01:25:21.279, 22, 4, 12373, 22.19, 29
2026/08/16 01:25:23.280, 6, 1, 12373, 23.14, 29
2026/08/16 01:25:25.281, 6, 1, 12381, 23.27, 29
2026/08/16 01:25:27.281, 29, 4, 12341, 22.67, 29
2026/08/16 01:25:29.282, 30, 7, 12373, 23.45, 29
2026/08/16 01:25:31.282, 39, 8, 12361, 23.14, 29
2026/08/16 01:25:33.283, 13, 1, 12385, 23.02, 29
2026/08/16 01:25:35.283, 10, 1, 12353, 22.57, 29
2026/08/16 01:25:37.284, 11, 2, 12341, 22.45, 29
2026/08/16 01:25:39.285, 9, 0, 12397, 23.81, 29
2026/08/16 01:25:41.286, 4, 1, 12341, 22.36, 29
2026/08/16 01:25:43.286, 33, 6, 12381, 23.32, 29
2026/08/16 01:25:45.287, 22, 4, 12389, 22.44, 29
2026/08/16 01:25:47.287, 19, 3, 12369, 22.39, 29
2026/08/16 01:25:49.288, 9, 1, 12397, 22.72, 29
2026/08/16 01:25:51.289, 2, 0, 12385, 22.40, 29
2026/08/16 01:25:53.289, 27, 4, 12405, 22.30, 29
2026/08/16 01:25:55.290, 23, 2, 12349, 22.17, 29
2026/08/16 01:25:57.291, 27, 4, 12373, 22.75, 29
2026/08/16 01:25:59.291, 21, 4, 12321, 22.57, 29
2026/08/16 01:26:01.292, 20, 2, 12349, 22.38, 29
2026/08/16 01:26:03.293, 10, 1, 12361, 22.14, 29
2026/08/16 01:26:05.293, 11, 1, 12353, 22.75, 29
2026/08/16 01:26:07.293, 19, 3, 12385, 23.44, 29
2026/08/16 01:26:09.294, 5, 1, 12365, 22.73, 29
2026/08/16 01:26:11.294, 22, 6, 12393, 23.34, 29
2026/08/16 01:26:13.295, 11, 1, 12381, 21.54, 29
2026/08/16 01:26:15.296, 15, 2, 12373, 22.75, 29
2026/08/16 01:26:17.296, 0, 0, 12373, 21.61, 29
2026/08/16 01:26:19.297, 19, 2, 12369, 22.18, 29
2026/08/16 01:26:21.298, 14, 2, 12341, 22.75, 29
2026/08/16 01:26:23.298, 7, 1, 12393, 22.68, 29
2026/08/16 01:26:25.299, 7, 1, 12373, 22.85, 29
2026/08/16 01:26:27.299, 17, 3, 12385, 22.71, 29
2026/08/16 01:26:29.300, 25, 4, 12373, 21.92, 29
2026/08/16 01:26:31.300, 8, 1, 12373, 23.00, 29
2026/08/16 01:26:33.301, 0, 0, 12349, 22.96, 29
2026/08/16 01:26:35.301, 13, 1, 12417, 23.28, 29
2026/08/16 01:26:37.302, 10, 0, 12429, 23.38, 29
2026/08/16 01:26:39.302, 9, 2, 12393, 22.31, 29
2026/08/16 01:26:41.302, 0, 0, 12385, 22.29, 29
2026/08/16 01:26:43.303, 16, 3, 12353, 22.18, 29
2026/08/16 01:26:45.304, 2, 1, 12361, 22.54, 29
2026/08/16 01:26:47.305, 1, 1, 12369, 22.50, 29
2026/08/16 01:26:49.305, 0, 0, 12409, 21.94, 29
2026/08/16 01:26:51.306, 22, 3, 12373, 21.56, 29
2026/08/16 01:26:53.306, 19, 2, 12397, 21.69, 29
2026/08/16 01:26:55.306, 23, 3, 12417, 22.66, 29
2026/08/16 01:26:57.307, 29, 4, 12381, 22.55, 29
2026/08/16 01:26:59.307, 5, 1, 12353, 21.59, 29
2026/08/16 01:27:01.308, 50, 11, 12381, 22.60, 29
2026/08/16 01:27:03.309, 0, 0, 12329, 21.90, 29
2026/08/16 01:27:05.309, 7, 2, 12361, 22.15, 29
2026/08/16 01:27:07.310, 8, 1, 12365, 22.55, 29
2026/08/16 01:27:09.310, 14, 2, 12381, 22.32, 29
2026/08/16 01:27:11.311, 15, 1, 12405, 22.32, 29
2026/08/16 01:27:13.311, 21, 2, 12385, 21.67, 29
2026/08/16 01:27:15.312, 17, 2, 12353, 22.83, 29
2026/08/16 01:27:17.313, 5, 1, 12361, 22.28, 29
2026/08/16 01:27:19.313, 3, 1, 12357, 21.51, 29
2026/08/16 01:27:21.314, 16, 2, 12409, 22.33, 29
2026/08/16 01:27:23.315, 16, 4, 12409, 21.80, 29
2026/08/16 01:27:25.315, 12, 1, 12357, 21.86, 29
2026/08/16 01:27:27.316, 45, 8, 12405, 21.95, 29
2026/08/16 01:27:29.317, 18, 2, 12373, 23.02, 29
2026/08/16 01:27:31.318, 5, 1, 12381, 21.36, 29
2026/08/16 01:27:33.318, 0, 0, 12393, 22.43, 29
2026/08/16 01:27:35.319, 6, 1, 12353, 21.90, 29
2026/08/16 01:27:37.319, 2, 0, 12389, 22.40, 29
2026/08/16 01:27:39.319, 6, 1, 12401, 21.91, 29
2026/08/16 01:27:41.320, 28, 2, 12345, 22.49, 29
2026/08/16 01:27:43.320, 17, 2, 12373, 22.39, 29
2026/08/16 01:27:45.321, 0, 0, 12417, 22.58, 29
2026/08/16 01:27:47.321, 19, 2, 12353, 21.77, 29
2026/08/16 01:27:49.322, 3, 1, 12369, 21.91, 29
2026/08/16 01:27:51.322, 28, 3, 12393, 22.37, 29
2026/08/16 01:27:53.323, 0, 1, 12345, 22.02, 29
2026/08/16 01:27:55.323, 11, 0, 12373, 22.09, 29
2026/08/16 01:27:57.324, 0, 0, 12369, 22.14, 29
2026/08/16 01:27:59.324, 11, 2, 12373, 22.20, 29
2026/08/16 01:28:01.325, 1, 1, 12333, 21.89, 29
2026/08/16 01:28:03.325, 36, 6, 12393, 22.92, 29
2026/08/16 01:28:05.330, 0, 0, 12325, 22.77, 29
2026/08/16 01:28:07.331, 10, 1, 12393, 23.18, 29
2026/08/16 01:28:09.331, 4, 1, 12325, 21.69, 29
2026/08/16 01:28:11.332, 16, 2, 12353, 22.52, 29
2026/08/16 01:28:13.332, 0, 0, 12361, 21.58, 29
2026/08/16 01:28:15.333, 34, 7, 12381, 22.11, 29
2026/08/16 01:28:17.337, 3, 1, 12333, 21.65, 29
2026/08/16 01:28:19.338, 0, 0, 12373, 22.90, 29
2026/08/16 01:28:21.338, 17, 2, 12381, 22.60, 29
2026/08/16 01:28:23.339, 0, 0, 12341, 22.61, 29
2026/08/16 01:28:25.340, 9, 1, 12357, 22.25, 29
2026/08/16 01:28:27.341, 0, 0, 12393, 22.29, 29
2026/08/16 01:28:29.342, 4, 1, 12349, 22.45, 29
2026/08/16 01:28:31.342, 2, 0, 12393, 22.46, 29
2026/08/16 01:28:33.343, 5, 1, 12361, 21.85, 29
2026/08/16 01:28:35.343, 41, 8, 12373, 24.26, 29
2026/08/16 01:28:37.351, 2, 1, 12349, 22.97, 29
2026/08/16 01:28:39.352, 19, 1, 12361, 22.79, 29
2026/08/16 01:28:41.352, 8, 1, 12385, 21.82, 29
2026/08/16 01:28:43.352, 3, 1, 12361, 22.24, 29
2026/08/16 01:28:45.353, 14, 2, 12361, 21.88, 29
2026/08/16 01:28:47.354, 7, 1, 12341, 22.04, 29
2026/08/16 01:28:49.354, 8, 1, 12409, 22.18, 29
2026/08/16 01:28:51.355, 17, 1, 12429, 23.01, 29
2026/08/16 01:28:53.355, 12, 0, 12329, 22.52, 29
2026/08/16 01:28:55.356, 19, 3, 12393, 22.18, 29
2026/08/16 01:28:57.356, 7, 1, 12389, 22.64, 29
2026/08/16 01:28:59.357, 37, 5, 12389, 22.74, 29
2026/08/16 01:29:01.360, 27, 5, 12381, 22.89, 29
2026/08/16 01:29:03.361, 6, 1, 12405, 22.68, 29
2026/08/16 01:29:05.361, 24, 3, 12369, 22.59, 29
2026/08/16 01:29:07.362, 8, 1, 12361, 22.50, 29
2026/08/16 01:29:09.363, 10, 3, 12353, 21.42, 29
2026/08/16 01:29:11.363, 14, 2, 12441, 22.28, 29
2026/08/16 01:29:13.364, 18, 2, 12365, 22.13, 29
2026/08/16 01:29:15.364, 9, 1, 12377, 22.58, 29
2026/08/16 01:29:17.365, 28, 3, 12329, 22.09, 29
2026/08/16 01:29:19.365, 6, 1, 12389, 23.08, 29
2026/08/16 01:29:21.366, 5, 0, 12349, 22.54, 29
2026/08/16 01:29:23.366, 22, 3, 12353, 22.52, 29
2026/08/16 01:29:25.367, 9, 1, 12401, 22.34, 29
2026/08/16 01:29:27.367, 0, 1, 12369, 22.29, 29
2026/08/16 01:29:29.368, 6, 1, 12349, 21.61, 29
2026/08/16 01:29:31.368, 6, 1, 12373, 22.88, 29
2026/08/16 01:29:33.369, 17, 2, 12361, 22.80, 29
2026/08/16 01:29:35.369, 23, 4, 12357, 22.42, 29
2026/08/16 01:29:37.370, 16, 3, 12377, 22.68, 29
2026/08/16 01:29:39.371, 9, 0, 12409, 22.27, 29
2026/08/16 01:29:41.373, 13, 2, 12337, 22.62, 29
2026/08/16 01:29:43.374, 0, 0, 12349, 21.87, 29
2026/08/16 01:29:45.375, 9, 2, 12353, 23.54, 29
2026/08/16 01:29:47.376, 16, 2, 12357, 21.92, 29
2026/08/16 01:29:49.376, 10, 1, 12345, 21.70, 29
2026/08/16 01:29:51.377, 30, 6, 12405, 22.48, 29
2026/08/16 01:29:53.378, 9, 0, 12369, 21.65, 29
2026/08/16 01:29:55.378, 3, 1, 12357, 21.67, 29
2026/08/16 01:29:57.378, 27, 5, 12401, 21.49, 29
2026/08/16 01:29:59.379, 13, 2, 12365, 22.24, 29
2026/08/16 01:30:01.379, 1, 1, 12401, 22.22, 29
2026/08/16 01:30:03.380, 7, 0, 12377, 22.42, 29
2026/08/16 01:30:05.380, 16, 0, 12353, 22.51, 29
2026/08/16 01:30:07.380, 16, 2, 12393, 22.37, 29
2026/08/16 01:30:09.384, 5, 0, 12385, 21.73, 29
2026/08/16 01:30:11.385, 14, 1, 12393, 22.06, 29
2026/08/16 01:30:13.387, 0, 0, 12361, 22.03, 29
2026/08/16 01:30:15.388, 14, 1, 12345, 23.22, 29
2026/08/16 01:30:17.388, 4, 1, 12393, 22.47, 29
2026/08/16 01:30:19.389, 0, 0, 12341, 22.11, 29
2026/08/16 01:30:21.390, 6, 0, 12361, 22.10, 29
2026/08/16 01:30:23.390, 25, 2, 12397, 22.30, 29
2026/08/16 01:30:25.390, 5, 2, 12373, 21.98, 29
2026/08/16 01:30:27.391, 15, 1, 12409, 22.55, 29
2026/08/16 01:30:29.391, 0, 0, 12373, 22.12, 28
2026/08/16 01:30:31.392, 5, 0, 12353, 22.67, 29
2026/08/16 01:30:33.392, 32, 4, 12373, 23.41, 29
2026/08/16 01:30:35.393, 17, 2, 12373, 22.43, 29
2026/08/16 01:30:37.394, 14, 1, 12381, 22.08, 29
2026/08/16 01:30:39.394, 12, 2, 12393, 21.94, 29
2026/08/16 01:30:41.395, 10, 1, 12405, 22.10, 29
2026/08/16 01:30:43.395, 8, 1, 12361, 22.69, 29
2026/08/16 01:30:45.395, 25, 2, 12365, 22.83, 29
2026/08/16 01:30:47.396, 10, 1, 12417, 21.83, 28
2026/08/16 01:30:49.397, 9, 2, 12381, 22.08, 29
2026/08/16 01:30:51.397, 0, 0, 12369, 22.43, 28
2026/08/16 01:30:53.398, 13, 1, 12353, 21.33, 29
2026/08/16 01:30:55.398, 0, 0, 12317, 22.08, 28
2026/08/16 01:30:57.399, 8, 2, 12385, 22.46, 28
2026/08/16 01:30:59.399, 9, 1, 12353, 22.04, 28
2026/08/16 01:31:01.399, 4, 1, 12385, 21.67, 28
2026/08/16 01:31:03.400, 0, 0, 12365, 21.48, 28
2026/08/16 01:31:05.400, 7, 1, 12337, 22.02, 28
2026/08/16 01:31:07.401, 15, 2, 12397, 22.23, 28
2026/08/16 01:31:09.401, 3, 1, 12361, 21.62, 28
2026/08/16 01:31:11.402, 5, 0, 12369, 21.92, 28
2026/08/16 01:31:13.402, 10, 1, 12409, 22.36, 28
2026/08/16 01:31:15.403, 17, 2, 12357, 22.14, 28
2026/08/16 01:31:17.403, 4, 1, 12373, 22.10, 29
2026/08/16 01:31:19.404, 33, 3, 12405, 21.80, 29
2026/08/16 01:31:21.404, 20, 2, 12417, 21.56, 28
2026/08/16 01:31:23.404, 4, 1, 12361, 21.76, 28
2026/08/16 01:31:25.405, 6, 1, 12373, 21.93, 29
2026/08/16 01:31:27.405, 0, 0, 12365, 21.95, 29
2026/08/16 01:31:29.406, 31, 4, 12381, 22.37, 29
2026/08/16 01:31:31.407, 14, 3, 12353, 21.22, 29
2026/08/16 01:31:33.407, 4, 1, 12393, 21.71, 29
2026/08/16 01:31:35.408, 6, 1, 12385, 21.90, 29
2026/08/16 01:31:37.409, 6, 1, 12337, 20.99, 29
2026/08/16 01:31:39.409, 19, 1, 12417, 22.81, 29
2026/08/16 01:31:41.410, 17, 1, 12405, 21.53, 29
2026/08/16 01:31:43.411, 6, 1, 12369, 22.21, 29
2026/08/16 01:31:45.411, 24, 2, 12373, 21.92, 29
2026/08/16 01:31:47.412, 19, 2, 12381, 22.32, 29
2026/08/16 01:31:49.414, 28, 5, 12381, 22.45, 29
2026/08/16 01:31:51.414, 17, 3, 12437, 21.56, 29
2026/08/16 01:31:53.415, 1, 0, 12445, 21.61, 29
2026/08/16 01:31:55.415, 11, 2, 12369, 22.35, 29
2026/08/16 01:31:57.416, 13, 2, 12389, 22.50, 29
2026/08/16 01:31:59.416, 2, 1, 12361, 22.38, 29
2026/08/16 01:32:01.417, 4, 1, 12349, 22.11, 29
2026/08/16 01:32:03.417, 9, 0, 12373, 21.92, 29
2026/08/16 01:32:05.417, 9, 2, 12373, 22.33, 29
2026/08/16 01:32:07.418, 0, 0, 12369, 22.11, 29
2026/08/16 01:32:09.419, 14, 3, 12361, 21.90, 29
2026/08/16 01:32:11.419, 0, 0, 12409, 21.23, 29
2026/08/16 01:32:13.420, 7, 1, 12353, 22.34, 29
2026/08/16 01:32:15.421, 22, 5, 12401, 23.40, 29
2026/08/16 01:32:17.421, 12, 0, 12445, 21.95, 29
2026/08/16 01:32:19.422, 12, 1, 12369, 21.66, 29
2026/08/16 01:32:21.423, 4, 0, 12373, 21.80, 29
2026/08/16 01:32:23.423, 3, 0, 12389, 22.47, 29
2026/08/16 01:32:25.423, 4, 1, 12373, 21.90, 29
2026/08/16 01:32:27.424, 20, 4, 12361, 21.45, 29
2026/08/16 01:32:29.425, 0, 0, 12373, 22.53, 29
2026/08/16 01:32:31.425, 12, 2, 12361, 22.57, 29
2026/08/16 01:32:33.427, 14, 3, 12361, 22.16, 29
2026/08/16 01:32:35.427, 10, 0, 12385, 21.91, 29
2026/08/16 01:32:37.428, 3, 1, 12373, 22.28, 29
2026/08/16 01:32:39.429, 21, 4, 12369, 22.52, 29
2026/08/16 01:32:41.430, 21, 2, 12361, 22.81, 29
2026/08/16 01:32:43.431, 4, 1, 12349, 21.85, 29
2026/08/16 01:32:45.431, 4, 0, 12381, 22.27, 29
2026/08/16 01:32:47.432, 22, 3, 12349, 22.52, 29
2026/08/16 01:32:49.433, 2, 0, 12393, 22.21, 29
2026/08/16 01:32:51.434, 12, 1, 12337, 21.71, 29
2026/08/16 01:32:53.434, 0, 0, 12369, 22.90, 29
2026/08/16 01:32:55.435, 0, 0, 12361, 21.59, 29
2026/08/16 01:32:57.435, 0, 0, 12385, 22.87, 29
2026/08/16 01:32:59.437, 46, 6, 12321, 21.74, 29
2026/08/16 01:33:01.438, 18, 2, 12393, 23.06, 29
2026/08/16 01:33:03.438, 37, 8, 12381, 23.55, 29
2026/08/16 01:33:05.439, 2, 1, 12373, 21.00, 29
2026/08/16 01:33:07.439, 3, 0, 12369, 21.17, 29
2026/08/16 01:33:09.440, 14, 2, 12389, 22.10, 29
2026/08/16 01:33:11.443, 4, 1, 12341, 22.61, 29
2026/08/16 01:33:13.444, 8, 2, 12429, 21.57, 29
2026/08/16 01:33:15.444, 21, 4, 12429, 21.28, 29
2026/08/16 01:33:17.445, 20, 3, 12373, 21.85, 29
2026/08/16 01:33:19.445, 10, 1, 12397, 21.48, 30
2026/08/16 01:33:21.446, 24, 5, 12429, 21.93, 30
2026/08/16 01:33:23.446, 20, 3, 12397, 21.29, 30
2026/08/16 01:33:25.447, 14, 3, 12361, 21.97, 30
2026/08/16 01:33:27.447, 7, 1, 12437, 22.02, 30
2026/08/16 01:33:29.447, 37, 9, 12441, 21.80, 30
2026/08/16 01:33:31.448, 15, 1, 12357, 22.61, 30
2026/08/16 01:33:33.451, 11, 2, 12417, 21.82, 30
2026/08/16 01:33:35.451, 24, 3, 12349, 21.80, 30
2026/08/16 01:33:37.452, 0, 0, 12429, 21.23, 30
2026/08/16 01:33:39.453, 10, 2, 12385, 21.54, 30
2026/08/16 01:33:41.453, 3, 1, 12361, 21.43, 30
2026/08/16 01:33:43.454, 12, 1, 12429, 21.69, 30
2026/08/16 01:33:45.454, 6, 1, 12389, 20.53, 30
2026/08/16 01:33:47.454, 2, 2, 12349, 20.76, 30
2026/08/16 01:33:49.455, 3, 1, 12385, 21.45, 30
2026/08/16 01:33:51.456, 13, 3, 12397, 21.77, 30
2026/08/16 01:33:53.456, 2, 1, 12381, 20.45, 30
2026/08/16 01:33:55.457, 9, 0, 12373, 21.07, 30
2026/08/16 01:33:57.457, 10, 1, 12409, 20.94, 30
2026/08/16 01:33:59.458, 12, 2, 12397, 20.43, 30
2026/08/16 01:34:01.469, 1, 1, 12381, 20.64, 30
2026/08/16 01:34:03.469, 2, 1, 12381, 21.12, 30
2026/08/16 01:34:05.470, 22, 4, 12385, 20.65, 30
2026/08/16 01:34:07.471, 35, 6, 12381, 21.80, 30
2026/08/16 01:34:09.471, 30, 5, 12429, 21.20, 30
2026/08/16 01:34:11.473, 13, 2, 12429, 21.49, 30
2026/08/16 01:34:13.474, 13, 1, 12369, 21.60, 30
2026/08/16 01:34:15.474, 21, 2, 12385, 22.09, 30
2026/08/16 01:34:17.475, 11, 1, 12381, 21.57, 30
2026/08/16 01:34:19.475, 34, 7, 12401, 21.50, 30
2026/08/16 01:34:21.476, 22, 2, 12417, 21.49, 30
2026/08/16 01:34:23.476, 0, 0, 12361, 21.37, 30
2026/08/16 01:34:25.477, 0, 0, 12309, 21.41, 30
2026/08/16 01:34:27.478, 11, 2, 12421, 22.71, 30
2026/08/16 01:34:29.478, 6, 2, 12349, 21.39, 30
2026/08/16 01:34:31.479, 35, 3, 12381, 22.51, 30
2026/08/16 01:34:33.480, 14, 2, 12401, 21.49, 30
2026/08/16 01:34:35.480, 19, 3, 12353, 22.09, 30
2026/08/16 01:34:37.481, 10, 1, 12361, 21.53, 30
2026/08/16 01:34:39.481, 13, 1, 12393, 21.08, 30
2026/08/16 01:34:41.482, 4, 1, 12373, 21.39, 30
2026/08/16 01:34:43.482, 30, 4, 12357, 21.67, 30
2026/08/16 01:34:45.483, 0, 0, 12357, 22.01, 30
2026/08/16 01:34:47.483, 7, 1, 12381, 22.57, 30
2026/08/16 01:34:49.484, 14, 2, 12353, 21.65, 30
2026/08/16 01:34:51.485, 19, 3, 12353, 21.90, 30
2026/08/16 01:34:53.485, 8, 0, 12373, 21.36, 30
2026/08/16 01:34:55.486, 21, 2, 12381, 21.60, 30
2026/08/16 01:34:57.486, 8, 1, 12361, 21.57, 30
2026/08/16 01:34:59.487, 5, 1, 12373, 21.50, 30
2026/08/16 01:35:01.487, 15, 1, 12381, 21.99, 30
2026/08/16 01:35:03.488, 37, 7, 12369, 22.22, 31
2026/08/16 01:35:05.488, 0, 0, 12353, 21.43, 30
2026/08/16 01:35:07.488, 23, 4, 12385, 22.40, 31
2026/08/16 01:35:09.489, 7, 2, 12329, 22.06, 31
2026/08/16 01:35:11.490, 12, 1, 12373, 21.89, 31
2026/08/16 01:35:13.490, 6, 1, 12341, 22.22, 31
2026/08/16 01:35:15.491, 0, 0, 12321, 21.88, 31
2026/08/16 01:35:17.491, 17, 1, 12361, 22.86, 31
2026/08/16 01:35:19.492, 10, 2, 12361, 22.86, 31
2026/08/16 01:35:21.492, 20, 2, 12361, 23.02, 31
2026/08/16 01:35:23.493, 10, 2, 12373, 22.00, 31
2026/08/16 01:35:25.493, 2, 0, 12393, 22.36, 31
2026/08/16 01:35:27.493, 2, 1, 12393, 22.06, 31
2026/08/16 01:35:29.494, 7, 1, 12365, 22.16, 31
2026/08/16 01:35:31.494, 10, 1, 12301, 22.96, 31
2026/08/16 01:35:33.495, 8, 1, 12393, 23.07, 31
2026/08/16 01:35:35.495, 14, 1, 12345, 22.42, 31
2026/08/16 01:35:37.496, 0, 0, 12349, 22.53, 31
2026/08/16 01:35:39.497, 9, 0, 12405, 22.74, 31
2026/08/16 01:35:41.497, 17, 2, 12381, 21.61, 31
2026/08/16 01:35:43.498, 23, 4, 12381, 21.89, 31
2026/08/16 01:35:45.498, 14, 3, 12317, 21.87, 31
2026/08/16 01:35:47.499, 9, 1, 12385, 21.63, 31
2026/08/16 01:35:49.499, 18, 1, 12349, 21.66, 31
2026/08/16 01:35:51.500, 6, 2, 12341, 22.55, 31
2026/08/16 01:35:53.500, 2, 1, 12365, 21.00, 31
2026/08/16 01:35:55.501, 20, 3, 12361, 21.63, 31
2026/08/16 01:35:57.501, 4, 2, 12321, 20.88, 31
2026/08/16 01:35:59.501, 14, 2, 12393, 21.66, 31
2026/08/16 01:36:01.502, 20, 4, 12369, 21.70, 31
2026/08/16 01:36:03.503, 4, 1, 12397, 21.73, 31
2026/08/16 01:36:05.504, 1, 1, 12365, 21.52, 31
2026/08/16 01:36:07.504, 12, 2, 12385, 23.03, 31
2026/08/16 01:36:09.505, 4, 1, 12381, 21.56, 31
2026/08/16 01:36:11.505, 17, 2, 12325, 22.42, 31
2026/08/16 01:36:13.505, 7, 1, 12353, 21.97, 31
2026/08/16 01:36:15.506, 0, 0, 12389, 22.26, 31
2026/08/16 01:36:17.507, 19, 2, 12341, 22.06, 31
2026/08/16 01:36:19.507, 0, 0, 12353, 21.53, 31
2026/08/16 01:36:21.508, 5, 1, 12401, 21.68, 31
2026/08/16 01:36:23.508, 7, 1, 12369, 21.65, 31
2026/08/16 01:36:25.509, 0, 0, 12389, 21.85, 31
2026/08/16 01:36:27.509, 0, 0, 12373, 21.88, 31
2026/08/16 01:36:29.510, 2, 1, 12361, 22.63, 31
2026/08/16 01:36:31.510, 15, 2, 12373, 22.50, 31
2026/08/16 01:36:33.511, 23, 3, 12361, 21.49, 31
2026/08/16 01:36:35.511, 8, 2, 12349, 21.93, 31
2026/08/16 01:36:37.512, 3, 0, 12381, 22.91, 31
2026/08/16 01:36:39.513, 9, 1, 12361, 21.93, 31
2026/08/16 01:36:41.513, 4, 0, 12405, 22.77, 31
2026/08/16 01:36:43.514, 4, 1, 12341, 21.56, 31
2026/08/16 01:36:45.514, 14, 3, 12357, 22.00, 31
2026/08/16 01:36:47.515, 4, 0, 12345, 22.05, 31
2026/08/16 01:36:49.515, 4, 1, 12381, 22.41, 31
2026/08/16 01:36:51.516, 30, 2, 12345, 21.93, 31
2026/08/16 01:36:53.516, 3, 2, 12349, 22.49, 31
2026/08/16 01:36:55.517, 4, 1, 12393, 22.46, 31
2026/08/16 01:36:57.517, 38, 5, 12345, 22.91, 31
2026/08/16 01:36:59.517, 21, 4, 12345, 23.68, 31
2026/08/16 01:37:01.518, 26, 5, 12381, 22.78, 31
2026/08/16 01:37:03.519, 0, 0, 12361, 22.48, 31
2026/08/16 01:37:05.519, 11, 1, 12373, 22.33, 31
2026/08/16 01:37:07.520, 26, 2, 12337, 23.04, 31
2026/08/16 01:37:09.520, 13, 1, 12373, 22.35, 31
2026/08/16 01:37:11.521, 11, 1, 12381, 22.37, 31
2026/08/16 01:37:13.521, 6, 1, 12353, 23.47, 31
2026/08/16 01:37:15.522, 10, 1, 12393, 22.48, 31
2026/08/16 01:37:17.523, 27, 5, 12361, 22.85, 32
2026/08/16 01:37:19.524, 4, 1, 12369, 23.02, 31
2026/08/16 01:37:21.527, 3, 2, 12321, 22.31, 31
2026/08/16 01:37:23.528, 1, 1, 12373, 22.14, 31
2026/08/16 01:37:25.528, 17, 2, 12361, 22.14, 32
2026/08/16 01:37:27.529, 12, 1, 12361, 22.64, 32
2026/08/16 01:37:29.529, 17, 2, 12353, 22.53, 32
2026/08/16 01:37:31.530, 17, 2, 12353, 22.15, 32
2026/08/16 01:37:33.530, 2, 1, 12397, 21.33, 32
2026/08/16 01:37:35.530, 11, 2, 12369, 21.64, 32
2026/08/16 01:37:37.531, 28, 4, 12393, 22.72, 32
2026/08/16 01:37:39.531, 3, 1, 12381, 21.00, 32
2026/08/16 01:37:41.532, 2, 1, 12361, 21.46, 32
2026/08/16 01:37:43.532, 13, 3, 12333, 21.98, 32
2026/08/16 01:37:45.533, 17, 2, 12405, 21.36, 32
2026/08/16 01:37:47.534, 0, 0, 12353, 21.58, 32
2026/08/16 01:37:49.534, 14, 1, 12361, 22.02, 32
2026/08/16 01:37:51.535, 17, 2, 12361, 21.51, 32
2026/08/16 01:37:53.535, 10, 0, 12321, 22.42, 32
2026/08/16 01:37:55.536, 2, 0, 12361, 22.99, 32
2026/08/16 01:37:57.536, 6, 1, 12365, 23.29, 32
2026/08/16 01:37:59.537, 3, 0, 12349, 22.31, 32
2026/08/16 01:38:01.538, 8, 2, 12393, 21.85, 32
2026/08/16 01:38:03.538, 11, 1, 12361, 22.12, 32
2026/08/16 01:38:05.542, 20, 2, 12357, 22.60, 32
2026/08/16 01:38:07.543, 11, 1, 12341, 22.28, 32
2026/08/16 01:38:09.544, 31, 4, 12361, 22.69, 32
2026/08/16 01:38:11.544, 14, 2, 12353, 22.92, 32
2026/08/16 01:38:13.545, 8, 1, 12393, 22.47, 32
2026/08/16 01:38:15.545, 0, 0, 12373, 21.90, 32
2026/08/16 01:38:17.546, 12, 0, 12361, 22.20, 32
2026/08/16 01:38:19.546, 9, 1, 12333, 22.68, 32
2026/08/16 01:38:21.547, 33, 5, 12381, 23.11, 32
2026/08/16 01:38:23.547, 12, 1, 12381, 22.51, 32
2026/08/16 01:38:25.548, 10, 1, 12369, 21.63, 32
2026/08/16 01:38:27.548, 18, 2, 12321, 21.66, 32
2026/08/16 01:38:29.549, 19, 2, 12385, 22.32, 32
2026/08/16 01:38:31.550, 8, 1, 12369, 22.17, 32
2026/08/16 01:38:33.550, 9, 0, 12393, 22.47, 32
2026/08/16 01:38:35.551, 9, 2, 12373, 21.93, 32
2026/08/16 01:38:37.551, 14, 1, 12361, 22.33, 32
2026/08/16 01:38:39.552, 11, 1, 12361, 21.92, 32
2026/08/16 01:38:41.553, 29, 4, 12349, 21.59, 32
2026/08/16 01:38:43.553, 11, 2, 12385, 22.18, 32
2026/08/16 01:38:45.554, 0, 0, 12361, 22.42, 32
2026/08/16 01:38:47.554, 8, 1, 12369, 21.51, 32
2026/08/16 01:38:49.555, 7, 1, 12377, 21.09, 32
2026/08/16 01:38:51.555, 32, 4, 12353, 21.50, 32
2026/08/16 01:38:53.556, 7, 1, 12393, 21.95, 32
2026/08/16 01:38:55.557, 2, 1, 12325, 21.96, 32
2026/08/16 01:38:57.557, 0, 0, 12365, 23.08, 32
2026/08/16 01:38:59.558, 31, 5, 12341, 23.05, 32
2026/08/16 01:39:01.558, 4, 1, 12385, 22.09, 32
2026/08/16 01:39:03.559, 7, 1, 12381, 21.73, 32
2026/08/16 01:39:05.560, 13, 1, 12405, 22.69, 32
2026/08/16 01:39:07.560, 28, 6, 12405, 22.28, 32
2026/08/16 01:39:09.561, 19, 3, 12405, 22.61, 32
2026/08/16 01:39:11.561, 16, 1, 12345, 21.56, 32
2026/08/16 01:39:13.562, 3, 1, 12381, 22.17, 32
2026/08/16 01:39:15.563, 5, 1, 12365, 22.09, 32
2026/08/16 01:39:17.563, 10, 1, 12393, 22.15, 32
2026/08/16 01:39:19.564, 14, 2, 12405, 21.29, 32
2026/08/16 01:39:21.564, 0, 0, 12365, 21.51, 32
2026/08/16 01:39:23.565, 24, 2, 12341, 21.37, 32
2026/08/16 01:39:25.566, 32, 5, 12401, 22.31, 32
2026/08/16 01:39:27.566, 4, 0, 12405, 21.25, 32
2026/08/16 01:39:29.567, 38, 6, 12349, 22.38, 32
2026/08/16 01:39:31.568, 9, 1, 12361, 22.81, 32
2026/08/16 01:39:33.568, 6, 0, 12373, 22.20, 32
2026/08/16 01:39:35.569, 4, 1, 12365, 22.18, 32
2026/08/16 01:39:37.569, 10, 2, 12373, 22.20, 32
2026/08/16 01:39:39.570, 5, 0, 12369, 22.76, 32
2026/08/16 01:39:41.570, 15, 2, 12341, 21.79, 32
2026/08/16 01:39:43.571, 0, 0, 12385, 22.71, 32
2026/08/16 01:39:45.571, 11, 1, 12345, 22.38, 32
2026/08/16 01:39:47.572, 5, 1, 12397, 22.55, 32
2026/08/16 01:39:49.573, 4, 1, 12301, 21.91, 32
2026/08/16 01:39:51.573, 2, 0, 12405, 22.06, 32
2026/08/16 01:39:53.573, 15, 1, 12393, 20.95, 32
2026/08/16 01:39:55.574, 21, 3, 12381, 21.58, 32
2026/08/16 01:39:57.575, 0, 0, 12357, 21.79, 32
2026/08/16 01:39:59.575, 11, 1, 12337, 21.86, 32
2026/08/16 01:40:01.576, 22, 4, 12373, 22.32, 32
2026/08/16 01:40:03.577, 8, 0, 12353, 22.13, 32
2026/08/16 01:40:05.577, 6, 1, 12385, 20.89, 32
2026/08/16 01:40:07.578, 3, 1, 12349, 21.03, 32
2026/08/16 01:40:09.579, 20, 3, 12405, 22.07, 32
2026/08/16 01:40:11.580, 26, 3, 12329, 21.97, 32
2026/08/16 01:40:13.581, 8, 0, 12373, 22.93, 32
2026/08/16 01:40:15.581, 26, 4, 12381, 21.61, 32
2026/08/16 01:40:17.581, 13, 2, 12381, 21.49, 32
2026/08/16 01:40:19.583, 6, 0, 12365, 22.43, 32
2026/08/16 01:40:21.583, 36, 8, 12393, 22.60, 32
2026/08/16 01:40:23.584, 7, 2, 12369, 22.29, 32
2026/08/16 01:40:25.585, 4, 1, 12373, 22.65, 32
2026/08/16 01:40:27.585, 6, 2, 12333, 22.30, 32
2026/08/16 01:40:29.585, 6, 0, 12369, 22.04, 32
2026/08/16 01:40:31.586, 4, 1, 12381, 22.67, 32
2026/08/16 01:40:33.586, 0, 0, 12345, 22.06, 32
2026/08/16 01:40:35.587, 0, 0, 12365, 22.61, 32
2026/08/16 01:40:37.588, 9, 2, 12393, 21.76, 32
2026/08/16 01:40:39.588, 0, 0, 12369, 21.21, 32
2026/08/16 01:40:41.589, 10, 2, 12373, 22.41, 32
2026/08/16 01:40:43.590, 3, 0, 12321, 21.74, 32
2026/08/16 01:40:45.590, 8, 1, 12373, 22.43, 32
2026/08/16 01:40:47.591, 34, 4, 12361, 22.22, 32
2026/08/16 01:40:49.591, 3, 1, 12369, 21.72, 32
2026/08/16 01:40:51.593, 11, 1, 12337, 21.80, 32
2026/08/16 01:40:53.594, 25, 3, 12381, 22.55, 32
2026/08/16 01:40:55.594, 27, 3, 12369, 23.24, 32
2026/08/16 01:40:57.594, 1, 1, 12345, 22.00, 32
2026/08/16 01:40:59.595, 16, 1, 12381, 22.00, 32
2026/08/16 01:41:01.598, 1, 0, 12313, 21.53, 32
2026/08/16 01:41:03.599, 30, 7, 12393, 22.02, 32
2026/08/16 01:41:05.599, 28, 3, 12393, 22.24, 32
2026/08/16 01:41:07.599, 14, 2, 12365, 21.33, 32
2026/08/16 01:41:09.600, 5, 0, 12369, 22.20, 32
2026/08/16 01:41:11.601, 10, 1, 12393, 21.56, 31
2026/08/16 01:41:13.601, 5, 0, 12345, 21.34, 31
2026/08/16 01:41:15.602, 17, 3, 12361, 21.68, 31
2026/08/16 01:41:17.603, 4, 2, 12325, 21.59, 31
2026/08/16 01:41:19.603, 3, 0, 12329, 21.71, 31
2026/08/16 01:41:21.604, 13, 2, 12353, 21.73, 31
2026/08/16 01:41:23.605, 10, 1, 12345, 22.15, 31
2026/08/16 01:41:25.605, 0, 0, 12369, 22.19, 31
2026/08/16 01:41:27.605, 4, 0, 12405, 21.62, 31
2026/08/16 01:41:29.606, 21, 3, 12389, 21.25, 31
2026/08/16 01:41:31.612, 6, 1, 12369, 21.77, 31
2026/08/16 01:41:33.613, 10, 1, 12385, 22.40, 31
2026/08/16 01:41:35.613, 17, 3, 12361, 21.68, 31
2026/08/16 01:41:37.614, 4, 1, 12393, 22.27, 31
2026/08/16 01:41:39.615, 0, 0, 12361, 21.65, 31
2026/08/16 01:41:41.616, 2, 1, 12305, 21.47, 31
2026/08/16 01:41:43.616, 0, 0, 12385, 22.93, 31
2026/08/16 01:41:45.617, 14, 1, 12329, 22.14, 31
2026/08/16 01:41:47.617, 9, 1, 12369, 22.56, 31
2026/08/16 01:41:49.618, 7, 1, 12401, 22.58, 31
2026/08/16 01:41:51.618, 23, 3, 12349, 22.49, 31
2026/08/16 01:41:53.619, 10, 1, 12349, 23.05, 31
2026/08/16 01:41:55.619, 29, 5, 12353, 22.38, 31
2026/08/16 01:41:57.620, 19, 1, 12357, 22.88, 31
2026/08/16 01:41:59.620, 17, 2, 12381, 23.76, 31
2026/08/16 01:42:01.621, 0, 0, 12341, 22.50, 31
2026/08/16 01:42:03.622, 0, 0, 12373, 23.03, 31
2026/08/16 01:42:05.623, 2, 1, 12349, 22.32, 31
2026/08/16 01:42:07.623, 17, 4, 12393, 22.40, 31
2026/08/16 01:42:09.624, 23, 3, 12405, 22.33, 31
2026/08/16 01:42:11.624, 3, 1, 12381, 21.97, 31
2026/08/16 01:42:13.625, 9, 1, 12381, 22.50, 31
2026/08/16 01:42:15.625, 20, 2, 12325, 22.12, 31
2026/08/16 01:42:17.626, 5, 0, 12389, 22.46, 31
2026/08/16 01:42:19.627, 0, 0, 12381, 22.70, 31
2026/08/16 01:42:21.627, 7, 1, 12369, 21.88, 31
2026/08/16 01:42:23.628, 24, 3, 12373, 22.71, 31
2026/08/16 01:42:25.628, 15, 3, 12353, 21.67, 31
2026/08/16 01:42:27.628, 11, 1, 12369, 23.53, 31
2026/08/16 01:42:29.629, 0, 0, 12373, 23.00, 31
2026/08/16 01:42:31.630, 7, 0, 12417, 22.89, 31
2026/08/16 01:42:33.632, 19, 2, 12357, 22.93, 31
2026/08/16 01:42:35.633, 0, 0, 12321, 23.35, 31
2026/08/16 01:42:37.634, 10, 1, 12393, 22.81, 31
2026/08/16 01:42:39.635, 13, 1, 12417, 22.01, 31
2026/08/16 01:42:41.635, 0, 0, 12393, 22.17, 31
2026/08/16 01:42:43.636, 8, 1, 12385, 22.27, 31
2026/08/16 01:42:45.636, 13, 3, 12397, 22.01, 31
2026/08/16 01:42:47.637, 12, 0, 12381, 22.13, 31
2026/08/16 01:42:49.639, 0, 0, 12337, 21.87, 31
2026/08/16 01:42:51.640, 29, 3, 12373, 22.04, 31
2026/08/16 01:42:53.640, 0, 0, 12317, 21.66, 31
2026/08/16 01:42:55.641, 9, 1, 12393, 23.28, 31
2026/08/16 01:42:57.641, 20, 1, 12357, 22.90, 31
2026/08/16 01:42:59.642, 18, 1, 12353, 22.09, 31
2026/08/16 01:43:01.642, 5, 1, 12417, 21.85, 31
2026/08/16 01:43:03.643, 19, 2, 12353, 21.27, 31
2026/08/16 01:43:05.643, 15, 3, 12373, 21.71, 31
2026/08/16 01:43:07.643, 28, 5, 12405, 22.11, 31
2026/08/16 01:43:09.644, 0, 0, 12393, 21.52, 31
2026/08/16 01:43:11.645, 36, 4, 12369, 21.62, 31
2026/08/16 01:43:13.646, 8, 1, 12377, 21.61, 31
2026/08/16 01:43:15.646, 10, 0, 12381, 21.49, 31
2026/08/16 01:43:17.646, 11, 0, 12393, 22.56, 31
2026/08/16 01:43:19.647, 7, 1, 12369, 21.60, 30
2026/08/16 01:43:21.647, 24, 4, 12405, 22.16, 31
2026/08/16 01:43:23.648, 10, 1, 12361, 21.10, 30
2026/08/16 01:43:25.648, 19, 3, 12381, 21.76, 30
2026/08/16 01:43:27.649, 23, 2, 12373, 21.87, 30
2026/08/16 01:43:29.649, 3, 1, 12353, 21.63, 30
2026/08/16 01:43:31.655, 26, 3, 12341, 22.60, 30
2026/08/16 01:43:33.656, 29, 3, 12381, 22.55, 30
2026/08/16 01:43:35.656, 4, 1, 12377, 21.53, 30
2026/08/16 01:43:37.657, 41, 5, 12361, 21.63, 30
2026/08/16 01:43:39.658, 2, 1, 12341, 21.37, 30
2026/08/16 01:43:41.659, 0, 0, 12405, 22.25, 30
2026/08/16 01:43:43.659, 32, 5, 12393, 22.31, 30
2026/08/16 01:43:45.660, 5, 0, 12345, 22.02, 30
2026/08/16 01:43:47.660, 0, 0, 12405, 21.49, 30
2026/08/16 01:43:49.662, 0, 0, 12381, 21.40, 30
2026/08/16 01:43:51.663, 30, 4, 12405, 22.11, 30
2026/08/16 01:43:53.664, 19, 3, 12393, 21.04, 30
2026/08/16 01:43:55.664, 16, 2, 12405, 21.56, 30
2026/08/16 01:43:57.665, 32, 5, 12385, 22.11, 30
2026/08/16 01:43:59.666, 18, 2, 12337, 22.66, 30
2026/08/16 01:44:01.666, 11, 2, 12373, 22.19, 30
2026/08/16 01:44:03.667, 2, 0, 12381, 22.04, 30
2026/08/16 01:44:05.667, 1, 1, 12385, 21.82, 30
2026/08/16 01:44:07.668, 19, 4, 12385, 22.42, 30
2026/08/16 01:44:09.668, 19, 3, 12381, 23.00, 30
2026/08/16 01:44:11.668, 0, 0, 12349, 22.36, 30
2026/08/16 01:44:13.669, 3, 1, 12337, 22.94, 30
2026/08/16 01:44:15.670, 19, 2, 12381, 23.73, 30
2026/08/16 01:44:17.670, 0, 0, 12341, 22.13, 30
2026/08/16 01:44:19.671, 9, 2, 12409, 22.75, 30
2026/08/16 01:44:21.672, 11, 1, 12409, 22.33, 30
2026/08/16 01:44:23.672, 10, 1, 12381, 22.14, 30
2026/08/16 01:44:25.673, 0, 0, 12381, 21.78, 30
2026/08/16 01:44:27.673, 0, 0, 12361, 22.61, 30
2026/08/16 01:44:29.675, 8, 2, 12393, 21.52, 30
2026/08/16 01:44:31.676, 6, 1, 12393, 21.69, 30
2026/08/16 01:44:33.676, 2, 1, 12397, 22.32, 30
2026/08/16 01:44:35.677, 0, 0, 12373, 22.45, 30
2026/08/16 01:44:37.677, 11, 2, 12317, 22.10, 30
2026/08/16 01:44:39.678, 18, 2, 12361, 22.26, 30
2026/08/16 01:44:41.678, 3, 1, 12393, 22.04, 30
2026/08/16 01:44:43.678, 24, 3, 12369, 22.33, 30
2026/08/16 01:44:45.679, 17, 2, 12393, 22.43, 30
2026/08/16 01:44:47.680, 15, 1, 12381, 21.54, 30
2026/08/16 01:44:49.681, 11, 0, 12401, 22.47, 30
2026/08/16 01:44:51.681, 48, 8, 12357, 22.12, 30
2026/08/16 01:44:53.682, 1, 2, 12333, 21.67, 30
2026/08/16 01:44:55.683, 25, 5, 12373, 21.84, 30
2026/08/16 01:44:57.683, 2, 1, 12393, 22.14, 30
2026/08/16 01:44:59.684, 2, 1, 12361, 21.52, 30
2026/08/16 01:45:01.685, 20, 3, 12349, 22.10, 30
2026/08/16 01:45:03.686, 10, 2, 12369, 22.35, 30
2026/08/16 01:45:05.686, 3, 0, 12365, 22.12, 30
2026/08/16 01:45:07.687, 14, 2, 12349, 21.81, 30
2026/08/16 01:45:09.688, 16, 2, 12349, 22.58, 30
2026/08/16 01:45:11.688, 28, 4, 12373, 23.53, 30
2026/08/16 01:45:13.689, 15, 1, 12389, 22.00, 30
2026/08/16 01:45:15.689, 26, 4, 12373, 23.15, 30
2026/08/16 01:45:17.690, 21, 4, 12373, 23.08, 30
2026/08/16 01:45:19.690, 9, 0, 12385, 21.77, 30
2026/08/16 01:45:21.691, 25, 5, 12349, 23.42, 30
2026/08/16 01:45:23.691, 3, 1, 12385, 22.76, 30
2026/08/16 01:45:25.692, 25, 3, 12369, 22.50, 30
2026/08/16 01:45:27.692, 26, 4, 12373, 21.75, 30
2026/08/16 01:45:29.693, 17, 2, 12381, 22.92, 30
2026/08/16 01:45:31.693, 9, 2, 12353, 21.67, 30
2026/08/16 01:45:33.694, 8, 1, 12413, 21.36, 30
2026/08/16 01:45:35.694, 4, 1, 12373, 22.08, 30
2026/08/16 01:45:37.694, 3, 1, 12361, 21.12, 30
2026/08/16 01:45:39.695, 31, 3, 12349, 22.47, 30
2026/08/16 01:45:41.695, 10, 2, 12365, 21.86, 30
2026/08/16 01:45:43.696, 6, 2, 12321, 21.59, 30
2026/08/16 01:45:45.696, 1, 1, 12361, 22.52, 30
2026/08/16 01:45:47.697, 19, 2, 12381, 22.57, 30
2026/08/16 01:45:49.697, 12, 2, 12373, 22.56, 30
2026/08/16 01:45:51.698, 8, 2, 12353, 21.76, 30
2026/08/16 01:45:53.698, 16, 4, 12405, 22.98, 30
2026/08/16 01:45:55.699, 1, 0, 12361, 22.83, 30
2026/08/16 01:45:57.699, 14, 3, 12345, 22.50, 30
2026/08/16 01:45:59.700, 14, 2, 12393, 22.45, 30
2026/08/16 01:46:01.701, 13, 0, 12345, 21.58, 30
2026/08/16 01:46:03.701, 3, 0, 12393, 23.15, 30
2026/08/16 01:46:05.702, 12, 1, 12353, 22.24, 30
2026/08/16 01:46:07.702, 20, 3, 12373, 22.75, 30
2026/08/16 01:46:09.703, 41, 7, 12393, 23.20, 30
2026/08/16 01:46:11.705, 20, 4, 12369, 22.90, 30
2026/08/16 01:46:13.705, 5, 0, 12377, 22.37, 30
2026/08/16 01:46:15.705, 19, 2, 12361, 22.48, 30
2026/08/16 01:46:17.706, 11, 1, 12353, 23.00, 30
2026/08/16 01:46:19.706, 7, 1, 12381, 21.96, 30
2026/08/16 01:46:21.707, 17, 4, 12381, 22.98, 30
2026/08/16 01:46:23.707, 0, 0, 12373, 22.85, 30
2026/08/16 01:46:25.708, 0, 0, 12345, 21.87, 30
2026/08/16 01:46:27.708, 14, 2, 12361, 22.51, 30
2026/08/16 01:46:29.709, 14, 2, 12373, 22.51, 30
2026/08/16 01:46:31.710, 14, 2, 12369, 22.31, 30
2026/08/16 01:46:33.710, 14, 2, 12365, 22.92, 30
2026/08/16 01:46:35.711, 0, 0, 12401, 21.50, 29
2026/08/16 01:46:37.711, 0, 0, 12337, 21.76, 29
2026/08/16 01:46:39.712, 0, 0, 12393, 21.98, 29
2026/08/16 01:46:41.713, 9, 1, 12405, 22.60, 29
2026/08/16 01:46:43.713, 0, 0, 12357, 22.11, 29
2026/08/16 01:46:45.714, 2, 0, 12417, 21.78, 29
2026/08/16 01:46:47.714, 14, 1, 12361, 21.95, 29
2026/08/16 01:46:49.715, 6, 1, 12341, 22.56, 29
2026/08/16 01:46:51.716, 7, 1, 12381, 21.89, 29
2026/08/16 01:46:53.717, 2, 0, 12369, 21.68, 29
2026/08/16 01:46:55.717, 13, 2, 12381, 22.32, 29
2026/08/16 01:46:57.718, 24, 4, 12365, 21.38, 29
2026/08/16 01:46:59.718, 3, 0, 12397, 22.34, 29
2026/08/16 01:47:01.719, 15, 2, 12381, 21.82, 29
2026/08/16 01:47:03.719, 12, 1, 12361, 22.29, 29
2026/08/16 01:47:05.720, 7, 1, 12405, 23.06, 29
2026/08/16 01:47:07.720, 3, 1, 12365, 22.04, 29
2026/08/16 01:47:09.721, 14, 2, 12361, 22.12, 29
2026/08/16 01:47:11.722, 0, 0, 12397, 22.22, 29
2026/08/16 01:47:13.724, 12, 2, 12337, 21.97, 29
2026/08/16 01:47:15.725, 0, 0, 12385, 22.40, 29
2026/08/16 01:47:17.725, 6, 2, 12381, 21.50, 29
2026/08/16 01:47:19.726, 13, 4, 12393, 21.63, 29
2026/08/16 01:47:21.726, 12, 1, 12373, 21.93, 29
2026/08/16 01:47:23.727, 14, 1, 12337, 21.98, 29
2026/08/16 01:47:25.727, 4, 0, 12373, 22.13, 29
2026/08/16 01:47:27.728, 3, 1, 12361, 20.73, 29
2026/08/16 01:47:29.729, 23, 3, 12353, 21.88, 29
2026/08/16 01:47:31.729, 29, 5, 12405, 22.03, 29
2026/08/16 01:47:33.730, 0, 0, 12373, 21.18, 29
2026/08/16 01:47:35.731, 17, 2, 12381, 21.90, 29
2026/08/16 01:47:37.732, 16, 1, 12341, 21.78, 29
2026/08/16 01:47:39.732, 0, 0, 12337, 21.88, 29
2026/08/16 01:47:41.733, 6, 0, 12409, 22.20, 29
2026/08/16 01:47:43.733, 12, 2, 12381, 22.22, 29
2026/08/16 01:47:45.734, 11, 2, 12365, 21.27, 29
2026/08/16 01:47:47.735, 0, 0, 12369, 22.72, 29
2026/08/16 01:47:49.735, 15, 3, 12385, 21.96, 29
2026/08/16 01:47:51.736, 21, 2, 12365, 22.58, 29
2026/08/16 01:47:53.740, 33, 4, 12329, 22.33, 29
2026/08/16 01:47:55.741, 21, 4, 12389, 22.42, 29
2026/08/16 01:47:57.741, 12, 1, 12373, 22.83, 29
2026/08/16 01:47:59.742, 11, 2, 12381, 22.57, 29
2026/08/16 01:48:01.742, 3, 1, 12445, 22.71, 29
2026/08/16 01:48:03.742, 21, 3, 12397, 22.10, 29
2026/08/16 01:48:05.743, 25, 4, 12397, 22.61, 29
2026/08/16 01:48:07.744, 4, 1, 12373, 21.92, 29
2026/08/16 01:48:09.744, 13, 1, 12333, 23.04, 29
2026/08/16 01:48:11.745, 0, 0, 12337, 22.68, 29
2026/08/16 01:48:13.745, 18, 2, 12417, 23.63, 29
2026/08/16 01:48:15.746, 1, 1, 12365, 21.88, 29
2026/08/16 01:48:17.747, 16, 3, 12393, 22.44, 29
2026/08/16 01:48:19.747, 31, 6, 12393, 22.87, 29
2026/08/16 01:48:21.748, 0, 0, 12361, 22.59, 29
2026/08/16 01:48:23.748, 16, 1, 12365, 22.97, 29
2026/08/16 01:48:25.749, 13, 2, 12353, 22.11, 29
2026/08/16 01:48:27.750, 14, 2, 12373, 23.04, 29
2026/08/16 01:48:29.750, 13, 2, 12361, 23.05, 29
2026/08/16 01:48:31.751, 22, 2, 12357, 23.32, 29
2026/08/16 01:48:33.751, 19, 5, 12353, 22.36, 29
2026/08/16 01:48:35.752, 5, 0, 12405, 22.81, 29
2026/08/16 01:48:37.753, 19, 3, 12329, 22.22, 29
2026/08/16 01:48:39.754, 19, 2, 12369, 22.22, 29
2026/08/16 01:48:41.754, 14, 2, 12393, 22.53, 29
2026/08/16 01:48:43.755, 2, 0, 12349, 22.11, 29
2026/08/16 01:48:45.756, 10, 1, 12345, 22.67, 29
2026/08/16 01:48:47.756, 5, 0, 12353, 22.80, 29
2026/08/16 01:48:49.757, 6, 1, 12365, 22.36, 29
2026/08/16 01:48:51.758, 34, 6, 12393, 22.58, 29
2026/08/16 01:48:53.758, 26, 3, 12381, 23.01, 29
2026/08/16 01:48:55.759, 0, 1, 12341, 22.76, 29
2026/08/16 01:48:57.760, 18, 3, 12385, 22.79, 29
2026/08/16 01:48:59.760, 3, 1, 12381, 22.82, 29
2026/08/16 01:49:01.761, 15, 2, 12373, 22.28, 29
2026/08/16 01:49:03.761, 0, 0, 12349, 22.62, 29
2026/08/16 01:49:05.762, 21, 2, 12361, 22.83, 29
2026/08/16 01:49:07.763, 17, 2, 12381, 22.69, 29
2026/08/16 01:49:09.763, 3, 0, 12373, 21.20, 29
2026/08/16 01:49:11.764, 47, 10, 12349, 22.71, 29
2026/08/16 01:49:13.764, 6, 1, 12393, 23.05, 29
2026/08/16 01:49:15.765, 8, 1, 12381, 22.30, 29
2026/08/16 01:49:17.766, 11, 0, 12361, 23.42, 29
2026/08/16 01:49:19.766, 0, 0, 12349, 21.62, 29
2026/08/16 01:49:21.767, 10, 1, 12361, 22.27, 29
2026/08/16 01:49:23.767, 9, 2, 12353, 22.17, 29
2026/08/16 01:49:25.768, 20, 3, 12393, 22.95, 29
2026/08/16 01:49:27.768, 9, 2, 12349, 22.39, 29
2026/08/16 01:49:29.768, 8, 1, 12365, 22.24, 29
2026/08/16 01:49:31.769, 5, 1, 12377, 22.23, 29
2026/08/16 01:49:33.770, 13, 2, 12361, 22.85, 29
2026/08/16 01:49:35.771, 0, 0, 12405, 22.37, 29
2026/08/16 01:49:37.772, 18, 2, 12329, 22.35, 29
2026/08/16 01:49:39.773, 24, 3, 12369, 22.66, 29
2026/08/16 01:49:41.773, 4, 1, 12349, 22.26, 29
2026/08/16 01:49:43.774, 13, 2, 12373, 21.88, 29
2026/08/16 01:49:45.776, 16, 2, 12373, 22.44, 29
2026/08/16 01:49:47.776, 8, 1, 12381, 22.81, 29
2026/08/16 01:49:49.776, 1, 1, 12365, 21.82, 29
2026/08/16 01:49:51.777, 18, 3, 12357, 22.21, 29
2026/08/16 01:49:53.777, 21, 3, 12373, 21.71, 29
2026/08/16 01:49:55.778, 7, 1, 12417, 22.95, 29
2026/08/16 01:49:57.778, 32, 3, 12369, 21.80, 29
2026/08/16 01:49:59.779, 0, 0, 3104, 22.86, 29
2026/08/16 01:50:03.426, 0, 0, 1, 22.64, 29
