timestamp_ns,cpu_usage_usec,memory_current_bytes,memory_peak_bytes,pids_current,load1,load5,load15
1786789971195319625,13162009819,15969882112,17764347904,470,0.00,0.00,0.00
1786789972235535632,13172960183,15914672128,17764347904,471,0.88,0.18,0.06
1786789973271157160,13183689637,15934894080,17764347904,471,0.88,0.18,0.06
1786789974321832127,13196161931,15965671424,17764347904,471,0.88,0.18,0.06
1786789975363754081,13207308239,15976091648,17764347904,471,0.88,0.18,0.06
1786789976394864438,13217066599,15943528448,17764347904,470,1.93,0.41,0.13
1786789977446569918,13229927328,15959572480,17764347904,470,1.93,0.41,0.13
1786789978503539238,13241440466,16005525504,17764347904,470,1.93,0.41,0.13
1786789979539086864,13252491984,15989538816,17764347904,470,1.93,0.41,0.13
1786789980586953030,13263950497,15968251904,17764347904,470,1.93,0.41,0.13
1786789981633763053,13275109642,15993016320,17764347904,470,3.46,0.75,0.25
1786789982675790553,13285877446,15993192448,17764347904,470,3.46,0.75,0.25
1786789983720729884,13297467224,15965118464,17764347904,470,3.46,0.75,0.25
1786789984760154446,13308078130,16051679232,17764347904,470,3.46,0.75,0.25
1786789985796908669,13320147303,16012492800,17764347904,470,3.46,0.75,0.25
1786789986838879264,13331070316,16040660992,17764347904,470,3.98,0.91,0.30
1786789987887356660,13342638671,16084881408,17764347904,470,3.98,0.91,0.30
1786789988929352453,13353157645,16089387008,17764347904,470,3.98,0.91,0.30
1786789989973260531,13365241088,16063848448,17764347904,470,3.98,0.91,0.30
1786789991005842352,13375946608,16051048448,17764347904,470,3.98,0.91,0.30
1786789992044457360,13387097901,16138321920,17764347904,470,6.47,1.47,0.49
1786789993094434314,13398771820,16042438656,17764347904,470,6.47,1.47,0.49
1786789994137997780,13409894536,16067510272,17764347904,470,6.47,1.47,0.49
1786789995177409059,13420548210,16136626176,17764347904,470,6.47,1.47,0.49
1786789996218888314,13431448594,16046415872,17764347904,470,6.47,1.47,0.49
1786789997255202531,13443594968,16050360320,17764347904,470,7.63,1.80,0.60
1786789998306523899,13453235465,16109023232,17764347904,470,7.63,1.80,0.60
1786789999376840385,13465436732,16056180736,17764347904,470,7.63,1.80,0.60
1786790000415812218,13477321384,16072167424,17764347904,470,7.63,1.80,0.60
1786790001474861119,13488243014,16078319616,17764347904,470,7.90,1.95,0.65
1786790002548120988,13499990886,16044208128,17764347904,470,7.90,1.95,0.65
1786790003593683500,13510525908,16079450112,17764347904,470,7.90,1.95,0.65
1786790004629318591,13521794745,16058781696,17764347904,471,7.90,1.95,0.65
1786790005679682206,13532955641,16092286976,17764347904,470,7.90,1.95,0.65
1786790006716553263,13543371325,16041091072,17764347904,470,9.19,2.32,0.78
1786790007757530170,13554739199,16069652480,17764347904,470,9.19,2.32,0.78
1786790008825725063,13565981151,16046370816,17764347904,470,9.19,2.32,0.78
1786790009859410092,13576679840,16045953024,17764347904,470,9.19,2.32,0.78
1786790010929837854,13587815691,16073297920,17764347904,470,9.19,2.32,0.78
1786790011969634834,13599305514,16074022912,17764347904,470,10.62,2.73,0.92
1786790013005929759,13610036811,16040648704,17764347904,470,10.62,2.73,0.92
1786790014040039426,13621021973,16105545728,17764347904,470,10.62,2.73,0.92
1786790015091818033,13631488909,16036605952,17764347904,470,10.62,2.73,0.92
1786790016127473213,13642303227,16058949632,17764347904,470,10.62,2.73,0.92
1786790017174957077,13654692939,16102772736,17764347904,470,12.17,3.18,1.08
1786790018215603605,13664953757,16083267584,17764347904,470,12.17,3.18,1.08
1786790019251175739,13676188149,16060264448,17764347904,470,12.17,3.18,1.08
1786790020300327969,13687527102,16157167616,17764347904,470,12.17,3.18,1.08
1786790021374979675,13699921753,16107548672,17764347904,470,13.52,3.61,1.23
1786790022414177321,13710373053,16148721664,17764347904,470,13.52,3.61,1.23
1786790023451760003,13720185318,16125014016,17764347904,470,13.52,3.61,1.23
1786790024498918673,13733294731,16103870464,17764347904,471,13.52,3.61,1.23
1786790025543675239,13744319116,16182214656,17764347904,471,13.52,3.61,1.23
1786790026578182074,13755337647,16107782144,17764347904,471,14.44,3.96,1.35
1786790027634508066,13765809455,16182493184,17764347904,471,14.44,3.96,1.35
1786790028701268511,13778145807,16109531136,17764347904,471,14.44,3.96,1.35
1786790029734595671,13789630729,16111448064,17764347904,471,14.44,3.96,1.35
1786790030777051805,13799950907,16110202880,17764347904,471,14.44,3.96,1.35
1786790031816230419,13811787676,16153235456,17764347904,471,14.00,4.05,1.39
1786790032846858954,13822996838,16129024000,17764347904,471,14.00,4.05,1.39
1786790033891147788,13834599174,16132341760,17764347904,471,14.00,4.05,1.39
1786790034930502748,13844722396,16118808576,17764347904,471,14.00,4.05,1.39
1786790035977487773,13856237367,16115421184,17764347904,471,14.00,4.05,1.39
1786790037060879623,13868444166,16098476032,17764347904,471,15.12,4.45,1.54
1786790038121284926,13879129712,16116494336,17764347904,471,15.12,4.45,1.54
1786790039155362278,13890323807,16142376960,17764347904,471,15.12,4.45,1.54
1786790040198766635,13900703060,16091869184,17764347904,471,15.12,4.45,1.54
1786790041237220937,13911636841,16115191808,17764347904,471,15.12,4.45,1.54
1786790042298517004,13923715841,16132534272,17764347904,471,17.03,5.02,1.74
1786790043356289802,13934680065,16108658688,17764347904,471,17.03,5.02,1.74
1786790044420276081,13945872880,16107134976,17764347904,471,17.03,5.02,1.74
1786790045461280004,13957817743,16105971712,17764347904,471,17.03,5.02,1.74
1786790046540277204,13968857180,16134610944,17764347904,471,16.95,5.20,1.82
1786790047575521089,13980621440,16196743168,17764347904,471,16.95,5.20,1.82
1786790048618311715,13991374945,16152014848,17764347904,471,16.95,5.20,1.82
1786790049670401127,14002784147,16172036096,17764347904,471,16.95,5.20,1.82
1786790050703611205,14013937974,16152911872,17764347904,471,16.95,5.20,1.82
1786790051765228744,14025942003,16148418560,17764347904,471,17.52,5.52,1.94
1786790052813940480,14037162539,16202223616,17764347904,471,17.52,5.52,1.94
1786790053876812427,14048144461,16168964096,17764347904,471,17.52,5.52,1.94
1786790054914964885,14060374962,16186155008,17764347904,471,17.52,5.52,1.94
1786790055964431255,14071411064,16191037440,17764347904,471,17.52,5.52,1.94
1786790057000383574,14081711523,16195756032,17764347904,471,17.23,5.66,2.00
1786790058039724075,14093253683,16173170688,17764347904,471,17.23,5.66,2.00
1786790059107482042,14105869085,16174305280,17764347904,471,17.23,5.66,2.00
1786790060144441696,14116293371,16211288064,17764347904,471,17.23,5.66,2.00
1786790061183819660,14127136140,16173793280,17764347904,471,17.23,5.66,2.00
1786790062241464041,14140225335,16194613248,17764347904,471,16.97,5.80,2.07
1786790063304084884,14150700529,16179236864,17764347904,471,16.97,5.80,2.07
1786790064358171679,14162264174,16174960640,17764347904,471,16.97,5.80,2.07
1786790065405201857,14174613266,16177139712,17764347904,471,16.97,5.80,2.07
1786790066464862841,14186209460,16185499648,17764347904,471,18.26,6.25,2.23
1786790067531531034,14197790041,16184139776,17764347904,471,18.26,6.25,2.23
1786790068575623323,14207648807,16155054080,17764347904,471,18.26,6.25,2.23
1786790069636376813,14220401926,16193773568,17764347904,470,18.26,6.25,2.23
1786790070679743117,14232027762,16152117248,17764347904,470,18.26,6.25,2.23
1786790071753301742,14243599408,16151142400,17764347904,470,18.00,6.39,2.30
1786790072809100504,14254748979,16185626624,17764347904,470,18.00,6.39,2.30
1786790073845500057,14265254571,16139382784,17764347904,470,18.00,6.39,2.30
1786790074889167694,14276423500,16134303744,17764347904,470,18.00,6.39,2.30
1786790075923702681,14287883629,16130674688,17764347904,470,18.00,6.39,2.30
1786790076962952250,14299090012,16197500928,17764347904,470,18.80,6.75,2.44
1786790078011249340,14308903795,16168075264,17764347904,470,18.80,6.75,2.44
1786790079053255693,14320637295,16139071488,17764347904,470,18.80,6.75,2.44
1786790080099686345,14331601546,16194056192,17764347904,470,18.80,6.75,2.44
1786790081144307033,14343084334,16163946496,17764347904,470,18.80,6.75,2.44
1786790082186006710,14353557570,16192405504,17764347904,470,18.81,6.95,2.53
1786790083215930774,14364750613,16145252352,17764347904,470,18.81,6.95,2.53
1786790084266047585,14377099134,16144076800,17764347904,470,18.81,6.95,2.53
1786790085324592601,14388012745,16154550272,17764347904,470,18.81,6.95,2.53
1786790086369433188,14399346744,16131661824,17764347904,470,18.67,7.12,2.61
1786790087424266495,14410670761,16155987968,17764347904,471,18.67,7.12,2.61
1786790088471377305,14421953667,16160018432,17764347904,471,18.67,7.12,2.61
1786790089510497965,14432287786,16189001728,17764347904,471,18.67,7.12,2.61
1786790090582912400,14444960180,16140849152,17764347904,471,18.67,7.12,2.61
1786790091623369448,14455917529,16148979712,17764347904,471,19.90,7.57,2.78
1786790092661200394,14466905000,16190152704,17764347904,471,19.90,7.57,2.78
1786790093706085037,14478066864,16146882560,17764347904,471,19.90,7.57,2.78
1786790094752434027,14489500066,16179609600,17764347904,471,19.90,7.57,2.78
1786790095791486333,14500130620,16153923584,17764347904,471,19.90,7.57,2.78
1786790096867936592,14512015127,16183947264,17764347904,471,19.58,7.71,2.85
1786790097910964519,14522929289,16189849600,17764347904,471,19.58,7.71,2.85
1786790098953947520,14534423691,16187371520,17764347904,471,19.58,7.71,2.85
1786790100015437786,14545881887,16162361344,17764347904,471,19.58,7.71,2.85
1786790101055850269,14557743157,16140840960,17764347904,471,19.58,7.71,2.85
1786790102090304069,14567596018,16142483456,17764347904,471,18.66,7.71,2.87
1786790103129374569,14578795764,16189349888,17764347904,471,18.66,7.71,2.87
1786790104162402818,14589991267,16143470592,17764347904,471,18.66,7.71,2.87
1786790105197671955,14601371726,16156340224,17764347904,471,18.66,7.71,2.87
1786790106243318236,14612458786,16150478848,17764347904,471,17.96,7.75,2.91
1786790107282141936,14623470536,16158236672,17764347904,471,17.96,7.75,2.91
1786790108320007882,14634604019,16186134528,17764347904,471,17.96,7.75,2.91
1786790109370436230,14646987796,16171380736,17764347904,471,17.96,7.75,2.91
1786790110424214851,14657728329,16199573504,17764347904,471,17.96,7.75,2.91
1786790111471829713,14668396524,16196882432,17764347904,471,17.49,7.82,2.96
1786790112517237515,14679634681,16212287488,17764347904,471,17.49,7.82,2.96
1786790113560619527,14691185216,16216915968,17764347904,471,17.49,7.82,2.96
1786790114589730286,14701782735,16269959168,17764347904,471,17.49,7.82,2.96
1786790115638552938,14712534702,16305799168,17764347904,471,17.49,7.82,2.96
1786790116684060909,14723554915,16260018176,17764347904,471,16.73,7.83,2.99
1786790117726167425,14735477491,16266772480,17764347904,471,16.73,7.83,2.99
1786790118765986470,14746356280,16233922560,17764347904,471,16.73,7.83,2.99
1786790119813190435,14757432015,16241459200,17764347904,471,16.73,7.83,2.99
1786790120857563102,14767968664,16225890304,17764347904,471,16.73,7.83,2.99
1786790121911863345,14780133800,16275513344,17764347904,471,16.35,7.89,3.04
1786790122953154583,14791599904,16249364480,17764347904,471,16.35,7.89,3.04
1786790123987444733,14802129680,16289886208,17764347904,471,16.35,7.89,3.04
1786790125035122341,14813742138,16265519104,17764347904,471,16.35,7.89,3.04
1786790126106817743,14825044709,16337641472,17764347904,471,16.35,7.89,3.04
1786790127146623782,14836197821,16266838016,17764347904,471,15.68,7.90,3.06
1786790128210316039,14847791807,16316747776,17764347904,471,15.68,7.90,3.06
1786790129248663334,14858269347,16269938688,17764347904,471,15.68,7.90,3.06
1786790130327042260,14870392588,16298668032,17764347904,471,15.68,7.90,3.06
1786790131365550510,14881186742,16268099584,17764347904,471,15.94,8.08,3.15
1786790132395763068,14892252615,16268345344,17764347904,471,15.94,8.08,3.15
1786790133429802410,14903284014,16267571200,17764347904,470,15.94,8.08,3.15
1786790134469675633,14915140855,16276078592,17764347904,470,15.94,8.08,3.15
1786790135505643255,14925554282,16256733184,17764347904,470,15.94,8.08,3.15
1786790136546309103,14937084025,16289423360,17764347904,470,16.03,8.23,3.23
1786790137591832846,14947660286,16313016320,17764347904,470,16.03,8.23,3.23
1786790138636860747,14959448458,16243851264,17764347904,470,16.03,8.23,3.23
1786790139678680843,14969529071,16327921664,17764347904,470,16.03,8.23,3.23
1786790140723459330,14981566003,16262426624,17764347904,470,16.03,8.23,3.23
1786790141774246465,14992350189,16295849984,17764347904,470,15.63,8.28,3.27
1786790142809671886,15003681188,16272449536,17764347904,470,15.63,8.28,3.27
1786790143856378459,15014416638,16267653120,17764347904,470,15.63,8.28,3.27
1786790144891340235,15025056853,16221491200,17764347904,470,15.63,8.28,3.27
1786790145922615408,15036242505,16238424064,17764347904,470,15.63,8.28,3.27
1786790146970221112,15047077957,16290435072,17764347904,471,16.62,8.60,3.40
1786790148004720849,15057647460,16270217216,17764347904,471,16.62,8.60,3.40
1786790149039841635,15068966105,16247349248,17764347904,471,16.62,8.60,3.40
1786790150096044513,15080054773,16278499328,17764347904,471,16.62,8.60,3.40
1786790151142368473,15090481995,16322478080,17764347904,471,16.62,8.60,3.40
1786790152218608667,15102992630,16293449728,17764347904,471,17.05,8.83,3.50
1786790153295442208,15114268145,16299339776,17764347904,471,17.05,8.83,3.50
1786790154335689165,15124770056,16305356800,17764347904,471,17.05,8.83,3.50
1786790155368171538,15136612633,16298921984,17764347904,471,17.05,8.83,3.50
1786790156414623217,15147660889,16327753728,17764347904,471,16.64,8.88,3.55
1786790157456756380,15159257669,16307355648,17764347904,471,16.64,8.88,3.55
1786790158498493096,15168898006,16290140160,17764347904,471,16.64,8.88,3.55
1786790159549836074,15180776577,16305561600,17764347904,471,16.64,8.88,3.55
1786790160619487419,15192073945,16313151488,17764347904,471,16.64,8.88,3.55
1786790161678839757,15203246515,16367865856,17764347904,471,16.19,8.91,3.59
1786790162749010867,15213964057,16324476928,17764347904,471,16.19,8.91,3.59
1786790163789762257,15226082972,16344793088,17764347904,471,16.19,8.91,3.59
1786790164823949437,15236950371,16394190848,17764347904,471,16.19,8.91,3.59
1786790165861286647,15248109141,16350699520,17764347904,471,16.19,8.91,3.59
1786790166901395419,15259301198,16396619776,17764347904,471,15.70,8.93,3.62
1786790167938280533,15271324800,16398032896,17764347904,471,15.70,8.93,3.62
1786790168986414334,15282348563,16403529728,17764347904,471,15.70,8.93,3.62
1786790170028421473,15294494679,16425123840,17764347904,471,15.70,8.93,3.62
1786790171070584359,15305675317,16420626432,17764347904,471,15.70,8.93,3.62
1786790172118482144,15317395225,16402259968,17764347904,471,15.40,8.98,3.67
1786790173159742841,15328259626,16411914240,17764347904,471,15.40,8.98,3.67
1786790174199836198,15339698368,16397348864,17764347904,471,15.40,8.98,3.67
1786790175247591058,15351283274,16439193600,17764347904,471,15.40,8.98,3.67
1786790176303275917,15362729245,16393883648,17764347904,471,16.09,9.23,3.78
1786790177355692433,15374724578,16400416768,17764347904,471,16.09,9.23,3.78
1786790178395153314,15385644161,16457437184,17764347904,471,16.09,9.23,3.78
1786790179432558161,15397661548,16419053568,17764347904,471,16.09,9.23,3.78
1786790180467920299,15409338652,16420622336,17764347904,471,16.09,9.23,3.78
1786790181523708033,15420303375,16453234688,17764347904,471,15.68,9.26,3.82
1786790182586010386,15431978201,16430751744,17764347904,471,15.68,9.26,3.82
1786790183632559136,15443735202,16427720704,17764347904,471,15.68,9.26,3.82
1786790184686646061,15454340320,16405291008,17764347904,471,15.68,9.26,3.82
1786790185730923426,15466546462,16388263936,17764347904,471,15.68,9.26,3.82
1786790186776812423,15476897146,16400330752,17764347904,471,15.39,9.31,3.86
1786790187828906600,15488612437,16404721664,17764347904,471,15.39,9.31,3.86
1786790188908737995,15500512699,16389242880,17764347904,471,15.39,9.31,3.86
1786790189946505853,15511867913,16393830400,17764347904,471,15.39,9.31,3.86
1786790190991359048,15522735112,16391716864,17764347904,471,15.39,9.31,3.86
1786790192046138921,15533956975,16384102400,17764347904,470,14.95,9.32,3.89
1786790193089885403,15545699552,16395452416,17764347904,470,14.95,9.32,3.89
1786790194144336769,15557177726,16426889216,17764347904,470,14.95,9.32,3.89
1786790195200667518,15569054099,16400818176,17764347904,470,14.95,9.32,3.89
1786790196260895307,15579536463,16446590976,17764347904,470,15.12,9.45,3.96
1786790197314704714,15591600325,16425713664,17764347904,470,15.12,9.45,3.96
1786790198389450922,15603892731,16440467456,17764347904,470,15.12,9.45,3.96
1786790199429161722,15613458466,16432427008,17764347904,470,15.12,9.45,3.96
1786790200471487290,15625523530,16425103360,17764347904,470,15.12,9.45,3.96
1786790201529192175,15638203597,16427868160,17764347904,470,15.67,9.66,4.06
1786790202569469075,15649709155,16466472960,17764347904,470,15.67,9.66,4.06
1786790203614189687,15660698106,16481738752,17764347904,470,15.67,9.66,4.06
1786790204647337776,15671703849,16441491456,17764347904,470,15.67,9.66,4.06
1786790205685525012,15683827055,16462102528,17764347904,471,15.67,9.66,4.06
1786790206757771922,15696131771,16464560128,17764347904,471,16.02,9.83,4.15
1786790207802642809,15707956467,16471949312,17764347904,471,16.02,9.83,4.15
1786790208851560156,15719146871,16463335424,17764347904,471,16.02,9.83,4.15
1786790209899458868,15729667812,16473731072,17764347904,471,16.02,9.83,4.15
1786790210960945606,15741989504,16464564224,17764347904,471,16.02,9.83,4.15
1786790212012840067,15754181774,16473862144,17764347904,471,16.18,9.97,4.22
1786790213065457706,15765197761,16495505408,17764347904,471,16.18,9.97,4.22
1786790214109492687,15775811485,16473915392,17764347904,471,16.18,9.97,4.22
1786790215166646105,15787690242,16517550080,17764347904,471,16.18,9.97,4.22
1786790216229776860,15799752096,16477556736,17764347904,471,17.12,10.27,4.35
1786790217286393800,15811642296,16507854848,17764347904,471,17.12,10.27,4.35
1786790218328775587,15822160946,16494419968,17764347904,471,17.12,10.27,4.35
1786790219383963598,15833569284,16512253952,17764347904,471,17.12,10.27,4.35
1786790220464279727,15845007766,16490958848,17764347904,471,17.12,10.27,4.35
1786790221514368155,15857227269,16486449152,17764347904,471,16.87,10.33,4.40
1786790222558149293,15867955942,16502157312,17764347904,471,16.87,10.33,4.40
1786790223596049801,15879328118,16539324416,17764347904,471,16.87,10.33,4.40
1786790224633445175,15890808074,16445210624,17764347904,471,16.87,10.33,4.40
1786790225678226813,15902079834,16470913024,17764347904,471,16.87,10.33,4.40
1786790226712005658,15912487560,16475234304,17764347904,471,16.64,10.39,4.45
1786790227748941177,15923946910,16458981376,17764347904,471,16.64,10.39,4.45
1786790228800898460,15935363657,16463388672,17764347904,471,16.64,10.39,4.45
1786790229844514234,15946573160,16499060736,17764347904,471,16.64,10.39,4.45
1786790230881030393,15957752571,16481026048,17764347904,471,16.64,10.39,4.45
1786790231930763919,15969468261,16456364032,17764347904,471,16.35,10.43,4.50
1786790233001988777,15980475360,16485363712,17764347904,471,16.35,10.43,4.50
1786790234043190399,15991719519,16492146688,17764347904,471,16.35,10.43,4.50
1786790235103166365,16003009165,16492584960,17764347904,471,16.35,10.43,4.50
1786790236151546456,16014883040,16472731648,17764347904,471,16.35,10.43,4.50
1786790237196047453,16025843251,16482230272,17764347904,471,15.68,10.39,4.52
1786790238245550420,16036336820,16501190656,17764347904,471,15.68,10.39,4.52
1786790239287891214,16048044408,16470233088,17764347904,471,15.68,10.39,4.52
1786790240361701334,16060039949,16499777536,17764347904,471,15.68,10.39,4.52
1786790241408689637,16070876995,16478478336,17764347904,471,15.23,10.38,4.55
1786790242447858716,16081944882,16504561664,17764347904,471,15.23,10.38,4.55
1786790243483131658,16092868902,16497934336,17764347904,471,15.23,10.38,4.55
1786790244528849395,16104623219,16501231616,17764347904,471,15.23,10.38,4.55
1786790245588065149,16115884268,16494305280,17764347904,471,15.23,10.38,4.55
1786790246619413183,16126650191,16479752192,17764347904,471,14.73,10.36,4.57
1786790247670000025,16137846343,16499191808,17764347904,471,14.73,10.36,4.57
1786790248712202083,16150032965,16525074432,17764347904,471,14.73,10.36,4.57
1786790249781565692,16161739812,16480485376,17764347904,471,14.73,10.36,4.57
1786790250824718234,16172630508,16478253056,17764347904,470,14.73,10.36,4.57
1786790251862550840,16184603282,16502419456,17764347904,470,15.63,10.62,4.69
1786790252895761720,16195097955,16494084096,17764347904,470,15.63,10.62,4.69
1786790253970689249,16206317431,16463319040,17764347904,470,15.63,10.62,4.69
1786790255003515691,16218188420,16418852864,17764347904,470,15.63,10.62,4.69
1786790256045302530,16229591734,16422195200,17764347904,470,15.63,10.62,4.69
1786790257102456398,16240567121,16416268288,17764347904,470,15.10,10.59,4.71
1786790258152444593,16251810841,16415784960,17764347904,470,15.10,10.59,4.71
1786790259187030024,16263410212,16417030144,17764347904,470,15.10,10.59,4.71
1786790260228367324,16274549967,16446599168,17764347904,470,15.10,10.59,4.71
1786790261276405790,16286176930,16434315264,17764347904,470,15.17,10.68,4.77
1786790262346703438,16297416859,16473104384,17764347904,470,15.17,10.68,4.77
1786790263401780422,16308640183,16476033024,17764347904,471,15.17,10.68,4.77
1786790264437832875,16320477469,16450904064,17764347904,471,15.17,10.68,4.77
1786790265518402272,16331786684,16432652288,17764347904,471,15.17,10.68,4.77
1786790266566719525,16343765992,16442347520,17764347904,471,15.72,10.87,4.87
1786790267607104336,16353517157,16427278336,17764347904,471,15.72,10.87,4.87
1786790268644821660,16365208072,16426127360,17764347904,471,15.72,10.87,4.87
1786790269705270775,16377559028,16431132672,17764347904,471,15.72,10.87,4.87
1786790270753707844,16388394640,16433623040,17764347904,471,15.72,10.87,4.87
1786790271790815126,16398886420,16453332992,17764347904,471,16.14,11.04,4.95
1786790272838101902,16410524085,16414248960,17764347904,471,16.14,11.04,4.95
1786790273886397267,16421194463,16424316928,17764347904,471,16.14,11.04,4.95
1786790274948946560,16433078410,16425926656,17764347904,471,16.14,11.04,4.95
1786790276010981351,16443767768,16397422592,17764347904,471,16.14,11.04,4.95
1786790277048232184,16455329702,16423583744,17764347904,471,15.97,11.09,5.00
1786790278083701488,16465874288,16408829952,17764347904,471,15.97,11.09,5.00
1786790279149500284,16477357159,16443019264,17764347904,471,15.97,11.09,5.00
1786790280202358923,16488343477,16409808896,17764347904,471,15.97,11.09,5.00
1786790281252253017,16499741519,16454283264,17764347904,471,16.77,11.34,5.11
1786790282296152349,16510565084,16402780160,17764347904,471,16.77,11.34,5.11
1786790283330147110,16521892028,16438530048,17764347904,471,16.77,11.34,5.11
1786790284367698806,16531444675,16433156096,17764347904,471,16.77,11.34,5.11
1786790285411276644,16543165797,16458366976,17764347904,471,16.77,11.34,5.11
1786790286447840659,16554915061,16490246144,17764347904,471,16.55,11.38,5.16
1786790287490017641,16565526625,16467644416,17764347904,471,16.55,11.38,5.16
1786790288531810523,16576845601,16467259392,17764347904,471,16.55,11.38,5.16
1786790289588744509,16588239670,16495599616,17764347904,471,16.55,11.38,5.16
1786790290646125993,16599976533,16478973952,17764347904,471,16.55,11.38,5.16
1786790291702927922,16611336654,16528289792,17764347904,471,16.51,11.46,5.22
1786790292742028267,16622917154,16485195776,17764347904,471,16.51,11.46,5.22
1786790293786261461,16633923623,16506437632,17764347904,471,16.51,11.46,5.22
1786790294859312030,16645651937,16519864320,17764347904,471,16.51,11.46,5.22
1786790295894628512,16656821487,16508026880,17764347904,471,16.51,11.46,5.22
1786790296943007504,16667530985,16512335872,17764347904,471,16.47,11.53,5.28
1786790297999810353,16679666391,16557096960,17764347904,471,16.47,11.53,5.28
1786790299053346951,16690748872,16499830784,17764347904,471,16.47,11.53,5.28
1786790300102882059,16701900427,16508911616,17764347904,471,16.47,11.53,5.28
1786790301170167415,16713740553,16551759872,17764347904,471,17.15,11.76,5.38
1786790302239128230,16725616457,16555991040,17764347904,471,17.15,11.76,5.38
1786790303311549691,16737026605,16558292992,17764347904,471,17.15,11.76,5.38
1786790304359986439,16748612309,16572510208,17764347904,471,17.15,11.76,5.38
1786790305404136883,16759425177,16520347648,17764347904,471,17.15,11.76,5.38
1786790306446767227,16770757838,16507367424,17764347904,471,16.90,11.79,5.43
1786790307505007748,16781707510,16554680320,17764347904,471,16.90,11.79,5.43
1786790308558972784,16793626179,16532938752,17764347904,470,16.90,11.79,5.43
1786790309603871977,16805262037,16535384064,17764347904,470,16.90,11.79,5.43
1786790310644271967,16815071160,16554422272,17764347904,470,16.90,11.79,5.43
1786790311684583719,16827176936,16530542592,17764347904,470,16.82,11.86,5.49
1786790312735836188,16838416051,16604688384,17764347904,470,16.82,11.86,5.49
1786790313783969118,16849523242,16528814080,17764347904,470,16.82,11.86,5.49
1786790314845010362,16861455606,16538091520,17764347904,470,16.82,11.86,5.49
1786790315893072658,16871731844,16588718080,17764347904,470,16.82,11.86,5.49
1786790316941443981,16883577405,16561917952,17764347904,470,18.60,12.32,5.67
1786790317996096708,16895049199,16555999232,17764347904,470,18.60,12.32,5.67
1786790319032983131,16905122580,16565153792,17764347904,470,18.60,12.32,5.67
1786790320085115201,16918095327,16596283392,17764347904,470,18.60,12.32,5.67
1786790321141941019,16928670967,16666787840,17764347904,471,18.60,12.32,5.67
1786790322182867120,16939947884,16613072896,17764347904,471,18.07,12.31,5.70
1786790323247008980,16952188538,16618905600,17764347904,471,18.07,12.31,5.70
1786790324311097588,16963611844,16629067776,17764347904,471,18.07,12.31,5.70
1786790325367599183,16975516647,16625262592,17764347904,471,18.07,12.31,5.70
1786790326426671847,16986939619,16597970944,17764347904,471,17.26,12.24,5.71
1786790327472236136,16998617688,16600264704,17764347904,471,17.26,12.24,5.71
1786790328531006460,17010287283,16597250048,17764347904,471,17.26,12.24,5.71
1786790329592340669,17022089663,16635260928,17764347904,471,17.26,12.24,5.71
1786790330633250196,17032924959,16612126720,17764347904,471,17.26,12.24,5.71
1786790331688370213,17044329038,16641761280,17764347904,471,16.36,12.13,5.72
1786790332745664554,17056364478,16650391552,17764347904,471,16.36,12.13,5.72
1786790333805002575,17068250668,16668114944,17764347904,471,16.36,12.13,5.72
1786790334873365263,17080210904,16647974912,17764347904,471,16.36,12.13,5.72
1786790335922902577,17091176464,16668913664,17764347904,471,16.36,12.13,5.72
1786790336957391336,17102940726,16618201088,17764347904,471,16.01,12.13,5.75
1786790337991604176,17113677088,16645951488,17764347904,471,16.01,12.13,5.75
1786790339062686157,17125916852,16647032832,17764347904,471,16.01,12.13,5.75
1786790340109714580,17136966027,16635179008,17764347904,471,16.01,12.13,5.75
1786790341166551721,17148866002,16578727936,17764347904,471,16.01,12.13,5.75
1786790342217838874,17160043181,16555311104,17764347904,471,15.29,12.05,5.76
1786790343255870714,17170744321,16628408320,17764347904,471,15.29,12.05,5.76
1786790344291617065,17182421907,16583610368,17764347904,471,15.29,12.05,5.76
1786790345340586827,17193147394,16619106304,17764347904,471,15.29,12.05,5.76
1786790346384698938,17205016611,16557789184,17764347904,471,16.79,12.41,5.91
1786790347445788019,17216497612,16584884224,17764347904,471,16.79,12.41,5.91
1786790348494906663,17227556224,16625201152,17764347904,471,16.79,12.41,5.91
1786790349556798976,17238248693,16576430080,17764347904,471,16.79,12.41,5.91
1786790350619540188,17250040217,16565481472,17764347904,471,16.79,12.41,5.91
1786790351666004779,17260241772,16539865088,17764347904,471,16.08,12.34,5.92
1786790352718171810,17271884494,16513478656,17764347904,471,16.08,12.34,5.92
1786790353767855552,17283128075,16490246144,17764347904,471,16.08,12.34,5.92
1786790354804512796,17293711333,16493748224,17764347904,471,16.08,12.34,5.92
1786790355838417816,17303785188,16606040064,17764347904,471,16.08,12.34,5.92
1786790356879067490,17315606090,16507826176,17764347904,471,15.92,12.37,5.96
1786790357927299840,17326544214,16580055040,17764347904,471,15.92,12.37,5.96
1786790358965435975,17337377511,16585052160,17764347904,471,15.92,12.37,5.96
1786790359998517660,17347503074,16651116544,17764347904,471,15.92,12.37,5.96
1786790361043763652,17359531670,16553861120,17764347904,471,15.92,12.37,5.96
1786790362089026592,17370299593,16557600768,17764347904,471,16.16,12.48,6.03
1786790363132926765,17380746391,16547405824,17764347904,471,16.16,12.48,6.03
1786790364181459221,17392321961,16587087872,17764347904,471,16.16,12.48,6.03
1786790365220561700,17403048679,16607088640,17764347904,471,16.16,12.48,6.03
1786790366256369468,17413530061,16583491584,17764347904,470,16.31,12.57,6.10
1786790367298936408,17424714473,16585543680,17764347904,470,16.31,12.57,6.10
1786790368341824497,17435849578,16594391040,17764347904,470,16.31,12.57,6.10
1786790369380911154,17447075361,16604733440,17764347904,470,16.31,12.57,6.10
1786790370431515787,17457543724,16579616768,17764347904,470,16.31,12.57,6.10
1786790371483183712,17468530210,16579301376,17764347904,470,16.05,12.58,6.14
1786790372521439691,17478847945,16554381312,17764347904,470,16.05,12.58,6.14
1786790373564989605,17490365469,16553857024,17764347904,470,16.05,12.58,6.14
1786790374608455958,17501397903,16569155584,17764347904,470,16.05,12.58,6.14
1786790375661543612,17511892150,16587628544,17764347904,470,16.05,12.58,6.14
1786790376703600957,17521930317,16601886720,17764347904,470,15.40,12.50,6.15
1786790377740169524,17533170829,16548671488,17764347904,470,15.40,12.50,6.15
1786790378780073353,17543725832,16576286720,17764347904,471,15.40,12.50,6.15
1786790379831521639,17554344867,16575688704,17764347904,471,15.40,12.50,6.15
1786790380870580927,17565196145,16565080064,17764347904,471,15.40,12.50,6.15
1786790381912532555,17575848745,16565268480,17764347904,471,15.29,12.52,6.19
1786790382961796013,17586609237,16589873152,17764347904,471,15.29,12.52,6.19
1786790384001575310,17597598300,16634634240,17764347904,471,15.29,12.52,6.19
1786790385045855986,17608238774,16655314944,17764347904,471,15.29,12.52,6.19
1786790386100593932,17619347644,16626376704,17764347904,471,15.29,12.52,6.19
1786790387151627507,17630593742,16605540352,17764347904,471,16.39,12.80,6.31
1786790388199099889,17640960436,16668020736,17764347904,471,16.39,12.80,6.31
1786790389246636607,17651707951,16599367680,17764347904,471,16.39,12.80,6.31
1786790390325850838,17663329398,16647430144,17764347904,471,16.39,12.80,6.31
1786790391386702403,17674681609,16669609984,17764347904,471,16.60,12.90,6.38
1786790392433047586,17685477203,16629149696,17764347904,471,16.60,12.90,6.38
1786790393469045527,17696128510,16652890112,17764347904,471,16.60,12.90,6.38
1786790394505340962,17707485458,16650788864,17764347904,471,16.60,12.90,6.38
1786790395558493411,17719069370,16633876480,17764347904,471,16.60,12.90,6.38
1786790396595268477,17729604960,16631853056,17764347904,471,18.07,13.27,6.53
1786790397632826568,17740356436,16658329600,17764347904,471,18.07,13.27,6.53
1786790398678016360,17751797195,16684310528,17764347904,471,18.07,13.27,6.53
1786790399760906775,17763431041,16654708736,17764347904,471,18.07,13.27,6.53
1786790400798298301,17773731775,16700977152,17764347904,471,18.07,13.27,6.53
1786790401856844113,17785693371,16659595264,17764347904,471,17.26,13.18,6.54
1786790402912994980,17797034071,16678899712,17764347904,471,17.26,13.18,6.54
1786790403955851835,17808008634,16652787712,17764347904,471,17.26,13.18,6.54
1786790405025212183,17818531813,16643231744,17764347904,471,17.26,13.18,6.54
1786790406095439383,17830568521,16644984832,17764347904,471,17.26,13.18,6.54
1786790407152929507,17841951623,16673611776,17764347904,471,16.76,13.14,6.57
1786790408206349852,17852961363,16708136960,17764347904,471,16.76,13.14,6.57
1786790409259393938,17864845254,16680857600,17764347904,471,16.76,13.14,6.57
1786790410306128142,17875693077,16681607168,17764347904,471,16.76,13.14,6.57
1786790411363521798,17886771815,16670289920,17764347904,471,16.54,13.16,6.61
1786790412402856102,17897945670,16692154368,17764347904,471,16.54,13.16,6.61
1786790413443663905,17909289203,16706818048,17764347904,471,16.54,13.16,6.61
1786790414521646052,17921237944,16704446464,17764347904,471,16.54,13.16,6.61
1786790415572141370,17931738878,16681611264,17764347904,471,16.54,13.16,6.61
1786790416642873268,17943668783,16682971136,17764347904,471,16.10,13.12,6.63
1786790417696486817,17955834715,16683548672,17764347904,471,16.10,13.12,6.63
1786790418760496355,17966736355,16706166784,17764347904,471,16.10,13.12,6.63
1786790419795014111,17977481768,16693534720,17764347904,471,16.10,13.12,6.63
1786790420839457162,17989101276,16698834944,17764347904,471,16.10,13.12,6.63
1786790421883219962,18000009731,16789389312,17764347904,471,17.21,13.40,6.76
1786790422919769224,18011294246,16720384000,17764347904,471,17.21,13.40,6.76
1786790423991872003,18023922828,16727597056,17764347904,470,17.21,13.40,6.76
1786790425042547809,18035392022,16775806976,17764347904,470,17.21,13.40,6.76
1786790426076902560,18046176731,16752869376,17764347904,470,17.21,13.40,6.76
1786790427138768311,18057060965,16731676672,17764347904,470,16.87,13.40,6.79
1786790428181261831,18069610889,16735117312,17764347904,470,16.87,13.40,6.79
1786790429228081964,18081457265,16736387072,17764347904,470,16.87,13.40,6.79
1786790430294874604,18090993459,16806522880,17764347904,470,16.87,13.40,6.79
1786790431346316047,18102231806,16749342720,17764347904,470,18.33,13.75,6.94
1786790432392385056,18114809718,16741322752,17764347904,470,18.33,13.75,6.94
1786790433455389104,18125266628,16777314304,17764347904,470,18.33,13.75,6.94
1786790434497399588,18135578222,16737157120,17764347904,470,18.33,13.75,6.94
1786790435550049088,18147699269,16742805504,17764347904,470,18.33,13.75,6.94
1786790436606012702,18159666800,16745553920,17764347904,470,17.90,13.74,6.97
1786790437648130562,18171075930,16718581760,17764347904,471,17.90,13.74,6.97
1786790438690373030,18182031608,16734142464,17764347904,471,17.90,13.74,6.97
1786790439740593893,18193232831,16746991616,17764347904,471,17.90,13.74,6.97
1786790440778558784,18205337256,16720683008,17764347904,471,17.90,13.74,6.97
1786790441817671013,18216446708,16757927936,17764347904,471,18.15,13.86,7.05
1786790442880517811,18227028516,16733564928,17764347904,471,18.15,13.86,7.05
1786790443920122793,18239052688,16767254528,17764347904,471,18.15,13.86,7.05
1786790444967404024,18249949001,16753029120,17764347904,471,18.15,13.86,7.05
1786790446026739608,18261596947,16753942528,17764347904,471,18.15,13.86,7.05
1786790447074708729,18273951932,16733519872,17764347904,471,19.74,14.26,7.22
1786790448113007118,18283256353,16796864512,17764347904,471,19.74,14.26,7.22
1786790449169764990,18295387672,16777932800,17764347904,471,19.74,14.26,7.22
1786790450237058697,18308112859,16778747904,17764347904,471,19.74,14.26,7.22
1786790451288320615,18318487192,16828764160,17764347904,471,18.96,14.19,7.23
1786790452339534367,18329227626,16779911168,17764347904,471,18.96,14.19,7.23
1786790453405255187,18342816292,16784633856,17764347904,471,18.96,14.19,7.23
1786790454461562326,18353208475,16772788224,17764347904,471,18.96,14.19,7.23
1786790455516027113,18364895021,16796389376,17764347904,471,18.96,14.19,7.23
1786790456556155841,18376246532,16746172416,17764347904,471,19.44,14.37,7.33
1786790457596423284,18387199560,16815443968,17764347904,471,19.44,14.37,7.33
1786790458643892817,18398553140,16748617728,17764347904,471,19.44,14.37,7.33
1786790459681919132,18410018942,16773722112,17764347904,471,19.44,14.37,7.33
1786790460725824765,18421198842,16776761344,17764347904,471,19.44,14.37,7.33
1786790461795809161,18433036974,16751214592,17764347904,471,18.93,14.35,7.36
1786790462839427704,18444704168,16770723840,17764347904,471,18.93,14.35,7.36
1786790463882836446,18455539958,16772685824,17764347904,471,18.93,14.35,7.36
1786790464932903538,18467411899,16773214208,17764347904,471,18.93,14.35,7.36
1786790465966970237,18478473482,16822890496,17764347904,471,18.93,14.35,7.36
1786790467000955776,18489267536,16808280064,17764347904,471,18.53,14.34,7.39
1786790468045597929,18501070822,16797294592,17764347904,471,18.53,14.34,7.39
1786790469088234282,18511624348,16844410880,17764347904,471,18.53,14.34,7.39
1786790470129002373,18523553319,16805232640,17764347904,471,18.53,14.34,7.39
1786790471174210379,18534731511,16766119936,17764347904,471,18.17,14.34,7.43
1786790472214998805,18546211311,16810045440,17764347904,471,18.17,14.34,7.43
1786790473251684725,18557175209,16784359424,17764347904,471,18.17,14.34,7.43
1786790474305258574,18569554352,16789807104,17764347904,471,18.17,14.34,7.43
1786790475347738425,18580710158,16788508672,17764347904,471,18.17,14.34,7.43
1786790476397376535,18591872544,16799916032,17764347904,471,17.59,14.28,7.45
1786790477442448228,18603157829,16813019136,17764347904,471,17.59,14.28,7.45
1786790478490708549,18615098553,16790093824,17764347904,471,17.59,14.28,7.45
1786790479535520041,18626502249,16835780608,17764347904,471,17.59,14.28,7.45
1786790480592234767,18637525905,16788414464,17764347904,471,17.59,14.28,7.45
1786790481647756357,18649155562,16790257664,17764347904,471,17.14,14.24,7.47
1786790482698787925,18660307049,16818933760,17764347904,470,17.14,14.24,7.47
1786790483759300580,18671629489,16788938752,17764347904,470,17.14,14.24,7.47
1786790484801557756,18683741936,16812859392,17764347904,470,17.14,14.24,7.47
1786790485838776559,18695117108,16820080640,17764347904,470,17.14,14.24,7.47
1786790486884290374,18706169961,16843280384,17764347904,470,17.45,14.36,7.55
1786790487918486529,18716847252,16822136832,17764347904,470,17.45,14.36,7.55
1786790488958400780,18729363420,16806088704,17764347904,470,17.45,14.36,7.55
1786790490027207977,18740686508,16809074688,17764347904,470,17.45,14.36,7.55
1786790491064268018,18751978095,16807636992,17764347904,470,17.45,14.36,7.55
1786790492103225183,18762387714,16878579712,17764347904,470,17.74,14.47,7.62
1786790493146376053,18773658274,16767963136,17764347904,470,17.74,14.47,7.62
1786790494197941540,18785702609,16776011776,17764347904,471,17.74,14.47,7.62
1786790495231462551,18796607357,16786837504,17764347904,471,17.74,14.47,7.62
1786790496278428692,18807177393,16769134592,17764347904,471,19.52,14.89,7.79
1786790497334138578,18818749471,16775180288,17764347904,471,19.52,14.89,7.79
1786790498407874114,18830589920,16776351744,17764347904,471,19.52,14.89,7.79
1786790499458302744,18841890227,16806604800,17764347904,471,19.52,14.89,7.79
1786790500498251445,18852577927,16784240640,17764347904,471,19.52,14.89,7.79
1786790501545310115,18863723053,16808841216,17764347904,471,19.00,14.86,7.82
1786790502623022970,18875826555,16813395968,17764347904,471,19.00,14.86,7.82
1786790503682533301,18886708944,16800464896,17764347904,471,19.00,14.86,7.82
1786790504720579563,18897219522,16803819520,17764347904,471,19.00,14.86,7.82
1786790505761333211,18908601886,16717230080,17764347904,471,19.00,14.86,7.82
1786790506803025292,18919781371,16791420928,17764347904,471,18.04,14.73,7.82
1786790507842614088,18931162775,16720539648,17764347904,471,18.04,14.73,7.82
1786790508883861801,18941018511,16744464384,17764347904,471,18.04,14.73,7.82
1786790509918465124,18952296566,16708902912,17764347904,471,18.04,14.73,7.82
1786790510961317725,18963975442,16713879552,17764347904,471,18.04,14.73,7.82
1786790512011827544,18975158511,16714715136,17764347904,471,18.60,14.90,7.91
1786790513054773616,18985904655,16764407808,17764347904,471,18.60,14.90,7.91
1786790514093032202,18996894549,16724713472,17764347904,471,18.60,14.90,7.91
1786790515140724630,19007906859,16726228992,17764347904,471,18.60,14.90,7.91
1786790516179556546,19019218461,16754638848,17764347904,471,18.79,15.00,7.98
1786790517213409278,19029107342,16751046656,17764347904,471,18.79,15.00,7.98
1786790518261087878,19041276189,16760532992,17764347904,471,18.79,15.00,7.98
1786790519322744482,19051985639,16806625280,17764347904,471,18.79,15.00,7.98
1786790520385188818,19062692465,16795467776,17764347904,471,18.79,15.00,7.98
1786790521463107156,19074714738,16835506176,17764347904,471,18.89,15.08,8.05
1786790522524064786,19086219089,16807510016,17764347904,471,18.89,15.08,8.05
1786790523565125566,19096845715,16875065344,17764347904,471,18.89,15.08,8.05
1786790524609222357,19107778858,16877600768,17764347904,471,18.89,15.08,8.05
1786790525646732365,19119142314,16862146560,17764347904,471,18.89,15.08,8.05
1786790526680525107,19130071787,16838119424,17764347904,471,18.25,15.02,8.06
1786790527736412200,19141956370,16840327168,17764347904,471,18.25,15.02,8.06
1786790528777623324,19152397209,16849457152,17764347904,471,18.25,15.02,8.06
1786790529822286580,19164170875,16858247168,17764347904,471,18.25,15.02,8.06
1786790530908466334,19176258047,16831287296,17764347904,471,18.25,15.02,8.06
1786790531949540888,19187254252,16861368320,17764347904,471,17.51,14.92,8.07
1786790532985928785,19196437989,16853159936,17764347904,471,17.51,14.92,8.07
1786790534057724092,19209590754,16836591616,17764347904,471,17.51,14.92,8.07
1786790535099103035,19220282171,16895229952,17764347904,471,17.51,14.92,8.07
1786790536135636652,19230478493,16836120576,17764347904,471,17.51,14.92,8.07
1786790537194726883,19242283913,16839454720,17764347904,471,17.87,15.03,8.14
1786790538274350087,19254111587,16866156544,17764347904,471,17.87,15.03,8.14
1786790539316208979,19265145985,16863858688,17764347904,470,17.87,15.03,8.14
1786790540367672307,19276565788,16867414016,17764347904,470,17.87,15.03,8.14
1786790541408814538,19288710495,16843841536,17764347904,470,18.12,15.13,8.21
1786790542444778318,19299741912,16850890752,17764347904,470,18.12,15.13,8.21
1786790543483371196,19310305453,16848498688,17764347904,470,18.12,15.13,8.21
1786790544533897062,19321903140,16870367232,17764347904,470,18.12,15.13,8.21
1786790545605071189,19333852291,16870711296,17764347904,470,18.12,15.13,8.21
1786790546663157183,19344975453,16874610688,17764347904,470,17.55,15.06,8.23
1786790547710360697,19355842247,16896753664,17764347904,470,17.55,15.06,8.23
1786790548766612743,19366493651,16899289088,17764347904,470,17.55,15.06,8.23
1786790549812091091,19378469937,16861102080,17764347904,470,17.55,15.06,8.23
1786790550852377422,19390364104,16894595072,17764347904,470,17.55,15.06,8.23
1786790551894748370,19401378525,16862400512,17764347904,470,17.35,15.06,8.26
1786790552952063890,19412426782,16887128064,17764347904,471,17.35,15.06,8.26
1786790553985531112,19423125082,16916238336,17764347904,471,17.35,15.06,8.26
1786790555028053599,19434526272,16926621696,17764347904,471,17.35,15.06,8.26
1786790556071621050,19446480853,16852152320,17764347904,471,17.35,15.06,8.26
1786790557108006557,19457375066,16903311360,17764347904,471,17.00,15.03,8.29
1786790558155172228,19468643447,16853733376,17764347904,471,17.00,15.03,8.29
1786790559222051098,19480478046,16865419264,17764347904,471,17.00,15.03,8.29
1786790560273120222,19492093562,16894132224,17764347904,471,17.00,15.03,8.29
1786790561333898690,19502327930,16887943168,17764347904,471,16.36,14.93,8.29
1786790562380888588,19514603108,16866910208,17764347904,471,16.36,14.93,8.29
1786790563422856216,19525842259,16893194240,17764347904,471,16.36,14.93,8.29
1786790564459706427,19537442348,16869765120,17764347904,471,16.36,14.93,8.29
1786790565501776400,19548760288,16920838144,17764347904,471,16.36,14.93,8.29
1786790566537854343,19560370624,16856186880,17764347904,471,16.01,14.88,8.31
1786790567580567698,19571692255,16908820480,17764347904,471,16.01,14.88,8.31
1786790568623886621,19582910436,16889741312,17764347904,471,16.01,14.88,8.31
1786790569661906674,19594173293,16854192128,17764347904,471,16.01,14.88,8.31
1786790570698395604,19606157518,16879706112,17764347904,471,16.01,14.88,8.31
1786790571745862330,19616894872,16879972352,17764347904,471,15.37,14.76,8.31
1786790572784215553,19627948813,16864555008,17764347904,471,15.37,14.76,8.31
1786790573835418799,19639192637,16922279936,17764347904,471,15.37,14.76,8.31
1786790574916775311,19651281802,16895287296,17764347904,471,15.37,14.76,8.31
1786790575986375408,19663094825,16907497472,17764347904,471,15.37,14.76,8.31
1786790577043442360,19673973307,16905367552,17764347904,471,15.18,14.74,8.34
1786790578096117426,19686084355,16879796224,17764347904,471,15.18,14.74,8.34
1786790579156259757,19697350159,16934453248,17764347904,471,15.18,14.74,8.34
1786790580195191345,19708859220,16888115200,17764347904,471,15.18,14.74,8.34
1786790581240994260,19719902327,16894304256,17764347904,471,14.84,14.67,8.35
1786790582292187278,19731733473,16922824704,17764347904,471,14.84,14.67,8.35
1786790583353599428,19743833293,16925392896,17764347904,471,14.84,14.67,8.35
1786790584407629286,19754592347,16901472256,17764347904,471,14.84,14.67,8.35
1786790585450538912,19766977432,16938434560,17764347904,471,14.84,14.67,8.35
1786790586488396039,19777773417,16914636800,17764347904,471,14.45,14.60,8.36
1786790587543024434,19788854968,16950751232,17764347904,471,14.45,14.60,8.36
1786790588618167038,19800623102,16908648448,17764347904,471,14.45,14.60,8.36
1786790589676591295,19812104961,16934928384,17764347904,471,14.45,14.60,8.36
1786790590723110955,19824069337,16918188032,17764347904,471,14.45,14.60,8.36
1786790591770898508,19835573558,16947818496,17764347904,471,16.10,14.93,8.50
1786790592811169584,19846702273,16882982912,17764347904,471,16.10,14.93,8.50
1786790593852596803,19858183141,16911699968,17764347904,471,16.10,14.93,8.50
1786790594891590803,19869425861,16943132672,17764347904,471,16.10,14.93,8.50
1786790595929842238,19880973504,16967471104,17764347904,471,16.10,14.93,8.50
1786790596977482719,19893713617,16944668672,17764347904,471,16.65,15.07,8.58
1786790598028803432,19904436870,17023766528,17764347904,471,16.65,15.07,8.58
1786790599063852196,19915636873,16974458880,17764347904,470,16.65,15.07,8.58
1786790600121830345,19927470490,16922791936,17764347904,470,16.65,15.07,8.58
1786790601180623977,19938604167,16959717376,17764347904,470,16.04,14.97,8.58
1786790602218721929,19949389453,16943095808,17764347904,470,16.04,14.97,8.58
1786790603274782299,19961572265,16944611328,17764347904,470,16.04,14.97,8.58
1786790604316518516,19972100749,16972627968,17764347904,470,16.04,14.97,8.58
1786790605356110476,19982916253,16972587008,17764347904,470,16.04,14.97,8.58
1786790606407026405,19994621257,16933330944,17764347904,470,16.04,14.98,8.62
1786790607460225344,20005782905,16987783168,17764347904,470,16.04,14.98,8.62
1786790608494840558,20017278588,16939556864,17764347904,470,16.04,14.98,8.62
1786790609540941556,20027689903,16962187264,17764347904,470,16.04,14.98,8.62
1786790610575695089,20039023258,16942841856,17764347904,470,16.04,14.98,8.62
1786790611616263565,20050416707,16932073472,17764347904,471,15.71,14.93,8.64
1786790612663805230,20061405448,16928149504,17764347904,471,15.71,14.93,8.64
1786790613694238591,20072685507,16887529472,17764347904,471,15.71,14.93,8.64
1786790614728195160,20083765678,16917274624,17764347904,471,15.71,14.93,8.64
1786790615792402480,20095148196,16893820928,17764347904,471,15.71,14.93,8.64
1786790616832850022,20106569207,16922509312,17764347904,471,15.02,14.80,8.63
1786790617883412262,20117122589,16941821952,17764347904,471,15.02,14.80,8.63
1786790618970709655,20129439779,16879759360,17764347904,471,15.02,14.80,8.63
1786790620030165203,20141004273,16861810688,17764347904,471,15.02,14.80,8.63
1786790621072779576,20151559210,16905019392,17764347904,471,15.02,14.80,8.63
1786790622122843083,20163091450,16924839936,17764347904,471,14.77,14.76,8.65
1786790623177815722,20174161518,16934105088,17764347904,471,14.77,14.76,8.65
1786790624214467516,20185471860,16947703808,17764347904,471,14.77,14.76,8.65
1786790625264916718,20197287802,16980529152,17764347904,471,14.77,14.76,8.65
1786790626304101210,20208498343,16955568128,17764347904,471,16.07,15.03,8.77
1786790627347723138,20219767388,16961130496,17764347904,471,16.07,15.03,8.77
1786790628398306823,20230768909,16958234624,17764347904,471,16.07,15.03,8.77
1786790629457419170,20241959849,16928301056,17764347904,471,16.07,15.03,8.77
1786790630501366780,20254115805,16959766528,17764347904,471,16.07,15.03,8.77
1786790631551598655,20265070241,16976265216,17764347904,471,16.07,15.04,8.81
1786790632587543433,20274886856,16939814912,17764347904,471,16.07,15.04,8.81
1786790633624240363,20286396515,16941649920,17764347904,471,16.07,15.04,8.81
1786790634667794754,20297430739,16923041792,17764347904,471,16.07,15.04,8.81
1786790635704750080,20307026718,16923701248,17764347904,471,16.07,15.04,8.81
1786790636766976858,20319326848,16932818944,17764347904,471,19.02,15.67,9.05
1786790637814062483,20329949593,16979476480,17764347904,471,19.02,15.67,9.05
1786790638861667735,20340636484,16936431616,17764347904,471,19.02,15.67,9.05
1786790639916988861,20352640407,16939356160,17764347904,471,19.02,15.67,9.05
1786790640979689520,20363937411,16962809856,17764347904,471,19.02,15.67,9.05
1786790642016859759,20373705267,17001164800,17764347904,471,18.38,15.60,9.06
1786790643049546685,20385096167,16959344640,17764347904,471,18.38,15.60,9.06
1786790644096478742,20397017940,16976486400,17764347904,471,18.38,15.60,9.06
1786790645129477984,20406729360,17003503616,17764347904,471,18.38,15.60,9.06
1786790646170500047,20417893457,16976027648,17764347904,471,18.91,15.75,9.15
1786790647221124550,20429641563,17008685056,17764347904,471,18.91,15.75,9.15
1786790648252908097,20440563247,16987693056,17764347904,471,18.91,15.75,9.15
1786790649297514434,20451284086,16955949056,17764347904,471,18.91,15.75,9.15
1786790650349922657,20462860814,16974303232,17764347904,471,18.91,15.75,9.15
1786790651384770269,20473427340,17000071168,17764347904,471,18.60,15.74,9.18
1786790652424640618,20484693757,16968929280,17764347904,471,18.60,15.74,9.18
1786790653469917292,20495003774,16974888960,17764347904,471,18.60,15.74,9.18
1786790654509359946,20505773723,16957214720,17764347904,471,18.60,15.74,9.18
1786790655548211299,20517714680,16971718656,17764347904,471,18.60,15.74,9.18
1786790656587824723,20528553893,16942473216,17764347904,470,18.23,15.71,9.20
1786790657628975925,20539657705,16967249920,17764347904,470,18.23,15.71,9.20
1786790658680558865,20551343493,16931037184,17764347904,470,18.23,15.71,9.20
1786790659720039458,20561916305,16922587136,17764347904,470,18.23,15.71,9.20
1786790660767578179,20572949514,16938098688,17764347904,470,18.23,15.71,9.20
1786790661820070186,20584114770,16923127808,17764347904,470,17.89,15.68,9.23
1786790662873708276,20595447590,16913580032,17764347904,470,17.89,15.68,9.23
1786790663908330739,20606063327,16887828480,17764347904,470,17.89,15.68,9.23
1786790664949995834,20617483984,16915013632,17764347904,470,17.89,15.68,9.23
1786790665998128799,20628409653,16932061184,17764347904,470,17.89,15.68,9.23
1786790667034837100,20639463887,16957734912,17764347904,470,17.50,15.64,9.25
1786790668074776480,20650087268,16927461376,17764347904,470,17.50,15.64,9.25
1786790669135296727,20661170145,16905076736,17764347904,470,17.50,15.64,9.25
1786790670192273036,20672400007,16910995456,17764347904,470,17.50,15.64,9.25
1786790671238936538,20683281334,16955977728,17764347904,470,17.22,15.61,9.28
1786790672296624562,20693575203,16930197504,17764347904,470,17.22,15.61,9.28
1786790673330273491,20704523886,16903680000,17764347904,470,17.22,15.61,9.28
1786790674372675484,20715184263,16929882112,17764347904,471,17.22,15.61,9.28
1786790675420323793,20725796525,16915681280,17764347904,471,17.22,15.61,9.28
1786790676462345280,20737432571,16929681408,17764347904,471,16.40,15.47,9.26
1786790677523427068,20748276603,16957419520,17764347904,471,16.40,15.47,9.26
1786790678584693232,20759463780,16937312256,17764347904,471,16.40,15.47,9.26
1786790679615957505,20769198829,16927870976,17764347904,471,16.40,15.47,9.26
1786790680652041162,20780956811,16955957248,17764347904,471,16.40,15.47,9.26
1786790681703082312,20791639089,16931426304,17764347904,471,15.89,15.37,9.27
1786790682738236891,20802243028,17006616576,17764347904,471,15.89,15.37,9.27
1786790683773911086,20812869613,16959119360,17764347904,471,15.89,15.37,9.27
1786790684815305137,20823896391,16956891136,17764347904,471,15.89,15.37,9.27
1786790685859806105,20835554053,16958853120,17764347904,471,15.89,15.37,9.27
1786790686898448243,20845745620,16949800960,17764347904,471,15.42,15.29,9.27
1786790687943434190,20857198636,16951463936,17764347904,471,15.42,15.29,9.27
1786790688979759212,20867502750,16960245760,17764347904,471,15.42,15.29,9.27
1786790690013304560,20878144624,16996388864,17764347904,471,15.42,15.29,9.27
1786790691061242221,20890028408,16941084672,17764347904,471,15.42,15.29,9.27
1786790692095209099,20901691774,16937123840,17764347904,471,16.10,15.43,9.35
1786790693131837788,20912442255,16939249664,17764347904,471,16.10,15.43,9.35
1786790694178557486,20923768629,16973791232,17764347904,471,16.10,15.43,9.35
1786790695216347334,20934969425,16982151168,17764347904,471,16.10,15.43,9.35
1786790696265848798,20946174557,17022824448,17764347904,471,15.93,15.41,9.38
1786790697342712105,20957806308,17025306624,17764347904,471,15.93,15.41,9.38
1786790698392205541,20970318018,17010270208,17764347904,471,15.93,15.41,9.38
1786790699452635177,20981538943,17075142656,17764347904,471,15.93,15.41,9.38
1786790700513516810,20992948330,17020817408,17764347904,471,15.93,15.41,9.38
1786790701566844449,21004537846,17013174272,17764347904,471,16.66,15.57,9.46
1786790702611064522,21016715176,17045487616,17764347904,471,16.66,15.57,9.46
1786790703688397957,21028300045,17031753728,17764347904,471,16.66,15.57,9.46
1786790704731365675,21038826257,17034018816,17764347904,471,16.66,15.57,9.46
1786790705763529128,21050388840,17030762496,17764347904,471,16.66,15.57,9.46
1786790706809908644,21061671067,17050607616,17764347904,471,17.01,15.66,9.52
1786790707848847247,21073631068,17058496512,17764347904,471,17.01,15.66,9.52
1786790708893676517,21085057555,17058340864,17764347904,471,17.01,15.66,9.52
1786790709949138547,21096237554,17050902528,17764347904,471,17.01,15.66,9.52
1786790710990097722,21108013289,17051164672,17764347904,471,17.01,15.66,9.52
1786790712057286766,21119926719,17021939712,17764347904,471,18.77,16.04,9.68
1786790713112099943,21131282378,17061945344,17764347904,471,18.77,16.04,9.68
1786790714155863995,21142703283,17046904832,17764347904,471,18.77,16.04,9.68
1786790715210712376,21155022526,17042100224,17764347904,471,18.77,16.04,9.68
1786790716262979234,21165557637,17114210304,17764347904,471,17.91,15.91,9.67
1786790717360248660,21177071338,17017257984,17764347904,471,17.91,15.91,9.67
1786790718424102741,21189051134,17037942784,17764347904,471,17.91,15.91,9.67
1786790719481295352,21200777552,17040392192,17764347904,470,17.91,15.91,9.67
1786790720530133331,21212495332,17079476224,17764347904,470,17.91,15.91,9.67
1786790721592408350,21224363729,17086951424,17764347904,470,17.43,15.85,9.69
1786790722637939643,21234917662,17074655232,17764347904,470,17.43,15.85,9.69
1786790723680128532,21245659594,17039736832,17764347904,470,17.43,15.85,9.69
1786790724727588095,21258591823,17087606784,17764347904,470,17.43,15.85,9.69
1786790725792242831,21270973960,17080352768,17764347904,470,17.43,15.85,9.69
1786790726834863137,21281211764,17113534464,17764347904,470,17.16,15.81,9.71
1786790727871882134,21292259154,17054048256,17764347904,470,17.16,15.81,9.71
1786790728943337015,21304195654,17100169216,17764347904,470,17.16,15.81,9.71
1786790730017245947,21316963641,17080451072,17764347904,470,17.16,15.81,9.71
1786790731065210720,21327220899,17069486080,17764347904,471,17.16,15.81,9.71
1786790732119257893,21339156058,17096740864,17764347904,471,16.42,15.68,9.70
1786790733179968567,21350823109,17138585600,17764347904,471,16.42,15.68,9.70
1786790734218210263,21362489749,17162833920,17764347904,471,16.42,15.68,9.70
1786790735294153952,21373565884,17108541440,17764347904,471,16.42,15.68,9.70
1786790736378373543,21386444890,17107546112,17764347904,471,15.99,15.61,9.71
1786790737422883103,21396883158,17107066880,17764347904,471,15.99,15.61,9.71
1786790738474936379,21408031975,17086459904,17764347904,471,15.99,15.61,9.71
1786790739583578335,21421033356,17080942592,17764347904,471,15.99,15.61,9.71
1786790740624954221,21430941701,17125425152,17764347904,471,15.99,15.61,9.71
1786790741675844185,21442509177,17080532992,17764347904,471,16.79,15.78,9.79
1786790742723730934,21453679495,17077129216,17764347904,471,16.79,15.78,9.79
1786790743759124471,21463927982,17040834560,17764347904,471,16.79,15.78,9.79
1786790744809239694,21475888836,17097998336,17764347904,471,16.79,15.78,9.79
1786790745854334520,21486951028,17053356032,17764347904,471,16.79,15.78,9.79
1786790746904617635,21498029648,17062350848,17764347904,471,16.33,15.70,9.80
1786790747956934640,21509318205,17085206528,17764347904,471,16.33,15.70,9.80
1786790749010007054,21520743023,17102073856,17764347904,471,16.33,15.70,9.80
1786790750067542083,21531491166,17053675520,17764347904,471,16.33,15.70,9.80
1786790751120466044,21543568337,17081917440,17764347904,471,16.33,15.70,9.80
1786790752162576570,21554318953,17123655680,17764347904,471,16.14,15.67,9.82
1786790753211347251,21566450126,17079771136,17764347904,471,16.14,15.67,9.82
1786790754270566227,21578274699,17086603264,17764347904,471,16.14,15.67,9.82
1786790755333160586,21589344347,17080213504,17764347904,471,16.14,15.67,9.82
1786790756365306154,21600124889,17107128320,17764347904,471,15.97,15.64,9.85
1786790757411158001,21611334765,17121546240,17764347904,471,15.97,15.64,9.85
1786790758454699153,21624135141,17151795200,17764347904,471,15.97,15.64,9.85
1786790759505645692,21634895190,17176788992,17764347904,471,15.97,15.64,9.85
1786790760566104437,21646412005,17127555072,17764347904,471,15.97,15.64,9.85
1786790761611965883,21657862201,17178460160,17764347904,471,15.81,15.62,9.87
1786790762653120321,21668953513,17168498688,17764347904,471,15.81,15.62,9.87
1786790763742637647,21681200130,17211019264,17764347904,471,15.81,15.62,9.87
1786790764788529896,21692940777,17131110400,17764347904,471,15.81,15.62,9.87
1786790765835475511,21703404731,17129029632,17764347904,471,15.81,15.62,9.87
1786790766886451811,21715025610,17113116672,17764347904,471,15.19,15.49,9.86
1786790767925569830,21726522234,17187053568,17764347904,471,15.19,15.49,9.86
1786790768979392004,21738104719,17194143744,17764347904,471,15.19,15.49,9.86
1786790770021003135,21749866106,17172226048,17764347904,471,15.19,15.49,9.86
1786790771062516860,21760947652,17200336896,17764347904,471,15.19,15.49,9.86
1786790772117909520,21772870033,17178165248,17764347904,471,14.53,15.35,9.84
1786790773171592985,21783575863,17173688320,17764347904,471,14.53,15.35,9.84
1786790774209187556,21795450245,17200295936,17764347904,471,14.53,15.35,9.84
1786790775247848059,21806934679,17193672704,17764347904,471,14.53,15.35,9.84
1786790776290629154,21818430341,17174958080,17764347904,470,14.33,15.29,9.86
1786790777337595314,21829539407,17175674880,17764347904,470,14.33,15.29,9.86
1786790778398100550,21841069016,17176887296,17764347904,470,14.33,15.29,9.86
1786790779466314904,21853337690,17178296320,17764347904,470,14.33,15.29,9.86
1786790780508123592,21864550706,17227821056,17764347904,470,14.33,15.29,9.86
1786790781562971628,21875357194,17179516928,17764347904,470,14.14,15.24,9.87
1786790782609415063,21887704893,17154179072,17764347904,470,14.14,15.24,9.87
1786790783651760282,21898879002,17183956992,17764347904,470,14.14,15.24,9.87
1786790784710305239,21910118785,17172742144,17764347904,470,14.14,15.24,9.87
1786790785769674364,21921971677,17210220544,17764347904,470,14.14,15.24,9.87
1786790786811129232,21933036174,17128259584,17764347904,470,14.05,15.20,9.88
1786790787868341557,21944099106,17100800000,17764347904,471,14.05,15.20,9.88
1786790788913056869,21955385407,17147867136,17764347904,471,14.05,15.20,9.88
1786790789970177867,21967083140,17097912320,17764347904,471,14.05,15.20,9.88
1786790791059491137,21978916080,17101590528,17764347904,471,14.05,15.20,9.88
1786790792106705289,21989130442,17131442176,17764347904,471,13.96,15.16,9.90
1786790793142329371,22000710911,17082097664,17764347904,471,13.96,15.16,9.90
1786790794185844725,22011612628,17102385152,17764347904,471,13.96,15.16,9.90
1786790795236733336,22022598973,17076813824,17764347904,471,13.96,15.16,9.90
1786790796292285390,22034275401,17129275392,17764347904,471,13.81,15.11,9.91
1786790797354248263,22046026631,17101545472,17764347904,471,13.81,15.11,9.91
1786790798402556787,22056716530,17156878336,17764347904,471,13.81,15.11,9.91
1786790799443154442,22067436116,17083936768,17764347904,471,13.81,15.11,9.91
1786790800480753057,22079350436,17136144384,17764347904,471,13.81,15.11,9.91
1786790801539201674,22090551299,17087795200,17764347904,471,13.42,15.01,9.91
1786790802578200205,22100706180,17161519104,17764347904,471,13.42,15.01,9.91
1786790803606665813,22111907413,17087025152,17764347904,471,13.42,15.01,9.91
1786790804653352661,22123608512,17184886784,17764347904,471,13.42,15.01,9.91
1786790805697111191,22135001601,17089208320,17764347904,471,13.42,15.01,9.91
1786790806758550737,22145919860,17119227904,17764347904,471,13.23,14.94,9.91
1786790807805791478,22157106477,17078829056,17764347904,471,13.23,14.94,9.91
1786790808855686846,22168580496,17095856128,17764347904,471,13.23,14.94,9.91
1786790809917733525,22180128828,17131331584,17764347904,471,13.23,14.94,9.91
1786790810971252720,22192236046,17168154624,17764347904,471,13.23,14.94,9.91
1786790812023018066,22203513251,17187528704,17764347904,471,13.37,14.94,9.94
1786790813067548939,22213661682,17161768960,17764347904,471,13.37,14.94,9.94
1786790814112857771,22226128440,17167413248,17764347904,471,13.37,14.94,9.94
1786790815158481533,22237232071,17239531520,17764347904,471,13.37,14.94,9.94
1786790816203758209,22248608246,17198952448,17764347904,471,13.66,14.98,9.98
1786790817253419324,22259462206,17150599168,17764347904,471,13.66,14.98,9.98
1786790818291154146,22270822474,17176412160,17764347904,471,13.66,14.98,9.98
1786790819326364870,22282452402,17176305664,17764347904,471,13.66,14.98,9.98
1786790820378477165,22293492464,17107730432,17764347904,471,13.66,14.98,9.98
1786790821441560872,22304517422,17099571200,17764347904,471,14.09,15.05,10.03
1786790822484361435,22315876245,17155092480,17764347904,471,14.09,15.05,10.03
1786790823539840620,22327514531,17122050048,17764347904,471,14.09,15.05,10.03
1786790824579809614,22338381370,17138307072,17764347904,471,14.09,15.05,10.03
1786790825621487187,22348478522,17169272832,17764347904,471,14.09,15.05,10.03
1786790826670174014,22360690652,17104662528,17764347904,471,15.04,15.23,10.11
1786790827711249989,22371973274,17149575168,17764347904,471,15.04,15.23,10.11
1786790828752314169,22383011303,17137094656,17764347904,471,15.04,15.23,10.11
1786790829805892312,22394455818,17146380288,17764347904,471,15.04,15.23,10.11
1786790830876249667,22406780445,17138577408,17764347904,471,15.04,15.23,10.11
1786790831915084817,22418278422,17168412672,17764347904,471,14.72,15.16,10.12
1786790832970242000,22429130030,17161486336,17764347904,470,14.72,15.16,10.12
1786790834006385022,22440690099,17172156416,17764347904,470,14.72,15.16,10.12
1786790835070854737,22452334300,17144336384,17764347904,470,14.72,15.16,10.12
1786790836122179665,22464190848,17180561408,17764347904,470,15.14,15.24,10.17
1786790837163950208,22475523073,17208328192,17764347904,470,15.14,15.24,10.17
1786790838200800658,22486379553,17190834176,17764347904,470,15.14,15.24,10.17
1786790839273833068,22496903900,17230454784,17764347904,470,15.14,15.24,10.17
1786790840314723316,22508817288,17178951680,17764347904,470,15.14,15.24,10.17
1786790841359988356,22519742998,17159237632,17764347904,470,14.89,15.18,10.18
1786790842416683832,22531585832,17183768576,17764347904,470,14.89,15.18,10.18
1786790843454387119,22542492361,17184505856,17764347904,470,14.89,15.18,10.18
1786790844493191762,22553204954,17161080832,17764347904,470,14.89,15.18,10.18
1786790845541639703,22564975455,17162035200,17764347904,471,14.89,15.18,10.18
1786790846589813194,22576288233,17214402560,17764347904,471,14.42,15.08,10.18
1786790847649402084,22587656969,17155059712,17764347904,471,14.42,15.08,10.18
1786790848687034309,22598174279,17156415488,17764347904,471,14.42,15.08,10.18
1786790849727373481,22609429939,17191120896,17764347904,471,14.42,15.08,10.18
1786790850792133343,22621153600,17230753792,17764347904,471,14.42,15.08,10.18
1786790851839017604,22632681105,17280679936,17764347904,471,15.91,15.38,10.30
1786790852881168401,22643806881,17232076800,17764347904,471,15.91,15.38,10.30
1786790853919474586,22655163581,17271107584,17764347904,471,15.91,15.38,10.30
1786790854973907008,22667047705,17235566592,17764347904,471,15.91,15.38,10.30
1786790856039559051,22678544746,17236389888,17764347904,471,15.91,15.38,10.30
1786790857091235034,22689414045,17315287040,17764347904,471,15.27,15.26,10.29
1786790858156397901,22700767378,17219788800,17764347904,471,15.27,15.26,10.29
1786790859196189452,22712437878,17215782912,17764347904,471,15.27,15.26,10.29
1786790860229559936,22724087176,17265762304,17764347904,471,15.27,15.26,10.29
1786790861284256394,22734904343,17238351872,17764347904,471,15.41,15.29,10.32
1786790862344331251,22747137568,17266425856,17764347904,471,15.41,15.29,10.32
1786790863382236201,22758272499,17217921024,17764347904,471,15.41,15.29,10.32
1786790864437632895,22769566186,17238269952,17764347904,471,15.41,15.29,10.32
1786790865477431868,22781559331,17259499520,17764347904,471,15.41,15.29,10.32
1786790866516374027,22793444356,17233506304,17764347904,471,15.06,15.21,10.33
1786790867564630375,22804262112,17295519744,17764347904,471,15.06,15.21,10.33
1786790868608338718,22814633943,17224265728,17764347904,471,15.06,15.21,10.33
1786790869683178321,22827714305,17242099712,17764347904,471,15.06,15.21,10.33
1786790870731486406,22838498080,17231220736,17764347904,471,15.06,15.21,10.33
1786790871773471527,22848746861,17276416000,17764347904,471,14.57,15.11,10.32
1786790872814773091,22860255102,17218170880,17764347904,471,14.57,15.11,10.32
1786790873865247076,22872307567,17204031488,17764347904,471,14.57,15.11,10.32
1786790874904857031,22882334036,17252880384,17764347904,471,14.57,15.11,10.32
1786790875952195173,22894286682,17263669248,17764347904,471,14.57,15.11,10.32
1786790877002683174,22905340718,17218473984,17764347904,471,13.97,14.98,10.30
1786790878047229089,22915945729,17194500096,17764347904,471,13.97,14.98,10.30
1786790879080027451,22927368301,17221431296,17764347904,471,13.97,14.98,10.30
1786790880125250341,22939126578,17203826688,17764347904,471,13.97,14.98,10.30
1786790881165299569,22949428396,17225093120,17764347904,471,13.73,14.91,10.30
1786790882209452690,22961174236,17223618560,17764347904,471,13.73,14.91,10.30
1786790883267208103,22972997229,17228296192,17764347904,471,13.73,14.91,10.30
1786790884331604010,22984522807,17218809856,17764347904,471,13.73,14.91,10.30
1786790885401891130,22996766621,17230106624,17764347904,471,13.73,14.91,10.30
1786790886449023407,23008312538,17206702080,17764347904,471,13.83,14.91,10.33
1786790887490184963,23018162196,17270018048,17764347904,471,13.83,14.91,10.33
1786790888542576693,23029390862,17210015744,17764347904,471,13.83,14.91,10.33
1786790889599622870,23041338299,17207103488,17764347904,471,13.83,14.91,10.33
1786790890669020739,23053468301,17234513920,17764347904,470,13.83,14.91,10.33
1786790891713165400,23064050727,17258426368,17764347904,470,13.52,14.83,10.33
1786790892763824787,23075060536,17211760640,17764347904,470,13.52,14.83,10.33
1786790893805092630,23087124238,17221459968,17764347904,470,13.52,14.83,10.33
1786790894842055143,23098527348,17287569408,17764347904,470,13.52,14.83,10.33
1786790895889236798,23110205226,17270419456,17764347904,470,13.52,14.83,10.33
1786790896945295632,23122063506,17284251648,17764347904,470,14.44,15.00,10.41
1786790897993332257,23132528325,17265635328,17764347904,470,14.44,15.00,10.41
1786790899036334572,23143716398,17225998336,17764347904,470,14.44,15.00,10.41
1786790900082007425,23155878268,17260728320,17764347904,470,14.44,15.00,10.41
1786790901118471848,23166366214,17264037888,17764347904,470,13.93,14.88,10.39
1786790902158813537,23177843343,17257992192,17764347904,470,13.93,14.88,10.39
1786790903206026824,23189123521,17252827136,17764347904,470,13.93,14.88,10.39
1786790904246865450,23200533295,17322287104,17764347904,471,13.93,14.88,10.39
1786790905288491081,23211693501,17297330176,17764347904,471,13.93,14.88,10.39
1786790906328575110,23223894177,17300221952,17764347904,471,14.49,14.98,10.45
1786790907369827542,23234503210,17338945536,17764347904,471,14.49,14.98,10.45
1786790908419236808,23245621041,17291431936,17764347904,471,14.49,14.98,10.45
1786790909456829579,23257580506,17233006592,17764347904,471,14.49,14.98,10.45
1786790910509002914,23268115093,17241718784,17764347904,471,14.49,14.98,10.45
1786790911551474432,23279767793,17269694464,17764347904,471,14.77,15.03,10.49
1786790912602379574,23291201986,17280012288,17764347904,471,14.77,15.03,10.49
1786790913642930281,23301250074,17269293056,17764347904,471,14.77,15.03,10.49
1786790914691372343,23313309646,17307381760,17764347904,471,14.77,15.03,10.49
1786790915731937218,23324648228,17243815936,17764347904,471,14.77,15.03,10.49
1786790916766312820,23335771440,17246269440,17764347904,471,15.51,15.18,10.56
1786790917814294214,23347821561,17268424704,17764347904,471,15.51,15.18,10.56
1786790918867000959,23359040025,17253023744,17764347904,471,15.51,15.18,10.56
1786790919918409388,23369941409,17269407744,17764347904,471,15.51,15.18,10.56
1786790920962261323,23381368866,17269497856,17764347904,471,15.51,15.18,10.56
1786790922009614559,23393120043,17278754816,17764347904,471,15.39,15.16,10.58
1786790923061982761,23404226825,17243361280,17764347904,471,15.39,15.16,10.58
1786790924111219079,23414702891,17314881536,17764347904,471,15.39,15.16,10.58
1786790925149507124,23426670924,17239597056,17764347904,471,15.39,15.16,10.58
1786790926188994119,23437072572,17253457920,17764347904,471,14.96,15.08,10.58
1786790927239270560,23448532382,17224990720,17764347904,471,14.96,15.08,10.58
1786790928272756031,23459748672,17239724032,17764347904,471,14.96,15.08,10.58
1786790929309197305,23471217264,17266724864,17764347904,471,14.96,15.08,10.58
1786790930351399669,23481673684,17240166400,17764347904,471,14.96,15.08,10.58
1786790931396040124,23493647710,17243348992,17764347904,471,16.16,15.33,10.68
1786790932442163704,23504856516,17295069184,17764347904,471,16.16,15.33,10.68
1786790933484924154,23515795186,17270820864,17764347904,471,16.16,15.33,10.68
1786790934528710540,23526975396,17275772928,17764347904,471,16.16,15.33,10.68
1786790935583248921,23538357457,17251352576,17764347904,471,16.16,15.33,10.68
1786790936631999533,23549087644,17252229120,17764347904,471,16.79,15.47,10.76
1786790937677153096,23560697251,17299124224,17764347904,471,16.79,15.47,10.76
1786790938741914089,23571767117,17237938176,17764347904,471,16.79,15.47,10.76
1786790939792390143,23583268359,17240510464,17764347904,471,16.79,15.47,10.76
1786790940846566953,23594334439,17283604480,17764347904,471,16.79,15.47,10.76
1786790941888079821,23605206359,17281839104,17764347904,471,16.17,15.36,10.75
1786790942930205859,23616094514,17243635712,17764347904,471,16.17,15.36,10.75
1786790943994009389,23627912804,17245929472,17764347904,471,16.17,15.36,10.75
1786790945039696996,23638689139,17277386752,17764347904,471,16.17,15.36,10.75
1786790946095747677,23649663936,17280724992,17764347904,471,16.17,15.36,10.75
1786790947130331332,23660452199,17305550848,17764347904,471,15.51,15.24,10.73
1786790948167309025,23671956551,17255972864,17764347904,471,15.51,15.24,10.73
1786790949197393058,23681998537,17377943552,17764347904,470,15.51,15.24,10.73
1786790950248169983,23693148553,17279660032,17764347904,470,15.51,15.24,10.73
1786790951327528246,23705246480,17307848704,17764347904,470,15.63,15.27,10.77
1786790952375047024,23715375028,17334878208,17764347904,470,15.63,15.27,10.77
1786790953411878759,23727117617,17287270400,17764347904,470,15.63,15.27,10.77
1786790954454411401,23738132207,17289945088,17764347904,470,15.63,15.27,10.77
1786790955509967912,23748671891,17317568512,17764347904,470,15.63,15.27,10.77
1786790956559319429,23760605767,17335992320,17764347904,470,16.30,15.41,10.84
1786790957599668030,23770362175,17413558272,17764347904,470,16.30,15.41,10.84
1786790958644396753,23781671313,17355395072,17764347904,470,16.30,15.41,10.84
1786790959678070010,23792825187,17365221376,17764347904,470,16.30,15.41,10.84
1786790960715705994,23802785519,17390047232,17764347904,470,16.30,15.41,10.84
1786790961762091830,23814744044,17365889024,17764347904,470,15.80,15.32,10.83
1786790962801569879,23825572170,17443426304,17764347904,471,15.80,15.32,10.83
1786790963834945657,23836435073,17371529216,17764347904,471,15.80,15.32,10.83
1786790964881923272,23847129506,17421885440,17764347904,471,15.80,15.32,10.83
1786790965924982633,23858183328,17376337920,17764347904,471,15.80,15.32,10.83
1786790966977814448,23869397442,17326018560,17764347904,471,16.62,15.50,10.91
1786790968022558277,23879856354,17371017216,17764347904,471,16.62,15.50,10.91
1786790969060677332,23890937744,17326972928,17764347904,471,16.62,15.50,10.91
1786790970099293477,23902024640,17344475136,17764347904,471,16.62,15.50,10.91
1786790971147993533,23912803507,17345613824,17764347904,471,16.25,15.44,10.92
1786790972196694295,23923897390,17299472384,17764347904,471,16.25,15.44,10.92
1786790973237288947,23934664677,17324924928,17764347904,471,16.25,15.44,10.92
1786790974288087445,23945246472,17300185088,17764347904,471,16.25,15.44,10.92
1786790975339247057,23956485204,17342832640,17764347904,471,16.25,15.44,10.92
1786790976385315670,23967436607,17343102976,17764347904,471,15.83,15.37,10.92
1786790977428344971,23977638667,17310482432,17764347904,471,15.83,15.37,10.92
1786790978465428144,23989019554,17366245376,17764347904,471,15.83,15.37,10.92
1786790979502714184,23999875081,17334812672,17764347904,471,15.83,15.37,10.92
1786790980542981796,24010180042,17337401344,17764347904,471,15.83,15.37,10.92
1786790981586674094,24021979500,17341038592,17764347904,471,16.48,15.51,10.99
1786790982626861456,24032680689,17343807488,17764347904,471,16.48,15.51,10.99
1786790983678318208,24043304112,17392889856,17764347904,471,16.48,15.51,10.99
1786790984718606399,24054939693,17332756480,17764347904,471,16.48,15.51,10.99
1786790985764513454,24066142901,17355206656,17764347904,471,16.48,15.51,10.99
1786790986807368873,24076800852,17342623744,17764347904,471,17.00,15.64,11.05
1786790987851870705,24088060270,17351127040,17764347904,471,17.00,15.64,11.05
1786790988916473789,24099605207,17323958272,17764347904,471,17.00,15.64,11.05
1786790989960351787,24109463131,17381769216,17764347904,471,17.00,15.64,11.05
1786790991006762123,24121420219,17309741056,17764347904,471,17.00,15.64,11.05
1786790992067892632,24132222790,17296719872,17764347904,471,17.32,15.73,11.11
1786790993106213453,24142956680,17322819584,17764347904,471,17.32,15.73,11.11
1786790994147665047,24153556299,17324879872,17764347904,471,17.32,15.73,11.11
1786790995180054632,24163757363,17295155200,17764347904,471,17.32,15.73,11.11
1786790996223444492,24176265804,17340440576,17764347904,471,18.58,16.01,11.23
1786790997265503935,24186761491,17345515520,17764347904,471,18.58,16.01,11.23
1786790998302284493,24197423112,17344024576,17764347904,471,18.58,16.01,11.23
1786790999347480906,24209337550,17345867776,17764347904,471,18.58,16.01,11.23
1786791000391972127,24220433296,17355071488,17764347904,471,18.58,16.01,11.23
1786791001432453852,24231875473,17358950400,17764347904,471,19.65,16.28,11.34
1786791002481244159,24243053818,17362571264,17764347904,471,19.65,16.28,11.34
1786791003525320144,24253512468,17393311744,17764347904,471,19.65,16.28,11.34
1786791004557815902,24265012191,17363787776,17764347904,471,19.65,16.28,11.34
1786791005643130083,24277163085,17352093696,17764347904,471,19.65,16.28,11.34
1786791006687377355,24287598022,17350352896,17764347904,471,18.88,16.17,11.33
1786791007727845182,24299656154,17375694848,17764347904,470,18.88,16.17,11.33
1786791008775964447,24310246113,17376555008,17764347904,470,18.88,16.17,11.33
1786791009815535066,24322276519,17411670016,17764347904,470,18.88,16.17,11.33
1786791010867186735,24333582190,17412780032,17764347904,470,18.88,16.17,11.33
1786791011914422261,24344748314,17378803712,17764347904,470,18.41,16.12,11.34
1786791012951491140,24354684160,17365020672,17764347904,470,18.41,16.12,11.34
1786791013996863601,24366152779,17367613440,17764347904,470,18.41,16.12,11.34
1786791015057125865,24377160024,17339645952,17764347904,470,18.41,16.12,11.34
1786791016108119580,24388316377,17330880512,17764347904,470,18.06,16.09,11.35
1786791017142200798,24399269023,17372065792,17764347904,470,18.06,16.09,11.35
1786791018197808121,24410428720,17317670912,17764347904,470,18.06,16.09,11.35
1786791019267863245,24422030387,17327046656,17764347904,471,18.06,16.09,11.35
1786791020304267546,24432529960,17376645120,17764347904,471,18.06,16.09,11.35
1786791021349378229,24443991951,17353388032,17764347904,471,17.81,16.07,11.37
1786791022390891190,24454394990,17357357056,17764347904,471,17.81,16.07,11.37
1786791023463523180,24466656640,17361604608,17764347904,471,17.81,16.07,11.37
1786791024528911249,24477956281,17363365888,17764347904,471,17.81,16.07,11.37
1786791025573160551,24488497972,17368641536,17764347904,471,17.81,16.07,11.37
1786791026606625221,24499517292,17347969024,17764347904,471,17.43,16.02,11.38
1786791027660079406,24510870354,17367109632,17764347904,471,17.43,16.02,11.38
1786791028705075216,24521856499,17401163776,17764347904,471,17.43,16.02,11.38
1786791029756154894,24533073169,17404731392,17764347904,471,17.43,16.02,11.38
1786791030808470582,24543182077,17431437312,17764347904,471,17.43,16.02,11.38
1786791031873278043,24555446309,17454592000,17764347904,471,17.47,16.05,11.42
1786791032905813002,24566664395,17455763456,17764347904,471,17.47,16.05,11.42
1786791033957754780,24578434426,17456361472,17764347904,471,17.47,16.05,11.42
1786791035003125192,24588878030,17460297728,17764347904,471,17.47,16.05,11.42
1786791036049918987,24600201110,17482858496,17764347904,471,17.47,16.05,11.42
1786791037126032128,24612511979,17472962560,17764347904,471,16.63,15.90,11.39
1786791038190576872,24623786521,17474150400,17764347904,471,16.63,15.90,11.39
1786791039238406449,24635108067,17477578752,17764347904,471,16.63,15.90,11.39
1786791040289854557,24647209209,17508327424,17764347904,471,16.63,15.90,11.39
1786791041326562332,24657965930,17457848320,17764347904,471,16.10,15.80,11.39
1786791042362710508,24669492870,17457795072,17764347904,471,16.10,15.80,11.39
1786791043418842311,24680973931,17483948032,17764347904,471,16.10,15.80,11.39
1786791044491827280,24693239499,17458626560,17764347904,471,16.10,15.80,11.39
1786791045533900526,24704654931,17511149568,17764347904,471,16.10,15.80,11.39
1786791046579709764,24714984382,17459826688,17764347904,471,17.37,16.07,11.50
1786791047651506041,24727693681,17475596288,17764347904,471,17.37,16.07,11.50
1786791048694436833,24738901939,17453649920,17764347904,471,17.37,16.07,11.50
1786791049753996581,24750982639,17468653568,17764347904,471,17.37,16.07,11.50
1786791050820336157,24762307563,17471762432,17764347904,471,17.37,16.07,11.50
1786791051855518848,24773085609,17459814400,17764347904,471,19.35,16.50,11.66
1786791052911478126,24784977164,17492557824,17764347904,471,19.35,16.50,11.66
1786791053983413803,24797495792,17445924864,17764347904,471,19.35,16.50,11.66
1786791055025538867,24808003103,17470664704,17764347904,471,19.35,16.50,11.66
1786791056065159063,24818981560,17423925248,17764347904,471,19.35,16.50,11.66
1786791057108738031,24830610864,17451974656,17764347904,471,18.60,16.39,11.65
1786791058162884932,24842362256,17440141312,17764347904,471,18.60,16.39,11.65
1786791059226352211,24854284196,17455595520,17764347904,471,18.60,16.39,11.65
1786791060269597905,24865814030,17483046912,17764347904,471,18.60,16.39,11.65
1786791061319970721,24877230978,17482067968,17764347904,471,18.31,16.37,11.67
1786791062366441881,24888726040,17468911616,17764347904,471,18.31,16.37,11.67
1786791063409457755,24899687748,17441021952,17764347904,471,18.31,16.37,11.67
1786791064461470008,24911303255,17486741504,17764347904,470,18.31,16.37,11.67
1786791065522986835,24923412653,17479901184,17764347904,470,18.31,16.37,11.67
1786791066567176490,24934593900,17474633728,17764347904,470,18.12,16.36,11.69
1786791067608290003,24946125633,17478684672,17764347904,470,18.12,16.36,11.69
1786791068650085243,24956191034,17480085504,17764347904,470,18.12,16.36,11.69
1786791069695247700,24968065399,17475923968,17764347904,470,18.12,16.36,11.69
1786791070773645355,24980587555,17449062400,17764347904,470,18.12,16.36,11.69
1786791071826699197,24991336321,17458659328,17764347904,470,17.39,16.24,11.68
1786791072860345033,25002093400,17445396480,17764347904,470,17.39,16.24,11.68
1786791073895260852,25013235227,17408450560,17764347904,470,17.39,16.24,11.68
1786791074947087739,25024740100,17377689600,17764347904,470,17.39,16.24,11.68
1786791075991504691,25035607979,17378172928,17764347904,470,17.39,16.24,11.68
1786791077028697826,25046114046,17375416320,17764347904,470,18.00,16.39,11.75
1786791078064470916,25057625275,17355354112,17764347904,470,18.00,16.39,11.75
1786791079109382090,25067927442,17395609600,17764347904,471,18.00,16.39,11.75
1786791080145295311,25079024463,17386762240,17764347904,471,18.00,16.39,11.75
1786791081198297024,25090240238,17428787200,17764347904,471,18.56,16.53,11.82
1786791082233897344,25100561304,17406857216,17764347904,471,18.56,16.53,11.82
1786791083292455088,25112069413,17435783168,17764347904,471,18.56,16.53,11.82
1786791084329177748,25123445738,17392025600,17764347904,471,18.56,16.53,11.82
1786791085367227729,25133262327,17410564096,17764347904,471,18.56,16.53,11.82
1786791086398972774,25144839828,17457516544,17764347904,471,19.72,16.80,11.94
1786791087451987787,25156528817,17415315456,17764347904,471,19.72,16.80,11.94
1786791088493897502,25167575720,17469116416,17764347904,471,19.72,16.80,11.94
1786791089528875170,25178689949,17461755904,17764347904,471,19.72,16.80,11.94
1786791090572637999,25189448130,17444085760,17764347904,471,19.72,16.80,11.94
1786791091608140633,25200734423,17494700032,17764347904,471,19.02,16.71,11.93
1786791092654002479,25212259442,17467789312,17764347904,471,19.02,16.71,11.93
1786791093697085342,25222914981,17445019648,17764347904,471,19.02,16.71,11.93
1786791094734294568,25234137780,17443721216,17764347904,471,19.02,16.71,11.93
1786791095772943747,25245593905,17497034752,17764347904,471,19.02,16.71,11.93
1786791096818706714,25256865774,17453940736,17764347904,471,18.54,16.64,11.94
1786791097856805917,25266952785,17446035456,17764347904,471,18.54,16.64,11.94
1786791098896882343,25279151899,17475710976,17764347904,471,18.54,16.64,11.94
1786791099954840455,25290328391,17452736512,17764347904,471,18.54,16.64,11.94
1786791100995312344,25301493978,17510363136,17764347904,471,18.54,16.64,11.94
1786791102039740349,25312657106,17463074816,17764347904,471,18.50,16.67,11.97
1786791103105045516,25324535001,17512701952,17764347904,471,18.50,16.67,11.97
1786791104140326691,25335019087,17466535936,17764347904,471,18.50,16.67,11.97
1786791105177084939,25346312032,17462427648,17764347904,471,18.50,16.67,11.97
1786791106228425105,25358175704,17471356928,17764347904,471,17.81,16.56,11.96
1786791107273154357,25368421216,17496780800,17764347904,471,17.81,16.56,11.96
1786791108309867001,25380097261,17494269952,17764347904,471,17.81,16.56,11.96
1786791109355128192,25391126293,17473019904,17764347904,471,17.81,16.56,11.96
1786791110400020974,25402733591,17477566464,17764347904,471,17.81,16.56,11.96
1786791111440904928,25413934200,17475379200,17764347904,471,17.35,16.48,11.96
1786791112486259156,25424510094,17493143552,17764347904,471,17.35,16.48,11.96
1786791113522950820,25435112679,17521311744,17764347904,471,17.35,16.48,11.96
1786791114564858261,25446930229,17474711552,17764347904,471,17.35,16.48,11.96
1786791115613227022,25457293161,17498345472,17764347904,471,17.35,16.48,11.96
1786791116677191368,25468370968,17452929024,17764347904,471,16.60,16.34,11.94
1786791117740556010,25480191579,17429315584,17764347904,471,16.60,16.34,11.94
1786791118800047299,25490662041,17431687168,17764347904,471,16.60,16.34,11.94
1786791119844414838,25501988344,17482235904,17764347904,471,16.60,16.34,11.94
1786791120883783055,25513085473,17438449664,17764347904,471,16.60,16.34,11.94
1786791121941809329,25524411797,17443549184,17764347904,471,15.99,16.22,11.92
1786791123012411908,25535974871,17470361600,17764347904,471,15.99,16.22,11.92
1786791124057824960,25546661893,17456893952,17764347904,470,15.99,16.22,11.92
1786791125099615911,25557168411,17457082368,17764347904,470,15.99,16.22,11.92
1786791126143974907,25569146343,17486536704,17764347904,470,15.83,16.18,11.93
1786791127178224127,25579331241,17470504960,17764347904,470,15.83,16.18,11.93
1786791128218313768,25590327849,17457983488,17764347904,470,15.83,16.18,11.93
1786791129255085632,25600648314,17510809600,17764347904,470,15.83,16.18,11.93
1786791130290559847,25612367489,17461563392,17764347904,470,15.83,16.18,11.93
1786791131335240818,25622670614,17486528512,17764347904,470,15.20,16.04,11.91
1786791132374408330,25633596452,17477087232,17764347904,470,15.20,16.04,11.91
1786791133415528058,25644473028,17455931392,17764347904,470,15.20,16.04,11.91
1786791134457662519,25654965773,17443344384,17764347904,470,15.20,16.04,11.91
1786791135498331487,25665403212,17469493248,17764347904,470,15.20,16.04,11.91
1786791136538788009,25677376494,17449553920,17764347904,470,16.47,16.29,12.01
1786791137582721797,25687705053,17502064640,17764347904,470,16.47,16.29,12.01
1786791138617961581,25698123827,17426075648,17764347904,470,16.47,16.29,12.01
1786791139654213243,25709504028,17481666560,17764347904,470,16.47,16.29,12.01
1786791140727638599,25721057789,17484828672,17764347904,470,16.47,16.29,12.01
1786791141772480500,25732183692,17447882752,17764347904,470,16.51,16.30,12.04
1786791142816246992,25743192711,17444413440,17764347904,470,16.51,16.30,12.04
1786791143857979371,25754679244,17472741376,17764347904,470,16.51,16.30,12.04
1786791144898170312,25765781147,17476829184,17764347904,470,16.51,16.30,12.04
1786791145937921851,25776248678,17549025280,17764347904,471,16.51,16.30,12.04
1786791146979872070,25787103076,17456832512,17764347904,471,15.83,16.17,12.02
1786791148022719010,25798499467,17487654912,17764347904,471,15.83,16.17,12.02
1786791149063601067,25809049043,17537691648,17764347904,471,15.83,16.17,12.02
1786791150119348427,25820368678,17463033856,17764347904,471,15.83,16.17,12.02
1786791151162380035,25830558342,17464725504,17764347904,471,15.84,16.16,12.04
1786791152200549690,25839508289,16359092224,17764347904,430,15.84,16.16,12.04
1786791153247386996,25849301234,16004698112,17764347904,417,15.84,16.16,12.04
1786791154285059963,25859340901,15948173312,17764347904,417,15.84,16.16,12.04
1786791155327059164,25869165921,15924506624,17764347904,417,15.84,16.16,12.04
1786791156362767652,25878843419,15957422080,17764347904,417,15.06,15.99,12.01
1786791157401664312,25889013268,15957467136,17764347904,417,15.06,15.99,12.01
1786791158441454527,25898647417,15934668800,17764347904,417,15.06,15.99,12.01
1786791159484880176,25908912992,15950475264,17764347904,417,15.06,15.99,12.01
1786791160520680291,25918505160,15963475968,17764347904,417,15.06,15.99,12.01
1786791161558434285,25927190923,15931346944,17764347904,417,14.41,15.85,11.98
1786791162620976713,25937924208,15938236416,17764347904,417,14.41,15.85,11.98
1786791163661478395,25947594735,15933878272,17764347904,417,14.41,15.85,11.98
1786791164706025091,25957763332,16013557760,17764347904,417,14.41,15.85,11.98
1786791165791347983,25968053218,15981174784,17764347904,417,14.41,15.85,11.98
1786791166821013466,25978058363,15979798528,17764347904,417,14.30,15.80,11.99
1786791167856838192,25988543708,15963217920,17764347904,417,14.30,15.80,11.99
1786791168898768910,25996859421,16016089088,17764347904,417,14.30,15.80,11.99
1786791169936399971,26008422503,16030638080,17764347904,417,14.30,15.80,11.99
1786791170977105892,26018358630,16060461056,17764347904,417,14.30,15.80,11.99
1786791172023012030,26027606500,16005640192,17764347904,417,13.71,15.65,11.96
1786791173074485568,26038407559,16008728576,17764347904,417,13.71,15.65,11.96
1786791174114171410,26048496751,16038191104,17764347904,417,13.71,15.65,11.96
1786791175165944919,26059035603,16042070016,17764347904,417,13.71,15.65,11.96
1786791176209439444,26069328421,16016388096,17764347904,417,13.41,15.56,11.95
1786791177249614737,26078986188,16021401600,17764347904,417,13.41,15.56,11.95
1786791178301729749,26089793992,16050384896,17764347904,417,13.41,15.56,11.95
1786791179342867981,26099843313,16047169536,17764347904,417,13.41,15.56,11.95
1786791180379118128,26110402387,16054833152,17764347904,417,13.41,15.56,11.95
1786791181419919984,26119667256,16045989888,17764347904,417,13.22,15.48,11.94
1786791182460461804,26130227548,16039747584,17764347904,417,13.22,15.48,11.94
1786791183530074407,26141004758,16003997696,17764347904,417,13.22,15.48,11.94
1786791184600493090,26151602135,16051007488,17764347904,417,13.22,15.48,11.94
1786791185639536381,26161841607,15986118656,17764347904,417,13.22,15.48,11.94
1786791186676620498,26171105840,16009359360,17764347904,417,13.36,15.47,11.96
1786791187721583775,26180086095,14807044096,17764347904,379,13.36,15.47,11.96
1786791188759640259,26188631972,14283788288,17764347904,363,13.36,15.47,11.96
1786791189795562330,26197249041,14267387904,17764347904,363,13.36,15.47,11.96
1786791190835861049,26205848253,14245941248,17764347904,362,13.36,15.47,11.96
1786791191870686955,26215445604,14245216256,17764347904,362,13.41,15.45,11.97
1786791192906566165,26224005870,14234832896,17764347904,362,13.41,15.45,11.97
1786791193950162119,26232980263,14222688256,17764347904,362,13.41,15.45,11.97
1786791194982986448,26241424935,14243987456,17764347904,362,13.41,15.45,11.97
1786791196023770337,26248956431,14292992000,17764347904,362,13.41,15.45,11.97
1786791197065059711,26259529931,14281875456,17764347904,362,12.82,15.29,11.94
1786791198102018790,26268132464,14309625856,17764347904,362,12.82,15.29,11.94
1786791199138991558,26276993403,14295957504,17764347904,362,12.82,15.29,11.94
1786791200181107527,26285227989,14298996736,17764347904,362,12.82,15.29,11.94
1786791201214972153,26293840310,14312808448,17764347904,362,12.43,15.17,11.92
1786791202251034367,26303924238,14300626944,17764347904,362,12.43,15.17,11.92
1786791203290022731,26311970132,14351650816,17764347904,362,12.43,15.17,11.92
1786791204329539643,26320690364,14333677568,17764347904,362,12.43,15.17,11.92
1786791205365173631,26329510454,14292934656,17764347904,362,12.43,15.17,11.92
1786791206405956752,26337856234,14294904832,17764347904,363,12.32,15.10,11.91
1786791207441004654,26347599221,14296186880,17764347904,363,12.32,15.10,11.91
1786791208475422854,26355385958,14315261952,17764347904,363,12.32,15.10,11.91
1786791209512452742,26365746720,14321995776,17764347904,363,12.32,15.10,11.91
1786791210546621319,26373876038,14297178112,17764347904,363,12.32,15.10,11.91
1786791211582783240,26383182062,14343507968,17764347904,363,11.81,14.95,11.88
1786791212620814642,26392993907,14343684096,17764347904,363,11.81,14.95,11.88
1786791213659048608,26402036054,14395301888,17764347904,363,11.81,14.95,11.88
1786791214698083345,26410934596,14347870208,17764347904,363,11.81,14.95,11.88
1786791215737428729,26420162699,14371717120,17764347904,363,11.81,14.95,11.88
1786791216787451528,26428553069,14374658048,17764347904,363,11.43,14.82,11.85
1786791217877090356,26439267430,14342213632,17764347904,363,11.43,14.82,11.85
1786791218917889625,26447986912,14301782016,17764347904,363,11.43,14.82,11.85
1786791219949346899,26456797035,14288650240,17764347904,363,11.43,14.82,11.85
1786791220981940224,26466282679,14292439040,17764347904,363,11.43,14.82,11.85
1786791222025991092,26475849644,14290714624,17764347904,363,11.95,14.87,11.89
1786791223069671005,26483748957,14399201280,17764347904,363,11.95,14.87,11.89
1786791224107093035,26493232509,14276055040,17764347904,363,11.95,14.87,11.89
1786791225146830917,26502571882,14303035392,17764347904,363,11.95,14.87,11.89
1786791226185030927,26510361491,14369222656,17764347904,363,11.48,14.72,11.85
1786791227221217833,26519676510,14294818816,17764347904,363,11.48,14.72,11.85
1786791228261739759,26528423831,14328258560,17764347904,363,11.48,14.72,11.85
1786791229328210847,26537607259,14393274368,17764347904,363,11.48,14.72,11.85
1786791230365310250,26547354811,14345510912,17764347904,363,11.48,14.72,11.85
1786791231402603610,26556325660,14368407552,17764347904,363,11.52,14.68,11.86
1786791232443276813,26563928989,14391439360,17764347904,363,11.52,14.68,11.86
1786791233510674608,26574759628,14345011200,17764347904,363,11.52,14.68,11.86
1786791234544928629,26583100233,14367793152,17764347904,363,11.52,14.68,11.86
1786791235587683749,26591682390,14417424384,17764347904,363,11.52,14.68,11.86
1786791236663186034,26602110504,14405672960,17764347904,363,11.96,14.72,11.88
1786791237721894661,26611678933,14429585408,17764347904,363,11.96,14.72,11.88
1786791238766254991,26620673834,14455836672,17764347904,363,11.96,14.72,11.88
1786791239799621306,26629726146,14434627584,17764347904,363,11.96,14.72,11.88
1786791240842548265,26638501504,14465056768,17764347904,363,11.96,14.72,11.88
1786791241872571265,26648634718,14441431040,17764347904,363,11.48,14.57,11.85
1786791242906007541,26658029952,14452731904,17764347904,363,11.48,14.57,11.85
1786791243945888226,26665504935,14443950080,17764347904,363,11.48,14.57,11.85
1786791244984700454,26676564516,14451732480,17764347904,363,11.48,14.57,11.85
1786791246027100337,26685521499,14498435072,17764347904,363,11.48,14.57,11.85
1786791247072898187,26694439505,14472630272,17764347904,363,11.12,14.44,11.83
1786791248125469736,26704014692,14451564544,17764347904,363,11.12,14.44,11.83
1786791249162729505,26712954289,14453723136,17764347904,363,11.12,14.44,11.83
1786791250208259990,26723368168,14457454592,17764347904,363,11.12,14.44,11.83
1786791251241221477,26731362073,14482059264,17764347904,363,11.83,14.54,11.87
1786791252274791281,26741515403,14492872704,17764347904,362,11.83,14.54,11.87
1786791253319875926,26750387333,14422646784,17764347904,362,11.83,14.54,11.87
1786791254354864506,26760112103,14444429312,17764347904,362,11.83,14.54,11.87
1786791255395671478,26768894688,14401789952,17764347904,362,11.83,14.54,11.87
1786791256434189795,26778167998,14422614016,17764347904,362,12.73,14.68,11.93
1786791257467452787,26787082045,14393614336,17764347904,362,12.73,14.68,11.93
1786791258502767412,26794927612,14372130816,17764347904,362,12.73,14.68,11.93
1786791259542561198,26804814441,14372638720,17764347904,362,12.73,14.68,11.93
1786791260576296798,26813530335,14428549120,17764347904,362,12.73,14.68,11.93
1786791261616092845,26822474048,14370742272,17764347904,362,13.23,14.75,11.97
1786791262659458191,26830598102,14389792768,17764347904,362,13.23,14.75,11.97
1786791263695369153,26839676376,14358724608,17764347904,362,13.23,14.75,11.97
1786791264732793365,26847681895,14383206400,17764347904,363,13.23,14.75,11.97
1786791265774276909,26856548964,14357725184,17764347904,363,13.23,14.75,11.97
1786791266811896735,26864118133,14407999488,17764347904,363,12.81,14.64,11.95
1786791267851415037,26872406536,14294790144,17764347904,363,12.81,14.64,11.95
1786791268892610177,26880302644,14342922240,17764347904,363,12.81,14.64,11.95
1786791269922256547,26888856121,14345281536,17764347904,363,12.81,14.64,11.95
1786791270955302827,26897278098,14318419968,17764347904,363,12.81,14.64,11.95
1786791271996323939,26905003766,14336323584,17764347904,363,12.59,14.56,11.94
1786791273034860627,26914866344,14325248000,17764347904,363,12.59,14.56,11.94
1786791274071075189,26922977042,14341640192,17764347904,363,12.59,14.56,11.94
1786791275125809976,26930929775,14342901760,17764347904,363,12.59,14.56,11.94
1786791276195357982,26939723152,14333427712,17764347904,363,12.38,14.48,11.92
1786791277247644698,26949780611,14335221760,17764347904,363,12.38,14.48,11.92
1786791278287303583,26957924233,14359543808,17764347904,363,12.38,14.48,11.92
1786791279334371093,26966843731,14393335808,17764347904,363,12.38,14.48,11.92
1786791280374415489,26975923290,14371790848,17764347904,363,12.38,14.48,11.92
1786791281416348081,26985446453,14425882624,17764347904,363,12.19,14.41,11.91
1786791282455477681,26994402848,14394105856,17764347904,363,12.19,14.41,11.91
1786791283521198656,27003783795,14396092416,17764347904,363,12.19,14.41,11.91
1786791284570317470,27012205069,14472949760,17764347904,363,12.19,14.41,11.91
1786791285615716778,27022763643,14408503296,17764347904,363,12.19,14.41,11.91
1786791286664405949,27031748758,14403559424,17764347904,363,12.01,14.34,11.90
1786791287722918179,27040605303,14494527488,17764347904,363,12.01,14.34,11.90
1786791288766194139,27048666515,14412988416,17764347904,363,12.01,14.34,11.90
1786791289844214277,27059286246,14436380672,17764347904,363,12.01,14.34,11.90
1786791290884438840,27068085091,14400806912,17764347904,363,12.01,14.34,11.90
1786791291917228514,27077039370,14424576000,17764347904,363,11.53,14.20,11.87
1786791292954183510,27086801951,14458822656,17764347904,363,11.53,14.20,11.87
1786791294000940385,27096062139,14469767168,17764347904,363,11.53,14.20,11.87
1786791295043480306,27105030360,14470053888,17764347904,363,11.53,14.20,11.87
1786791296080748279,27114010098,14496186368,17764347904,363,11.09,14.06,11.84
1786791297120982637,27123775548,14471491584,17764347904,363,11.09,14.06,11.84
1786791298154442409,27132433179,14491717632,17764347904,363,11.09,14.06,11.84
1786791299193077963,27141662714,14471495680,17764347904,363,11.09,14.06,11.84
1786791300232525929,27151220624,14498897920,17764347904,363,11.09,14.06,11.84
1786791301273144121,27160726646,14472089600,17764347904,363,12.04,14.21,11.90
1786791302308358385,27168606302,14466588672,17764347904,363,12.04,14.21,11.90
1786791303348511887,27178787104,14494285824,17764347904,363,12.04,14.21,11.90
1786791304380688950,27187529641,14506319872,17764347904,363,12.04,14.21,11.90
1786791305417350075,27197859465,14516531200,17764347904,363,12.04,14.21,11.90
1786791306449861373,27206429599,14517342208,17764347904,363,11.96,14.16,11.89
1786791307481931894,27216397421,14520717312,17764347904,363,11.96,14.16,11.89
1786791308529325125,27226042992,14512877568,17764347904,363,11.96,14.16,11.89
1786791309588198994,27235848425,14551543808,17764347904,362,11.96,14.16,11.89
1786791310622144571,27244435129,14525112320,17764347904,362,11.96,14.16,11.89
1786791311678485469,27254703068,14526529536,17764347904,362,11.72,14.07,11.88
1786791312723165484,27263210398,14653050880,17764347904,362,11.72,14.07,11.88
1786791313759226971,27271359987,14525935616,17764347904,362,11.72,14.07,11.88
1786791314797358267,27281798166,14546128896,17764347904,362,11.72,14.07,11.88
1786791315844320956,27291070049,14546710528,17764347904,362,11.72,14.07,11.88
1786791316878736594,27298755762,14533029888,17764347904,324,11.66,14.02,11.87
1786791317913005318,27307552541,13343645696,17764347904,321,11.66,14.02,11.87
1786791318951234498,27315980174,12894699520,17764347904,308,11.66,14.02,11.87
1786791319986598729,27322933678,12909592576,17764347904,308,11.66,14.02,11.87
1786791321024596530,27331069018,12881686528,17764347904,308,11.66,14.02,11.87
1786791322066030329,27339835625,12921012224,17764347904,309,14.01,14.47,12.03
1786791323099061757,27346846997,12886044672,17764347904,309,14.01,14.47,12.03
1786791324134007131,27355259714,12891357184,17764347904,309,14.01,14.47,12.03
1786791325173449570,27363278652,12891807744,17764347904,309,14.01,14.47,12.03
1786791326236029596,27371860091,12893061120,17764347904,309,13.29,14.31,11.99
1786791327307175897,27380315704,12921257984,17764347904,309,13.29,14.31,11.99
1786791328346070313,27387705290,12896337920,17764347904,309,13.29,14.31,11.99
1786791329381286589,27396465621,12923781120,17764347904,309,13.29,14.31,11.99
1786791330422062070,27404005568,12889591808,17764347904,309,13.29,14.31,11.99
1786791331475868958,27412792294,12912574464,17764347904,309,12.63,14.15,11.96
1786791332546039085,27420062636,12934856704,17764347904,309,12.63,14.15,11.96
1786791333585322316,27428275792,12912685056,17764347904,309,12.63,14.15,11.96
1786791334623880334,27435973073,12897378304,17764347904,309,12.63,14.15,11.96
1786791335658923709,27445437700,12928450560,17764347904,309,12.63,14.15,11.96
1786791336693899691,27453292685,12930408448,17764347904,309,14.26,14.47,12.07
1786791337739250671,27461466657,12927918080,17764347904,309,14.26,14.47,12.07
1786791338775790631,27469617480,12907102208,17764347904,309,14.26,14.47,12.07
1786791339815629452,27477720388,12878544896,17764347904,309,14.26,14.47,12.07
1786791340863680500,27486136077,12897402880,17764347904,309,14.26,14.47,12.07
1786791341900598770,27494541106,12940570624,17764347904,309,13.76,14.36,12.05
1786791342941235530,27502383704,12919975936,17764347904,309,13.76,14.36,12.05
1786791343976831145,27510358827,12889792512,17764347904,309,13.76,14.36,12.05
1786791345016463290,27518337305,12906852352,17764347904,309,13.76,14.36,12.05
1786791346054996618,27525663371,12908171264,17764347904,309,14.26,14.45,12.09
1786791347127646258,27535193829,12893323264,17764347904,309,14.26,14.45,12.09
1786791348173846582,27543715909,12889473024,17764347904,309,14.26,14.45,12.09
1786791349206704527,27550353103,12913463296,17764347904,309,14.26,14.45,12.09
1786791350241475044,27558460149,12885155840,17764347904,309,14.26,14.45,12.09
1786791351268590115,27567296631,12886831104,17764347904,309,14.00,14.40,12.08
1786791352307268612,27574071742,12886827008,17764347904,309,14.00,14.40,12.08
1786791353354476475,27583086241,12883775488,17764347904,309,14.00,14.40,12.08
1786791354387557451,27590535727,12933505024,17764347904,309,14.00,14.40,12.08
1786791355420919409,27597807884,12887228416,17764347904,309,14.00,14.40,12.08
1786791356462640543,27606934919,12888662016,17764347904,309,13.27,14.24,12.05
1786791357497003910,27615028818,12886847488,17764347904,309,13.27,14.24,12.05
1786791358530685377,27623395996,12877152256,17764347904,309,13.27,14.24,12.05
1786791359569828375,27631964278,12885807104,17764347904,309,13.27,14.24,12.05
1786791360602845005,27639781443,12853989376,17764347904,309,13.27,14.24,12.05
1786791361636646865,27646489853,12884787200,17764347904,309,12.85,14.14,12.02
1786791362682742105,27656729568,12881780736,17764347904,308,12.85,14.14,12.02
1786791363717240241,27663899864,12854353920,17764347904,308,12.85,14.14,12.02
1786791364748274470,27671060152,12847685632,17764347904,308,12.85,14.14,12.02
1786791365790379827,27678468648,12904353792,17764347904,308,12.85,14.14,12.02
1786791366821699889,27687062386,12915408896,17764347904,308,12.14,13.97,11.98
1786791367855943414,27693793558,11707232256,17764347904,270,12.14,13.97,11.98
1786791368895155434,27699693999,11203932160,17764347904,254,12.14,13.97,11.98
1786791369943449529,27706306687,11229155328,17764347904,254,12.14,13.97,11.98
1786791370977905722,27712305544,11207458816,17764347904,254,12.14,13.97,11.98
1786791372023478189,27718235983,11208351744,17764347904,254,11.89,13.89,11.96
1786791373060964159,27724949853,11211796480,17764347904,254,11.89,13.89,11.96
1786791374097817641,27730821213,11211599872,17764347904,254,11.89,13.89,11.96
1786791375138567589,27737734299,11238830080,17764347904,254,11.89,13.89,11.96
1786791376173616891,27743863263,11239370752,17764347904,255,11.26,13.72,11.92
1786791377211639771,27750942329,11215773696,17764347904,255,11.26,13.72,11.92
1786791378248878527,27755708073,10053746688,17764347904,217,11.26,13.72,11.92
1786791379284965027,27760985651,9623777280,17764347904,201,11.26,13.72,11.92
1786791380322386242,27766021571,9626800128,17764347904,201,11.26,13.72,11.92
1786791381366740548,27770116715,9598984192,17764347904,201,10.76,13.58,11.88
1786791382403829662,27775930340,9662976000,17764347904,201,10.76,13.58,11.88
1786791383434759696,27780357841,9648640000,17764347904,201,10.76,13.58,11.88
1786791384472727038,27785258670,9624539136,17764347904,201,10.76,13.58,11.88
1786791385503343847,27790250345,9589256192,17764347904,201,10.76,13.58,11.88
1786791386539611544,27794863078,9618063360,17764347904,201,10.14,13.40,11.84
1786791387584528894,27800138449,9567760384,17764347904,201,10.14,13.40,11.84
1786791388621766090,27805075221,9535311872,17764347904,201,10.14,13.40,11.84
1786791389661613031,27809391000,9531682816,17764347904,201,10.14,13.40,11.84
1786791390703039557,27814494730,9545981952,17764347904,201,10.14,13.40,11.84
1786791391740592605,27819101431,9574322176,17764347904,201,9.64,13.24,11.79
1786791392775666619,27823511684,9593643008,17764347904,201,9.64,13.24,11.79
1786791393814370177,27828301069,9544019968,17764347904,201,9.64,13.24,11.79
1786791394850107364,27832155418,9587589120,17764347904,201,9.64,13.24,11.79
1786791395887109844,27836667075,8343814144,17764347904,160,9.64,13.24,11.79
1786791396924283078,27839888637,7354257408,17764347904,109,9.11,13.07,11.75
1786791397959902510,27841860033,6191706112,17764347904,90,9.11,13.07,11.75
1786791398991943860,27842974596,6247002112,17764347904,90,9.11,13.07,11.75
1786791400031279992,27846331814,6255181824,17764347904,90,9.11,13.07,11.75
1786791401064247248,27848133806,6255489024,17764347904,90,8.46,12.87,11.69
1786791402099025285,27849261832,6255177728,17764347904,90,8.46,12.87,11.69
1786791403139295432,27852751691,6256328704,17764347904,90,8.46,12.87,11.69
1786791404175870656,27854412158,6200233984,17764347904,90,8.46,12.87,11.69
1786791405209691448,27855905019,6198644736,17764347904,90,8.46,12.87,11.69
1786791406244282672,27857231842,6233899008,17764347904,89,7.94,12.69,11.64
1786791407276480264,27859560670,6236061696,17764347904,89,7.94,12.69,11.64
1786791408311198522,27861449501,6237650944,17764347904,89,7.94,12.69,11.64
1786791409349195262,27862916281,6236065792,17764347904,89,7.94,12.69,11.64
1786791410381221016,27865108880,6236590080,17764347904,89,7.94,12.69,11.64
1786791411415956493,27866937793,6236446720,17764347904,89,7.39,12.50,11.58
1786791412453186386,27868564436,6261645312,17764347904,89,7.39,12.50,11.58
1786791413486707722,27870816466,6236491776,17764347904,89,7.39,12.50,11.58
1786791414521263877,27871958773,6236463104,17764347904,89,7.39,12.50,11.58
1786791415558453091,27874302512,6238359552,17764347904,89,7.39,12.50,11.58
1786791416591666814,27876135769,6246903808,17764347904,89,6.88,12.31,11.52
1786791417628148210,27877661020,6245658624,17764347904,89,6.88,12.31,11.52
1786791418667250510,27878938430,6205214720,17764347904,89,6.88,12.31,11.52
1786791419699328863,27881550789,6266753024,17764347904,89,6.88,12.31,11.52
1786791420732733103,27883235537,6200238080,17764347904,89,6.88,12.31,11.52
1786791421769334543,27884415983,6218162176,17764347904,89,6.41,12.12,11.46
1786791422804530169,27887996893,6257848320,17764347904,89,6.41,12.12,11.46
1786791423840670946,27889790416,6203199488,17764347904,89,6.41,12.12,11.46
1786791424881175839,27891138718,6209593344,17764347904,89,6.41,12.12,11.46
1786791425914159578,27893300980,6240223232,17764347904,90,6.41,12.12,11.46
1786791426949496780,27894653480,6198407168,17764347904,90,6.21,11.98,11.42
1786791427990972597,27896355083,6194868224,17764347904,90,6.21,11.98,11.42
1786791429024743954,27897483015,6259228672,17764347904,90,6.21,11.98,11.42
1786791430064503706,27900538684,6259818496,17764347904,90,6.21,11.98,11.42
1786791431101686860,27901782706,6258798592,17764347904,90,5.87,11.82,11.37
1786791432134813931,27904461671,6260551680,17764347904,90,5.87,11.82,11.37
1786791433169858644,27906073515,6284648448,17764347904,90,5.87,11.82,11.37
1786791434208534534,27908622408,6260576256,17764347904,90,5.87,11.82,11.37
1786791435241588895,27910305346,6285545472,17764347904,90,5.87,11.82,11.37
1786791436274752704,27912809814,6261215232,17764347904,90,6.53,11.85,11.39
1786791437310393797,27914653001,6261964800,17764347904,90,6.53,11.85,11.39
1786791438346150881,27916016089,6261760000,17764347904,90,6.53,11.85,11.39
1786791439397456133,27918179612,6260883456,17764347904,90,6.53,11.85,11.39
1786791440435930345,27921154614,6262345728,17764347904,90,6.53,11.85,11.39
1786791441468596197,27922976946,6203670528,17764347904,90,6.08,11.67,11.33
1786791442503845443,27924190361,6246588416,17764347904,90,6.08,11.67,11.33
1786791443540557766,27926842937,6265257984,17764347904,90,6.08,11.67,11.33
1786791444572183857,27928975560,6265135104,17764347904,90,6.08,11.67,11.33
1786791445605074510,27930620349,6290300928,17764347904,90,6.08,11.67,11.33
1786791446642078547,27933071551,6269661184,17764347904,90,5.68,11.50,11.28
1786791447676397943,27934565886,6268895232,17764347904,90,5.68,11.50,11.28
1786791448711174823,27936983730,6269960192,17764347904,90,5.68,11.50,11.28
1786791449746230709,27939134423,6270152704,17764347904,90,5.68,11.50,11.28
1786791450775495668,27940505860,6269501440,17764347904,90,5.68,11.50,11.28
1786791451811174601,27942827909,6269046784,17764347904,90,6.34,11.54,11.29
1786791452849609424,27944224560,6203273216,17764347904,90,6.34,11.54,11.29
1786791453883082319,27946728496,6242177024,17764347904,90,6.34,11.54,11.29
1786791454916644624,27947765011,5054537728,17764347904,51,6.34,11.54,11.29
